Красотка;;+7 (925) 944-58-68;18А, рабочий посёлок Киевский;krasotka-1637832528.clients.site;55.431 36.867;beauty
Плезир, салон красоты;;+7 (926) 829-24-40;посёлок Шишкин Лес, ст31Б;;55.415 37.190;beauty
БьютиФлайБар;;+7 (968) 858-50-99, +7 (926) 287-50-70;Троицкий бул., 4, Троицк;;55.467 37.288;beauty
Мечта, салон красоты;+7 (499) 347-30-25;+7 (926) 444-14-91;3, микрорайон Родники, посёлок Знамя Октября;a-mechta.ru;55.469 37.544;beauty
Ногтевая студия Территория маникюра;;+7 (926) 136-49-96, +7 (926) 052-30-44, +7 (904) 567-56-62, +7 (925) 209-04-02;Сиреневый бул., 1, Троицк;territoriya-manikyura.ru;55.468 37.297;beauty
Capsula. Beautyspace;;+7 (985) 337-80-30;7, микрорайон Родники, посёлок Знамя Октября;;55.468 37.543;beauty
Нью Лайф;;+7 (925) 755-87-77, +7 (925) 146-10-10;7, микрорайон Родники, посёлок Знамя Октября;newlife-rodniki.ru;55.468 37.543;beauty
Жадор, салон красоты;;+7 (915) 450-01-88, +7 (906) 097-14-84, +7 (926) 652-75-02;Октябрьский просп., 1, корп. 1, Троицк;jadore-beauty.ru;55.472 37.291;beauty
Цирюльникъ;;+7 (929) 594-98-59, +7 (926) 683-54-83, +7 (966) 149-00-99;Академическая площадь, 3, Троицк;salon-hair.ru;55.484 37.305;beauty
Мисс Маникюр, салон красоты;;+7 (925) 725-50-10;ул. Текстильщиков, 4, Троицк;missmanicure.ru;55.491 37.307;beauty
Volchenkova studio, студия красоты;;+7 (929) 658-81-08;13, микрорайон Сосны, Троицк;volchenkova-studio.ru;55.488 37.311;beauty
Beauty secret, студия имиджа и красоты;+7 (495) 765-80-85, +7 (495) 769-84-83;;16, микрорайон Сосны, Троицк;bsecret.ru;55.488 37.311;beauty
Fabrika Tela;;+7 (977) 936-77-96;ул. Полковника Милиции Курочкина, 8, микрорайон В, Троицк;fabrika-tela.ru;55.487 37.296;beauty
The Ritz Studio&beauty Academy;;+7 (968) 332-43-49;ул. Полковника Милиции Курочкина, 19, микрорайон В, Троицк;bio.site;55.486 37.296;beauty
Салон Гледис;;+7 (925) 794-77-42, +7 (916) 950-52-59;42А, микрорайон В, Троицк;salon-gledis.clients.site;55.487 37.305;beauty
Салон красоты Angelis;;+7 (904) 568-08-59;Академическая площадь, 5, Троицк;angelis-salon.ru;55.484 37.305;beauty
Моментальный загар на дому Рязановское;;+7 (925) 379-77-57, +7 (926) 966-81-36;Россия, Москва, 46Н-08906;zagar.summer77.ru;55.485 37.499;beauty
Salome Kekutiya;;+7 (977) 390-02-50;Рязановское ш., 20/2, посёлок Знамя Октября;sallypermanent.ru;55.473 37.548;beauty
Ваша Светлость;+7 (499) 993-70-13;+7 (985) 857-91-66;Нагорная ул., 8, Троицк;24vashasvetlost.ru , 24vashasvetlost.unail.biz;55.493 37.300;beauty
Кирлиан;+7 (499) 653-70-63;+7 (916) 311-09-04;Комсомольский пр., 4, Троицк;kirlian-studio.ru;55.493 37.314;beauty
Borodach;;+7 (915) 334-54-31;Городская ул., вл6, Троицк;borodach.com , troick.borodach.com;55.493 37.321;beauty
Свой мастер, студия красоты;;+7 (909) 939-61-11;ул. Брусилова, 11, Москва;dikidi.net;55.501 37.579;beauty
Эпатаж, студия красоты;+7 (499) 232-14-81, +7 (495) 416-62-86, +7 (495) 715-27-41;+7 (968) 404-32-82, +7 (909) 999-43-38, +7 (969) 123-55-52, +7 (903) 184-44-49, +7 (965) 404-75-45;ул. Маршала Савицкого, 8, Москва;studia-epatage.ru;55.504 37.582;beauty
SPA by X-fit;+7 (499) 938-74-66;;ул. Маршала Савицкого, 7, Москва;beauty-spa-by-x-fit.clients.site;55.506 37.586;beauty
Студия депиляции;;+7 (967) 014-84-07;ул. Маршала Савицкого, 18, корп. 2, Москва;;55.503 37.589;beauty
Ell rooms, салон красоты;;+7 (932) 322-51-86;ул. Маршала Савицкого, 18, корп. 2, Москва;ell-rooms.ru;55.503 37.589;beauty
Бьюти арт территори;;+7 (968) 937-80-50;ул. Маршала Савицкого, 30, корп. 1, Москва;;55.503 37.599;beauty
Рюша, студия красоты;;+7 (925) 458-13-03;Россия, Москва, поселение Десеновское, 3-я Нововатутинская улица, 9;ryushastudio.ru , ryusha-studio.clients.site , igli.me;55.520 37.345;beauty
4hands, ногтевая студия;;+7 (905) 622-52-96, +7 (991) 777-05-96, +7 (984) 999-12-63, +7 (919) 766-09-33;Россия, Москва, поселение Десеновское, Нововатутинский проспект, 12;4hands.ru;55.519 37.349;beauty
Студия маникюра at Sony;;+7 (904) 567-61-28;2-я Нововатутинская ул., 1;at-sony-salon.ru , zoon.ru;55.516 37.351;beauty
Студия депиляции Expert;;+7 (926) 174-02-51;Москва, поселение Десёновское, 2-я Нововатутинская улица, 3;mydepil.tilda.ws;55.517 37.352;beauty
Касымбекова Бьюти;;+7 (916) 997-31-19;Москва, поселение Десеновское, 3-я Нововатутинская улица, 7;dikidi.net;55.520 37.353;beauty
Duet Nails;;+7 (982) 189-12-30;Москва, поселение Десеновское, 1-я Нововатутинская улица, 3;dikidi.online;55.517 37.354;beauty
Mara lux, салон;;+7 (916) 208-78-07;1-я Нововатутинская улица, 5;maralux-salon.ru , igli.me;55.519 37.356;beauty
Luminail, ногтевой салон;;+7 (985) 430-00-10;Россия, Москва, поселение Воскресенское, Чечёрский проезд, 126, корп. 2;;55.524 37.510;beauty
ВИВА;+7 (499) 938-49-64, +7 (499) 743-89-63;+7 (985) 741-24-21, +7 (985) 610-95-10;Южнобутовская ул., 143, Москва;viva.msk.ru;55.529 37.512;beauty
TOPGUN, сеть барбершопов;;+7 (926) 300-64-44;Москва, поселение Воскресенское, Чечёрский проезд, 51;topgun.ru;55.524 37.517;beauty
Кудряшка, детская парикмахерская;;+7 (910) 081-05-85, +7 (929) 924-47-57, +7 (925) 942-75-19, +7 (925) 217-95-19;Москва, поселение Воскресенское, Чечёрский проезд, 51;zoon.ru , moscow.kudrjashka.ru;55.525 37.518;beauty
Точка красоты, салоны красоты;+7 (495) 222-85-10;+7 (929) 911-03-33;Москва, поселение Воскресенское, Чечёрский проезд, 51;tochkafamily.ru;55.525 37.518;beauty
ILoveBeauty, салон красоты;;+7 (915) 085-95-22, +7 (904) 567-54-72, +7 (985) 838-95-22;Москва, поселение Воскресенское, Чечёрский проезд, 126;ilove-beauty-salon.plp7.ru , ilovebeauty-salon.ru;55.524 37.515;beauty
4hands, ногтевая студия;;+7 (901) 565-24-35;Москва, поселение Воскресенское, Чечёрский проезд, 51;4hands.ru;55.524 37.517;beauty
Vnukovo Sра & Beauty;+7 (495) 023-67-77, +7 (495) 182-05-02, +7 (495) 431-70-70, +7 (495) 840-98-80, +7 (495) 280-77-80;;Луговая ул., вл20Ас3, д. Рогозинино;vnukovocountry.club;55.540 37.184;beauty
Мерлин;+7 (495) 659-63-83;+7 (903) 288-56-65;34, посёлок подсобного хозяйства Воскресенское;smerlin.ru;55.533 37.448;beauty
Soda;+7 (499) 302-20-03, +7 (499) 450-58-59, +7 (499) 495-43-24, +7 (499) 322-21-70, +7 (499) 455-44-08, +7 (499) 302-22-43, +7 (499) 653-59-56, +7 (495) 818-60-18, +7 (499) 450-96-06, +7 (499) 302-20-62;;ул. Александры Монаховой, 90, корп. 4, посёлок Коммунарка;buninskaya-alleya.sodanails.ru , sodanails.ru;55.543 37.480;beauty
Laser Expert;;+7 (985) 878-26-34;ул. Александры Монаховой, 94, корп. 4, посёлок Коммунарка;laser-expert.clients.site;55.541 37.480;beauty
Андемо, салон красоты;;+7 (926) 412-35-84, +7 (995) 658-05-23;ул. Александры Монаховой, 90, корп. 4, посёлок Коммунарка;zoon.ru , n530121.yclients.com , andemo.ru , andemo-studio.ru;55.542 37.480;beauty
Pr nail bar, студия маникюра;+7 (495) 213-11-11;+7 (968) 027-00-99, +7 (968) 025-00-33, +7 (968) 031-00-44, +7 (968) 660-00-44, +7 (950) 477-88-87, +7 (968) 660-00-55, +7 (929) 900-09-29, +7 (968) 027-00-55, +7 (968) 660-00-22, +7 (968) 011-21-11;ул. Александры Монаховой, 90, корп. 3, посёлок Коммунарка;prnailbar.ru;55.543 37.482;beauty
Dr. Epi;+7 (499) 240-97-21;+7 (985) 102-75-52, +7 (985) 929-66-79;ул. Александры Монаховой, 90, корп. 2, посёлок Коммунарка;;55.544 37.482;beauty
Самые лучшие ресницы Oli. look;;+7 (916) 638-78-64;ул. Александры Монаховой, 98, корп. 3, посёлок Коммунарка;;55.540 37.482;beauty
Saint nails, студия маникюра;;+7 (980) 889-01-83;ул. Александры Монаховой, 88, корп. 2, посёлок Коммунарка;n172129.yclients.com;55.544 37.485;beauty
Borodach;;+7 (963) 624-43-00;ул. Александры Монаховой, 88, корп. 2, посёлок Коммунарка;kommunarka88.borodach.com , borodach.com;55.545 37.485;beauty
Точка красоты, салоны красоты;;+7 (903) 744-02-22;ул. Александры Монаховой, 92, корп. 1, посёлок Коммунарка;tochkafamily.ru;55.543 37.488;beauty
4hands, ногтевая студия;;+7 (962) 362-71-50;ул. Александры Монаховой, 92, корп. 2, посёлок Коммунарка;4hands.ru;55.542 37.487;beauty
Цирюльникъ, салон красоты;;+7 (925) 532-00-48;Москва, поселение Сосенское, улица Александры Монаховой, 95, корп. 1;salon-hair.ru , cirulnik.com;55.542 37.490;beauty
Салон красоты Velmbeauty;;+7 (915) 307-77-44;Москва, поселение Сосенское, улица Александры Монаховой, 95, корп. 2;velmbeauty.com;55.542 37.491;beauty
Angels` Kasta, студия красоты;;+7 (964) 588-96-69;ул. Академика Семёнова, 11, Москва;salon-krasoty-angels-kasta.clients.site;55.542 37.509;beauty
Эльза;;+7 (925) 516-08-62;Россия, Москва, поселение Сосенское, улица Александры Монаховой, 105к1;krasotkaelza.ru;55.540 37.495;beauty
Мерсин, салон-парикмахерская;;+7 (977) 939-38-30;Россия, Москва, поселение Сосенское, улица Александры Монаховой, 105, корп. 1;;55.541 37.495;beauty
Алена Котова Бьюти;;+7 (939) 555-34-19, +7 (963) 712-00-49;ул. Академика Понтрягина, 14, Москва;;55.533 37.498;beauty
Calipso, центр красоты и здоровья;;+7 (917) 539-64-12;ул. Адмирала Лазарева, 63, корп. 1, Москва;zoon.ru , calipso-salon.ru;55.537 37.508;beauty
Синяя Птица;+7 (495) 627-61-29;+7 (903) 762-19-07;ул. Адмирала Лазарева, 63, корп. 1, Москва;birdblu.ru;55.537 37.508;beauty
Эпатаж, студия красоты;+7 (495) 714-50-18;;ул. Адмирала Лазарева, 55, Москва;studia-epatag.ru , studia-epatage.ru;55.540 37.512;beauty
BonGo;;+7 (991) 222-84-30;Южнобутовская ул., 84, корп. 1, Москва;bongo-house.clients.site;55.536 37.515;beauty
Грэтэ, студия красоты;+7 (495) 714-66-35;+7 (905) 777-93-95;ул. Адмирала Лазарева, 54, корп. 1, Москва;studiogrete.ru;55.543 37.516;beauty
Geladis;+7 (499) 608-88-38;+7 (965) 370-25-57;ул. Адмирала Лазарева, 52, корп. 3, Москва;geladis-cosmetology.taplink.ws;55.544 37.516;beauty
Юг студия;;+7 (915) 195-80-77;ул. Адмирала Лазарева, 45, Москва;;55.542 37.519;beauty
Студия маникюра Ynd;;+7 (925) 097-35-83;ул. Адмирала Лазарева, 41, Москва;yournaildesigner.ru;55.542 37.522;beauty
Look beauty, студия красоты;;+7 (977) 617-27-01, +7 (977) 312-17-76;ул. Адмирала Лазарева, 35, Москва;lookbeauty.moscow;55.544 37.525;beauty
Nail studio by Liana Kasparova, студия красоты;;+7 (968) 095-01-00, +7 (966) 095-11-00, +7 (925) 407-01-00, +7 (926) 166-01-00, +7 (985) 877-01-00, +7 (925) 112-01-00, +7 (969) 999-30-81, +7 (929) 511-01-00, +7 (992) 555-01-00, +7 (925) 884-01-00;ул. Адмирала Руднева, 4, Москва;lknails.ru;55.544 37.526;beauty
Milka lab, салон красоты;+7 (495) 532-47-17;+7 (925) 882-48-17, +7 (925) 545-52-00;ул. Адмирала Руднева, 2, Москва;salonmilka.ru;55.544 37.526;beauty
Natalie beauty lab, студия красоты;;+7 (926) 319-01-79, +7 (926) 846-80-95;Южнобутовская ул., 69, Москва;natalia-lashes.com;55.535 37.528;beauty
Кудри Хауз, студия завивки волос;;+7 (925) 260-37-88, +7 (925) 328-85-38, +7 (967) 555-62-31;Южнобутовская ул., 60, Москва;kudrihouse.ru;55.537 37.529;beauty
Тётя Мотя, клуб красоты;;+7 (977) 800-22-94, +7 (923) 128-02-58, +7 (958) 100-59-02;Южнобутовская ул., 65, Москва;tetya-motya.ru;55.535 37.529;beauty
Маникюрня, студия красоты;;+7 (963) 672-29-07;ул. Адмирала Лазарева, 25, Москва;;55.546 37.531;beauty
SANDERA;;+7 (977) 640-07-88;Южнобутовская ул., 52, Москва;widget.sonline.su;55.538 37.531;beauty
Be Legend;;+7 (980) 697-76-14;Южнобутовская ул., 66, Москва;be-legend.ru;55.535 37.525;beauty
Vintage, салон красоты;+7 (495) 205-36-96, +7 (495) 203-83-16;+7 (904) 567-68-03, +7 (925) 638-39-57, +7 (903) 261-49-47;ул. Горчакова, 5, Москва;vintage-butovo.ru , zoon.ru , vintage-bs.ru;55.546 37.527;beauty
Твой имидж, салон красоты;+7 (499) 743-10-36;+7 (905) 506-57-60;ул. Адмирала Лазарева, 26, Москва;tvoyimidj.ru;55.547 37.532;beauty
Сональ, студия красоты;;+7 (929) 532-62-65, +7 (926) 532-62-65, +7 (916) 391-13-71;ул. Горчакова, 11, Москва;studiosonal.ru;55.544 37.532;beauty
Точка красоты, салоны красоты;;+7 (926) 904-01-22;ул. Адмирала Лазарева, 24, Москва;tochkafamily.ru;55.547 37.533;beauty
Креатив beauty, салон красоты;+7 (495) 717-35-90;+7 (985) 745-88-22;Плавский пр., 6, Москва;creativ-salon.plp7.ru;55.549 37.533;beauty
Epil_time, салон красоты;;+7 (925) 033-86-06;Южнобутовская ул., 41, Москва;;55.537 37.534;beauty
Астрия, салон красоты;;+7 (977) 130-20-19, +7 (930) 964-13-02;Южнобутовская ул., 42, Москва;астрия.рф;55.540 37.536;beauty
Маританж, салон красоты;+7 (495) 717-65-81;+7 (999) 717-65-81;Южнобутовская ул., 38, Москва;maritang.ru;55.541 37.536;beauty
Reggi Nails;;+7 (977) 944-28-62, +7 (926) 920-44-75;ул. Адмирала Лазарева, 6, Москва;;55.546 37.541;beauty
Beauty Hair Уход за волосами;;+7 (977) 746-42-91;Южнобутовская ул., 50, корп. 2, Москва;tweb.link;55.539 37.532;beauty
Салон красоты Кео;;+7 (904) 568-60-53;Южнобутовская ул., 44, Москва;;55.539 37.536;beauty
TOPGUN, сеть барбершопов;;+7 (925) 063-34-44;Венёвская ул., 6, Москва;topgun.ru;55.548 37.543;beauty
Сеть студий маникюра Лены Лениной;+7 (499) 490-09-90;+7 (903) 113-00-10, +7 (903) 508-49-66, +7 (925) 829-46-90;Венёвская ул., 6, Москва;llmanikur.ru , clck.ru;55.548 37.543;beauty
Стрикси, японская парикмахерская;;+7 (968) 549-49-25, +7 (926) 054-47-55;Венёвская ул., 7, Москва;striksi.ru;55.547 37.546;beauty
АнгеЛеди;+7 (499) 940-33-02;+7 (915) 459-47-75;Чечёрский пр., 8, Москва;angel-spa.ru;55.542 37.545;beauty
Точка красоты, салоны красоты;+7 (499) 113-13-21;;Скобелевская ул., 20, Москва;tochkafamily.ru;55.546 37.555;beauty
Шпилька, студия красоты;;+7 (926) 777-51-88;Скобелевская ул., 5, Москва;studio-krasoty-shpilka.clients.site;55.550 37.556;beauty
4hands, ногтевая студия;;+7 (985) 960-77-07, +7 (913) 933-75-57;бул. Адмирала Ушакова, 2, Москва;4hands-lp.ru , 4hands.ru;55.548 37.553;beauty
Салон красоты Цирюльня;;+7 (916) 514-22-00;Скобелевская ул., 1, корп. 1, Москва;zoon.ru , tsiryulnya-salon.ru;55.551 37.555;beauty
Caramel, салон красоты;+7 (495) 514-24-67;+7 (901) 556-53-57, +7 (901) 556-57-53;Скобелевская ул., 5, корп. 1, Москва;salon-caramel.ru;55.549 37.557;beauty
Маникюрный салон Get Лаки;+7 (499) 394-56-17;+7 (929) 696-00-85, +7 (926) 044-58-51, +7 (926) 420-58-39, +7 (929) 515-20-58;Скобелевская ул., 1, корп. 5, Москва;get-lucky.club;55.551 37.558;beauty
Ideality;;+7 (995) 885-33-85;Скобелевская ул., 23, корп. 1, Москва;;55.547 37.559;beauty
Ежевика, студия красоты;;+7 (903) 611-16-18, +7 (929) 911-03-32;2-я Мелитопольская ул., 3, Москва;ezhevika-msk.ru;55.540 37.574;beauty
STYLE.TUT, студия красоты;;+7 (968) 746-15-25;Изюмская ул., 53, корп. 3, Москва;style-tut.ru;55.544 37.567;beauty
Ваш мастер, салон красоты;;+7 (999) 855-77-96;Изюмская ул., 39, корп. 2, Москва;hair-salon-9927.business.site;55.550 37.571;beauty
Самита клуб;+7 (495) 542-73-28;+7 (985) 217-22-77, +7 (916) 581-72-72;Сосновая ул., 1В, д. Сосенки;samita-club.com;55.569 37.447;beauty
Estetica Beauty;+7 (495) 227-33-11;;Ясеневая ул., 3, д. Сосенки;estetika-dubrovka.ru;55.568 37.443;beauty
Nail_studio_km;;+7 (901) 256-83-09;Россия, Москва, поселение Сосенское, улица Василия Ощепкова, 6;dikidi.net;55.555 37.467;beauty
Персик наливной, салон красоты;;+7 (966) 555-21-30, +7 (964) 718-21-12, +7 (969) 999-37-81, +7 (966) 321-47-27;Лазурная ул., 6, посёлок Коммунарка;persiknalivnoi.ru;55.569 37.472;beauty
Kukla, салон красоты;;+7 (985) 638-36-04;ул. Сосенский Стан, 17, посёлок Коммунарка;zoon.ru , beauty-kukla.ru;55.565 37.477;beauty
Студия красоты Lady’s Secret;;+7 (985) 311-50-55, +7 (939) 555-17-32;Ясная ул., 5А, посёлок Коммунарка;;55.568 37.478;beauty
Цирюльникъ, салон красоты;;+7 (958) 100-96-15, +7 (968) 377-23-23;ул. Александры Монаховой, 23, посёлок Коммунарка;salon-hair.ru , cirulnik.com;55.569 37.480;beauty
Точка красоты, салоны красоты;+7 (495) 204-23-63;+7 (925) 808-50-54;ул. Липовый Парк, 11, посёлок Коммунарка;tochkafamily.ru;55.567 37.486;beauty
f. ея, салон красоты;+7 (495) 488-87-40;+7 (905) 746-67-46, +7 (904) 567-61-98;ул. Липовый Парк, 6, посёлок Коммунарка;zoon.ru , f-eya-salon.ru;55.570 37.490;beauty
Aina Cosmetology;;+7 (962) 641-41-11;ул. Сосенский Стан, 17, посёлок Коммунарка;aina-cosmetology.clients.site;55.565 37.477;beauty
Студия маникюра и педикюра 4hands;;+7 (904) 568-31-88;ул. Александры Монаховой, 23, посёлок Коммунарка;4hands-lp.ru , 4hands.ru;55.569 37.479;beauty
AlenShato;;+7 (977) 706-55-50;ул. Александры Монаховой, 43, корп. 1, посёлок Коммунарка;alenshato.ru;55.564 37.487;beauty
Kasta, барбершоп;+7 (495) 208-38-68;+7 (926) 801-86-25;ул. Липовый Парк, 8, корп. 2, посёлок Коммунарка;kasta-bbsh.ru;55.570 37.488;beauty
Basic Beauty, салон красоты;+7 (499) 550-34-44;+7 (977) 650-34-44, +7 (977) 335-02-33;ул. Липовый Парк, 8, корп. 1, посёлок Коммунарка;basic-beauty-kmk.ru;55.569 37.489;beauty
Basic Beauty, салон красоты;+7 (499) 325-31-50;;Россия, Москва, поселение Сосенское, Скандинавский бульвар, 6;basic-beauty-kmk.ru;55.566 37.498;beauty
Апартаменты Premium flat for world cup;+7 (495) 969-83-88;+7 (985) 969-83-88, +7 (985) 227-37-57, +7 (916) 180-60-98;ул. Липовый Парк, 4, корп. 3, посёлок Коммунарка;бьютистудио.рф;55.571 37.491;beauty
Happy O&K, салон красоты;;+7 (985) 077-54-45;Россия, Москва, поселение Сосенское, Скандинавский бульвар, 2, корп. 5;;55.566 37.492;beauty
Салон красоты Mon Feromon studio;+7 (898) 012-22-00;+7 (904) 568-20-48;ул. Липовый Парк, 2, посёлок Коммунарка;zoon.ru , mon-feromon-studio.ru;55.571 37.493;beauty
Nails up, салон красоты;+7 (495) 109-08-89;+7 (919) 778-39-88;Москва, поселение Сосенское, Скандинавский бульвар, 1к1;nails-up.ru;55.568 37.496;beauty
Мистер Барбер Мск;;+7 (929) 683-44-04;Россия, Москва, поселение Сосенское, Скандинавский бульвар, 1, корп. 3;mrbarbermsk.ru;55.570 37.497;beauty
Атмосфера красоты;;+7 (980) 697-68-82;Москва, поселение Сосенское, жилой комплекс Скандинавия, улица Эдварда Грига, 5;atmosfera-krasoty-centr.ru;55.564 37.497;beauty
Idol Face Km;;+7 (980) 773-88-71, +7 (930) 115-23-22, +7 (910) 824-63-80;Россия, Москва, поселение Сосенское, Скандинавский бульвар, 5, корп. 3;idolface-salon.ru;55.566 37.501;beauty
Oro, студия эстетики;;+7 (991) 141-05-25, +7 (999) 671-07-01;Россия, Москва, поселение Сосенское, Скандинавский бульвар, 5, корп. 3;;55.565 37.501;beauty
Femnail;;+7 (977) 170-50-95;Москва, поселение Сосенское, Скандинавский бульвар, 7;dikidi.ru;55.564 37.501;beauty
Gami nails, салон красоты;;+7 (925) 106-53-01, +7 (903) 518-90-99;ул. Поляны, 5, Москва;gaminails.ru;55.558 37.555;beauty
TOPGUN, сеть барбершопов;;+7 (926) 001-04-44;ул. Поляны, 5, Москва;topgun.ru;55.558 37.555;beauty
Mmstudio;;+7 (915) 414-81-51;ул. Поляны, 5, Москва;;55.557 37.555;beauty
Crystal Beauty Studio, студия красоты;;+7 (904) 567-85-61, +7 (916) 563-28-84, +7 (963) 606-99-33;ул. Поляны, 5А, корп. 1, Москва;crystal-salon.ru;55.555 37.555;beauty
Chi.Nails, салон красоты;;+7 (977) 517-47-08, +7 (977) 517-47-17;ул. Поляны, 5А, корп. 1, Москва;chinails.ru;55.555 37.556;beauty
Bardot, салон красоты;+7 (495) 777-22-60;+7 (904) 567-63-06, +7 (968) 011-11-66, +7 (965) 111-16-10;Старокрымская ул., 15, корп. 1, Москва;bardot-salon.ru;55.558 37.557;beauty
Madessova Beauty;;+7 (977) 147-10-57;Куликовская ул., 9, корп. 2, Москва;madessova.ru;55.567 37.562;beauty
Салон-парикмахерская Стригли;;+7 (903) 206-79-04;ул. Грина, 11Б, Москва;strigli.butovo-msk.ru , salon.butovo-msk.ru;55.567 37.567;beauty
Ирис, студия красоты;;+7 (925) 565-57-00, +7 (925) 565-57-01, +7 (929) 650-43-10, +7 (926) 601-01-07, +7 (926) 409-19-70, +7 (926) 788-71-06, +7 (926) 709-48-66, +7 (926) 709-98-55, +7 (926) 631-43-00, +7 (926) 795-16-00;ул. Грина, 34, корп. 1, Москва;iriss-salon.ru , dikidi.online;55.569 37.569;beauty
Салон красоты Штаб красоты Get Лаки;;+7 (926) 865-34-88;бул. Дмитрия Донского, 18/4, Москва;get-lucky.club;55.563 37.570;beauty
Beauty studio 8th Street;+7 (495) 726-06-01;;ул. Грина, 28, корп. 1, Москва;;55.568 37.572;beauty
Hair-Beauty;;+7 (903) 163-58-94;бул. Дмитрия Донского, 8, Москва;hair-beauty.ru;55.568 37.574;beauty
Kimmy lab, студия красоты;+7 (495) 648-69-66;+7 (985) 146-79-72, +7 (969) 232-49-21, +7 (909) 950-57-75, +7 (919) 720-05-50, +7 (909) 950-58-85, +7 (909) 950-57-59, +7 (909) 950-55-56;бул. Дмитрия Донского, 8, корп. 1, Москва;kimmylab.ru;55.568 37.574;beauty
NAIL IT Moscow, лаборатория стиля;+7 (495) 711-75-87;+7 (929) 655-75-87;бул. Дмитрия Донского, 6, Москва;nail-it-moscow.plp7.ru , nail-it.ru;55.569 37.574;beauty
Леди стиль, студия красоты;;+7 (929) 539-30-09;Старокачаловская ул., 1Б, Москва;ladystyl.turbo.site;55.569 37.586;beauty
Кабинет лазерной эпиляции Chick Epil;;+7 (915) 370-06-62;бул. Дмитрия Донского, 6, Москва;zoon.ru , chick-epil.ru;55.569 37.575;beauty
Ника, салон красоты и косметологии;;+7 (977) 786-86-87;Феодосийская ул., 7, корп. 5, Москва;nikasalon.moscow;55.559 37.575;beauty
HOLLYWOOD Бутово, салон красоты;+7 (495) 166-16-66;+7 (966) 111-66-06, +7 (932) 442-28-70;Феодосийская ул., 7, корп. 5, Москва;hollywood-butovo.ru;55.560 37.576;beauty
Gold fox, маникюрная студия;;+7 (925) 555-14-25;бул. Дмитрия Донского, 2, корп. 1, Москва;n602022.yclients.com , gold-fox-salon.ru;55.570 37.576;beauty
Бьюти Тудей;;+7 (926) 160-01-06;бул. Дмитрия Донского, 9, корп. 1, Москва;;55.568 37.578;beauty
Beauty Loft;;+7 (926) 006-47-47;бул. Дмитрия Донского, 9, корп. 1, Москва;;55.569 37.578;beauty
Бьюти Рум;;+7 (926) 582-34-59;Феодосийская ул., 7, корп. 6, Москва;beautyroom-lab.plp7.ru , бьютирум.рф;55.560 37.578;beauty
Belle, студия красоты;+7 (495) 659-10-86;+7 (999) 860-66-66;ул. Грина, 18, корп. 2, Москва;selenum.ru;55.566 37.581;beauty
Image Studio;;+7 (925) 772-12-83;Россия, Москва, поселение Марушкинское, квартал № 89, 16;dikidi.online;55.579 37.131;beauty
Bellur beauty, студия маникюра;;+7 (977) 467-77-63;Москва, поселение Сосенское, проспект Магеллана, 2;n476185.yclients.com;55.592 37.447;beauty
Victoriya beauty club, салон красоты;;+7 (985) 045-25-25, +7 (939) 555-68-37;Россия, Москва, поселение Сосенское, проспект Магеллана, 2;victoriya-beauty-club.plp7.ru;55.591 37.448;beauty
AS Beauty Studio, салон красоты;;+7 (904) 567-74-93, +7 (915) 255-57-17;Москва, поселение Сосенское, бульвар Веласкеса, 2;as-beauty-studio.ru , asbeautystudio.com , webpro.az;55.592 37.456;beauty
Рай Оксаны Скворцовой;;+7 (980) 697-65-58;Москва, поселение Сосенское, бульвар Веласкеса, 2;zoon.ru , raj-oksany-skvortsovoj-salon.ru;55.591 37.457;beauty
Звезда Испании;;+7 (916) 094-33-30, +7 (908) 500-84-65;Россия, Москва, поселение Сосенское, проспект Магеллана, 2;salonestrella.ru;55.591 37.447;beauty
Точка красоты, салоны красоты;;+7 (985) 267-43-77;Россия, Москва, поселение Сосенское, улица Сервантеса, 3, корп. 2;tochkafamily.ru;55.592 37.453;beauty
Nikolin park, барбершоп;;+7 (926) 033-26-27, +7 (977) 381-02-99;Николо-Хованская ул., 28, стр. 5;;55.589 37.454;beauty
Laconique;;+7 (904) 568-93-17, +7 (904) 568-92-73;Москва, поселение Сосенское, бульвар Веласкеса, 1, корп. 1;laconique-salon.ru;55.592 37.455;beauty
Студия красоты Елены Ким K-studio;;+7 (965) 436-69-63;Бачуринская ул., 11, посёлок Коммунарка;dikidi.net;55.577 37.480;beauty
Beauty star;;+7 (977) 134-70-47, +7 (958) 577-99-84;Бачуринская ул., 11, посёлок Коммунарка;;55.577 37.481;beauty
О Брови! Студия Натальи Подлуцкой;;+7 (967) 087-23-31;ул. Александры Монаховой, 10, посёлок Коммунарка;;55.573 37.473;beauty
Shêlk;;+7 (926) 767-11-76;Бачуринская ул., 9А, корп. 2, посёлок Коммунарка;;55.578 37.482;beauty
Londa Professional;+7 (495) 422-29-22, +7 (495) 423-82-24;+7 (917) 597-05-90;пр. Карамзина, 17/8, Москва;salonlondaprofi.ru;55.590 37.544;beauty
Стрикси, японская парикмахерская;;+7 (916) 627-88-77;ул. Знаменские Садки, 5Б, Москва;striksi.ru;55.572 37.572;beauty
Территория маникюра, ногтевая студия;;+7 (925) 537-61-12;Куликовская ул., 6, Москва;territoriya-manikyura-salon.ru;55.574 37.565;beauty
Ms. Resnichka;;+7 (915) 022-66-33, +7 (926) 076-05-07;Куликовская ул., 6, Москва;msresnichka.ru;55.574 37.565;beauty
Мармелад, салон красоты;;+7 (985) 257-72-32;Ратная ул., 16, корп. 2, Москва;marmeladsalon.ru;55.577 37.571;beauty
LPG-массаж Бутово;;+7 (991) 222-56-84, +7 (929) 985-81-41;ул. Знаменские Садки, 3, корп. 1, Москва;tatyana-beautylab.ru;55.572 37.573;beauty
Dmitry Zhilin Beauty Studio;+7 (495) 711-76-16;+7 (968) 807-67-68, +7 (977) 800-54-54;Ратная ул., 10, корп. 2, Москва;inter-sharm.ru;55.576 37.578;beauty
Точка красоты, салоны красоты;;+7 (926) 779-21-86;бул. Дмитрия Донского, 1, Москва;tochkafamily.ru;55.575 37.580;beauty
Liu beauty, студия красоты;;+7 (968) 808-83-40, +7 (903) 775-02-75;бул. Дмитрия Донского, 1, Москва;liubeautymsk.ru;55.575 37.580;beauty
Парикмахерская;+7 (495) 763-22-37;+7 (985) 763-22-37;Варшавское ш., 143, корп. 1, Москва;;55.583 37.600;beauty
Nails up, салон красоты;+7 (495) 109-73-03;+7 (999) 941-57-56;Варшавское ш., 143, корп. 1, Москва;nails-up.ru;55.583 37.600;beauty
City Nails, сеть студий красоты;+7 (499) 686-18-66;;Варшавское ш., 141, корп. 8, Москва;citynails.studio;55.589 37.601;beauty
Бьюти клаб Анна Богданова;;+7 (965) 337-53-33, +7 (965) 121-13-33;ул. Кирпичные Выемки, 2, корп. 1, Москва;anna-bogdanova.ru;55.587 37.601;beauty
Студия красоты Duvanjis;;+7 (903) 277-69-45, +7 (999) 873-98-17, +7 (901) 147-93-67;ул. Кирпичные Выемки, 2, корп. 1, Москва;;55.587 37.601;beauty
Розовый лотос, ателье;;+7 (901) 735-67-37;Варшавское ш., 141, корп. 11, Москва;pinklotos-varshavka141.ru;55.588 37.602;beauty
Topgun, барбершоп;;+7 (926) 547-14-44;Варшавское ш., 141, корп. 11, Москва;topgun.ru;55.588 37.602;beauty
Best beauty academy, салон красоты;;+7 (903) 170-20-35, +7 (978) 006-46-07;Варшавское ш., 141, корп. 10, Москва;dikidi.net;55.589 37.603;beauty
Palmier, салон красоты;+7 (495) 150-38-89, +7 (744) 890-44-25;+7 (965) 330-93-08, +7 (980) 697-75-20;Варшавское ш., 141А, корп. 3, Москва;palmier.obiz.ru;55.585 37.603;beauty
Loft bar P.S.V., салон красоты;+7 (495) 797-38-97;;Варшавское ш., 141, корп. 12, Москва;;55.588 37.604;beauty
Сеть студий маникюра Лены Лениной;;+7 (969) 059-41-51;Бирюлёвская ул., 51, корп. 1, Москва;llmanikur.ru , clck.ru;55.583 37.671;beauty
Depilation. Moscow;;+7 (906) 144-39-93;Ряжская ул., 13, корп. 1, стр. 2, Москва;;55.590 37.670;beauty
Депиляция;;+7 (917) 549-19-99;Ряжская ул., 13, корп. 1, Москва;dikidi.net;55.590 37.670;beauty
Pablo`s barbershop, барбершоп;;+7 (926) 628-19-99, +7 (916) 189-97-07;Михневская ул., 8, Москва;pablos-barbershop.ru;55.580 37.673;beauty
Экономка;+7 (495) 328-67-75;+7 (903) 754-84-85, +7 (968) 626-46-34, +7 (916) 674-62-78;Загорьевская ул., 1/53, Москва;birulevo-ekonomparikmakherskaya.ru;55.582 37.673;beauty
Точка красоты, салоны красоты;;+7 (926) 752-66-87;Липецкая ул., 7А, Москва;tochkafamily.ru;55.584 37.682;beauty
Цирюльникъ;;+7 (901) 147-81-82, +7 (967) 149-10-49, +7 (925) 039-38-99;Лебедянская ул., 19, корп. 1, Москва;salon-hair.ru , cirulnik1.clients.site;55.587 37.674;beauty
Sui;;+7 (903) 519-56-19;Загорьевская ул., 10, корп. 2, стр. 2, Москва;sui-studio77.ru;55.580 37.677;beauty
Lexi-Beauty-Studio;;+7 (966) 124-11-44;ул. Труда, 5А, дачный посёлок Кокошкино;;55.603 37.173;beauty
Мормон, салон красоты;+7 (495) 363-89-20;+7 (903) 363-89-20;Центральная ул., 8Б, посёлок Внуково;salonmormon.ru;55.611 37.287;beauty
Лысый Кактус;;+7 (912) 481-48-62, +7 (919) 995-66-57;1-я Рейсовая ул., 6, посёлок Внуково;;55.610 37.295;beauty
Ногтевой стилист;;+7 (966) 666-76-28;просп. Вернадского, 41, стр. 1, Москва;nogtevoj-stilist.clients.site;55.673 37.503;beauty
BRITVA;+7 (499) 444-32-38, +7 (499) 460-00-93, +7 (499) 110-29-95, +7 (499) 450-76-46, +7 (499) 444-08-53, +7 (499) 430-00-75, +7 (499) 455-02-07, +7 (499) 495-41-95, +7 (499) 460-47-40, +7 (499) 450-57-44;;Москва, поселение Сосенское, квартал № 28, 2, корп. 4;britvabarber.ru , filatov-lug.britvabarber.ru;55.603 37.411;beauty
Jackline, студия красоты;;+7 (925) 852-08-58, +7 (991) 108-98-78;Россия, Москва, поселение Сосенское, бульвар Веласкеса, 8;jackline1.ru;55.593 37.461;beauty
Crown Thai SPA;+7 (495) 953-98-92, +7 (495) 438-44-55, +7 (495) 005-31-15, +7 (499) 702-02-45, +7 (495) 748-82-24;+7 (985) 189-21-27, +7 (916) 020-65-56, +7 (985) 016-70-13, +7 (991) 338-88-45, +7 (916) 647-55-75, +7 (991) 338-88-41, +7 (925) 110-31-22, +7 (977) 939-58-54, +7 (966) 109-77-88, +7 (967) 262-22-12;Россия, Москва, поселение Сосенское, бульвар Веласкеса, 3, корп. 3;crownthai.ru;55.593 37.456;beauty
S&b Clinique;;+7 (925) 322-73-23;Москва, поселение Сосенское, бульвар Веласкеса, 7, корп. 5;;55.594 37.459;beauty
Студия маникюра Лены Лениной;;+7 (903) 223-10-18;МКАД, 41-й километр, с1, Москва;llmanikur.ru , clck.ru;55.604 37.493;beauty
Студия Красоты в Мореоне;+7 (499) 938-67-74, +7 (499) 755-00-24;+7 (926) 060-55-33;Голубинская ул., 16, Москва;sk-moreon.ru;55.597 37.527;beauty
Lamour des orchidees, салон красоты;+7 (495) 421-16-11, +7 (495) 240-84-54;+7 (977) 984-82-19;Новоясеневский просп., 12, корп. 1, Москва;orchidees.ru , salon-krasoty-lamour-des.clients.site;55.610 37.518;beauty
Блэк Фокси;;+7 (968) 046-07-12;Вильнюсская ул., 1, Москва;;55.607 37.525;beauty
Город красоты, салон красоты;+7 (495) 678-41-73, +7 (495) 740-08-17, +7 (495) 741-83-66, +7 (499) 254-35-97, +7 (495) 729-27-10, +7 (495) 517-01-44, +7 (495) 532-40-13, +7 (495) 532-63-77, +7 (495) 517-81-56, +7 (495) 748-98-12;+7 (968) 808-14-29, +7 (985) 400-90-88, +7 (964) 555-13-11, +7 (925) 518-15-84, +7 (985) 566-32-37, +7 (925) 507-39-82, +7 (925) 514-26-28, +7 (999) 551-21-10;Новоясеневский просп., 22, корп. 1, Москва;gorod-krasoti.com;55.607 37.527;beauty
Irena, салон красоты;+7 (495) 208-46-88;+7 (904) 567-70-33, +7 (904) 567-70-35, +7 (926) 806-94-35;Тарусская ул., 22, корп. 1, Москва;zoon.ru , irena-salon.ru;55.601 37.528;beauty
Костас, салон красоты;;+7 (968) 021-90-09;Новоясеневский просп., 9, Москва;kostas-salon.ru;55.609 37.535;beauty
NailMaker Bar, сеть студий маникюра;+7 (499) 685-48-76, +7 (499) 685-48-06, +7 (495) 481-41-44;+7 (964) 520-03-35;Новоясеневский просп., 9, Москва;nailmaker.bar;55.608 37.536;beauty
Maui studio, лаборатория эпиляции и профессионального загара;;+7 (917) 530-77-00;Новоясеневский просп., 11, Москва;zoon.ru , maui-studio.ru , maui-studio.obiz.ru;55.607 37.536;beauty
Сеть студий маникюра Лены Лениной;;+7 (968) 461-35-61;Новоясеневский просп., 11, Москва;llmanikur.ru , clck.ru;55.607 37.536;beauty
Точка красоты, салоны красоты;;+7 (965) 174-81-60;Ясногорская ул., 2, Москва;tochkafamily.ru;55.610 37.536;beauty
Люксарт, салон красоты;+7 (495) 150-48-88, +7 (495) 665-84-31;+7 (925) 595-11-98;Новоясеневский просп., 9, Москва;salonluxart.ru;55.609 37.537;beauty
ЛеЛу;+7 (495) 425-80-80, +7 (495) 118-07-51;+7 (925) 585-43-39;ул. Паустовского, 4Б, Москва;lelus.ru;55.601 37.540;beauty
S. A. Beauty;;+7 (917) 588-32-09;Ясногорская ул., 13, корп. 2, Москва;n660282.yclients.com;55.604 37.534;beauty
1312, студия красоты;;+7 (915) 324-37-73;Литовский бул., 13/12, Москва;studio1312.ru;55.612 37.545;beauty
Элеганс;+7 (495) 386-77-39;;ул. Красного Маяка, 13А, корп. 5, Москва;sk411.skrst.ru;55.608 37.584;beauty
Narty Studio;;+7 (901) 553-31-22;ул. Красного Маяка, 11, корп. 4, Москва;;55.610 37.585;beauty
Look At Me, студия красоты;;+7 (926) 403-79-97, +7 (969) 999-34-78;Чертановская ул., 51, корп. 1, Москва;lookatme.msk.ru;55.603 37.590;beauty
The Grace, салон красоты и эстетики тела;;+7 (926) 339-77-27;Чертановская ул., 49, корп. 1, Москва;salongracetop.clients.site , salongrace.ru;55.604 37.591;beauty
Сеть студий маникюра Лены Лениной;;+7 (968) 461-36-98;Варшавское ш., 152А, Москва;llmanikur.ru , clck.ru;55.594 37.599;beauty
Belbrow студия бровей и перманентного макияжа;;+7 (963) 961-37-37;Чертановская ул., 39, корп. 1, Москва;;55.609 37.593;beauty
hairVIPnail, салон-парикмахерская;+7 (495) 729-03-81;+7 (903) 729-03-81;Кировоградский пр., 3, корп. 1, Москва;chertanovhairvipnail.wixsite.com;55.604 37.597;beauty
Laki, студия маникюра;;+7 (995) 333-05-19, +7 (904) 567-43-97;ул. Академика Янгеля, 1, корп. 1, Москва;;55.594 37.598;beauty
Topgun, барбершоп;;+7 (926) 624-53-53;ул. Академика Янгеля, 1, корп. 1, Москва;topgunbarbershop.ru , topgun.ru;55.594 37.598;beauty
Wave, студия красоты;;+7 (915) 232-22-61, +7 (987) 751-18-89;Варшавское ш., 152, корп. 1, Москва;dikidi.net , dikidi.online;55.592 37.598;beauty
Пленти, салон красоты;+7 (495) 972-33-28;+7 (903) 961-56-16;Кировоградская ул., 32, Москва;пленти.рф;55.607 37.601;beauty
Praga, клиника эстетической медицины;+7 (495) 315-49-29, +7 (495) 135-01-26, +7 (495) 741-98-97, +7 (495) 150-25-21;;Кировоградская ул., 28, Москва;skpraga.ru , praga.clinic;55.609 37.602;beauty
Fresh Nail Bar, студия маникюра и педикюра;;+7 (995) 920-39-95, +7 (995) 883-93-95, +7 (999) 550-55-21, +7 (999) 355-55-21, +7 (969) 349-25-95, +7 (995) 901-81-89, +7 (995) 157-07-77, +7 (936) 333-55-21, +7 (995) 153-07-77, +7 (995) 921-95-21;ул. Академика Янгеля, 2, Москва;freshnail.online , freshnail.ru;55.597 37.600;beauty
Rich nails, сеть бьюти-студий;+7 (499) 444-02-13, +7 (499) 444-32-96;+7 (936) 517-77-13, +7 (995) 001-74-08, +7 (925) 707-59-16, +7 (980) 073-74-43;ул. Красного Маяка, 1, корп. 1, Москва;richnails.club;55.611 37.601;beauty
Город красоты, салон красоты;;+7 (925) 104-43-45;ул. Газопровод, 1, корп. 6А, Москва;gorod-krasoti.com;55.594 37.604;beauty
Kira Beauty, салон красоты;;+7 (926) 862-77-23;Россошанский пр., 6, Москва;;55.598 37.605;beauty
The Beauty Loft, салон красоты;;+7 (968) 650-77-88;Россошанский пр., 3, Москва;thebeautyloft.ru;55.601 37.609;beauty
Solovei, салон красоты;;+7 (985) 092-54-90, +7 (916) 580-05-50, +7 (915) 444-41-60, +7 (915) 213-53-53, +7 (916) 200-93-30;Россошанский пр., 3, Москва;soloveiinic.ru , soloveihair.ru;55.601 37.609;beauty
Элони, салон красоты;+7 (499) 940-67-57;+7 (968) 603-67-67;Россошанская ул., 6, Москва;salon-eloni.ru;55.593 37.613;beauty
Body Dream, студия коррекции фигуры;;+7 (927) 642-35-39, +7 (977) 812-83-83;Россошанский пр., 3, Москва;bodydreamgroup.ru;55.601 37.609;beauty
Ubeauty one, салон красоты;;+7 (916) 007-82-77;Россошанская ул., 4, корп. 1, Москва;zoon.ru , ubeautyone-salon.ru;55.593 37.611;beauty
ManiQR;;+7 (977) 274-10-01;6-я Радиальная ул., 5, корп. 1, Москва;dikidi.net;55.607 37.658;beauty
Wax and Nails, салон красоты;+7 (499) 322-02-33;+7 (950) 662-21-32, +7 (977) 302-02-33, +7 (929) 677-02-33, +7 (926) 814-02-33, +7 (926) 515-02-33, +7 (929) 522-02-33, +7 (977) 852-02-33;6-я Радиальная ул., 5, корп. 2, Москва;tsaritchino.waxandnails.ru , waxandnails.ru;55.606 37.659;beauty
Мастерская маникюра Manik;;+7 (904) 567-64-33, +7 (929) 659-23-53;6-я Радиальная ул., 5, корп. 2, Москва;;55.605 37.659;beauty
Моsкоvsкая, парикмахерская;+7 (499) 218-27-41, +7 (499) 218-26-80;+7 (916) 335-57-71;Бирюлёвская ул., 15, Москва;;55.596 37.663;beauty
Topgun, барбершоп;+7 (772) 179-22-98;+7 (925) 120-04-44;6-я Радиальная ул., 5, корп. 3, Москва;topgunbarber.ru , topgun.ru;55.606 37.660;beauty
Melle, студия красоты;;+7 (926) 674-36-33;6-я Радиальная ул., 5, корп. 3, Москва;;55.604 37.663;beauty
Прядки в порядке, салон красоты;;+7 (963) 545-45-24, +7 (926) 984-02-44, +7 (999) 846-39-77;Элеваторная ул., 12, корп. 1, стр. 2, Москва;webking.pro , nekrasovka.pryadki.com;55.601 37.663;beauty
Рай;;+7 (926) 142-99-33;6-я Радиальная ул., 3, корп. 9, Москва;beauty-salon-rai.business.site;55.604 37.664;beauty
Kris beauty, салон красоты;;+7 (977) 993-32-97;6-я Радиальная ул., 3, корп. 6, Москва;;55.606 37.664;beauty
SugarBaron Studio;;+7 (995) 301-32-90;6-я Радиальная ул., 5, корп. 4, Москва;;55.603 37.664;beauty
Alibigthabarber, барбершоп;;+7 (966) 104-11-66;6-я Радиальная ул., 3, корп. 9, Москва;alibigthabarber.ru;55.605 37.664;beauty
Star beauty express, салон красоты;;+7 (977) 250-26-91;Шипиловский пр., 47, Москва;starbeautyexpress.wixsite.com;55.610 37.699;beauty
Салон красоты Beauty Room;;+7 (915) 455-27-01, +7 (901) 256-20-96;Шипиловский пр., 43, корп. 1, Москва;;55.611 37.697;beauty
NailMaker Bar, сеть студий маникюра;;+7 (909) 693-03-09;Шипиловский пр., 43, корп. 1, Москва;nailmaker.bar;55.611 37.697;beauty
Медицинская клиника Торимед;+7 (495) 343-19-85;+7 (904) 568-01-27, +7 (926) 068-11-48;Каширское ш., 122, Москва;tori-med.ru;55.606 37.718;beauty
Сеть студий маникюра Лены Лениной;;+7 (968) 461-37-95;Ореховый бул., 14, корп. 3, Москва;llmanikur.ru , clck.ru;55.610 37.720;beauty
Tinel;;+7 (901) 256-52-73;ул. Генерала Белова, 28, корп. 3, Москва;tinelmoskva.ru;55.605 37.722;beauty
Рук не хватает, мастерская красоты;;+7 (999) 001-86-64;ул. Генерала Белова, 28, корп. 3, Москва;n643485.yclients.com;55.605 37.722;beauty
Лаванда, салон-парикмахерская;+7 (499) 341-42-00, +7 (499) 341-42-42;+7 (925) 567-77-80, +7 (965) 395-20-75;ул. Генерала Белова, 28, корп. 1, Москва;салонлаванда.рф;55.606 37.724;beauty
Красота в деталях, мастерская профессионального ухода;;+7 (900) 555-11-15;ул. Генерала Белова, 28, корп. 1, Москва;beautyindetails.art;55.605 37.724;beauty
Студия маникюра Yellow Nails;;+7 (903) 544-88-55;Каширское ш., 65, корп. 2, Москва;;55.600 37.725;beauty
Шарлотт;;+7 (916) 286-47-64;Каширское ш., 65, корп. 3, Москва;charlotte-salon.ru;55.599 37.725;beauty
Nails Pro, салон красоты;+7 (499) 714-54-54;+7 (904) 567-75-56, +7 (977) 362-31-01;Ясеневая ул., 12, корп. 1, Москва;nailsprobeauty.ru;55.601 37.728;beauty
Точка красоты, салоны красоты;;+7 (929) 653-97-67;Елецкая ул., 15, Москва;tochkafamily.ru;55.607 37.734;beauty
Лара и к, парикмахерская;+7 (495) 399-85-63;;Тамбовская ул., 3/13, Москва;;55.605 37.748;beauty
Yes Nail Домодедовская;;+7 (985) 742-55-15, +7 (903) 216-52-55, +7 (926) 996-38-88, +7 (901) 531-62-16, +7 (915) 424-81-37, +7 (905) 775-74-47, +7 (985) 303-85-85, +7 (985) 637-11-80, +7 (903) 100-77-78, +7 (901) 560-72-60;Елецкая ул., 11, корп. 1, Москва;yes-nail.ru;55.609 37.733;beauty
Терапия Красоты, клиника эстетической медицины;+7 (495) 343-15-49, +7 (495) 961-35-43, +7 (495) 649-83-82;+7 (968) 596-03-90;Воронежская ул., 24, корп. 1, Москва;profsalon.org , terapiakrasoty.ru , maxspa.ru;55.610 37.736;beauty
Place of nails;;+7 (929) 557-75-45;Воронежская ул., 36, корп. 1, Москва;;55.611 37.740;beauty
Аллэна;;+7 (995) 666-00-33;Москва, поселение Внуковское, Омская улица, 16;;55.621 37.264;beauty
Ногтевая студия;;+7 (915) 733-00-88;Москва, поселение Внуковское, Омская улица, 6;manikurvnukovo.ru;55.619 37.264;beauty
Merritt;;+7 (917) 548-98-02, +7 (985) 066-60-14;Москва, поселение Внуковское, Омская улица, 6;merritt.turbo.site;55.619 37.265;beauty
Beauty Bazar, салон красоты;;+7 (999) 892-28-00;Москва, поселение Внуковское, улица Лётчика Грицевца, 8;beautybazar-moscow.ru;55.622 37.307;beauty
Точка красоты, салоны красоты;;+7 (915) 237-67-97;Россия, Москва, поселение Внуковское, улица Лётчика Ульянина, 5;tochkafamily.ru;55.626 37.308;beauty
Flash, салон красоты;+7 (495) 827-14-90;+7 (977) 099-80-13, +7 (901) 259-78-94, +7 (925) 232-77-78, +7 (925) 232-69-69;Москва, поселение Внуковское, улица Лётчика Грицевца, 9;flashsalon.ru;55.624 37.309;beauty
Aurum beauty, студия красоты;;+7 (916) 868-28-18;Москва, поселение Внуковское, улица Лётчика Ульянина, 6;;55.625 37.309;beauty
Morozova Beauty Studio;;+7 (904) 567-79-53, +7 (904) 567-79-55;Россия, Москва, поселение Внуковское, улица Лётчика Грицевца, 4;morozova-beauty-studio.ru;55.623 37.304;beauty
IK Beauty, салон красоты;;+7 (926) 735-53-55;Москва, поселение Внуковское, улица Лётчика Грицевца, 4, корп. 1;ik-beauty.ru;55.622 37.303;beauty
Перманентный макияж;;+7 (917) 253-73-97;Россия, Москва, поселение Внуковское, улица Лётчика Ульянина, 2;permanent-makeup-elena-kalinbet.ru;55.625 37.304;beauty
Вилиарт;;+7 (916) 091-15-15;Россия, Москва, поселение Внуковское, улица Авиаконструктора Петлякова, 13, корп. 1;;55.621 37.305;beauty
Новая, студия красоты;;+7 (965) 308-86-15;Москва, поселение Внуковское, улица Лётчика Ульянина, 4;n651551.yclients.com , salon-novaya.ru;55.625 37.308;beauty
NaiLuxe;;+7 (925) 022-45-20, +7 (904) 568-23-12, +7 (904) 568-23-14;Москва, поселение Внуковское, улица Лётчика Ульянина, 5;nailuxe-nailsalon.business.site , nailuxe.ru;55.626 37.307;beauty
Sunny Beauty Coworking;;+7 (919) 997-99-25;Россия, Москва, поселение Внуковское, улица Авиаконструктора Петлякова, 25;sunny-beauty-coworking.clients.site;55.624 37.315;beauty
11.11 beauty space, студия красоты;;+7 (925) 794-18-81;Россия, Москва, поселение Московский, Саларьевская улица, 16, корп. 5;;55.619 37.408;beauty
Topgun, барбершоп;;+7 (925) 171-94-44;Москва, поселение Московский, Саларьевская улица, 11;topgunbarber.ru , topgun.ru;55.616 37.415;beauty
Брови Москоу Шугаринг;;+7 (916) 557-43-05;Россия, Москва, поселение Московский, Саларьевская улица, 10, корп. 2;zoon.ru , brovi-moskou-shugaring.ru;55.619 37.413;beauty
Лэт’с Мэйк;;+7 (977) 909-99-84;Россия, Москва, поселение Московский, Саларьевская улица, 10, корп. 2;n341678.yclients.com;55.619 37.413;beauty
Aloha Nails&Lash;;+7 (932) 250-67-40;Москва, поселение Московский, Саларьевская улица, 8, корп. 3;n752793.yclients.com;55.620 37.415;beauty
Точка Красоты;;+7 (905) 712-01-01;Москва, поселение Московский, Киевское шоссе, 23-й километр, 1;tochkafamily.ru;55.624 37.422;beauty
Oly charm;;+7 (999) 990-98-07;Россия, Москва, поселение Московский, Киевское шоссе, 23-й километр, 1;;55.623 37.424;beauty
Trava, студия красоты;;+7 (901) 578-91-63;ул. Генерала Тюленева, 4А, стр. 1, Москва;;55.626 37.484;beauty
Magic, салон-парикмахерская;;+7 (906) 729-72-95;посёлок Завода Мосрентген, 7;widget.sonline.su;55.622 37.473;beauty
Seven, салон красоты;+7 (499) 647-46-46;;ул. Тёплый Стан, 7, Москва;sevensalon.ru;55.622 37.497;beauty
Сеть студий маникюра Лены Лениной;;+7 (968) 461-36-29;Профсоюзная ул., 129А, Москва;llmanikur.ru , clck.ru;55.618 37.507;beauty
Уход за телом Love Your Body;;+7 (985) 192-73-73;Новоясеневский просп., 2А, стр. 1, Москва;loveyourbody.msk.ru;55.618 37.506;beauty
Счастье+;;+7 (985) 899-11-96;ул. Тёплый Стан, 7, Москва;;55.623 37.495;beauty
Persona;+7 (495) 987-15-60;+7 (926) 668-88-01;Новоясеневский просп., 2А, стр. 1, Москва;;55.618 37.506;beauty
Трисэ-Бьюти;+7 (495) 420-36-11;+7 (929) 696-88-83;Профсоюзная ул., 146, корп. 1, Москва, Россия;;55.624 37.507;beauty
Студия маникюра Лены Лениной;;+7 (906) 716-94-73;Новоясеневский просп., 1, Москва;llmanikur.ru , clck.ru;55.620 37.509;beauty
Olga_voloss;;+7 (926) 409-76-89, +7 (985) 448-99-89;Новоясеневский просп., 1, Москва;olga-volos.ru;55.619 37.509;beauty
Супермен, барбершоп-парикмахерская;+7 (495) 142-81-86;+7 (985) 348-12-34;Профсоюзная ул., 126, корп. 2, Москва;supermancut.ru;55.631 37.517;beauty
ВелЛонд;+7 (495) 420-55-00;;Профсоюзная ул., 113, корп. 1, Москва;salonwellond.ru;55.631 37.520;beauty
Dl, студия красоты;;+7 (985) 933-98-81;Профсоюзная ул., 113, корп. 3, Москва;;55.630 37.522;beauty
Мастерская красоты NikMaNic;;+7 (968) 675-85-65;Литовский бул., 7, Москва;zoon.ru;55.614 37.539;beauty
Salon F. J;;+7 (906) 700-71-17;ул. Айвазовского, 5, корп. 1, Москва;salon-fj.ru;55.617 37.542;beauty
Черная Кость, сеть мужских парикмахерских;;+7 (963) 962-87-87, +7 (926) 982-05-45, +7 (985) 849-27-10, +7 (977) 398-59-59, +7 (985) 669-60-20, +7 (966) 323-66-77, +7 (926) 427-81-17, +7 (968) 919-66-77, +7 (903) 000-55-54, +7 (901) 508-99-62;Чертановская ул., 32, стр. 2, Москва;widget.sonline.su , blackbone.ru;55.618 37.592;beauty
У Дома;;+7 (985) 287-55-74, +7 (915) 432-56-50;Чертановская ул., 32А, Москва;at-the-house.clients.site;55.618 37.593;beauty
Liu beauty, студия красоты;;+7 (968) 960-67-07;Кировоградская ул., 24, Москва;liubeautymsk.ru;55.614 37.603;beauty
Nail Fusion, ногтевая студия;+7 (8722) 59-92-98;+7 (926) 777-27-81;Днепропетровская ул., 3, корп. 1, Москва;nailfusion.ru;55.622 37.604;beauty
Brovki Beauty Studio;+7 (351) 777-22-11;+7 (962) 954-80-08, +7 (906) 891-77-69;Сумская ул., 6, корп. 1, Москва;brovki.studio;55.624 37.604;beauty
Моник, студия красоты;;+7 (926) 172-01-23;Днепропетровская ул., 3, корп. 1, Москва;studia-monic.ru , studia-monik.ru;55.622 37.605;beauty
4hands;;+7 (984) 333-12-90;Кировоградская ул., 13А, Москва;4hands-lp.ru , 4hands.ru , 4-hands.ru;55.613 37.605;beauty
Wownail, студии маникюра;+7 (4732) 29-99-23;+7 (965) 310-66-08, +7 (966) 317-48-28, +7 (925) 835-91-34, +7 (925) 029-94-46, +7 (965) 310-65-88;Кировоградская ул., 14, Москва;wownail.com;55.623 37.606;beauty
Мастерская стиля, салон красоты;;+7 (985) 804-70-04, +7 (985) 804-70-05;Днепропетровская ул., 2Б, Москва;stilemaster.ru;55.622 37.608;beauty
Линия прически;;+7 (926) 029-77-92, +7 (929) 927-29-00;Кировоградская ул., 14, Москва;clck.ru;55.623 37.606;beauty
Цирюльникъ, салон красоты;;+7 (903) 773-18-43, +7 (925) 600-00-34;Кировоградская ул., 4, корп. 3А, Москва;salon-hair.ru , cirulnik.com;55.631 37.608;beauty
Vogue star;;+7 (985) 888-99-89;Кировоградская ул., 13, Москва;zoon.ru , vogue-star.ru , vogue-star-salon.ru;55.612 37.609;beauty
4hands, ногтевая студия;;+7 (916) 870-03-70;Кировоградская ул., 9, корп. 4, Москва;4hands-lp.ru , 4hands.ru;55.622 37.610;beauty
Абрикосик;+7 (499) 647-56-88;+7 (926) 631-32-21;Кировоградская ул., 8, корп. 3, Москва;krasota-tela.ru;55.628 37.610;beauty
Пластический хирург Гончарова И. А.;;+7 (916) 405-10-00, +7 (916) 184-07-06, +7 (968) 568-85-30;Варшавское ш., 122А, Москва;drgoncharova.ru;55.630 37.617;beauty
Сахарин, студия красоты;;+7 (999) 905-67-96, +7 (977) 634-77-90;Кировоградская ул., 9, корп. 1, Москва;saharin.su;55.626 37.612;beauty
Milashka;;+7 (925) 988-88-77;Кировоградская ул., 9, корп. 1, Москва;milashka.moscow;55.626 37.612;beauty
Nails it, ногтевая студия;+7 (495) 762-78-08;;Кировоградская ул., 9, корп. 1, Москва;;55.626 37.612;beauty
Candy Brows;;+7 (909) 972-38-75;Варшавское ш., 129, корп. 2, стр. 8, Москва;meconnect.ru;55.612 37.613;beauty
Sovetova Beauty;;+7 (961) 947-57-57;Варшавское ш., 122А, Москва;;55.630 37.617;beauty
DorFit Beauty;+7 (495) 755-35-29, +7 (495) 730-51-06, +7 (495) 211-95-15;+7 (985) 211-95-15;Кавказский бул., 26, Москва;dorfit.ru , dorfit-beauty.ru;55.629 37.659;beauty
Make yourself, клуб красоты;;+7 (966) 666-91-76, +7 (929) 610-00-69, +7 (916) 771-72-01;Луганская ул., 4, корп. 1, Москва;makeyourself.club;55.625 37.665;beauty
Matrix, салон красоты;;+7 (991) 777-37-56, +7 (991) 777-37-51, +7 (916) 720-35-35;Луганская ул., 10, Москва;matrix.ru , lorealprofessionnel.ru;55.622 37.668;beauty
Britva, барбершоп;+7 (499) 110-85-48, +7 (499) 460-06-12, +7 (499) 455-06-63, +7 (499) 450-92-02, +7 (499) 495-17-85, +7 (499) 450-28-02, +7 (499) 455-02-13, +7 (499) 455-02-15, +7 (499) 450-76-26, +7 (499) 110-77-95;+7 (925) 459-12-29;ул. Маршала Захарова, 3, Москва;orehovo.britvabarber.ru , britvabarber.ru;55.623 37.706;beauty
Vibe;;+7 (930) 333-40-59, +7 (999) 831-98-98, +7 (926) 196-31-23, +7 (915) 067-59-07;ул. Маршала Захарова, 3, Москва;;55.623 37.705;beauty
Nailcult, салон красоты;+7 (499) 504-43-37;+7 (967) 189-67-77, +7 (965) 222-77-73;ул. Маршала Захарова, 3, Москва;nailcult.ru;55.623 37.706;beauty
Парикмахерская у дома;+7 (495) 920-40-00;+7 (985) 920-40-00;ул. Маршала Захарова, 3, Москва;bythehouse.ru;55.623 37.706;beauty
Be beauty, салон красоты;;+7 (965) 326-86-35, +7 (967) 109-11-33, +7 (969) 109-11-33;ул. Маршала Захарова, 3, Москва;bebeauty.center;55.622 37.707;beauty
Ruki nogi golova, территория красоты;;+7 (965) 325-08-77;Каширское ш., 80, Москва;rukinogigolova.clients.site;55.625 37.709;beauty
Студия красоты Оксаны Заботиной;;+7 (901) 368-00-28;ул. Маршала Захарова, 3, Москва;zoon.ru , studiya-oz.ru;55.623 37.706;beauty
Asta La Vista красота;+7 (495) 390-88-84;+7 (926) 953-33-91, +7 (926) 919-73-06, +7 (925) 744-30-68;Каширское ш., 86, корп. 3, Москва;asta-la-vista.ru;55.620 37.711;beauty
Стрикси;;+7 (966) 359-49-25;Каширское ш., 96, корп. 1, Москва;striksi.ru;55.615 37.713;beauty
Wow Brow;;+7 (926) 794-20-62;Каширское ш., 61Г, Москва;wowbrow.ru;55.621 37.713;beauty
Nail sunny, салон красоты;+7 (3952) 60-96-09;+7 (916) 885-55-61, +7 (926) 897-44-77, +7 (915) 474-44-41, +7 (969) 733-33-66, +7 (925) 084-05-10, +7 (915) 160-53-88, +7 (916) 519-55-00, +7 (916) 518-55-00, +7 (925) 714-25-00, +7 (925) 344-18-97;Каширское ш., 61Г, Москва;nailsunny.com;55.621 37.715;beauty
Точка Красоты;+7 (499) 288-20-77;+7 (985) 583-63-55;Каширское ш., 61Г, Москва;tochkafamily.ru;55.621 37.714;beauty
Beauty Key, салон красоты;;+7 (903) 531-37-77, +7 (964) 510-57-77;Каширское ш., 61Г, Москва;beautykey.moscow;55.621 37.714;beauty
4hands;;+7 (999) 900-93-07;Каширское ш., 61Г, Москва;4hands.ru;55.621 37.714;beauty
Ol’Me Beauty;+7 (251) 709-33-71;;Шипиловская ул., 28А, Москва;olmebeauty.ru;55.619 37.715;beauty
Фабрика красоты Brownie;+7 (499) 397-80-78;+7 (925) 678-00-78;ул. Генерала Белова, 29, Москва;brownie-salon.ru;55.615 37.721;beauty
Найл Арт;+7 (495) 773-65-60, +7 (495) 773-65-61;+7 (985) 773-65-60;ул. Генерала Белова, 19, корп. 4, Москва;nailartdmd.ru;55.618 37.720;beauty
Красное Яблоко;+7 (499) 325-46-37;;Ореховый бул., 15, Москва;krasnoe-yabloko.ru;55.613 37.720;beauty
Сеть студий маникюра Лены Лениной;;+7 (968) 461-39-41;Ореховый бул., 22А, Москва;llmanikur.ru , clck.ru;55.612 37.733;beauty
Monart, студия красоты;;+7 (909) 990-56-66;ул. Мусы Джалиля, 44/45, Москва;;55.615 37.743;beauty
Yoohair;;+7 (926) 168-59-75;Ореховый пр., 39, корп. 2, Москва;yoohair.ru;55.618 37.734;beauty
Точка красоты, салоны красоты;;+7 (910) 425-34-74;ул. Мусы Джалиля, 6, корп. 2, Москва;tochkafamily.ru;55.628 37.741;beauty
Felice, салон красоты;+7 (495) 205-63-33;;Ореховый бул., 45, корп. 1, Москва;website--3693266820235849167104-beautysalon.business.site;55.614 37.744;beauty
Студия LPG-массажа;;+7 (930) 964-58-55;Шипиловская ул., 58, корп. 1, Москва;studialpg.ru;55.621 37.746;beauty
Салон красоты OmorfiNails;+7 (495) 208-16-50;+7 (926) 743-91-21;Шипиловская ул., 58, корп. 1, Москва;manicure-master.ru;55.621 37.746;beauty
Сеть студий маникюра Лены Лениной;;+7 (968) 461-38-36;Кустанайская ул., 6, Москва;llmanikur.ru , clck.ru;55.620 37.752;beauty
U-vibe studio;;+7 (991) 222-65-74;Кустанайская ул., 8, корп. 3, Москва;;55.619 37.750;beauty
Делакрас;+7 (495) 343-74-90;+7 (926) 306-71-86;Кустанайская ул., 1/62, Москва;delakras.ru;55.620 37.753;beauty
Салон красоты Дарья;;+7 (904) 567-75-81;24, Юго-Восточный административный округ, район Капотня, 5-й квартал, Москва;salon-darya.ru;55.631 37.799;beauty
Beauty secret, салон красоты;+7 (495) 803-35-05;+7 (929) 979-55-40, +7 (999) 998-92-06;Москва, поселение Внуковское, улица Самуила Маршака, 19;beautysecretcentr.tilda.ws , beauty-secret.clients.site;55.635 37.323;beauty
Характер, барбершоп;+7 (499) 938-62-85;+7 (903) 578-18-88;Россия, Москва, поселение Внуковское, улица Анны Ахматовой, 14;barberchar.ru;55.635 37.331;beauty
Bond Studio;;+7 (904) 568-24-78;Москва, поселение Внуковское, улица Бориса Пастернака, 49;bond-studio-salon.ru;55.640 37.309;beauty
LAKKИ, салон красоты;+7 (495) 116-57-16;+7 (977) 711-09-31;Москва, поселение Внуковское, улица Бориса Пастернака, 29, корп. 1;lakki.su;55.637 37.316;beauty
Ногтевая студия Si_nails;;+7 (904) 568-19-67;Москва, поселение Внуковское, улица Бориса Пастернака, 12;;55.638 37.317;beauty
Brow by Polly, Студия бровей и ресниц;;+7 (915) 858-14-59;Россия, Москва, поселение Внуковское, улица Самуила Маршака, 17;beautypolyanskaya.ru;55.636 37.327;beauty
Princess nail, ногтевая студия;;+7 (916) 967-65-68, +7 (991) 222-75-34;Лукинская ул., 18, Москва;princessnail.ru;55.645 37.337;beauty
Валери, салон;+7 (499) 739-02-07;;Лукинская ул., 14, Москва;salon-valery.ru;55.647 37.341;beauty
Look in, центр красоты и здоровья;+7 (499) 713-09-99;+7 (901) 183-09-99;Лукинская ул., 10, Москва;lookinsky.ru;55.650 37.344;beauty
Nogti_rey_studio;;+7 (903) 732-43-22;Лукинская ул., 18, Москва;;55.645 37.338;beauty
Rosado beauty, салон красоты;;+7 (925) 966-26-56;ул. Федосьино, 12, Москва;;55.638 37.338;beauty
Студия маникюра и педикюра;;+7 (985) 222-84-69;Лукинская ул., 16, корп. 1, Москва;;55.647 37.339;beauty
Цирюльникъ, салон красоты;+7 (499) 702-64-02;;Лукинская ул., 16, Москва;salon-hair.ru , cirulnik.com;55.646 37.339;beauty
Кабинет перманентного макияжа Ирины Дичь;;+7 (909) 996-66-03;Лукинская ул., 7, Москва;;55.643 37.340;beauty
SunВerry;+7 (499) 347-01-97;+7 (925) 517-95-06, +7 (925) 899-45-78;Лукинская ул., 10соор2, Москва;sunberry.ru;55.650 37.342;beauty
Кабинет подологии;;+7 (905) 701-34-63;Лукинская ул., 8, Москва;;55.650 37.343;beauty
Lukyanova Style;;+7 (966) 666-51-53, +7 (910) 416-61-04;Лукинская ул., 8, Москва;;55.650 37.343;beauty
AmiLash;;+7 (925) 331-59-07;Лукинская ул., 8, Москва;amilash.turbo.site;55.650 37.344;beauty
Студия массажа Apl;;+7 (926) 615-47-43;ул. Скульптора Мухиной, 8, Москва;;55.642 37.345;beauty
Народная цирюльня, салон-парикмахерская эконом-класса;+7 (495) 733-50-50;;Боровское ш., 40, Москва;;55.638 37.351;beauty
EpiNail, студия красоты;;+7 (978) 799-51-77, +7 (915) 023-00-66;Боровское ш., 51, Москва;epinail.tilda.ws;55.637 37.352;beauty
Салон красоты и маникюра Luxe Nails & beauty;;+7 (926) 070-42-02, +7 (926) 609-12-22, +7 (926) 308-68-68, +7 (926) 000-33-23;ул. Шолохова, 14, Москва;luxe-nails.ru;55.641 37.352;beauty
City Nails, сеть студий красоты;;+7 (991) 614-55-03;Боровское ш., 36, Москва;citynails.studio;55.640 37.354;beauty
Оранжевый, салон красоты;+7 (495) 434-45-90, +7 (499) 737-00-77;+7 (925) 499-50-59;Боровское ш., 30, Москва;orange-salon.ru;55.642 37.357;beauty
Точка красоты, салоны красоты;;+7 (926) 533-85-48;Боровское ш., 27, Москва;tochkafamily.ru;55.645 37.366;beauty
Networking beauty space, салон красоты;+7 (499) 322-29-10;+7 (901) 182-73-53;Чоботовская ул., 3, корп. 1, Москва;;55.641 37.354;beauty
Magic white;+7 (499) 390-23-88;+7 (929) 566-22-48;Чоботовская ул., 3, корп. 1, Москва;moscow.magic-white.ru;55.641 37.354;beauty
Рон Мари, студия красоты;+7 (495) 732-69-42;+7 (916) 051-25-80, +7 (904) 567-51-69;Боровское ш., 35, корп. 1, Москва;ronmary.com , ronmary.ru;55.641 37.361;beauty
Персик Бьюти;;+7 (905) 714-30-30;Новопеределкинская ул., 16, корп. 1, Москва;;55.643 37.365;beauty
Green rose, салон красоты;+7 (495) 733-84-97;+7 (916) 341-51-23, +7 (916) 692-19-74;Боровское ш., 20, корп. 1, Москва;;55.650 37.367;beauty
Till dusk;;+7 (939) 111-94-08;Боровское ш., 20, корп. 1, Москва;tilldusk.ru;55.650 37.368;beauty
Lak lab nails&beauty, ногтевая студия;;+7 (995) 905-05-50, +7 (995) 505-04-41;Производственная ул., 4, Москва;laklab.ru;55.649 37.386;beauty
AmiLash, студия наращивания ресниц;;+7 (925) 331-91-09;Производственная ул., 4, Москва;amilash.turbo.site;55.648 37.387;beauty
Ногтевая студия Si_nails;;+7 (966) 666-74-50;Производственная ул., 10, корп. 1, Москва;;55.645 37.385;beauty
Mamacita studio, студия красоты;;+7 (926) 349-76-39;Производственная ул., 8, корп. 1, Москва;;55.646 37.386;beauty
Bvd beauty, салон красоты;;+7 (925) 777-83-35, +7 (929) 554-88-78;Производственная ул., 12, корп. 1, Москва;bvdbeauty.ru;55.644 37.388;beauty
Архитектура красоты XXI век, многопрофильный центр красоты и здоровья;+7 (499) 237-07-70, +7 (495) 215-04-41;+7 (963) 712-35-68, +7 (915) 247-07-77;Производственная ул., 12, корп. 1, Москва;arhikrasotaxxi.ru;55.645 37.390;beauty
NAIL IT Moscow, лаборатория стиля;;+7 (925) 933-75-87;Производственная ул., 12, корп. 2, Москва;nail-it-moscow.plp7.ru , nail-it.ru;55.643 37.391;beauty
Точка красоты, салоны красоты;;+7 (925) 598-22-18;ул. Авиаторов, 3А, Москва;tochkafamily.ru;55.643 37.398;beauty
Мастер стайл, салон красоты;+7 (495) 934-40-49;+7 (910) 411-12-34;Солнцевский просп., 12, Москва;;55.651 37.404;beauty
Оранжевый, салон красоты;;+7 (995) 783-19-84;ул. Щорса, 2, Москва;orange-salon.ru;55.648 37.407;beauty
Al_nail_msk;;+7 (908) 168-24-05;ул. Юлиана Семёнова, 8, корп. 1, Москва;dikidi.online , beauty.dikidi.net;55.644 37.394;beauty
Предлог;;+7 (926) 142-42-21, +7 (977) 891-92-24;ул. Авиаторов, 18, Москва;;55.645 37.400;beauty
Сеть студий маникюра Лены Лениной;;+7 (968) 461-37-11;Солнцевский просп., 21, Москва;llmanikur.ru , clck.ru;55.647 37.412;beauty
Салон красоты Оранжевая Империя;+7 (495) 934-89-88, +7 (499) 730-00-77;;ул. Щорса, 1/17, Москва;orange-salon.ru;55.648 37.408;beauty
Генри Морган, барбершоп;+7 (392) 056-99-44;+7 (996) 363-50-50, +7 (999) 667-50-50;Москва, поселение Московский, Родниковая улица, 9А, корп. 2;n648939.yclients.com , henrymorgans.ru;55.634 37.414;beauty
Точка Красоты;;+7 (991) 177-47-10;Россия, Москва, поселение Московский, Киевское шоссе, 22-й километр, дв4с5кЕ;tochkafamily.ru;55.637 37.435;beauty
Точка Красоты;+7 (495) 213-04-54;;Россия, Москва, поселение Московский, Киевское шоссе, 22-й километр, дв4с2кГ;tochkafamily.ru;55.635 37.437;beauty
Aliyan`s, салон красоты;+7 (499) 347-97-37;+7 (926) 443-87-21;ул. Академика Анохина, 56, Москва;;55.651 37.470;beauty
Nail shine, студия маникюра;;+7 (905) 592-46-36, +7 (925) 917-35-50, +7 (926) 427-14-64, +7 (926) 427-10-37;Ленинский просп., 123, Москва;nailshine.ru;55.647 37.481;beauty
Точка Красоты;;+7 (936) 108-46-72;Ленинский просп., 123, корп. 1, Москва;tochkafamily.ru;55.648 37.481;beauty
Eco beauty, студия красоты;+7 (167) 053-39-64;+7 (985) 866-24-34, +7 (916) 732-67-08, +7 (985) 866-27-10, +7 (963) 653-03-54, +7 (985) 572-21-72, +7 (985) 833-73-78, +7 (966) 308-48-73, +7 (985) 430-55-33, +7 (985) 666-91-06;Ленинский просп., 123В, Москва;myecobeauty.ru;55.648 37.481;beauty
A & V;;+7 (977) 099-82-05;Ленинский просп., 123, Москва;avvenus.ru;55.647 37.480;beauty
Ди Рен;+7 (495) 339-76-22, +7 (495) 424-32-44;;ул. Академика Виноградова, 4, корп. 2, Москва;salon-diren.ru;55.632 37.486;beauty
Mari Sharmel, салон красоты и эстетики;+7 (495) 438-02-22, +7 (495) 438-00-09;+7 (906) 009-72-33;ул. Островитянова, 4, Москва;marisharmel.com;55.645 37.488;beauty
Рейна, салон красоты;+7 (495) 438-24-59;+7 (910) 439-71-47;ул. Островитянова, 5, Москва;salonreina.ru;55.645 37.493;beauty
Голубка Nails;+7 (495) 663-54-56;+7 (925) 245-46-76, +7 (985) 062-77-41;Ленинский просп., 119, Москва;golubkanails.ru;55.652 37.489;beauty
InBali Luxury SPA;+7 (499) 138-37-77;+7 (916) 702-07-43;Ленинский просп., 119, Москва;inbalispa.ru;55.652 37.489;beauty
Линия отличия, центр актуальной косметологии;+7 (495) 476-43-07, +7 (495) 725-23-05, +7 (499) 737-26-66, +7 (499) 941-07-20;+7 (929) 628-65-72, +7 (967) 117-31-41, +7 (909) 982-87-57;ул. Островитянова, 5, корп. 3, Москва;lostudio.ru;55.646 37.496;beauty
N Studio, салон красоты;+7 (495) 643-58-48;+7 (926) 787-88-48;ул. Островитянова, 11, корп. 1, стр. 1, Москва;zoon.ru , nstudio-salon.ru;55.642 37.501;beauty
Жан-эль, студия красоты;+7 (495) 229-88-88;+7 (926) 257-72-11;ул. Островитянова, 13, Москва;zoon.ru , zhan-el.ru;55.641 37.503;beauty
Одри, студия красоты;+7 (495) 335-55-25;+7 (926) 120-55-57, +7 (926) 419-52-21, +7 (926) 120-11-12;ул. Академика Волгина, 14, корп. 3, Москва;odri-studio.ru;55.641 37.504;beauty
Nails beauty, ногтевая студия;;+7 (926) 784-32-28;ул. Академика Арцимовича, 17, Москва;;55.638 37.511;beauty
Эстетика лайн;+7 (495) 338-18-00;+7 (926) 684-24-22;Профсоюзная ул., 124А, Москва;estetikaline.ru;55.632 37.517;beauty
Цирюльникъ, салон красоты;+7 (495) 927-69-02, +7 (495) 649-67-83;+7 (926) 427-00-09;Профсоюзная ул., 124, Москва;salon-hair.ru , cirulnik.com , salon1c.ru;55.633 37.518;beauty
Без лишних затрат, салон красоты;+7 (495) 612-31-48, +7 (495) 729-13-43, +7 (499) 132-74-94, +7 (495) 790-24-77, +7 (495) 722-46-20, +7 (499) 391-61-77, +7 (495) 799-14-06, +7 (499) 150-93-75, +7 (495) 729-20-46, +7 (495) 961-62-36;+7 (903) 790-53-73, +7 (925) 391-61-77, +7 (903) 729-20-46, +7 (903) 790-24-77, +7 (903) 799-14-06, +7 (903) 729-13-43, +7 (903) 722-46-20, +7 (903) 136-44-97, +7 (905) 762-90-69, +7 (903) 136-66-71;ул. Островитянова, 29/120, Москва;vksalon.ru;55.635 37.519;beauty
Сеть студий маникюра Лены Лениной;;+7 (968) 461-32-15;Профсоюзная ул., 118, Москва;llmanikur.ru , clck.ru;55.636 37.521;beauty
Oscars, салон красоты;+7 (495) 420-42-11;+7 (925) 200-29-22;Профсоюзная ул., 109, Москва;salon-oscars.ru;55.633 37.521;beauty
Студия маникюра и педикюра Nogotkoff;+7 (499) 968-96-96;+7 (910) 019-00-48, +7 (916) 538-68-68, +7 (916) 611-75-57, +7 (999) 844-21-98;Профсоюзная ул., 109, Москва;nogotkoff.ru , n714576.yclients.com;55.633 37.522;beauty
Million colors, студия маникюра;;+7 (999) 841-63-22;Профсоюзная ул., 109, Москва;n398704.yclients.com;55.633 37.522;beauty
Prohair’s;;+7 (964) 531-57-75, +7 (905) 755-57-34, +7 (930) 999-80-14;ул. Академика Волгина, 8А, Москва;salon-krasoty-belyaevo.ru;55.652 37.517;beauty
Ск7;+7 (495) 336-08-02, +7 (499) 450-48-82, +7 (499) 325-35-05;+7 (925) 571-27-25;ул. Миклухо-Маклая, 18, корп. 1, Москва;ck7.ru;55.645 37.518;beauty
LashTeamBar;;+7 (904) 567-82-64, +7 (977) 263-80-80;ул. Миклухо-Маклая, 18, корп. 2, Москва;lashteam-bar.plp7.ru;55.645 37.519;beauty
ПрофиМассаж;+7 (495) 295-35-97;+7 (926) 801-85-13;ул. Миклухо-Маклая, 18, корп. 2, Москва;profimassage.ru;55.645 37.520;beauty
Marry Laser;;+7 (901) 469-49-57;ул. Миклухо-Маклая, 28А, Москва;;55.642 37.520;beauty
Точка красоты, салоны красоты;;+7 (916) 791-25-09;ул. Миклухо-Маклая, 18, корп. 3, Москва;tochkafamily.ru;55.644 37.521;beauty
Kosmodia - Косметолог м. Беляево;;+7 (909) 250-52-43;ул. Миклухо-Маклая, 37, Москва;;55.645 37.521;beauty
Бьюти Парк;+7 (495) 369-22-43, +7 (495) 877-30-15;+7 (926) 122-14-97;ул. Миклухо-Маклая, 37, Москва;bp-belyaevo.ru , glamourin.ru;55.645 37.521;beauty
AnnaBeaute, студия красоты;;+7 (977) 809-01-86;Профсоюзная ул., 100А, Москва;;55.646 37.524;beauty
Annet, студия красоты;;+7 (968) 528-89-81, +7 (906) 701-45-34, +7 (968) 650-92-12;Профсоюзная ул., 100А, Москва;dr-adizova.ru;55.646 37.524;beauty
Nails up, студия красоты;+7 (495) 109-05-07;+7 (966) 888-16-35, +7 (916) 248-54-62;Профсоюзная ул., 104, Москва;nails-up.ru;55.643 37.525;beauty
Красоту навожу, лаборатория вашей привлекательности;+7 (499) 673-04-70, +7 (495) 123-30-83;+7 (926) 980-19-91, +7 (904) 567-55-16;Профсоюзная ул., 96, Москва;nakrasotu.com , красотунавожу.рф;55.647 37.528;beauty
Nail room, ногтевая студия;;+7 (905) 506-50-56;Профсоюзная ул., 96, Москва;dikidi.online;55.648 37.528;beauty
Сеть студий маникюра Лены Лениной;;+7 (968) 461-37-54;ул. Миклухо-Маклая, 32А, Москва;llmanikur.ru , clck.ru;55.641 37.530;beauty
Sky Lounge;;+7 (965) 287-22-88;Профсоюзная ул., 104, Москва;;55.641 37.524;beauty
Парикмахер - Колорист Строганова Е.;;+7 (968) 712-11-65;Профсоюзная ул., 102, стр. 1, Москва;masters-app.ru , elenastroganova198.wixsite.com;55.643 37.526;beauty
IQ colors, женская студия стрижки, окрашиваний, уходовых процедур;;+7 (926) 188-60-18;Профсоюзная ул., 102, стр. 1, Москва;iqcolors.ru;55.644 37.526;beauty
4hands, ногтевая студия;;+7 (985) 241-55-00;Профсоюзная ул., 102, стр. 1, Москва;4hands-lp.ru , 4hands.ru;55.644 37.526;beauty
NailMaker Bar, сеть студий маникюра;;+7 (999) 886-16-86;Профсоюзная ул., 102, стр. 1, Москва;nailmaker.bar;55.644 37.527;beauty
Руки Ногти, маникюрный салон;;+7 (916) 132-15-55, +7 (985) 140-15-15;ул. Миклухо-Маклая, 34, Москва;ruktinogti.ru , rukti-nogti.ru;55.639 37.532;beauty
Цирюльникъ, салон красоты;;+7 (926) 423-55-58;ул. Миклухо-Маклая, 55, Москва;salon-hair.ru , cirulnik.com;55.642 37.532;beauty
Точка красоты, салоны красоты;;+7 (925) 481-01-01;ул. Миклухо-Маклая, 36А, Москва;tochkafamily.ru;55.640 37.533;beauty
Прикосновение, студия красоты;;+7 (985) 854-96-15;ул. Миклухо-Маклая, 36А, Москва;pricosnovenie.com;55.640 37.533;beauty
Школа-студия красоты Fashion lash;;+7 (991) 703-03-08;ул. Миклухо-Маклая, 34, Москва;;55.640 37.532;beauty
Центр эстетической косметологии L & Lis Studio;;+7 (904) 567-65-33, +7 (904) 567-65-31;ул. Миклухо-Маклая, 34, Москва;zoon.ru , l-lis-studio.ru;55.639 37.533;beauty
Кэттихейр;+7 (812) 313-21-33, +7 (495) 517-63-01;+7 (968) 846-81-39;Профсоюзная ул., 73, Москва;kattyhair.ru;55.649 37.533;beauty
Elen Salon;;+7 (965) 154-15-15;ул. Миклухо-Маклая, 34, Москва;elensalon.ru;55.639 37.533;beauty
GSStyle;+7 (499) 743-01-78;+7 (901) 259-52-95, +7 (903) 784-66-99, +7 (902) 469-37-72;ул. Генерала Антонова, вл3Б, Москва;gsstyle.ru;55.645 37.534;beauty
Mr.&Ms.Noris;;+7 (925) 555-44-30, +7 (916) 585-26-98;ул. Бутлерова, 17, Москва;salon-noris.ru;55.650 37.540;beauty
В арке, салон красоты;;+7 (926) 837-61-83, +7 (906) 770-30-03, +7 (926) 710-26-61, +7 (985) 216-45-60;ул. Миклухо-Маклая, 42Б, Москва;spasalonkarina.ru , salon-krasoty-ulitsa-mikluho-maklaja.clients.site;55.638 37.541;beauty
Цирюльникъ;;+7 (925) 086-30-55;ул. Введенского, 13Б, Москва;salon-hair.ru;55.642 37.543;beauty
Ялта, студия красоты;+7 (495) 318-09-90, +7 (495) 318-36-63;+7 (910) 430-00-11, +7 (909) 956-38-65;Большая Юшуньская ул., 1А, корп. 1, Москва;moscow-massaj.ru , yaltabeauty.ru;55.649 37.594;beauty
Мастера по телу;+7 (495) 991-33-73;+7 (985) 991-33-73;Большая Юшуньская ул., 1А, корп. 5, Москва, Россия;moscow-massaj.ru;55.650 37.595;beauty
Точка красоты, салоны красоты;;+7 (965) 318-15-15;Азовская ул., 24, корп. 3, Москва;tochkafamily.ru;55.648 37.595;beauty
Кошка;;+7 (916) 916-99-95;4, корп. 402, Южный административный округ, район Чертаново Северное, микрорайон Северное Чертаново, Москва;deeplinkr.com , koshkasalon.moscow;55.637 37.595;beauty
TOPGUN, сеть барбершопов;;+7 (926) 272-74-44;Азовская ул., 24, корп. 3, Москва;topgun.ru;55.648 37.595;beauty
Точка Красоты;;+7 (925) 277-90-78;1, Южный административный округ, район Чертаново Северное, микрорайон Северное Чертаново, Москва;tochkafamily.ru;55.637 37.598;beauty
Лилу органик, салон красоты;+7 (495) 150-88-18;+7 (985) 724-88-01;1А, корп. 2, Южный административный округ, район Чертаново Северное, микрорайон Северное Чертаново, Москва;liluorganic.ru;55.638 37.600;beauty
Jadore;+7 (495) 128-16-47;+7 (985) 905-83-04;Азовская ул., 24, корп. 2, Москва;bit.ly , volosnet.pro;55.650 37.597;beauty
NaiLLand, студия маникюра;+7 (499) 450-90-47, +7 (499) 938-47-55, +7 (499) 271-65-91;+7 (985) 794-69-48;1А, корп. 2, Южный административный округ, район Чертаново Северное, микрорайон Северное Чертаново, Москва;nailland.ru;55.637 37.599;beauty
Bygapp Studio;;+7 (916) 831-86-55;Черноморский бул., 17, корп. 1, Москва;;55.645 37.600;beauty
Шугаринг Мари;;+7 (985) 858-19-93;Черноморский бул., 17, корп. 1, Москва;sugaringmari.com;55.645 37.600;beauty
Hand art nails studio, студия маникюра;;+7 (967) 555-07-81, +7 (969) 107-77-13;2, корп. 203, Южный административный округ, район Чертаново Северное, микрорайон Северное Чертаново, Москва;;55.639 37.600;beauty
TOPGUN, сеть барбершопов;;+7 (925) 059-94-44;Чертановская ул., 1Г, Москва;topgun.ru;55.640 37.606;beauty
ArtNail, студия загара;+7 (499) 325-41-12, +7 (499) 322-28-15;+7 (967) 241-33-63;Чертановская ул., 1Г, Москва;zagar-moscow.ru;55.640 37.606;beauty
Сеть студий маникюра Лены Лениной;;+7 (968) 461-35-56;Балаклавский просп., 5А, Москва;llmanikur.ru , clck.ru;55.641 37.608;beauty
BY_nailstudio, студия маникюра;;+7 (930) 900-36-52;Балаклавский просп., 16, Москва;;55.642 37.604;beauty
Нэнси, салон красоты;+7 (499) 723-39-94;+7 (967) 093-56-07;Сумской пр., 12, корп. 3, Москва;nancysalon.ru;55.638 37.606;beauty
Салон красоты MatrЁshka;;+7 (925) 777-92-00;Симферопольский бул., 19, корп. 1, Москва;zoon.ru , matryoshka-salon.ru;55.650 37.606;beauty
Аппаратный маникюр и педикюр;;+7 (977) 330-98-25;Симферопольский бул., 19, корп. 2, Москва;olga-podolog.ru;55.651 37.607;beauty
Точка красоты, салоны красоты;+7 (495) 128-52-57;+7 (925) 808-40-43;Чонгарский бул., 7, Москва;tochkafamily.ru;55.651 37.612;beauty
Siberian Beauty;;+7 (916) 717-80-17;Артековская ул., 2, корп. 1, Москва;siberianbeauty.taplink.ws;55.650 37.613;beauty
LookBook;;+7 (977) 895-19-55;Артековская ул., 5, Москва;;55.650 37.614;beauty
Жас, салон красоты;+7 (495) 088-78-23;+7 (926) 421-33-13;Артековская ул., 5, корп. 1, Москва;salonjas.ru;55.650 37.615;beauty
Nail Queen Beauty Bar;;+7 (991) 711-70-61;Черноморский бул., 4, корп. 3, Москва;nailqueenbb.turbo.site;55.648 37.616;beauty
Сеть студий маникюра Лены Лениной;;+7 (968) 461-38-46;Кантемировская ул., 47, Москва;llmanikur.ru , clck.ru;55.638 37.657;beauty
Твиги, центр красоты;+7 (495) 325-52-98;+7 (909) 155-72-02;Пролетарский просп., 27, Москва;twigy.ru;55.636 37.657;beauty
Твинз, салон красоты;+7 (495) 778-24-25;+7 (901) 578-24-25;ул. Москворечье, 4, корп. 6, Москва;twinzz.ru;55.643 37.655;beauty
Borodach_ kantim;;+7 (915) 040-41-30;ул. Москворечье, 4, корп. 6, Москва;borodach.com , salonborodach.ru , kantemirovskaja.borodach.com;55.644 37.655;beauty
Цирюльникъ, салон красоты;+7 (499) 324-17-75;;Пролетарский просп., 19, корп. 1, Москва;salon-hair.ru , cirulnik.com;55.641 37.656;beauty
WO/MAN, сеть салонов красоты и косметологии;+7 (499) 785-08-13, +7 (499) 444-16-04, +7 (495) 962-01-40, +7 (495) 623-79-88, +7 (495) 911-17-15, +7 (495) 930-69-19, +7 (495) 931-00-54, +7 (495) 962-00-19, +7 (495) 930-12-31, +7 (495) 931-01-54;+7 (966) 140-55-53, +7 (965) 165-57-30, +7 (985) 987-68-38, +7 (925) 507-74-39, +7 (968) 892-09-92, +7 (963) 975-31-11, +7 (985) 753-38-38, +7 (903) 720-81-39;Пролетарский просп., 3, Москва;womanstudios.ru;55.647 37.658;beauty
Лорим Нэйлс;+7 (495) 055-49-50;+7 (929) 940-20-16;Пролетарский просп., 20, корп. 2, Москва;lorim-nejls.clients.site;55.633 37.658;beauty
Girly nails, студия маникюра;;+7 (925) 131-77-74;ул. Москворечье, 14, Москва;studija-manikjura-ulitsa-moskvoreche.clients.site;55.644 37.663;beauty
Mirangel, салон красоты;;+7 (925) 924-32-57, +7 (926) 644-13-37;ул. Москворечье, 31, корп. 1, Москва;;55.645 37.659;beauty
Кабинет массажа;;+7 (904) 567-82-51;ул. Москворечье, 12, стр. 4, Москва;kabinet-massazha-na-ulitse-moskvoreche.ru;55.644 37.661;beauty
Гламурия;;+7 (991) 788-22-98;Кантемировская ул., 17, корп. 1, Москва;glamuria.taplink.ws;55.637 37.673;beauty
Elza, салон красоты;+7 (499) 320-87-00;+7 (968) 795-27-72;Кантемировская ул., 5, корп. 4, Москва;salonelza.com;55.636 37.675;beauty
Вкус сахара, салон красоты;;+7 (999) 903-58-08;Кантемировская ул., 3, корп. 6, Москва;vkus-sahara.ru;55.636 37.682;beauty
Karpova. pro;;+7 (926) 247-57-56;Каширское ш., 55, корп. 1, Москва;moiprofi.ru;55.638 37.694;beauty
Студия маникюра Лены Лениной;;+7 (968) 461-37-97;Новочеркасский бул., 10, корп. 1, Москва;llmanikur.ru , clck.ru;55.647 37.716;beauty
Салон красоты по ценам Парикмахерской;;+7 (977) 425-60-60, +7 (925) 117-05-35;Луговой пр., 2, Москва;itsyousalon.ru;55.651 37.750;beauty
Салон красоты Beauty time;+7 (331) 369-29-32, +7 (499) 450-80-88;+7 (904) 567-72-38, +7 (999) 008-00-88;ул. Борисовские Пруды, 8А, Москва;beauty-time.msk.ru , salon-krasoty-beauty-time.clients.site;55.635 37.736;beauty
Парикмахерская;+7 (495) 646-75-72;;Новочеркасский бул., 31, Москва;parikmaherskaja-novocherkasskij-bulvar.clients.site;55.648 37.734;beauty
Наган, барбершоп;;+7 (968) 566-08-56, +7 (968) 336-77-33;Новочеркасский бул., 49, Москва;naganbarbers.moscow;55.651 37.738;beauty
Beautymay, студия красоты;+7 (701) 170-18-70, +7 (703) 701-00-50;+7 (995) 558-74-99;Новочеркасский бул., 47, Москва;beautymay.ru;55.650 37.739;beauty
Точка сбора мусора;;+7 (915) 185-54-55;Люблинская ул., 102А, Москва;tochkafamily.ru;55.652 37.742;beauty
Loribell, студия красоты;;+7 (967) 830-15-15, +7 (905) 523-42-34;Люблинская ул., 102А, Москва;loribell.ru;55.651 37.742;beauty
Vs Keratin Studio ботокс для волос, кератиновое выпрямление;;+7 (965) 117-82-41;Батайский пр., 59, Москва;vikaaborisova.clients.site;55.645 37.742;beauty
Meri, салон красоты;+7 (495) 346-91-11, +7 (495) 346-91-00;+7 (925) 739-36-56;Люблинская улица, 165;salonmeri.ru;55.651 37.746;beauty
Бьюти инканто, салон красоты;+7 (495) 340-69-99;+7 (915) 360-86-60;ул. Борисовские Пруды, 10, корп. 1, Москва;inkanto.ru;55.635 37.740;beauty
Laser Pro;+7 (8552) 20-57-00, +7 (3412) 99-83-80, +7 (897) 817-44-18, +7 (888) 437-19-95, +7 (499) 397-80-17, +7 (4852) 78-91-43;+7 (931) 397-13-97, +7 (901) 273-71-71, +7 (929) 970-15-92, +7 (920) 395-99-77, +7 (910) 372-41-42, +7 (960) 111-33-50, +7 (926) 813-07-55, +7 (917) 941-65-35, +7 (926) 811-07-75, +7 (911) 320-70-07;Новочеркасский бул., 55, корп. 2, Москва;laserp.ru;55.647 37.741;beauty
Novolaser, клиника эпиляции;+7 (499) 430-01-04, +7 (3422) 48-04-45, +7 (343) 351-70-29, +7 (3452) 57-83-63, +7 (3472) 00-82-10, +7 (3512) 00-28-81, +7 (3812) 21-90-62, +7 (3832) 47-90-05, +7 (3919) 86-40-42, +7 (3952) 48-38-14;+7 (988) 620-34-44;Новочеркасский бул., 55, Москва;novolazer.ru;55.650 37.741;beauty
StimpelOn;;+7 (926) 431-30-58;Люблинская ул., 163/1, Москва;;55.651 37.745;beauty
Artstudioborisovo;+7 (495) 517-21-05;+7 (925) 517-21-05, +7 (915) 190-35-00;ул. Борисовские Пруды, 14, корп. 3, Москва;5172105.ru;55.634 37.745;beauty
Beauty Style, салон-парикмахерская;+7 (495) 345-76-68;+7 (977) 418-60-70;Новомарьинская ул., 4, Москва;beautystyle-sk.ru;55.651 37.748;beauty
TOPGUN, сеть барбершопов;;+7 (926) 045-84-44;ул. Борисовские Пруды, 16, корп. 3, Москва;topgunbarbershop.ru , topgun.ru;55.635 37.749;beauty
No makeup studio, школа-студия;;+7 (926) 452-80-82;Новомарьинская ул., 4, корп. 1, Москва;;55.650 37.749;beauty
Myata Studio;;+7 (963) 975-26-15;Новомарьинская ул., 4, корп. 1, Москва;dikidi.net;55.650 37.749;beauty
Софи Дион, салон красоты;+7 (495) 340-59-00, +7 (495) 340-60-86;+7 (969) 087-37-39;ул. Борисовские Пруды, 16, корп. 3, Москва;sofidionsalon.ru;55.634 37.749;beauty
Твигги;;+7 (985) 926-84-85;Марьинский бул., 4, Москва;tviggi.clients.site;55.647 37.750;beauty
Имидж Студия Anastasii Durovoi;;+7 (915) 227-66-46;Марьинский бул., 4, Москва;;55.648 37.750;beauty
Zi-ZI;+7 (495) 341-74-42;+7 (968) 508-90-99, +7 (967) 012-91-11, +7 (958) 100-45-03;ул. Борисовские Пруды, 18, корп. 1, Москва;salonkreatiff.ru , zizisal.ru;55.637 37.751;beauty
Ovgstudio;;+7 (926) 418-05-11, +7 (926) 142-13-91;Луговой пр., 6, Москва;ovgstudio.ru;55.650 37.752;beauty
Сеть студий маникюра Лены Лениной;;+7 (906) 716-94-46;ул. Борисовские Пруды, 26, Москва;llmanikur.ru , clck.ru;55.640 37.758;beauty
Точка красоты, салоны красоты;;+7 (926) 779-90-60;ул. Борисовские Пруды, 26, Москва;tochkafamily.ru;55.640 37.758;beauty
Beauty Zone Bo;;+7 (926) 149-47-57;Луговой пр., 12, корп. 1, Москва;;55.646 37.753;beauty
World Lashes;;+7 (926) 331-67-49;Луговой пр., 5, Москва;tap.link;55.649 37.753;beauty
Сауна Юмика;+7 (495) 347-69-11, +7 (495) 347-69-00;+7 (999) 333-46-51, +7 (915) 495-07-72;Поречная ул., 5/14с1, Москва;umika.ru , banya.ru;55.645 37.753;beauty
Camber, студия красоты;+7 (495) 345-51-01;+7 (977) 551-01-06;Луговой пр., 5, корп. 1, Москва;salon-camber.ru;55.649 37.754;beauty
Line beauty, студия красоты;;+7 (985) 394-40-42, +7 (962) 962-00-55;Поречная ул., 9, Москва;line-beauty.ru;55.646 37.756;beauty
Гримерка №5, студия макияжа и бровей;;+7 (925) 341-45-55;Поречная ул., 10, Москва;glam-nails.ru;55.650 37.770;beauty
Точка красоты, салоны красоты;+7 (8452) 51-54-31, +7 (8452) 37-13-12, +7 (8452) 51-39-35, +7 (8452) 37-13-35, +7 (8452) 37-13-34;+7 (960) 324-48-90, +7 (987) 315-67-51, +7 (927) 114-16-14, +7 (960) 344-26-79, +7 (905) 382-26-14, +7 (905) 383-25-97, +7 (960) 328-68-89, +7 (905) 382-25-97;Поречная ул., 10, Москва;tochkafamily.ru , trk-mari.ru , simfoniakrasoty.com;55.650 37.770;beauty
Марьюшка;+7 (495) 655-95-63;+7 (903) 778-76-22;Ключевая ул., 20, Москва;;55.634 37.761;beauty
Капитэль, салон красоты;+7 (495) 340-53-42;;Братеевская ул., 10, корп. 1, Москва;salon-kapitel.ru;55.633 37.762;beauty
Твой Мастер;;+7 (909) 987-01-37;Мячковский бул., 27, Москва;natalibro.ru;55.649 37.763;beauty
Beauty студия, салон-парикмахерская;+7 (499) 343-19-79;;ул. Борисовские Пруды, 34, корп. 1, Москва;;55.641 37.765;beauty
Beauty штаб, салон красоты;;+7 (916) 740-85-55;Алма-Атинская ул., 5, Москва;бьютиштаб.рф;55.642 37.772;beauty
Салон красоты Релакс;+7 (495) 506-87-27, +7 (495) 260-59-69;+7 (925) 506-87-27;6-я ул. Новые Сады, 2, Москва;spa-salon-relax.ru;55.652 37.348;beauty
Точка красоты, салоны красоты;;+7 (985) 142-82-20;Боровское ш., 6, Москва;tochkafamily.ru;55.659 37.402;beauty
Princess nail, ногтевая студия;;+7 (939) 555-32-49;ул. Главмосстроя, 7, Москва;princessnail.ru;55.654 37.406;beauty
ПоZитиFF;+7 (499) 490-03-67;+7 (980) 697-88-57;ул. Главмосстроя, 7, Москва;;55.653 37.407;beauty
Style & Beauty, салон красоты;+7 (495) 668-87-38;+7 (929) 559-23-28;Боровское ш., 2А, корп. 2, Москва;styleandbeauty.ru;55.661 37.413;beauty
Салон красоты Вам!;;+7 (904) 567-10-82, +7 (925) 530-30-90;Боровское ш., 2А, корп. 1, Москва;studia.vam.tilda.ws;55.662 37.414;beauty
Ногтевая студия Si_nails;;+7 (916) 483-77-75, +7 (916) 483-77-73;Боровское ш., 2, корп. 5, Москва;;55.662 37.419;beauty
Она у нас, салон красоты;;+7 (999) 719-60-00;Москва, поселение Московский, улица Татьянин Парк, 15, корп. 1;n189380.yclients.com;55.658 37.424;beauty
Студия эпиляции и бровей;;+7 (925) 936-74-24, +7 (968) 839-20-10;Москва, поселение Московский, улица Татьянин Парк, 14, корп. 4;;55.652 37.425;beauty
Салон красоты V;;+7 (977) 640-61-31;Москва, поселение Московский, улица Татьянин Парк, 19, корп. 1;v-salon-v.ru;55.657 37.426;beauty
Салон красоты Efenduchi Beauty Lounge;;+7 (904) 567-81-07, +7 (925) 797-34-44;Россия, Москва, поселение Московский, улица Татьянин Парк, 19, корп. 2;zoon.ru , runabeauty.ru;55.657 37.427;beauty
My time for you;;+7 (916) 525-37-49, +7 (926) 823-02-69, +7 (930) 333-46-15;Москва, поселение Московский, МКАД, 47-й километр, вл31с1;;55.660 37.430;beauty
Цветалета;+7 (495) 970-14-14, +7 (495) 767-99-47;+7 (985) 767-99-47;Москва, поселение Московский, МКАД, 47-й километр, вл31с1;cvetaleta.ru;55.659 37.429;beauty
Точка Красоты;;+7 (926) 430-01-01;Россия, Москва, поселение Московский, МКАД, 47-й километр, вл31с1;tochkafamily.ru;55.659 37.431;beauty
Diamond;;+7 (985) 426-92-40, +7 (985) 357-22-89, +7 (985) 062-39-77, +7 (925) 499-44-49;Озёрная ул., 35, Москва;diamond-barbershop.ru;55.669 37.448;beauty
Caicos, салон красоты;;+7 (995) 001-15-16;Озёрная ул., 35, Москва;salon-krasoty-kajkos.clients.site;55.669 37.447;beauty
Colour me, студия красоты;;+7 (929) 924-02-12;ул. Покрышкина, 9, Москва;colourme.ru;55.664 37.467;beauty
Точка красоты, салоны красоты;;+7 (968) 207-66-95;ул. Покрышкина, 5, Москва;tochkafamily.ru;55.665 37.470;beauty
Магия красоты;;+7 (958) 100-24-52, +7 (964) 504-42-24;Никулинская ул., 27, корп. 1, Москва;magic-beauty.su;55.670 37.452;beauty
Yes Studio;+7 (499) 938-57-92;+7 (964) 711-58-77;Никулинская ул., 21, Москва;n759797.yclients.com;55.669 37.454;beauty
Перемен, салон красоты;;+7 (999) 805-57-39;ул. Покрышкина, 7, корп. 1, стр. 1, Москва;;55.665 37.468;beauty
Akvarel;;+7 (906) 762-79-90;ул. Покрышкина, 8, корп. 1, Москва;akvarel-pm.ru;55.666 37.470;beauty
Severgina, бьюти-бар;;+7 (920) 886-00-00;ул. Покрышкина, 8, корп. 1, Москва;severgina-beauty.ru;55.666 37.470;beauty
Art de vivo, салон красоты;+7 (499) 550-00-56;+7 (999) 818-88-98, +7 (999) 961-95-01, +7 (929) 680-48-33;ул. Покрышкина, 8, корп. 2, Москва;artdevivo.com;55.667 37.471;beauty
Lazercleanup;;+7 (916) 478-07-28, +7 (915) 217-32-28, +7 (926) 187-04-41;ул. Академика Анохина, 7, Москва;lazercleanup.ru;55.662 37.474;beauty
Студия и школа наращивания волос Алёны Ашмариной;;+7 (909) 154-55-20;просп. Вернадского, 94, корп. 4, Москва;perfecthair.ru;55.653 37.472;beauty
Мегаклиник-Бьюти, клиника;+7 (499) 460-49-45;+7 (964) 560-40-30;ул. Академика Анохина, 2, корп. 4, Москва;megaclinicbeauty.ru , beauty.megaclinic.ru;55.672 37.473;beauty
БуржуаSPA, SPA-салон;+7 (495) 970-96-95, +7 (495) 780-84-75;;просп. Вернадского, 94, корп. 5, Москва;burjuaspa.ru , буржуаспа.рф;55.652 37.473;beauty
Шпинель, салон красоты;+7 (495) 735-51-51;+7 (901) 546-01-80;ул. Академика Анохина, 5, корп. 2, Москва;shpinel.ru;55.663 37.474;beauty
Skin&Tonic;+7 (495) 108-71-60;+7 (902) 469-68-94;просп. Вернадского, 94, корп. 2, Москва;skinandtonic.me;55.653 37.474;beauty
Capelli d'oro;+7 (495) 780-86-32;;просп. Вернадского, 94, корп. 1, Москва;capellisalon.ru;55.653 37.475;beauty
Spectre, барбершоп;;+7 (929) 926-27-69;просп. Вернадского, 94, корп. 1, Москва;spectrebarbershop.ru;55.653 37.476;beauty
4hands, ногтевая студия;;+7 (925) 024-10-70;просп. Вернадского, 86А, Москва;4hands.ru;55.663 37.481;beauty
TopTen Nails, ногтевая студия;;+7 (925) 081-08-01, +7 (925) 526-08-01, +7 (925) 010-08-01;просп. Вернадского, 86А, Москва;toptennail.ru;55.663 37.481;beauty
Wow Brow;;+7 (925) 708-66-91;просп. Вернадского, 86А, Москва;wowbrow.ru;55.663 37.481;beauty
Эконом;;+7 (965) 320-00-90;просп. Вернадского, 86Б, Москва;ecostrijka.ru;55.661 37.481;beauty
Веллнес клуб;+7 (495) 724-47-22, +7 (499) 749-76-65;;просп. Вернадского, 105, корп. 4, Москва;facebodyclub.ru;55.664 37.486;beauty
Shine, салон красоты и тайского СПА;;+7 (968) 320-51-50;просп. Вернадского, 105, корп. 4, Москва;shine-salon.ru;55.664 37.487;beauty
Студия аппаратного педикюра на Юго-Западной;;+7 (925) 679-55-29;ул. 26 Бакинских Комиссаров, 14, Москва;elenanails.ru;55.661 37.487;beauty
Арт дизайн, салон красоты;+7 (495) 433-90-91;+7 (901) 501-65-30;ул. 26 Бакинских Комиссаров, 14, Москва;salonartdesign.ru;55.661 37.487;beauty
Шансон;+7 (495) 433-13-33;;ул. 26 Бакинских Комиссаров, 4, корп. 2, Москва;shanson-beauty.ru;55.658 37.495;beauty
Воображуля, сеть семейных парикмахерских;+7 (499) 340-43-82;;Ленинский просп., 109, Москва;msk.voobrajulya.ru , voobrajulya.ru;55.664 37.511;beauty
Alternative nails, ногтевая студия;;+7 (915) 008-34-24, +7 (915) 005-00-74, +7 (901) 258-98-37, +7 (915) 005-00-75;Ленинский просп., 134, Москва;prostylegel.ru;55.666 37.509;beauty
Бьюти Студия Бесконечность;;+7 (904) 568-21-53, +7 (999) 572-61-01;Ленинский просп., 134, Москва;beautysecret.pro;55.666 37.508;beauty
BeVedic;+7 (499) 392-01-82;+7 (977) 499-46-00;Ленинский просп., 111, корп. 1, Москва;bevedic.ru;55.661 37.511;beauty
TOPGUN, сеть барбершопов;;+7 (926) 339-94-44;Ленинский просп., 109, Москва;topgun.ru;55.664 37.512;beauty
Thai-SPA 7 красок, сеть тайских SPA салонов;+7 (495) 120-71-77, +7 (495) 252-88-07;+7 (916) 729-86-97;Ленинский просп., 104, Москва;;55.670 37.514;beauty
Висан, салон красоты;+7 (499) 432-57-98, +7 (499) 432-90-30;+7 (916) 378-00-02;Ленинский просп., 110, корп. 1, Москва;zoon.ru , visan-centr.ru;55.667 37.513;beauty
Рук не хватает, мастерская красоты;;+7 (916) 466-71-90, +7 (939) 111-87-69;Ленинский просп., 104, Москва;;55.670 37.513;beauty
Rotary Master;;+7 (904) 567-79-37;ул. Обручева, 11, Москва;rotary-salon.ru;55.660 37.516;beauty
Bstudio105;;+7 (916) 486-23-28, +7 (969) 888-21-11;Ленинский просп., 105, корп. 1, Москва;;55.664 37.516;beauty
Перфектуаль, центр красоты;+7 (499) 653-60-60;+7 (995) 880-60-60;Ленинский просп., 105, корп. 2, Москва;perfectual.ru;55.664 37.517;beauty
Airis, студия красоты;+7 (3832) 09-20-92, +7 (3952) 50-45-64, +7 (812) 318-43-18, +7 (8412) 29-11-44;+7 (980) 697-79-41, +7 (916) 785-77-77, +7 (977) 113-67-68;Ленинский просп., 107, корп. 3, Москва;airis.spb.ru;55.663 37.517;beauty
Good лак, салон красоты;+7 (499) 674-75-68, +7 (8462) 21-04-45;+7 (905) 300-23-83, +7 (967) 921-62-57, +7 (903) 301-04-45, +7 (963) 117-20-57, +7 (963) 117-20-10, +7 (967) 921-62-64, +7 (926) 155-09-35;Ленинский просп., 105, корп. 4, Москва;goodlac.pro;55.663 37.518;beauty
КАЛАР, салон красоты;+7 (495) 943-71-01;+7 (901) 593-71-01;ул. Удальцова, 1, корп. 1, Москва;ucontent.ru , kalarpro.ru;55.671 37.518;beauty
Хэмптон;+7 (495) 935-38-36;+7 (977) 848-38-36;ул. Новаторов, 4, корп. 4, Москва;hampton-salon.ru;55.668 37.519;beauty
Bogemia, студия красоты;;+7 (958) 822-58-46;ул. Новаторов, 40, корп. 16, Москва;styilbogemia.com;55.663 37.519;beauty
Детали Beauty Lab;;+7 (939) 111-72-69;ул. Новаторов, 10, Москва;detali-na-leninskom.clients.site;55.667 37.521;beauty
Диони, салон красоты;+7 (499) 739-89-01;+7 (966) 325-34-01;ул. Новаторов, 36, корп. 1, Москва;zoon.ru , dioni-salon.ru , dionibeauty.ru;55.661 37.523;beauty
Sintra Lab, салон красоты;+7 (495) 846-77-18;+7 (926) 805-43-98;ул. Академика Пилюгина, 18, Москва;sintralab.ru;55.668 37.534;beauty
Воронцовские пруды, салон красоты;+7 (495) 123-56-47;+7 (926) 681-66-10;ул. Воронцовские Пруды, 3, Москва;vpsalon.ru;55.664 37.536;beauty
Салон красоты SOSedka beauty saloon;+7 (495) 789-00-20;;ул. Академика Пилюгина, 12, корп. 2, Москва;sosedka.club;55.671 37.538;beauty
Сеть студий маникюра Лены Лениной;;+7 (906) 716-94-74;Профсоюзная ул., 61А, Москва;llmanikur.ru , clck.ru;55.656 37.541;beauty
Точка красоты, салоны красоты;;+7 (977) 569-83-87;Профсоюзная ул., 61А, Москва;tochkafamily.ru;55.656 37.542;beauty
Салон красоты для кудрявых Ice Curly;+7 (495) 226-85-85, +7 (495) 227-76-76;+7 (985) 227-76-76;Профсоюзная ул., 76, Москва;icecurly.ru;55.661 37.544;beauty
Topgun, барбершоп;;+7 (925) 114-34-44;Профсоюзная ул., 76, Москва;topgun.ru;55.661 37.544;beauty
Express Nails;+7 (495) 126-09-28;+7 (903) 164-80-98;ул. Академика Пилюгина, 6, Москва;expressnails.ru;55.672 37.541;beauty
Face Room;;+7 (922) 242-40-42, +7 (925) 058-12-58, +7 (932) 110-27-10, +7 (931) 966-30-13, +7 (963) 139-45-25, +7 (937) 843-73-23, +7 (925) 862-04-64, +7 (922) 079-55-57, +7 (921) 576-26-56;Профсоюзная ул., 68, корп. 2, Москва;n719984.yclients.com , n719987.yclients.com , face-room.ru;55.664 37.546;beauty
Nails up, студия красоты;+7 (495) 003-02-12;+7 (925) 401-07-76;Профсоюзная ул., 58, корп. 4, Москва;nails-up.ru;55.669 37.550;beauty
KatyaBotox;;+7 (999) 804-13-51;ул. Намёткина, 8, стр. 1, Москва;;55.663 37.550;beauty
Студия Насти Лави;;+7 (952) 387-98-64;ул. Намёткина, 8, стр. 1, Москва, Россия;dikidi.online;55.663 37.551;beauty
Стричь, салон красоты;+7 (495) 773-08-18;+7 (917) 502-17-45, +7 (966) 354-26-04;Профсоюзная ул., 58, корп. 4, Москва;salon-strich.ru;55.670 37.551;beauty
Ваш стилистъ, салон красоты;+7 (499) 128-69-77;+7 (925) 111-92-11, +7 (916) 302-37-07;ул. Гарибальди, 30А, Москва;salonvs.ru;55.669 37.552;beauty
Lady east, салон красоты;;+7 (999) 555-15-22;Научный пр., 8, стр. 1, Москва;lady-east.tilda.ws , lady-east.shopsettings.com;55.656 37.552;beauty
Студия Эстетики Тела, студия массажа;;+7 (929) 991-47-20, +7 (966) 666-74-61, +7 (926) 407-92-28;Профсоюзная ул., 56, Москва;studiomassaga.com;55.671 37.552;beauty
Lova Studio;;+7 (919) 111-55-56, +7 (903) 111-66-63;Профсоюзная ул., 45, Москва;lovastudio.ru , lovastudio.com;55.667 37.552;beauty
Lefty Nails;;+7 (985) 218-42-36;Профсоюзная ул., 56, Москва;;55.670 37.552;beauty
Aster beauty studio, салон красоты;;+7 (965) 183-05-50;Научный пр., 17, Москва;aster-beauty.ru;55.654 37.555;beauty
Thai-SPA 7 красок, сеть тайских SPA салонов;+7 (495) 332-27-77;+7 (926) 534-44-75;ул. Гарибальди, 36, Москва;;55.670 37.557;beauty
Villa beauty, салон красоты;+7 (495) 150-95-18;;ул. Намёткина, 11, корп. 1, Москва;villa-krasoty.ru;55.664 37.556;beauty
Topgun, барбершоп;;+7 (926) 076-34-44;Новочерёмушкинская ул., 66, корп. 1, Москва;topgun.ru;55.663 37.560;beauty
Студия маникюра и педикюра 4Hands;;+7 (985) 810-60-07;Новочерёмушкинская ул., 58, Москва;4hands.ru;55.668 37.563;beauty
Натали, салон-парикмахерская;+7 (499) 128-87-76, +7 (499) 120-04-20;+7 (916) 762-70-76;Новочерёмушкинская ул., 50, Москва;sk371.skrst.ru;55.670 37.565;beauty
My Michelle, салон красоты;+7 (499) 120-10-20;+7 (910) 477-25-00;ул. Цюрупы, 28, Москва;my-michelle.clients.site;55.667 37.567;beauty
Точка красоты, салоны красоты;;+7 (929) 551-16-61;ул. Каховка, 29А, Москва;tochkafamily.ru;55.656 37.569;beauty
Must Have, бьюти-центр;+7 (499) 288-84-25, +7 (499) 688-82-80, +7 (499) 325-50-50;+7 (965) 341-07-79, +7 (929) 652-96-97, +7 (916) 292-63-97;ул. Каховка, 33, корп. 1, Москва;musthavelab.ru;55.658 37.566;beauty
Салон красоты All&One;;+7 (904) 567-65-90;Севастопольский просп., 28, корп. 3, Москва;salon-allone.ru;55.664 37.576;beauty
Точка красоты, салоны красоты;;+7 (968) 911-88-33, +7 (999) 901-01-42;Нахимовский просп., 25А, Москва;tochkafamily.ru;55.668 37.590;beauty
Студия LazerOn_808;+7 (495) 665-92-98;+7 (925) 412-12-78;Нахимовский просп., 20А, Москва;zoon.ru , lazeron-808.ru;55.669 37.592;beauty
Till dusk, студия маникюра;;+7 (904) 567-84-09, +7 (985) 424-68-30;Малая Юшуньская ул., 3, Москва;zoon.ru , till-dusk-salon.ru;55.655 37.590;beauty
Цирюльникъ, салон красоты;;+7 (977) 964-51-31;Азовская ул., 18, Москва;salon-hair.ru , cirulnik.com;55.656 37.598;beauty
Колор-бар HairWOW;;+7 (977) 823-70-01;Нахимовский просп., 20А, Москва;shakunova-tv.clients.site;55.669 37.592;beauty
Грануаль;+7 (499) 112-30-45;+7 (926) 641-78-30;Малая Юшуньская ул., 3, Москва;granual.ru;55.654 37.592;beauty
New Style;+7 (495) 637-82-85;;Малая Юшуньская ул., 1, корп. 1, Москва;new-style.studio;55.653 37.595;beauty
Look book, салон красоты;;+7 (984) 333-21-87;Одесская ул., 2, Москва;;55.664 37.598;beauty
Dl, салон красоты;;+7 (985) 423-84-64;Болотниковская ул., 18, Москва;zoon.ru;55.657 37.603;beauty
4hands, ногтевая студия;;+7 (985) 750-64-04;Азовская ул., 3, Москва;4hands.ru;55.662 37.606;beauty
Nail buro, студия маникюра;;+7 (965) 378-80-00;Чонгарский бул., 26А, корп. 1, Москва;nailburo.ru;55.654 37.601;beauty
Jay Beauty Project, салон красоты;;+7 (995) 333-19-28, +7 (977) 447-45-45;Чонгарский бул., 26А, корп. 1, Москва;jayp.ru;55.655 37.602;beauty
Студия красоты Амина;;+7 (916) 504-15-03;Азовская ул., 9, корп. 2, Москва, Россия;dikidi.online;55.658 37.602;beauty
Рук не хватает, мастерская красоты для души;+7 (495) 145-98-95, +7 (846) 203-81-61;+7 (977) 143-36-70, +7 (917) 141-52-47;Чонгарский бул., 26А, корп. 3, Москва;ruknehvataet.ru;55.655 37.602;beauty
Sorbetto, салон красоты;+7 (499) 340-72-96, +7 (499) 990-09-51, +7 (499) 340-85-52, +7 (499) 325-51-58, +7 (495) 018-12-70;+7 (967) 026-90-09, +7 (968) 601-20-20, +7 (996) 964-41-44, +7 (968) 617-74-74;Симферопольский бул., 12, корп. 1, Москва;moskvichka-salon.ru;55.657 37.605;beauty
Skill up;;+7 (991) 584-62-30;Симферопольский бул., 12/14к2, Москва;skill-up-simferopolskij-bulvar.clients.site;55.657 37.606;beauty
Салон красоты Имидж;+7 (499) 794-57-82, +7 (499) 794-08-64, +7 (499) 317-98-29;;Симферопольский бул., 13, корп. Б, Москва;salon-varshavskaya.ru;55.655 37.608;beauty
Точка красоты, салоны красоты;;+7 (925) 702-56-02;Криворожская ул., 27, Москва;tochkafamily.ru;55.668 37.608;beauty
Nails up;;+7 (915) 392-42-46, +7 (904) 567-84-27;Чонгарский бул., 9, Москва;nails-up.ru;55.653 37.611;beauty
Galina beauty, салон красоты;+7 (499) 317-49-00;;Нахимовский просп., 7, корп. 1, Москва;;55.663 37.611;beauty
WOOLFY Beauty Studio, студия красоты;+7 (495) 149-92-29;+7 (905) 577-12-27, +7 (966) 382-80-00;Электролитный пр., 16, корп. 7, Москва;woolfy.studio;55.669 37.612;beauty
MY darling, студия красоты;;+7 (977) 714-89-39;Электролитный пр., 16, корп. 7, Москва;zoon.ru , capetronix.site;55.669 37.612;beauty
Эмиля, салон-парикмахерская;+7 (499) 317-72-96;+7 (995) 700-92-24;Болотниковская ул., 3, корп. 1, Москва;emil.business.site;55.656 37.615;beauty
Aurum, студия наращивания ресниц;;+7 (925) 627-25-68, +7 (901) 505-28-25;Чонгарский бул., 6, Москва;aurum-lashes.plp7.ru;55.654 37.617;beauty
Воображуля, семейная парикмахерская;+7 (499) 340-43-62;;Каширское ш., 14, Москва;msk.voobrajulya.ru;55.664 37.626;beauty
Smart beauty studio, студия маникюра;;+7 (915) 423-50-30;Варшавское ш., 74, корп. 2, Москва;meconnect.ru;55.655 37.619;beauty
Dar.BeautyBar, студия красоты;;+7 (985) 342-11-57;Варшавское ш., 77, корп. 1, Москва;darbeautybar.ru;55.658 37.620;beauty
Лазерная клиника Prolase;;+7 (926) 333-43-23;Симферопольский пр., 4, Москва;;55.667 37.620;beauty
Fars, студия красоты;;+7 (925) 115-60-60;Каширское ш., 14, Москва;fars-bs.ru;55.664 37.628;beauty
Точка красоты, салоны красоты;;+7 (968) 566-89-89;Каширское ш., 26, Москва;tochkafamily.ru;55.653 37.646;beauty
Сеть студий маникюра Лены Лениной;;+7 (903) 121-88-91;Каширское ш., 26, Москва;llmanikur.ru , clck.ru;55.654 37.646;beauty
Glory room, салон красоты;;+7 (926) 633-97-77;ул. Академика Миллионщикова, 20А, Москва;zoon.ru , glory-room.ru;55.667 37.646;beauty
Somy beauty service, салон красоты;+7 (495) 005-37-89;+7 (903) 798-18-93;Люблинская ул., 76, корп. 5, Москва;oblaka.me;55.664 37.729;beauty
Adaline Beauty;;+7 (903) 223-92-22;Люблинская ул., 78, корп. 3, Москва;adaline-beauty.ru;55.662 37.731;beauty
Keratin Koval Studio;;+7 (994) 666-79-99;ул. Перерва, 45, Москва;;55.660 37.749;beauty
Fleur de Lys, салон красоты;+7 (499) 649-03-92;;Люблинская ул., 153, Москва;de-lys.ru , de-lys.com;55.658 37.742;beauty
Имидж-студия Натальи Болгар;+7 (495) 351-95-60;+7 (916) 313-24-55;просп. 40 лет Октября, 40, Москва;nbolgar.ru;55.672 37.746;beauty
Стрикси, японская парикмахерская;+7 (495) 777-91-75;;ул. Перерва, 54, Москва;striksi.ru;55.657 37.746;beauty
Matrewka, салон красоты;;+7 (901) 513-89-09, +7 (977) 285-29-85;ул. Перерва, 39, Москва;matrewkastudio.ru;55.659 37.746;beauty
Raya, студия красоты;;+7 (977) 177-77-79;ул. Перерва, 39, Москва;estetika-beauty.ru , b621290.yclients.com;55.659 37.746;beauty
Чио Чио сеть японских парикмахерских;;+7 (916) 784-02-11;ул. Перерва, 39, Москва, Россия;dikidi.net;55.659 37.746;beauty
4hands, ногтевая студия;;+7 (916) 070-01-90;ул. Перерва, 41, корп. 1, Москва;4hands.ru;55.660 37.746;beauty
Салон красоты Комплимент;+7 (495) 351-95-22;+7 (929) 677-96-22;ул. Верхние Поля, 11, корп. 1, стр. 2, Москва;s-compliment.ru;55.666 37.748;beauty
Royal Hair, студия наращивания волос и маникюра;;+7 (915) 124-00-00, +7 (925) 437-33-39;Братиславская ул., 6, Москва;royalnail-official.plp7.ru;55.664 37.753;beauty
Цирюльникъ, салон красоты;;+7 (926) 010-77-39, +7 (903) 617-60-30;Братиславская ул., 12, Москва;salon-hair.ru , cirulnik.com;55.660 37.753;beauty
Студия №1 по наращиванию ресниц и маникюру Anna Key;+7 (495) 445-93-28;;Братиславская ул., 6, Москва;anna-key.ru;55.664 37.753;beauty
Анви, клиника эпиляции;+7 (495) 128-95-43;+7 (926) 430-87-93;Братиславская ул., 5, Москва;beautyparlour.ru , anvilaser.ru;55.664 37.755;beauty
Topgun, барбершоп;;+7 (925) 901-74-44;ул. Перерва, 43, корп. 1, Москва;topgunbarbershop.ru , topgunbarber.ru , topgun.ru;55.660 37.752;beauty
Nails Up;+7 (499) 213-68-02;+7 (968) 500-61-66;Братиславская ул., 12, Москва;nails-up.ru;55.660 37.753;beauty
Nail Zabava, студия маникюра;;+7 (903) 990-20-21;Братиславская ул., 5, Москва;nail-zabava.clients.site , dikidi.net;55.664 37.756;beauty
Color hair room, студия волос;;+7 (925) 064-88-06;Братиславская ул., 5, Москва;;55.664 37.757;beauty
Prime nail bar, студия маникюра;;+7 (968) 022-52-32;Новомарьинская ул., 14/15, Москва;primenailbar.ru;55.654 37.758;beauty
5 авеню, студия красоты;;+7 (968) 666-90-60;Братиславская ул., 16, корп. 1, Москва;5av.moscow;55.659 37.758;beauty
Miss Pion, студия красоты;;+7 (926) 077-07-54;Братиславская ул., 18, корп. 1, Москва;n527190.yclients.com;55.657 37.760;beauty
Beauty в теме, салон красоты;;+7 (926) 468-22-93;Братиславская ул., 16, корп. 1, Москва;zoon.ru , beauty-v-teme.ru;55.659 37.758;beauty
Студия наращивания ресниц и оформления бровей Ohy Any Lashes;;+7 (991) 927-10-69;Братиславская ул., 18, корп. 1, Москва;;55.657 37.758;beauty
Beauty-bar by Alina Safina;;+7 (965) 387-03-70, +7 (965) 314-40-60;Братиславская ул., 15, корп. 1, Москва;;55.660 37.759;beauty
4hands;;+7 (903) 501-18-88;Новороссийская ул., 30, корп. 1, Москва;4hands.ru , 4-hands.ru;55.671 37.759;beauty
Элеганс;+7 (495) 346-43-38;+7 (977) 474-95-25;Братиславская ул., 15, корп. 2, Москва;;55.660 37.761;beauty
Lak lab nails&beauty, ногтевая студия;;+7 (995) 505-04-45, +7 (955) 505-04-45;Братиславская ул., 17, корп. 1, Москва;laklab.ru;55.659 37.761;beauty
Изыск-студио, салон красоты;;+7 (925) 390-22-54, +7 (926) 810-80-74;ул. Верхние Поля, 36, корп. 1, Москва;iziskstudio.ru;55.668 37.765;beauty
Сюзанна, салон красоты;+7 (495) 514-53-73;+7 (903) 277-82-82;ул. Верхние Поля, 36, корп. 2, Москва;salonsuzana.ru;55.667 37.764;beauty
La Katrin, салон красоты;+7 (495) 347-25-11;+7 (916) 024-27-39;Новомарьинская ул., 15, Москва;lakatrin.ru;55.658 37.765;beauty
Beauty home, студия красоты;;+7 (917) 551-45-43;Братиславская ул., 30, Москва;;55.652 37.766;beauty
20`18 private welness, салон красоты;;+7 (985) 697-64-77;ул. Верхние Поля, 36, корп. 1, Москва;2018pw.ru;55.668 37.764;beauty
Epilp_laser;;+7 (915) 222-95-41;ул. Перерва, 62, корп. 1, Москва;;55.664 37.765;beauty
Наша парикмахерская, салон-парикмахерская;+7 (495) 226-58-22, +7 (495) 658-53-90;+7 (985) 259-31-46;ул. Перерва, 62, корп. 2, Москва;moscowsalon.ru;55.665 37.766;beauty
Ink needles;;+7 (968) 989-46-48, +7 (977) 286-14-88;Перервинский бул., 21, корп. 1, Москва;;55.657 37.773;beauty
Эконом;;+7 (925) 500-98-01;ул. Марьинский Парк, 9, корп. 1, Москва;salon-parikmaherskaya-na-ulitse-marinskij-park.ru;55.658 37.777;beauty
Hey hair, парикмахерская;+7 (495) 142-97-05;+7 (926) 278-68-21, +7 (999) 926-81-16;ул. Марьинский Парк, 17, корп. 2, Москва;stylemsk.tilda.ws;55.662 37.779;beauty
Эстеттика Коррекция фигуры;;+7 (926) 167-77-73, +7 (926) 510-06-56, +7 (925) 819-03-30, +7 (977) 907-04-74, +7 (926) 907-75-85, +7 (926) 809-77-37, +7 (968) 910-34-80, +7 (926) 809-77-73, +7 (906) 796-77-73, +7 (926) 809-77-75;ул. Марьинский Парк, 17, корп. 2, Москва;estettika.ru;55.662 37.780;beauty
Vzor, студия красоты;;+7 (925) 133-10-04;Большая Очаковская ул., 44, Москва;vz-or.ru;55.676 37.444;beauty
Салон эстетики и красоты Professional SPA;+7 (499) 792-25-43;+7 (915) 280-03-03;ул. Наташи Ковшовой, 25, Москва;myspa-salon.ru;55.679 37.446;beauty
Mon Ami, студия красоты;;+7 (903) 292-46-45, +7 (964) 778-50-50;ул. Наташи Ковшовой, 25, Москва;;55.679 37.447;beauty
Cut and Go;;+7 (925) 069-88-39, +7 (925) 510-95-00;Большая Очаковская ул., 42, корп. 1, Москва;cutgo.ru;55.677 37.444;beauty
M-studio, салон красоты;+7 (495) 014-74-74, +7 (495) 197-74-74;+7 (915) 014-74-74;Большая Очаковская ул., 26, Москва;project1369982.tilda.ws;55.682 37.454;beauty
Shampoo, салон красоты;+7 (499) 662-72-00;+7 (925) 529-90-49;Большая Очаковская ул., 3, Москва;profsalon.org , maxspa.ru;55.689 37.466;beauty
Aviva, студия маникюра;+7 (495) 989-59-68;+7 (963) 755-86-84;ул. Лобачевского, 41, Москва;avivanails.ru;55.689 37.471;beauty
АкваБоди;;+7 (903) 001-13-30;Озёрная ул., 9, Москва;aqua-body.ru;55.682 37.461;beauty
Позитив, салон красоты;+7 (495) 443-38-25;;Озёрная ул., 4, корп. 2, Москва;;55.688 37.466;beauty
Сеть студий маникюра Лены Лениной;;+7 (903) 221-56-88;ул. Мичуринский Проспект, Олимпийская Деревня, 3, корп. 1, Москва;llmanikur.ru , clck.ru;55.678 37.466;beauty
Bullitt. Barbershop;;+7 (925) 245-52-72;Озёрная ул., 2, корп. 3, Москва;bullittbarbershop.com;55.689 37.468;beauty
Topgun, барбершоп;;+7 (925) 076-64-44;ул. Мичуринский Проспект, Олимпийская Деревня, 1, корп. 1, Москва;topgun.ru;55.679 37.469;beauty
Minty nails;;+7 (925) 659-89-79, +7 (926) 920-79-71;ул. Мичуринский Проспект, Олимпийская Деревня, 1, корп. 1, Москва;mintynails.ru;55.679 37.470;beauty
Santarini, салон красоты;+7 (495) 430-50-09, +7 (495) 437-99-22;;ул. Академика Анохина, 2, корп. 3, Москва;santarini.ru;55.673 37.475;beauty
Sandal & Oud, барбершоп;;+7 (926) 400-40-70;ул. Коштоянца, 20, корп. 3, Москва;sandaloud.ru;55.675 37.477;beauty
Доступная территория, парикмахерская;;+7 (925) 103-20-20;ул. Коштоянца, 20, корп. 1, Москва;пар-тер.рф;55.674 37.477;beauty
Flawless, центр красоты, эстетики и косметологии;+7 (798) 556-70-00;+7 (985) 567-00-00;ул. Лобачевского, 92, корп. 2, Москва;;55.680 37.483;beauty
Lv studio, салон красоты;;+7 (916) 940-07-00;ул. Лобачевского, 92, корп. 4, Москва;;55.682 37.485;beauty
Beauty&Beyond;+7 (495) 008-58-88, +7 (495) 108-31-91, +7 (495) 021-05-85;;ул. Удальцова, 52, Москва;;55.686 37.489;beauty
Wake Up Beauty;;+7 (916) 989-87-42;ул. Удальцова, 87, корп. 3, Москва;hipolink.me;55.686 37.487;beauty
Suite 33, салон красоты;;+7 (958) 111-74-98, +7 (977) 338-00-33;Мичуринский просп., 58, корп. 1, Москва;suite33.ru;55.692 37.487;beauty
Мона Лиза Professional;+7 (495) 930-49-39, +7 (495) 118-41-72, +7 (495) 940-69-22;+7 (926) 008-82-43, +7 (966) 171-79-76;ул. Удальцова, 42, Москва;monalisa.pro;55.683 37.491;beauty
Balivas, студия красоты;+7 (499) 110-04-39;+7 (926) 110-02-45, +7 (904) 567-50-73, +7 (926) 665-00-13;ул. Удальцова, 73, Москва;balivas.ru;55.677 37.498;beauty
Topgun, барбершоп;;+7 (925) 114-74-44;ул. Удальцова, 69, Москва;topgun.ru;55.679 37.499;beauty
BL Билуче, студия красоты;+7 (495) 737-78-90, +7 (116) 090-85-61;+7 (958) 100-59-54, +7 (926) 979-88-49;ул. Удальцова, 26, корп. 1, Москва;biluche-studio.ru , n321948.yclients.com;55.681 37.495;beauty
Nail O`clock, студия красоты;;+7 (995) 916-90-16, +7 (915) 078-40-48;просп. Вернадского, 60, корп. 1, Москва;nailoclock.studio;55.674 37.495;beauty
Клиника эстетической медицины Miracle Clinic;+7 (495) 152-31-38, +7 (495) 152-30-86, +7 (495) 150-47-77;+7 (916) 319-77-25;просп. Вернадского, 44, корп. 2, Москва;miracleclinic.ru;55.674 37.496;beauty
Салон красоты Celebrity nail;;+7 (904) 567-62-09;ул. Удальцова, 71, корп. 3, Москва;zoon.ru , celebrity-nail.ru;55.677 37.499;beauty
Express Nails;+7 (495) 126-73-92;;ул. Удальцова, 65, Москва;expressnails.ru;55.679 37.501;beauty
Студия маникюра Цвет настроения;;+7 (904) 567-30-48;просп. Вернадского, 14А, Москва;zoon.ru , tsvet-nastroeniya.ru;55.678 37.507;beauty
Цирюльникъ, салон красоты;;+7 (977) 250-37-37;просп. Вернадского, 37, корп. 1Б, Москва;salon-hair.ru , cirulnik.com;55.678 37.511;beauty
Савиано, студия красоты;;+7 (903) 590-88-99, +7 (903) 578-77-00;Ленинский просп., 90, Москва;saviano.ru;55.674 37.524;beauty
Студия Красоты A. M. U. Марины Амирбеговой;+7 (495) 933-81-81;;ул. Удальцова, 5, корп. 3, Москва;beauty-amu.ru;55.672 37.516;beauty
Estet beauty, салон красоты;+7 (495) 926-85-77, +7 (495) 215-03-07;+7 (985) 024-35-55;ул. Удальцова, 5, корп. 3, Москва;;55.672 37.516;beauty
Букля, детская парикмахерская;+7 (499) 138-37-99;+7 (977) 424-87-08;ул. Кравченко, 4, корп. 1, Москва;buklya.ru;55.675 37.522;beauty
Облака studio, салон красоты;+7 (495) 234-33-02, +7 (495) 415-33-33;+7 (916) 928-91-81, +7 (925) 607-80-61, +7 (917) 567-44-77, +7 (917) 566-84-44;ул. Крупской, 19/17, Москва;oblakastudio.ru;55.685 37.525;beauty
Tiffany nails, студия маникюра;+7 (495) 740-21-30;+7 (925) 353-55-58, +7 (925) 541-79-95, +7 (925) 541-77-38, +7 (925) 541-89-59;Ленинский просп., 91, Москва;salon-manikur.ru , tiffanynails.ru;55.677 37.530;beauty
Mone, салон красоты;+7 (495) 730-07-10, +7 (495) 724-91-85, +7 (499) 669-59-19, +7 (499) 702-59-82, +7 (499) 132-75-95, +7 (495) 951-61-83;+7 (925) 585-67-56, +7 (916) 207-87-02, +7 (925) 665-83-34, +7 (903) 006-95-75, +7 (925) 771-24-58, +7 (925) 500-27-09, +7 (915) 363-90-79, +7 (925) 543-82-07, +7 (926) 314-22-19, +7 (925) 585-80-29;Ленинский просп., 91, Москва;salonmone.ru;55.677 37.530;beauty
4hands, ногтевая студия;+7 (499) 991-92-00;+7 (926) 006-49-62;Ленинский просп., 89/2, Москва;4hands.ru;55.677 37.531;beauty
Beauty Сад;;+7 (968) 476-12-10;Ленинский просп., 93, Москва;beautysad.com;55.675 37.527;beauty
Выбор Красоты;+7 (499) 136-66-71;;ул. Строителей, 10/9, Москва;vksalon.ru;55.690 37.531;beauty
Салон красоты Beauty-Science;+7 (495) 777-79-21;+7 (905) 576-67-77;Ленинский просп., 73/8, Москва;beauty-science.ru;55.689 37.547;beauty
Салон красоты Супермода;+7 (499) 131-07-64, +7 (499) 131-17-09;+7 (985) 773-86-07;просп. Вернадского, 9/10, Москва;supermoda.ru;55.691 37.534;beauty
R&n Beauty Studio;;+7 (994) 777-22-23;ул. Гарибальди, 2, Москва;rnbeauty.ru;55.678 37.533;beauty
WO/MAN, сеть салонов красоты и косметологии;+7 (499) 444-15-31;;ул. Строителей, 6, корп. 4, Москва;womanstudios.ru;55.689 37.535;beauty
Приятное свидание, салон красоты;+7 (495) 963-26-85, +7 (495) 930-00-30, +7 (499) 966-42-83;+7 (919) 786-12-25, +7 (985) 646-80-61, +7 (917) 583-15-64, +7 (915) 662-65-06;ул. Строителей, 3, Москва;priyatnoesvidanie.ru;55.685 37.537;beauty
Tiffany nails, студия маникюра;+7 (495) 877-57-59, +7 (495) 108-17-79;+7 (917) 576-76-28, +7 (958) 400-81-39;ул. Строителей, 3, Москва;salon-manikur.ru , tiffanynails.ru;55.685 37.538;beauty
Intelli, салон красоты;+7 (495) 580-30-02;+7 (919) 100-30-02;Ленинский просп., 81/2, Москва;n276973.yclients.com;55.683 37.539;beauty
ONLYou, ногтевая студия;;+7 (916) 165-13-11, +7 (904) 567-66-35;Ленинский просп., 79, Москва;onlyyoumsk.ru;55.684 37.541;beauty
Mone, салон красоты;+7 (499) 702-59-64;;Ленинский просп., 70/11, Москва;moneprofessional.ru , salonmone.ru;55.687 37.543;beauty
Lola-Salon, салон красоты;;+7 (919) 999-96-11, +7 (903) 670-18-16, +7 (977) 944-26-46, +7 (916) 010-27-13;ул. Вавилова, 80, Москва;lola-salon.ru;55.679 37.543;beauty
Загар.ру;+7 (495) 120-50-77, +7 (495) 790-55-88;+7 (926) 691-25-90;Ленинский просп., 85Б, Москва;zagar.ru;55.680 37.538;beauty
Express Nails;+7 (495) 126-45-30;;ул. Строителей, 2, Москва;expressnails.ru;55.685 37.539;beauty
Берри Груминг;+7 (495) 740-87-36;+7 (925) 740-87-36;ул. Вавилова, 97, Москва;berrygrooming.ru;55.675 37.542;beauty
Studio Helena Adam;;+7 (964) 632-12-55;Ломоносовский просп., 11/70, Москва;;55.688 37.544;beauty
Gedonist nails;;+7 (985) 699-27-19;ул. Архитектора Власова, 18, Москва;moiprofi.ru;55.672 37.543;beauty
Sonata;+7 (495) 930-96-47, +7 (495) 663-90-58, +7 (495) 930-15-38;+7 (916) 291-29-79;Ленинский просп., 68/10, Москва;salon-sonata.ru , salonsonata.ru;55.689 37.544;beauty
Viki Style, салон красоты;+7 (499) 134-70-00;+7 (985) 133-15-52;ул. Панфёрова, 7, корп. 2, Москва;zoon.ru , viki-style.ru;55.683 37.544;beauty
Topgun, барбершоп;;+7 (915) 470-64-44;Ленинский просп., 68/10, Москва;topgun.ru;55.689 37.546;beauty
Серебряная черепаха, салон красоты;+7 (499) 132-10-55;+7 (909) 923-54-44;Ленинский просп., 73/8, Москва;серебряная-черепаха.рф;55.689 37.549;beauty
Студия колористики Васильева Сергея;;+7 (926) 204-11-45, +7 (926) 205-11-45;ул. Вавилова, 79, корп. 1, Москва;vscolorstudio.ru;55.679 37.547;beauty
Imena Studios;+7 (495) 085-10-18, +7 (495) 023-87-50;;ул. Вавилова, 79, корп. 1, Москва;imenastudios.com;55.679 37.547;beauty
Студия маникюра Елены Петрушиной;+7 (499) 938-64-73, +7 (499) 343-70-06, +7 (499) 134-03-56;+7 (925) 385-52-68, +7 (901) 500-15-15, +7 (966) 318-75-17;ул. Вавилова, 79, корп. 1, Москва;orhida.com;55.679 37.548;beauty
Афроплетение;;+7 (931) 555-51-21;ул. Вавилова, 77, Москва;afropletenie.ru;55.680 37.549;beauty
Sabina, салон красоты;+7 (499) 125-78-89;+7 (963) 652-97-58;ул. Кржижановского, 3, Москва;;55.683 37.562;beauty
Duran beauty, салон красоты;+7 (495) 481-61-61;+7 (965) 430-11-11, +7 (925) 382-75-55;ул. Вавилова, 54, корп. 4, Москва;duran-beauty.ru;55.690 37.554;beauty
Make Me Wow салон красоты;;+7 (966) 140-18-00, +7 (902) 469-53-80;ул. Ивана Бабушкина, 23, корп. 1, Москва;makemewow.studio;55.683 37.559;beauty
Барбер клуб;;+7 (926) 901-19-00, +7 (926) 901-19-10;ул. Дмитрия Ульянова, 7/55, Москва;thebarberclub.ru;55.692 37.563;beauty
Double beauty, салон красоты;+7 (495) 779-51-22;+7 (916) 322-00-55;Профсоюзная ул., 24, корп. 2, Москва;double-beauty.ru;55.681 37.564;beauty
Парикмахер-колорист Анна Смелянская;;+7 (985) 880-65-83;ул. Кржижановского, 7, корп. 2, Москва;pocolocobeauty.ru;55.683 37.564;beauty
Студия № 1 по наращиванию ресниц и маникюру Anna Key;+7 (495) 445-68-40;;Нахимовский просп., 38, Москва;anna-key.ru;55.677 37.567;beauty
SPA bar;;+7 (991) 310-96-86;Профсоюзная ул., 9, Москва;spa-bar.ru;55.683 37.569;beauty
Galstyan`s lounge, студия красоты;+7 (495) 252-88-54;+7 (967) 044-44-14;Новочерёмушкинская ул., 49, Москва;galstyansbeauty.ru;55.673 37.570;beauty
Салон красоты EstLab Beauty;;+7 (926) 271-92-79, +7 (958) 100-30-47;ул. Кедрова, 4, корп. 3, Москва;zoon.ru , estlab-beauty.ru;55.686 37.565;beauty
MONE;+7 (499) 124-98-40, +7 (499) 702-59-71;;Профсоюзная ул., 22/10к1, Москва;salonmone.ru;55.682 37.565;beauty
StamDi;+7 (499) 124-00-12;+7 (929) 990-67-70;Профсоюзная ул., 13, Москва;stamdi.ru;55.681 37.567;beauty
Kedr beauty;+7 (499) 129-54-00;+7 (985) 984-59-10;ул. Кедрова, 5, корп. 1, Москва;kedrbeauty.com;55.687 37.568;beauty
Салон красоты Зеркало;;+7 (926) 629-02-08;ул. Кедрова, 10/16, Москва;zerkalosalon.ru;55.685 37.568;beauty
Vesna, студии маникюра;+7 (499) 125-25-38;+7 (965) 404-80-85;Профсоюзная ул., 5/9, Москва;vesnaservice.ru;55.685 37.572;beauty
Nota bene, салон красоты;+7 (499) 129-02-03, +7 (499) 129-24-91;+7 (925) 498-55-54;Профсоюзная ул., 7/12, Москва;nota-bena.com;55.684 37.571;beauty
Topgun, барбершоп;;+7 (965) 271-64-44;Профсоюзная ул., 3, Москва;topgun.ru;55.685 37.572;beauty
Skynails, студия маникюра;+7 (495) 374-87-34, +7 (499) 390-00-73, +7 (495) 374-68-98, +7 (495) 374-76-28;+7 (925) 031-44-56, +7 (925) 031-45-57, +7 (925) 031-40-67, +7 (925) 031-35-59, +7 (929) 671-83-07, +7 (925) 031-39-20;ул. Дмитрия Ульянова, 19, Москва;skynails.ru;55.689 37.573;beauty
Lalee Lash;;+7 (999) 444-57-86, +7 (977) 711-00-86;ул. Дмитрия Ульянова, 20, корп. 1, Москва;;55.688 37.572;beauty
Арт-Гармония, салон красоты;+7 (499) 125-20-11;+7 (999) 809-53-93;ул. Кедрова, 22, Москва;аrt-garmonia.ru;55.682 37.576;beauty
Зеркало, студия красоты;+7 (499) 124-46-63, +7 (495) 220-43-07;;ул. Дмитрия Ульянова, 28, Москва;studio-zerkalo.ru;55.685 37.580;beauty
Пекло, студия загара;+7 (499) 126-97-60, +7 (499) 126-96-60;+7 (903) 743-44-85, +7 (916) 556-26-16;ул. Винокурова, 2, Москва;peklo.su;55.690 37.580;beauty
Beauty Chiki, салон красоты;;+7 (965) 272-26-72, +7 (964) 527-71-90;просп. 60-летия Октября, 16, корп. 1, Москва;beautyche.com;55.691 37.574;beauty
Экономка парикмахерская;;+7 (926) 281-15-16, +7 (925) 785-38-85;просп. 60-летия Октября, 14, Москва;salon-academ.ru;55.691 37.575;beauty
Вуаль, салон красоты;+7 (499) 124-80-17;+7 (915) 101-45-65;ул. Кржижановского, 23, корп. 1, Москва;vualsalon.ru;55.678 37.578;beauty
Arte;+7 (499) 460-55-20, +7 (499) 390-07-76;+7 (925) 390-07-76;Нахимовский просп., 28, корп. 1, Москва;;55.673 37.578;beauty
Lak lab nails&beauty, ногтевая студия;;+7 (995) 505-04-43;ул. Дмитрия Ульянова, 23, корп. 1, Москва;laklab.ru;55.687 37.578;beauty
Не переживайте;;+7 (995) 114-80-83;Новочерёмушкинская ул., 23, Москва;neperezhivayte.ru;55.682 37.580;beauty
Osoba lab;+7 (499) 789-05-55;+7 (963) 653-88-88, +7 (904) 568-33-42;ул. Гримау, 9, корп. 1, Москва;;55.689 37.580;beauty
Marco;;+7 (905) 515-59-55;ул. Дмитрия Ульянова, 30, Москва;barbershopmarco.ru;55.685 37.580;beauty
Jz;;+7 (906) 046-00-83;Новочерёмушкинская ул., 21А, Москва, Россия;;55.682 37.581;beauty
Ninamoscownails;;+7 (916) 654-93-18, +7 (985) 888-08-55;ул. Гримау, 9, корп. 2, Москва;ninamoscownails.ru;55.689 37.581;beauty
Салон красоты BeU Salon;;+7 (904) 567-58-73;ул. Дмитрия Ульянова, 27, Москва;zoon.ru , beu-salon.ru;55.686 37.581;beauty
Рельсы-рельсы, шпалы-шпалы;;+7 (966) 666-79-23;Новочерёмушкинская ул., 23, корп. 3, Москва;relsy-relsy-msk.clients.site;55.681 37.582;beauty
Bontabelle, SPA-салон;+7 (495) 125-22-12;;Новочерёмушкинская ул., 23, корп. 1, Москва;bontabelle.ru;55.682 37.582;beauty
Клипса;;+7 (926) 466-07-83;Большая Черёмушкинская ул., 34, Москва;klipsa.clients.site;55.679 37.582;beauty
Celesta, салон красоты;+7 (499) 404-31-15;+7 (926) 987-10-10;ул. Дмитрия Ульянова, 36, Москва;celestabeauty.com , celesta-beauty.ru;55.683 37.586;beauty
KSHAtri;+7 (499) 129-10-91;+7 (995) 333-49-65, +7 (985) 387-83-88, +7 (926) 628-96-88;ул. Дмитрия Ульянова, 33, корп. 10, Москва;shatri.tilda.ws;55.684 37.586;beauty
Prime, салон красоты;;+7 (926) 345-50-07, +7 (985) 487-00-00;ул. Дмитрия Ульянова, 43, корп. 1, Москва;;55.682 37.592;beauty
Море красоты, салон красоты;+7 (495) 103-41-94, +7 (495) 103-43-24, +7 (495) 103-40-96, +7 (495) 943-30-87;+7 (901) 593-30-87;Большая Черёмушкинская ул., 15, корп. 2, Москва;морекрасоты.рф;55.685 37.593;beauty
Лу Лу, салон красоты;;+7 (991) 222-60-19, +7 (965) 127-39-39;ул. Винокурова, 24, корп. 4, Москва;lulusalon.ru;55.683 37.595;beauty
Mango beauty;;+7 (968) 731-93-88;Нагорный бул., 9, Москва;mangobeauty1.ru;55.673 37.596;beauty
Арман Мари, центр красоты и здоровья;+7 (499) 123-11-02;+7 (909) 920-00-70;Большая Черёмушкинская ул., 11, корп. 3, Москва;zoon.ru , arman-mari.ru;55.688 37.596;beauty
Красава, салон-парикмахерская;+7 (499) 127-68-03;+7 (901) 256-82-70, +7 (915) 358-19-33;Нагорная ул., 31, корп. 1, Москва;salon-krasava.ru;55.674 37.597;beauty
Сеть студий маникюра Лены Лениной;;+7 (968) 461-36-43;Большая Черёмушкинская ул., 1, Москва;llmanikur.ru , clck.ru;55.690 37.602;beauty
Броу Старс;;+7 (985) 307-12-00;Большая Черёмушкинская ул., 1, Москва;browstars.ru;55.690 37.603;beauty
Точка красоты, салоны красоты;;+7 (968) 770-91-70, +7 (964) 585-41-00;Севастопольский просп., 11Е, Москва;tochkafamily.ru;55.688 37.605;beauty
Angel Beauty;;+7 (936) 600-30-30;Севастопольский просп., 18, Москва;angel-beauty-centr.ru;55.683 37.598;beauty
Салон красоты Orising;;+7 (909) 680-05-50;Севастопольский просп., 11Е, Москва;partner.1gb.ru , 1gb.ru , salonprof.ru;55.687 37.604;beauty
Маникюр у Насти;;+7 (977) 767-24-82;Нагорная ул., 15, корп. 6, Москва;manikyr.com;55.678 37.607;beauty
Angel Nails, ногтевой салон;;+7 (964) 767-56-37;Электролитный пр., 16, корп. 1, Москва;angelnails.ru;55.672 37.611;beauty
Dr.Konstanta, клиника эстетической медицины;+7 (495) 120-60-63;+7 (910) 419-28-72, +7 (985) 074-27-64, +7 (904) 568-01-34;Электролитный пр., 16, корп. 1, Москва;mykonstanta.ru;55.672 37.612;beauty
Evolution Paul Mitchell, салон красоты;+7 (495) 789-91-21;+7 (977) 415-12-41;Варшавское ш., 2, Москва;evolutionpm.moscow;55.700 37.620;beauty
Точка красоты, салоны красоты;;+7 (929) 933-87-58;Варшавское ш., 26, стр. 6, Москва;tochkafamily.ru;55.684 37.622;beauty
Bloom room, салон красоты;+7 (499) 404-01-00;+7 (995) 885-91-81;Варшавское ш., 34, Москва;bloomroom.me;55.680 37.624;beauty
Студия маникюра Череда;;+7 (991) 222-78-16, +7 (904) 567-54-18;Варшавское ш., 42, Москва;chereda-salon.ru;55.675 37.625;beauty
Estetica studio;;+7 (925) 851-09-20;Варшавское ш., 42, Москва;;55.675 37.625;beauty
El`Beauty, салон красоты;;+7 (900) 555-15-25, +7 (952) 795-99-91, +7 (903) 532-64-95;Варшавское ш., 45, Москва;elbeauty-salon.ru , zoon.ru , el-beauty-salon.ru;55.680 37.625;beauty
Студия по ламинированию ресниц и бровей;;+7 (965) 398-34-36;1-й Нагатинский пр., 0, Москва;;55.682 37.633;beauty
Mani d`oro, студия красоты;+7 (223) 079-72-83;+7 (980) 217-03-44;Нагатинская ул., 16, Москва;manidorostudio.ru;55.679 37.643;beauty
Violet, салон красоты;+7 (495) 776-98-62;;1-й Нагатинский пр., 11, корп. 2, Москва;violetbeauty.ru;55.678 37.633;beauty
Sky royal, салон красоты;+7 (495) 849-20-00;;1-й Нагатинский пр., 11, корп. 2, Москва;skyroyal.ru;55.678 37.633;beauty
MY WOW Beauty Bar;;+7 (954) 164-38-31, +7 (929) 537-00-03;1-й Нагатинский пр., 11, корп. 1, Москва;my-wow.ru;55.679 37.636;beauty
I&T Beauty, студия красоты;;+7 (916) 852-49-80, +7 (967) 000-49-80;Нагатинская наб., 10, корп. 3, Москва;n79611.yclients.com , itbeauty.salon.ms;55.683 37.646;beauty
Ely`s Beauty, салон красоты;;+7 (985) 050-14-14;Нагатинская наб., 10, корп. 3, Москва;;55.683 37.646;beauty
Expert beauty, студия красоты;+7 (499) 618-83-36;+7 (999) 861-81-31;Нагатинская наб., 16, корп. 3, Москва;expertbeauty-msk.ru;55.681 37.652;beauty
Honey bunny beauty, студия красоты;;+7 (985) 424-00-22;просп. Андропова, 22, Москва;hb-beauty.ru;55.683 37.661;beauty
Э-лайт, салон красоты;+7 (499) 612-19-43;+7 (926) 257-33-04;Нагатинская наб., 18, корп. 1, Москва;beauty-jasmine.ru , e-light.su;55.684 37.656;beauty
Flame nails studio;;+7 (993) 351-52-72;Нагатинская наб., 18, корп. 1, Москва;flamenails.ru;55.684 37.657;beauty
Happynails, студия маникюра;;+7 (965) 250-38-37, +7 (985) 855-05-19, +7 (929) 991-08-88;Нагатинская ул., 29, корп. 4, Москва;;55.679 37.658;beauty
Shadow Tattoo;;+7 (925) 236-73-07;Нагатинская ул., 29, корп. 4, Москва;shadowtattoo.ru;55.679 37.658;beauty
Brera Color Bar;+7 (495) 646-01-41, +7 (495) 191-75-00;;Автозаводская ул., 23, корп. 5, стр. 931, Москва;brerastudio.ru;55.691 37.659;beauty
Estetico;;+7 (916) 195-73-78, +7 (980) 156-06-56, +7 (985) 535-05-20;просп. Андропова, 22, Москва;estetico.ru;55.683 37.660;beauty
Why not? Nails bar;;+7 (901) 257-74-18, +7 (977) 630-82-42;просп. Андропова, 38, корп. 3, Москва;;55.675 37.660;beauty
Сеть студий маникюра Лены Лениной;;+7 (968) 461-38-64;просп. Андропова, 23, Москва;llmanikur.ru , clck.ru;55.678 37.665;beauty
Rich nails, сеть бьюти-студий;+7 (499) 444-27-39;;Судостроительная ул., 1, Москва;richnails.club;55.680 37.667;beauty
CherryTown;+7 (495) 682-01-24, +7 (499) 166-03-17, +7 (499) 649-64-53, +7 (499) 246-88-48, +7 (495) 621-17-38;+7 (918) 855-98-20, +7 (995) 120-50-51, +7 (985) 939-54-07, +7 (985) 939-00-03, +7 (985) 931-42-91, +7 (926) 574-65-06;просп. Андропова, 26, Москва;roob.in , cherrytown.ru , cherry.msk.tilda.ws;55.681 37.663;beauty
AR Style, салон красоты;+7 (499) 614-66-13;+7 (916) 704-33-49, +7 (965) 322-76-32;Судостроительная ул., 12, Москва;ar-style-salon.ru;55.680 37.673;beauty
Kamili Nails, сеть студий красоты;;+7 (926) 953-35-63, +7 (925) 705-79-89;Судостроительная ул., 17, Москва;kamilinails.ru;55.682 37.675;beauty
Nm, парикмахерская;+7 (343) 363-05-61;+7 (901) 546-43-79;Судостроительная ул., 41, Москва;parikmaxerskaya-nina.topstyle.me;55.685 37.688;beauty
Nail_witches;;+7 (977) 099-87-68, +7 (926) 648-86-73;ул. Новинки, 29, Москва;nailwitches.ru;55.677 37.677;beauty
Old-Duck19/90;;+7 (925) 197-77-16;Судостроительная ул., 23, корп. 1, Москва;old-duck.ru;55.682 37.677;beauty
Loft, барбершоп;+7 (499) 673-32-02;+7 (903) 673-22-23;Судостроительная ул., 25, корп. 1, Москва;loftbarbershop.ru;55.682 37.678;beauty
Пауло Фрау салон красоты и кофейня;;+7 (901) 555-95-88;Якорная ул., 4, Москва;paulo-frau.ru;55.688 37.682;beauty
Студия маникюра Лиса;;+7 (962) 918-96-89;ул. Речников, 15, корп. 1, Москва;n666711.yclients.com;55.682 37.692;beauty
Ногтевая студия Милы Юрьевой;+7 (495) 203-97-80;+7 (995) 900-44-47;Корабельная ул., 6, Москва;my-nailstudio.ru , goo.gl;55.679 37.695;beauty
Салон красоты Имидж-студия Юлии Постанюк;+7 (495) 197-76-55;;Корабельная ул., 11, корп. 1, Москва;widget.sonline.su;55.684 37.696;beauty
ReStyle, студия красоты;+7 (499) 390-94-27;+7 (926) 043-99-99;Коломенская ул., 12, корп. 1, Москва;restylebeauty.ru;55.681 37.697;beauty
Laven;+7 (495) 844-77-47;+7 (925) 720-88-87;Корабельная ул., 17, корп. 1, Москва;;55.682 37.697;beauty
ToRi, студия красоты;;+7 (995) 117-76-87;Шоссейная ул., 30, Москва;salon-tori.ru;55.684 37.723;beauty
Сальвадор Дали, салон красоты;+7 (495) 353-10-92;+7 (905) 432-44-05;Шоссейная ул., 13, Москва;;55.688 37.726;beauty
Бигуди клаб;+7 (499) 707-31-19;+7 (968) 844-51-45;Шоссейная ул., 31, корп. 2, Москва;arn.su;55.680 37.724;beauty
Ты и Я, салон-парикмахерская;+7 (495) 353-37-68;;Шоссейная ул., 4, корп. 1, Москва;salontyiya.ru;55.692 37.727;beauty
Alexis-Style, салон красоты;;+7 (903) 169-66-91;просп. 40 лет Октября, 36, Москва;salon-alexis.ru;55.674 37.745;beauty
Freshcut, салон красоты;;+7 (916) 383-80-85;Люблинская ул., 61, Москва;;55.684 37.739;beauty
Цирюльникъ, салон красоты;;+7 (925) 140-55-54;Совхозная ул., 41, Москва;salon-hair.ru , cirulnik.com;55.675 37.761;beauty
ЦveTi;;+7 (958) 100-71-89, +7 (966) 265-72-45;Армавирская ул., 8/23, Москва;zoon.ru , tsveti-armavirskaja-ulitsa.clients.site;55.674 37.753;beauty
Nails Up;+7 (499) 213-20-04;+7 (995) 888-01-90;ул. Судакова, 23/8, Москва;nails-up.ru;55.673 37.753;beauty
Кокетка, салон красоты;+7 (495) 358-36-80;;Новороссийская ул., 24, корп. 1, Москва;salon-koketka.com;55.675 37.758;beauty
Красное Яблоко;+7 (499) 938-62-87;;Совхозная ул., 39, Москва;krasnoe-yabloko.ru;55.674 37.761;beauty
Style;;+7 (904) 567-68-15;Совхозная ул., 49, Москва;zoon.ru , salon-style.ru , салон-красоты-люблино.рф;55.679 37.761;beauty
Стиль в Люблино;;+7 (965) 369-21-22;Совхозная ул., 49, Москва;салон-красоты-люблино.рф;55.678 37.762;beauty
Сеть студий маникюра Лены Лениной;;+7 (903) 221-52-79;Краснодарская ул., 51, корп. 2, Москва;llmanikur.ru , clck.ru;55.677 37.765;beauty
Рив Гош;+7 (495) 643-12-16;;Краснодарская ул., 51, корп. 2, Москва;rivegauche.ru , clck.ru;55.677 37.765;beauty
Супермен, барбершоп-парикмахерская;;+7 (915) 064-09-38;Краснодарская ул., 57, корп. 3, Москва;supermancut.ru , supermancut.com;55.676 37.769;beauty
Credecolor;+7 (499) 796-65-30;;Привольная ул., 56, Москва;credecolor.ru;55.684 37.841;beauty
Maxlash.ru;;+7 (980) 405-25-25;Привольная ул., 57, корп. 1, Москва;maxlash.clients.site;55.684 37.843;beauty
S.Lux, центр красоты;+7 (495) 704-46-00, +7 (495) 704-56-11;;Привольная ул., 57, корп. 1, Москва;s-lux.ru;55.683 37.844;beauty
Эмоции;;+7 (917) 502-44-84;Привольная ул., 61, корп. 1, Москва;;55.683 37.845;beauty
Центр подологии Легкий Шаг;;+7 (904) 567-76-37;Жулебинский бул., 36, корп. 1, Москва;zoon.ru;55.686 37.848;beauty
Ab Beauty Studio;;+7 (962) 360-32-33;Привольная ул., 65/32, Москва;;55.683 37.851;beauty
ЭМ-Бэлль;;+7 (925) 353-88-80, +7 (906) 733-10-52, +7 (930) 333-94-61;Жулебинский бул., 25, Москва;m-belle.ru;55.689 37.852;beauty
Орхидейка, студия красоты;;+7 (967) 155-44-00, +7 (925) 509-41-50;ул. Авиаконструктора Миля, 3, Москва;orhideyka.ru;55.688 37.853;beauty
Тиффани, студия красоты;+7 (495) 704-82-00;+7 (968) 604-02-88;ул. Генерала Кузнецова, 23, Москва;;55.683 37.854;beauty
Точка красоты, салоны красоты;;+7 (977) 312-02-18;ул. Генерала Кузнецова, 22, Москва;tochkafamily.ru;55.686 37.854;beauty
Цирюльникъ, салон красоты;+7 (499) 394-73-09;+7 (925) 205-95-82;ул. Авиаконструктора Миля, 7, Москва;salon-hair.ru , cirulnik.com;55.686 37.855;beauty
Апельсинка, салон красоты;+7 (495) 704-41-11;+7 (901) 517-70-96;Саранская ул., 4/24, Москва;salonorange.ru , salonorange.taplink.ws;55.692 37.855;beauty
PrimaVera, студия;;+7 (901) 734-15-05;Жулебинский бул., 25, Москва;primaverabeauty.ru;55.689 37.852;beauty
Salon Sujet;+7 (495) 704-89-90;;Привольная ул., 70, Москва;;55.678 37.853;beauty
Marrymar, салон красоты;+7 (499) 288-83-37;+7 (966) 300-88-88;ул. Авиаконструктора Миля, 8, корп. 1, Москва;marrymar.ru;55.685 37.854;beauty
Beauty HiTech, студия красоты;;+7 (916) 518-23-98;ул. Генерала Кузнецова, 19, корп. 1, Москва;;55.684 37.856;beauty
Клиника Space For;+7 (495) 419-24-57, +7 (495) 098-01-60;;ул. Генерала Кузнецова, 19, корп. 1, Москва;;55.684 37.857;beauty
Stefani;+7 (495) 769-65-55;;ул. Авиаконструктора Миля, 24, Москва;stefani.top;55.679 37.858;beauty
SunShine, салон красоты;+7 (495) 108-65-72;+7 (985) 763-26-00;ул. Авиаконструктора Миля, 26, Москва;salonsunshine.ru;55.677 37.858;beauty
Лаборатория студия шугаринга;;+7 (999) 994-71-07;ул. Генерала Кузнецова, 19, корп. 1, Москва;st-laboratory.ru;55.685 37.858;beauty
Manutime, салон красоты;;+7 (968) 451-80-22;ул. Генерала Кузнецова, 14, корп. 1, Москва;manutime.ru;55.690 37.858;beauty
Nabs, салон красоты;+7 (499) 408-24-98;+7 (968) 911-36-11;ул. Генерала Кузнецова, 11, корп. 1, Москва;nabsnail.com , moskva.nabsnail.com , hromakey.com;55.689 37.860;beauty
Три о, студия красоты;;+7 (977) 759-86-62, +7 (977) 871-72-80;ул. Генерала Кузнецова, 11, корп. 1, Москва;trio-studio.ru;55.689 37.860;beauty
4hands, ногтевая студия;+7 (495) 278-02-40;+7 (901) 705-84-82;ул. Генерала Кузнецова, 11, корп. 1, Москва;n733432.yclients.com , n455687.yclients.com , 4hands.ru;55.689 37.860;beauty
Феона, салон красоты;+7 (495) 700-83-10;+7 (916) 770-10-96;ул. Генерала Кузнецова, 11, корп. 1, Москва;salonfeona.ru;55.689 37.861;beauty
Студия Евгении Поповой;+7 (495) 971-10-40;+7 (901) 547-70-40;2-я Вольская ул., 7, корп. 1, Москва;студиякрасоты-евгениипоповой.рф;55.687 37.923;beauty
Beauty_Bay;;+7 (999) 665-00-01;2-я Вольская ул., 24, Москва;dikidi.net;55.686 37.926;beauty
Loft manik club, студия маникюра;;+7 (995) 765-88-88;Беловежская ул., 85, Москва;;55.706 37.400;beauty
Bwr, салон красоты;+7 (499) 682-61-90;+7 (925) 131-62-54;Верейская ул., 29, стр. 134, Москва;bwr-style.ru;55.709 37.442;beauty
4hands, ногтевая студия;;+7 (985) 040-02-10;Аминьевское ш., 6, Москва;4hands.ru;55.707 37.457;beauty
Точка красоты, салоны красоты;;+7 (985) 446-49-26;Аминьевское ш., 6, Москва;tochkafamily.ru;55.707 37.457;beauty
Салон красоты Flamingo;;+7 (904) 567-74-07;ул. Лобачевского, 118, корп. 2, Москва;zoon.ru , flamingo-centr.ru;55.695 37.470;beauty
Wega;;+7 (985) 084-85-85;ул. Лобачевского, 118, корп. 5, Москва;;55.693 37.470;beauty
Des Beauty;;+7 (916) 798-28-84, +7 (906) 782-61-59;ул. Лобачевского, 118, корп. 4, Москва;;55.693 37.472;beauty
Студия массажа ММС;;+7 (930) 333-70-26, +7 (926) 729-49-42;ул. Лобачевского, 118, корп. 4, Москва;mmsmassage.ru;55.693 37.472;beauty
Empress, салон красоты;+7 (495) 120-76-77;+7 (910) 454-17-17;Нежинская ул., 8, корп. 4, Москва;empress-salon.com;55.710 37.471;beauty
Kudishina.studio, студия ресниц и бровей;;+7 (968) 517-49-71;ул. Лобачевского, 118, корп. 4, Москва;kudishina.ru;55.693 37.472;beauty
Helena~s Harmony;;+7 (926) 248-48-19;ул. Лобачевского, 118, корп. 4, Москва;imenastudios.com , helenas-harmony.clients.site;55.693 37.472;beauty
Madina;;+7 (995) 501-17-36, +7 (967) 076-59-62, +7 (903) 222-39-05;Веерная ул., 1, корп. 5, Москва;madina-s.ru;55.705 37.480;beauty
Салон красоты и СПА Крем и Джем;+7 (499) 726-01-65;+7 (904) 567-79-34;Веерная ул., 22, корп. 3, Москва;creamjam.ru;55.709 37.483;beauty
TOPGUN;;+7 (925) 567-04-44;Мичуринский просп., 56, Москва;topgun.ru;55.696 37.484;beauty
Barbaris;;+7 (925) 510-44-10;Веерная ул., 20, Москва;barbaris.su;55.708 37.484;beauty
Wow Mama, салон красоты;;+7 (965) 417-36-54;Мосфильмовская ул., 88, корп. 4, стр. 2, Москва;wowmama.pro;55.704 37.491;beauty
Dry&go, бар укладок и макияжа;;+7 (977) 874-97-27, +7 (920) 358-00-00, +7 (968) 979-18-18;Мосфильмовская ул., 53, Москва;drygo.ru;55.705 37.497;beauty
Ноготок, студия маникюра и педикюра;;+7 (969) 347-61-48, +7 (969) 347-61-78, +7 (969) 347-62-30, +7 (969) 347-61-94, +7 (925) 752-18-18, +7 (925) 006-81-66, +7 (969) 347-61-02;Мосфильмовская ул., 53, Москва;nogotok-studio.ru;55.705 37.497;beauty
Латэль, студия красоты;+7 (495) 640-85-66;+7 (925) 102-57-52;Мосфильмовская ул., 53, Москва;latelbeauty.ru;55.704 37.497;beauty
Topgun, барбершоп;;+7 (968) 090-04-44;ул. Столетова, 17, Москва;topgun.ru;55.701 37.498;beauty
Comfort Beauty, студия красоты;;+7 (985) 930-13-34, +7 (930) 333-86-94;ул. Столетова, 19, Москва;cb-studio.ru;55.703 37.498;beauty
Стилистика, салон красоты;+7 (499) 110-22-23;+7 (901) 147-71-27, +7 (925) 235-62-12, +7 (915) 231-98-07, +7 (925) 360-15-99, +7 (903) 516-35-35;Мичуринский просп., 34, Москва;n112998.yclients.com , stilistika.com;55.699 37.499;beauty
Bosscourt, салон красоты;+7 (495) 877-48-71;+7 (985) 175-56-55;Мосфильмовская ул., 88, корп. 4, стр. 1, Москва;bosscourt-beauty.ru;55.703 37.492;beauty
Lokoplus, парикмахерская;+7 (495) 734-19-98;+7 (964) 646-59-95;ул. Раменки, 6, корп. 2, Москва;zoon.ru , lokoplus.ru;55.693 37.493;beauty
Maki beauty lab, салон красоты;;+7 (965) 130-10-60, +7 (965) 130-10-80, +7 (965) 130-10-70, +7 (965) 130-10-40;Мосфильмовская ул., 88, корп. 2, стр. 6, Москва;makilab.ru;55.705 37.494;beauty
Салон эпиляции 8vip;;+7 (925) 700-28-88;ул. Раменки, 5, корп. 1, Москва;8vip.ru;55.693 37.495;beauty
Babor, институт красоты;+7 (495) 150-09-01;+7 (916) 500-98-63;Мосфильмовская ул., 88, корп. 2, стр. 7, Москва;babor-mosfilm.ru , gifts.babor-mosfilm.ru;55.705 37.496;beauty
Mone, салон красоты;;+7 (909) 936-30-20;ул. Столетова, 19, Москва;salonmone.ru;55.702 37.496;beauty
Салон красоты Profus;;+7 (985) 789-57-89, +7 (904) 567-64-06;ул. Столетова, 19, Москва;profus-msk.ru;55.702 37.497;beauty
Make Me Up;+7 (499) 283-70-19;+7 (929) 587-71-76, +7 (926) 609-49-09, +7 (926) 285-11-84, +7 (929) 554-26-18;Мичуринский просп., 34, Москва;makemeup.one , makemeup-salon.ru;55.698 37.498;beauty
Ла Стелла, студия красоты;+7 (499) 714-03-33;+7 (901) 184-03-33, +7 (966) 352-05-05, +7 (977) 111-44-10;ул. Столетова, 15, Москва;la-stella.ru;55.703 37.499;beauty
Beauty stop, салон красоты;;+7 (905) 715-57-06;ул. Столетова, 7, Москва;bstops.ru;55.704 37.503;beauty
Plp, студия красоты;+7 (495) 123-69-69;+7 (967) 124-69-69;ул. Столетова, 7, Москва;;55.704 37.503;beauty
Безе, студия красоты;;+7 (985) 007-99-95;ул. Столетова, 7, Москва;studiabeze.ru;55.705 37.503;beauty
Novolaser, клиника эпиляции;;+7 (977) 122-68-25;Мичуринский просп., 16, Москва;novolazer.ru;55.703 37.506;beauty
Look&beauty lab, салон красоты;;+7 (985) 278-93-87;Мичуринский просп., 16, Москва;zoon.ru , lookbeautylab.ru;55.703 37.506;beauty
Манон;+7 (495) 664-90-20;;ул. Столетова, 17, Москва;salon-manon.ru;55.702 37.499;beauty
ДмитрийМагин&Kristi;+7 (495) 932-75-39;;Мичуринский просп., 29, Москва;maginstudio.ru;55.696 37.499;beauty
Brow & lash by Djulia;;+7 (980) 697-71-63;Мичуринский просп., вл27, Москва;brow-lash-by-djulia.ru;55.697 37.500;beauty
Ваш Выбор;;+7 (977) 308-77-33;Мичуринский просп., 37, Москва;vash-vybor.moscow.tilda.ws;55.692 37.501;beauty
Body s club;+7 (495) 410-00-34, +7 (495) 859-22-09, +7 (495) 410-00-24;+7 (985) 410-00-34, +7 (904) 567-90-64;Мичуринский просп., 26, Москва;body-s.club;55.701 37.502;beauty
ЛоваЛова;;+7 (999) 838-81-11;Мичуринский просп., 25, корп. 3, Москва;lovadelova.wixsite.com;55.696 37.503;beauty
Блеск, салон красоты;;+7 (925) 514-60-43;Мичуринский просп., 25, корп. 1, Москва;bleck-salon.ru;55.697 37.503;beauty
Центр коррекции фигуры Инны Божинской;;+7 (999) 915-15-40;Мичуринский просп., 21, корп. 3, Москва;inna-bozhinskaya.ru;55.698 37.503;beauty
Lak lab nails&beauty, ногтевая студия;;+7 (995) 505-04-42;Мичуринский просп., 21, корп. 4, Москва;laklab.ru;55.699 37.505;beauty
Абрикосик;+7 (499) 321-31-66;;Мичуринский просп., 21, корп. 2, Москва;abrikosik.ru;55.700 37.505;beauty
Hey Honey Beauty Bar;;+7 (925) 103-07-97, +7 (999) 444-57-03;Мичуринский просп., 16, Москва;heyhoneybeautybar.clients.site;55.703 37.506;beauty
М-азур, клиника косметологии;+7 (495) 233-12-40;+7 (904) 568-07-72, +7 (985) 233-12-40;Мичуринский просп., 7, Москва;m-azurclinic.ru;55.703 37.511;beauty
Сеть студий маникюра Лены Лениной;;+7 (968) 461-32-57;просп. Вернадского, 6, Москва;llmanikur.ru , clck.ru;55.692 37.529;beauty
Точка красоты, салоны красоты;;+7 (965) 105-83-05;просп. Вернадского, 6, Москва;tochkafamily.ru;55.692 37.529;beauty
Релаксия;;+7 (930) 333-65-14, +7 (925) 242-77-26, +7 (936) 274-24-60;Ломоносовский просп., 29, корп. 3, Москва;relaksija.clients.site , relaxia.studio;55.705 37.515;beauty
J`adore Nari, студия красоты;+7 (499) 558-00-30, +7 (495) 669-95-08;+7 (904) 568-18-90;Ломоносовский просп., 29, корп. 2, Москва;jadorenari.ru;55.702 37.515;beauty
Riso, салон красоты;;+7 (977) 858-09-92;Ломоносовский просп., 29, корп. 2, Москва;riso.clients.site;55.702 37.515;beauty
Фен dry bar, салон укладки волос;;+7 (985) 761-32-78;Ломоносовский просп., 29, корп. 3, Москва;fendrybar.ru;55.704 37.515;beauty
Mr.KG, барбершоп;+7 (495) 642-37-31;+7 (967) 501-14-67, +7 (991) 222-85-16, +7 (987) 387-11-90, +7 (929) 663-29-66;Ломоносовский просп., 25, корп. 5, Москва;mr-kg.ru , seeyour.info;55.693 37.530;beauty
Классика стиля;+7 (495) 939-17-05;;1, Западный административный округ, район Раменки, микрорайон Ленинские Горы, Москва;;55.704 37.530;beauty
Selfie nail&beauty club, центр красоты;+7 (495) 120-49-94, +7 (495) 120-00-92;+7 (919) 100-64-66, +7 (985) 634-17-02;Ломоносовский просп., 25, корп. 5, Москва;selfiebeauty.ru;55.692 37.531;beauty
Unique Line;;+7 (904) 568-04-18;Ломоносовский просп., 25, корп. 1, Москва;unique-line.ru;55.694 37.532;beauty
Центр красоты Liu;;+7 (999) 988-89-96;Молодёжная ул., 5, Москва;;55.694 37.544;beauty
Volifert studio, салон красоты;+7 (495) 507-70-35;+7 (925) 507-70-35;ул. Фотиевой, 3, Москва;volifert.ru;55.701 37.564;beauty
Студия Павла Лагунова;+7 (495) 997-25-52;+7 (985) 997-25-52;Ленинский просп., 52, Москва;lagunovstudio.ru;55.699 37.563;beauty
Withlove, студия красоты;;+7 (916) 250-02-24;ул. Академика Зелинского, 6, Москва;withlovesn.ru;55.705 37.572;beauty
Вероника, студия красоты;+7 (499) 135-32-32;+7 (916) 391-38-45;Ленинский просп., 43, Москва;salon-veronika.ru;55.705 37.577;beauty
Renommee, салон красоты;+7 (499) 938-40-37, +7 (499) 126-41-66;+7 (901) 368-38-68, +7 (910) 475-82-10;просп. 60-летия Октября, 19, Москва;salon-renommee.ru;55.694 37.578;beauty
Sun&City, лаборатория красоты;+7 (499) 242-83-07, +7 (499) 137-69-18, +7 (499) 253-87-87, +7 (495) 585-79-99;+7 (926) 935-87-87, +7 (925) 713-05-51, +7 (925) 755-59-69, +7 (925) 665-24-32, +7 (926) 903-87-80;ул. Косыгина, 5, Москва;sunicity.ru;55.707 37.572;beauty
Topgun, барбершоп;;+7 (925) 140-64-44;ул. Вавилова, 17, Москва;topgun.ru;55.701 37.580;beauty
We nail you, ногтевая студия;;+7 (966) 666-45-02, +7 (965) 408-88-06;ул. Вавилова, 17А, Москва;;55.701 37.580;beauty
Твой стилист, салон красоты;;+7 (904) 567-60-03, +7 (980) 697-78-30, +7 (909) 688-65-80;Ленинский просп., 32, Москва;9096886580.ru;55.710 37.581;beauty
Гаврош, студия красоты;+7 (499) 135-42-49;;Ленинский просп., 39/1, Москва;salongavrosh.com;55.707 37.582;beauty
Ногтевая студия Avalanj;;+7 (904) 567-67-40;Ленинский просп., 39/1, Москва;zoon.ru , avalanj.ru;55.707 37.582;beauty
Top Gloss;;+7 (916) 555-44-33;ул. Вавилова, 11, стр. 2, Москва;zoon.ru , top-gloss.ru;55.704 37.584;beauty
Кабинет Лазерной Эпиляции;;+7 (906) 774-02-02;Ленинский просп., 37А, Москва;;55.709 37.587;beauty
Стрижка;;+7 (916) 495-58-38;Ленинский просп., 37А, Москва;strigka.com;55.709 37.587;beauty
Клуб красоты Олега Соловьева;;+7 (925) 793-71-37;ул. Вавилова, 2/1, Москва;;55.710 37.591;beauty
Женский салон красоты Sevil;;+7 (964) 597-19-99;ул. Вавилова, 4, Москва;zoon.ru , sevil-centr.ru;55.709 37.589;beauty
Dpsp Studio;;+7 (968) 890-84-48, +7 (926) 876-49-51, +7 (939) 111-74-52;ул. Вавилова, 2/1, Москва;;55.710 37.590;beauty
Сеть студий маникюра Лены Лениной;;+7 (968) 461-37-90;ул. Вавилова, 3, Москва;llmanikur.ru , clck.ru;55.706 37.592;beauty
Точка красоты, салоны красоты;+7 (495) 926-75-25;;ул. Вавилова, 3, Москва;tochkafamily.ru;55.706 37.594;beauty
Wigstyle, салон париков и макияжа;;+7 (926) 111-42-66, +7 (985) 216-00-17, +7 (903) 254-99-88;ул. Орджоникидзе, 11, стр. 8, Москва;wigstyle.ru;55.709 37.593;beauty
Sorbetto, салон красоты;+7 (499) 325-51-62;;2-й Донской пр., 10, стр. 2, Москва;moskvichka-salon.ru;55.711 37.594;beauty
Eselevich studio, центр красоты и косметологии;+7 (383) 312-18-62, +7 (495) 128-35-42, +7 (499) 938-76-44, +7 (495) 128-35-85;+7 (913) 912-38-77, +7 (916) 838-99-68, +7 (961) 877-93-58;3-й Донской пр., 1, Москва;eselevich.com , nsk.eselevich.com , dzen.ru;55.711 37.600;beauty
Natascha. brows;;+7 (925) 594-17-27, +7 (991) 223-60-80;ул. Орджоникидзе, 7, Москва;;55.710 37.600;beauty
Школа-студия маникюра Kralya Style;;+7 (904) 568-19-33;5-й Донской пр., 15, Москва;zoon.ru , kralya-style.ru;55.707 37.599;beauty
Profit & beauty, салон красоты;;+7 (966) 099-56-79;Загородное ш., 8, корп. 2, Москва;profitbeauty.ru;55.694 37.603;beauty
Луна Концепт;+7 (495) 647-99-19;+7 (985) 759-59-07;ул. Орджоникидзе, 1, Москва;lunaconcept.ru;55.711 37.605;beauty
Стрикси, японская парикмахерская;;+7 (916) 217-78-87;Загородное ш., 6, корп. 1, Москва;striksi.ru;55.694 37.606;beauty
Real Beauty;;+7 (919) 999-97-38;Загородное ш., 4, корп. 2, Москва, Россия;realbeauty.studio;55.695 37.608;beauty
Wishes beauty studio, салон красоты;+7 (495) 633-05-00, +7 (495) 633-00-90;+7 (965) 170-56-16, +7 (910) 477-66-22;Загородное ш., 9, корп. 3, Москва;tilda.cc , wishesbeauty.ru;55.694 37.608;beauty
Medwell, СПА-центр;+7 (495) 374-84-53;+7 (926) 906-43-12, +7 (925) 200-96-19;ул. Серпуховский Вал, 9, Москва;medwellness.ru;55.711 37.615;beauty
Beauty studio Инны Морозовой, студия красоты;;+7 (985) 218-82-10, +7 (939) 999-87-14;Духовской пер., 17, стр. 12, Москва;beautymorozovamoscow.ru;55.705 37.614;beauty
Студия по реконструкции волос Кристины Токиной;;+7 (929) 533-63-34, +7 (985) 486-63-75, +7 (985) 070-82-35;Духовской пер., 17, стр. 10, Москва;;55.704 37.614;beauty
Лас Волос;;+7 (903) 123-33-13;Духовской пер., 17, стр. 10, Москва;;55.704 37.615;beauty
Queens Hair Moscow;;+7 (966) 123-37-73;Духовской пер., 17, стр. 3, Москва;;55.704 37.615;beauty
Studio av, салон красоты;;+7 (909) 910-09-29;Духовской пер., 17, стр. 11, Москва;studio-av.ru;55.704 37.615;beauty
Пижонъ, барбершоп;;+7 (905) 545-25-25;6-й Рощинский пр., 1, Москва;pizons.ru;55.709 37.616;beauty
PerfectLine, студия;+7 (495) 266-68-38;+7 (919) 722-98-43;Малая Тульская ул., 16, Москва;pm-msk.ru;55.707 37.617;beauty
New look, студия;;+7 (985) 241-13-33, +7 (985) 242-64-64;Малая Тульская ул., 16, Москва;newlook-studio.ru;55.708 37.617;beauty
Especial_one;;+7 (993) 333-35-30;Духовской пер., 17, Москва, Россия;especial-one.ru;55.704 37.616;beauty
KrisHairs, студия наращивания волос;;+7 (903) 674-55-50;Духовской пер., 17, стр. 15, Москва;krishairs.ru;55.704 37.616;beauty
Went Well;;+7 (916) 282-50-01;Духовской пер., 17, Москва;b672498.yclients.com;55.704 37.616;beauty
The kudri club, салон красоты;;+7 (965) 385-90-09;Духовской пер., 17, стр. 1, Москва;kudryclub.taplink.ws;55.704 37.616;beauty
Plum, салон красоты;+7 (495) 044-80-00;+7 (926) 000-19-02, +7 (925) 900-07-66, +7 (916) 922-05-55;Духовской пер., 17, стр. 16, Москва;plum-moscow.ru;55.705 37.617;beauty
Face Aesthetic;;+7 (925) 371-12-88;Малая Тульская ул., 16, Москва;lichnyj-kosmetolog.ru;55.707 37.617;beauty
Sarafansalon;;+7 (925) 420-32-19;Большая Тульская ул., 10, стр. 4, Москва;;55.707 37.620;beauty
Грива, студия красоты;;+7 (926) 192-51-68, +7 (926) 404-02-93, +7 (926) 137-55-36, +7 (925) 153-47-06;Большая Тульская ул., 46, Москва;greeva.store , greeva.ru;55.705 37.621;beauty
Mone, салон красоты;+7 (499) 702-59-62;;Большая Тульская ул., 13, Москва;moneprofessional.ru , salonmone.ru;55.708 37.622;beauty
Сеть студий маникюра Лены Лениной;;+7 (903) 117-40-16;Большая Тульская ул., 13, Москва;llmanikur.ru , clck.ru;55.709 37.622;beauty
Салон эстетического татуажа Валиды Мамедовой;+7 (812) 905-27-18;+7 (921) 905-27-18, +7 (926) 717-55-82;Варшавское ш., 5, Москва;face-art.ru , shop.face-art.ru;55.701 37.623;beauty
Paranoia nails;;+7 (901) 256-57-62;Варшавское ш., 11, Москва;paranoianails.ru;55.700 37.622;beauty
Студия Стихия;;+7 (905) 716-52-54, +7 (966) 360-28-58, +7 (969) 999-36-17;Гамсоновский пер., 2, стр. 1, Москва;art-lash.ru;55.708 37.625;beauty
IZInails;;+7 (929) 624-01-84, +7 (980) 359-51-88;Варшавское ш., 1А, Москва;;55.704 37.626;beauty
Nail Garden;;+7 (916) 453-29-93;Гамсоновский пер., 5, стр. 3, Москва;;55.708 37.627;beauty
Зеркала Тульская;;+7 (925) 637-03-01;Холодильный пер., 3, корп. 1, стр. 3, Москва;zerkalastudio.ru;55.709 37.627;beauty
Kinky hair, парикмахерский коворкинг;+7 (495) 988-45-56;+7 (926) 960-77-91;наб. Марка Шагала, 1, корп. 1, Москва;kinky-hair.ru;55.701 37.631;beauty
Ruby shine, центр красоты;;+7 (925) 277-88-99;ул. Архитектора Щусева, 1, Москва;ruby-shine.ru;55.700 37.636;beauty
4hands, ногтевая студия;;+7 (926) 586-81-11;Автозаводская ул., 18, Москва;4hands.ru;55.705 37.638;beauty
Точка красоты, салоны красоты;+7 (495) 204-19-59;+7 (925) 808-53-88;Автозаводская ул., 18, Москва;tochkafamily.ru;55.705 37.640;beauty
Golden Avenue beauty lounge, салон красоты;;+7 (939) 111-89-52, +7 (926) 033-03-00, +7 (925) 033-03-00;ул. Архитектора Щусева, 2, корп. 2, Москва;goldenavenue.ru;55.699 37.634;beauty
It-girls, салон красоты;;+7 (926) 049-16-20, +7 (924) 049-16-20, +7 (985) 996-40-40, +7 (999) 540-90-00;ул. Архитектора Щусева, 2, корп. 1, Москва;soundcloud.com , it-girls.ru;55.700 37.635;beauty
Chicago, салон красоты;;+7 (909) 970-44-49, +7 (963) 767-05-97;ул. Архитектора Щусева, 2, корп. 1, Москва;salonchicago.ru;55.700 37.635;beauty
Ava Studio, салон красоты;;+7 (968) 580-00-17;ул. Архитектора Щусева, 3, Москва;ava-studio-ulitsa-arhitektora-schuseva.clients.site;55.699 37.635;beauty
Local Beauty Studio Zilart;;+7 (915) 456-74-48;ул. Архитектора Щусева, 2, корп. 1, Москва;local-beauty.ru;55.700 37.636;beauty
Сеть студий маникюра Лены Лениной;;+7 (903) 545-26-23;Автозаводская ул., 18, Москва;llmanikur.ru , clck.ru;55.705 37.640;beauty
Beautybar lounge, салон красоты;;+7 (985) 055-22-19;Автозаводская ул., 18, Москва;beautybar-lounge.com;55.705 37.640;beauty
Студия Дарьи Соколовой;;+7 (965) 120-92-99, +7 (995) 120-72-99;Россия, Москва, парк Тюфелева роща;;55.696 37.640;beauty
Oops Пупс;+7 (495) 172-43-48;;Автозаводская ул., 18, Москва;oopspups.ru;55.705 37.642;beauty
Массаж - Визаж;;+7 (999) 667-06-96, +7 (926) 132-76-06;Автозаводская ул., 23Б, корп. 2, Москва;massagevisage.ru;55.700 37.650;beauty
InTrend;;+7 (906) 050-33-88;ул. Ленинская Слобода, 19, Москва;intrend-beauty.com;55.708 37.653;beauty
Sервис, салон красоты;;+7 (910) 415-06-30;ул. Ленинская Слобода, 19, Москва;servisestudio.ru;55.709 37.654;beauty
Сеть студий маникюра Лены Лениной;;+7 (968) 461-39-00;ул. Ленинская Слобода, 19, Москва;llmanikur.ru , clck.ru;55.709 37.654;beauty
Ничего лишнего, салон эпиляции;;+7 (901) 721-72-51;ул. Ленинская Слобода, 19, Москва;lishnego.net;55.709 37.654;beauty
Poosh nail bar, студия маникюра;;+7 (985) 505-57-80;Автозаводская ул., 13/1, Москва;pooshnailbar.ru;55.705 37.656;beauty
Krasa Room, салон красоты;;+7 (958) 832-74-57;Автозаводская ул., 17, корп. 3, Москва;krasaroom.ru;55.704 37.655;beauty
Студия коррекции фигуры Juliya Rose;;+7 (904) 567-85-37, +7 (962) 932-98-76;Автозаводская ул., 13/1, Москва;juliyarosse.ru;55.706 37.657;beauty
Салон-парикмахерская Marina;;+7 (926) 818-37-29, +7 (915) 133-43-38;ул. Мастеркова, 8, Москва;;55.707 37.657;beauty
Маникюрофф, сеть студий красоты;;+7 (985) 765-84-37, +7 (964) 703-19-97, +7 (969) 123-44-77, +7 (968) 937-39-39, +7 (915) 227-70-99, +7 (916) 134-66-65, +7 (965) 412-34-77, +7 (968) 738-98-17, +7 (916) 816-87-77;1-й Автозаводский пр., 4, корп. 1, Москва;mymanikuroff.ru , widget.sonline.su;55.704 37.657;beauty
Kamili Nails, сеть студий красоты;;+7 (964) 641-46-45;ул. Мастеркова, 3, Москва;kamilinails.ru;55.708 37.659;beauty
Воображуля, семейная парикмахерская;+7 (499) 340-43-98;;7-я Кожуховская ул., 9, Москва;msk.voobrajulya.ru;55.711 37.676;beauty
Цирюльникъ, салон красоты;;+7 (925) 574-77-97;Южнопортовая ул., 18, Москва;salon-hair.ru , cirulnik.com;55.707 37.685;beauty
Old chaps, барбершоп;;+7 (965) 311-17-38;Южнопортовая ул., 18, Москва;barbershop-old-chaps.clients.site;55.706 37.685;beauty
IStyle;;+7 (916) 733-53-63;Южнопортовая ул., 5, стр. 1, Москва;;55.708 37.689;beauty
Ласкарис, салон красоты;+7 (495) 354-65-50;+7 (915) 286-55-31, +7 (915) 208-96-49;ул. Гурьянова, 2, корп. 3, Москва;;55.695 37.720;beauty
Салон Красоты;;+7 (915) 012-21-44, +7 (968) 361-00-00;Волгоградский просп., 42, корп. 15, Москва;;55.704 37.723;beauty
Golmar;;+7 (967) 108-92-71;Люблинская ул., 4, корп. 1А, Москва;zoon.ru , golmar-salon.ru;55.709 37.732;beauty
Тет-а-тет, салон красоты;+7 (495) 709-65-41;+7 (965) 404-09-80;Люблинская ул., 39/2, Москва;tet-atet.com;55.695 37.735;beauty
MonAmi, студия красоты;;+7 (926) 347-46-78, +7 (985) 818-50-81;8-я ул. Текстильщиков, 9, Москва;salon-krasoty-monami.clients.site , dikidi.online;55.704 37.743;beauty
Салон красоты Lady & Miss;;+7 (925) 718-11-26;Люблинская ул., 17, корп. 3, Москва;zoon.ru , lady-miss.ru;55.704 37.734;beauty
Keratinka;;+7 (925) 831-87-35;Люблинская ул., 17, корп. 3, Москва;;55.704 37.735;beauty
Москвичка-студио;+7 (495) 709-57-78;+7 (925) 717-62-33;ул. Артюхиной, 2, Москва;besthelpmsk.com;55.704 37.736;beauty
Ssk;+7 (499) 178-31-83;;1-я ул. Текстильщиков, 10, Москва;;55.701 37.737;beauty
Provocateur;+7 (499) 178-39-70, +7 (499) 137-87-72;;ул. Юных Ленинцев, 14/16к1, Москва;provocateurstyle.ru;55.700 37.742;beauty
Ламе;+7 (495) 201-25-51, +7 (495) 118-36-68;;ул. Шкулёва, 9, корп. 2, Москва;lame-salon.ru;55.693 37.743;beauty
Студия маникюра маникюр;;+7 (966) 078-33-77;ул. Малышева, 24, Москва;маникюр.su;55.696 37.743;beauty
Стрикси, японская парикмахерская;;+7 (977) 917-51-57;8-я ул. Текстильщиков, 11, стр. 2, Москва;striksi.ru;55.703 37.744;beauty
Britva, барбершоп;;+7 (985) 110-69-99;8-я ул. Текстильщиков, 15, Москва;tekstilschiki.britvabarber.ru , britvabarber.ru;55.703 37.746;beauty
Шармель, салон красоты;+7 (495) 971-30-35;+7 (901) 547-80-35, +7 (926) 310-03-37;7-я ул. Текстильщиков, 1, Москва;salonsharmel.ru;55.700 37.747;beauty
Маникюро Мания;;+7 (904) 567-64-09, +7 (904) 567-62-83;к2, Юго-Восточный административный округ, район Текстильщики, Волжский Бульвар 95-й квартал, Москва;zoon.ru , manikyuro-maniya.ru;55.711 37.748;beauty
BarbieShop, салон красоты;+7 (499) 179-56-24;+7 (926) 276-68-42;Волжский бул., 44, Москва;barbieshopbeauty.ru;55.699 37.751;beauty
Фешн Студио Лео;+7 (499) 742-36-07;+7 (903) 532-72-95;Волжский бул., 29, корп. 1, Москва;fashionleo.ru;55.703 37.751;beauty
Te Amo Beauty studio;;+7 (991) 222-63-87;Волгоградский просп., 70, Москва;;55.706 37.759;beauty
Сеть студий маникюра Лены Лениной;;+7 (968) 461-38-89;Волгоградский просп., 119А, Москва;llmanikur.ru , clck.ru;55.706 37.765;beauty
Студия маникюра Елены Фукс;;+7 (939) 555-17-29;Волгоградский просп., 80/2к1, Москва;eleny-fuks-kuzminki.ru , zoon.ru;55.705 37.764;beauty
Кокетка;+7 (499) 742-44-80, +7 (495) 709-98-55;;Волгоградский просп., 123, корп. 1, Москва;koketkamsk.ru;55.706 37.768;beauty
Цирюльникъ, салон красоты;;+7 (905) 516-71-71;Зеленодольская ул., 33, корп. 1, стр. 2, Москва;salon-hair.ru , cirulnik.com;55.707 37.768;beauty
Студия красоты Bloom;;+7 (904) 567-69-06, +7 (991) 222-65-40;Волгоградский просп., 96, корп. 1, Москва;zoon.ru , bloom-centr.ru;55.704 37.772;beauty
Каравелла;;+7 (925) 755-97-19;ул. Юных Ленинцев, 87, стр. 1, Москва;;55.699 37.774;beauty
Wella Элиза, салон красоты;+7 (495) 789-75-62, +7 (495) 721-75-63;+7 (903) 589-75-62, +7 (903) 721-75-63;ул. Юных Ленинцев, 89, корп. 1, Москва;salon-eliza.ru;55.699 37.775;beauty
Floraison;;+7 (916) 978-19-91;Волгоградский просп., 106, корп. 1, Москва;;55.704 37.775;beauty
Виктория Стиль;;+7 (939) 555-67-82;Волгоградский просп., 106, корп. 1, Москва;;55.703 37.775;beauty
SVET SOFITOFF, салон красоты;;+7 (901) 515-95-70;ул. Фёдора Полетаева, 30, Москва;svetsofitoff.ru;55.708 37.785;beauty
ВМалине, студия красоты;;+7 (968) 048-70-00, +7 (905) 744-70-00;ул. Юных Ленинцев, 115, Москва;;55.698 37.786;beauty
Ssk;+7 (495) 378-05-10;;ул. Фёдора Полетаева, 32, корп. 1, Москва;;55.708 37.788;beauty
Aishe, студия красоты;;+7 (916) 928-20-20, +7 (916) 875-78-26;Ферганская ул., 14/13, Москва;aishe.ru;55.707 37.810;beauty
Маристел;+7 (495) 372-26-36, +7 (495) 940-95-87, +7 (495) 476-42-09;;Ташкентская ул., 25, корп. 1, Москва;maristel-salon.ru;55.701 37.811;beauty
HOLIDAY kids, детская парикмахерская;;+7 (929) 900-03-77;Сормовская ул., 6, Москва;salonkids.ru;55.711 37.813;beauty
Ssk, салон красоты;+7 (495) 372-04-52;;Ташкентская ул., 12/20, Москва;;55.704 37.816;beauty
Мастерская настроения;;+7 (999) 974-09-03;Ташкентская ул., 19, Москва;мастерская-настроения.москва;55.702 37.814;beauty
Треви;+7 (495) 376-26-70, +7 (499) 938-50-28;;Ташкентская ул., 9, Москва;trevi.club;55.708 37.819;beauty
Аппаратная косметология Косино;+7 (495) 701-07-31, +7 (495) 266-44-05;+7 (909) 623-46-98;Россия, Московская область, Раменский городской округ, Бурцевский лес;salon-fantasia.ru;55.703 37.851;beauty
Фотоомоложение Косино;+7 (495) 260-90-83;;Россия, Москва, Юго-Восточный административный округ, район Выхино-Жулебино;salon-fantasia.ru;55.703 37.851;beauty
Цирюльникъ, салон красоты;;+7 (926) 922-29-90;Пронская ул., 2, Москва;salon-hair.ru , cirulnik.com;55.703 37.846;beauty
Ng beauty, салон красоты;+7 (495) 705-00-84;+7 (903) 012-96-35;Жулебинский бул., 14, Москва;beautyng.ru;55.697 37.852;beauty
Джоконда, клуб красоты и здоровья;+7 (495) 706-50-40;+7 (929) 648-50-40;Хвалынский бул., 2, Москва;gioconda-club.ru;55.700 37.852;beauty
InBeauty Space, студия красоты;;+7 (999) 675-00-95;Моршанская ул., 2, корп. 1, Москва;inbeauty.space;55.696 37.858;beauty
Супермен, барбершоп-парикмахерская;;+7 (915) 408-21-53;ул. Дмитриевского, 1, Москва;supermancut.ru , supermen-ulitsa-dmitrievskogo.clients.site;55.711 37.880;beauty
Дженни, салон красоты;+7 (495) 786-74-71, +7 (495) 772-43-16;+7 (925) 772-43-16;ул. Дмитриевского, 1, Москва;salon-jenny.ru;55.710 37.881;beauty
Green Apple, салон красоты;+7 (499) 502-29-83;+7 (925) 885-88-08;Святоозёрская ул., 32, Москва;salongreenapple.ru;55.711 37.896;beauty
Студия BrowstyleMoscow;;+7 (985) 641-51-38;ул. Дмитриевского, 23, Москва;land.browstylemoscow.ru;55.710 37.897;beauty
Ментол;;+7 (904) 567-68-95, +7 (904) 567-68-97;ул. Дмитриевского, 23, корп. 1, Москва;zoon.ru , mentol-salon.ru;55.711 37.897;beauty
Caramelica, студия красоты;;+7 (926) 988-75-40;Рождественская ул., 14, Москва;caramelica.ru;55.703 37.919;beauty
Фэнтези;;+7 (902) 469-46-80;просп. Защитников Москвы, 9, корп. 1, Москва;zoon.ru , fantasy-salon.ru;55.701 37.919;beauty
Декабрина, салон красоты;;+7 (925) 433-08-78;просп. Защитников Москвы, 13, Москва;dekabrina.ru;55.703 37.922;beauty
Prosto Lashes, студия наращивания ресниц;;+7 (977) 915-32-06;просп. Защитников Москвы, 12, Москва;prostoleh.ru;55.702 37.924;beauty
Nail studio by Liana Kasparova, студия красоты;;+7 (965) 427-45-25;просп. Защитников Москвы, 15, Москва;lknails.ru;55.704 37.924;beauty
Candy Skin, студия красоты;+7 (495) 743-97-52, +7 (891) 597-57-15;+7 (915) 197-57-15;ул. Ухтомского Ополчения, 4, Москва;candyskin.ru;55.700 37.925;beauty
Kylie, студия красоты;;+7 (958) 633-71-05;просп. Защитников Москвы, 14, Москва;;55.703 37.926;beauty
Asmi beauty, студия красоты;+7 (499) 398-52-15;+7 (925) 531-15-13;ул. Ухтомского Ополчения, 8, Москва;asmibeauty.ru;55.698 37.926;beauty
Follow Beauty Family, студия красоты;;+7 (999) 989-23-23, +7 (904) 567-63-29;ул. Ухтомского Ополчения, 3, Москва;follow-beauty.ru;55.700 37.927;beauty
Корни;+7 (499) 391-86-10;+7 (926) 086-71-94;ул. Ухтомского Ополчения, 8, Москва;;55.699 37.927;beauty
Look Moon, студия красоты;;+7 (995) 902-14-36, +7 (925) 822-77-98;Сочинская ул., 2, Москва;lookmoon.ru;55.708 37.927;beauty
Moxito, студия красоты;+7 (495) 290-92-27, +7 (499) 340-86-65;+7 (966) 155-74-77, +7 (901) 147-90-83;Рождественская ул., 32, Москва;moxito-beauty.tilda.ws , moxitobeauty.ru;55.702 37.927;beauty
Студия эпиляции Сахарный салон;;+7 (904) 567-80-66;ул. Льва Яшина, 7, Москва;zoon.ru , saharnyj-salon.ru;55.698 37.924;beauty
PmBeautylab;;+7 (926) 915-08-66;просп. Защитников Москвы, 12, Москва;;55.702 37.924;beauty
Клиника лазерной эпиляции и косметологии Lanvie;+7 (495) 789-08-85;+7 (958) 100-49-12, +7 (905) 780-90-57;ул. Льва Яшина, 5, корп. 3, Москва;lanvieclinic.ru;55.699 37.924;beauty
Парикмахерская 1 класса;+7 (181) 130-41-38;+7 (926) 053-35-67;Сочинская ул., 3, корп. 1, Москва;salon1c.ru , 1-klassa-salon.ru;55.708 37.926;beauty
Вау! Style;;+7 (926) 703-71-10, +7 (902) 469-69-41;Рождественская ул., 32, Москва;wowstyle.clients.site;55.701 37.927;beauty
Бьюти Студия Колос;;+7 (925) 073-02-66;Рождественская ул., 39, Москва;dikidi.net;55.700 37.928;beauty
Browlashes & jenяnails, студия красоты;;+7 (910) 436-30-31, +7 (904) 567-83-78;Рождественская ул., 39, Москва;;55.700 37.928;beauty
Ногтевая студия Nail Art;;+7 (904) 568-08-42, +7 (904) 568-25-74;Рождественская ул., 39, Москва;zoon.ru , nail-art-salon.ru;55.700 37.928;beauty
Natural Style;+7 (499) 674-02-16;;Покровская ул., 23, Москва;natural-style.ru;55.702 37.929;beauty
Hair box, студия красоты;;+7 (966) 205-71-32, +7 (985) 967-93-77;ул. Недорубова, 12, Москва;hairbox-nekrasovka.ru;55.701 37.934;beauty
Астэрия, центр красоты;;+7 (916) 654-64-00;Покровская ул., 12, Москва;asteriya-salon.ru , zoon.ru;55.699 37.938;beauty
Кисточки, студия красоты;;+7 (916) 494-69-48;ул. Вертолётчиков, 13, Москва;dikidi.online , beauty.dikidi.ru;55.704 37.940;beauty
Epillux;+7 (499) 350-97-28;+7 (999) 444-32-05;ул. Недорубова, 11, Москва;epillux.ru;55.702 37.933;beauty
Прядки в порядке, салон красоты;+7 (522) 332-76-75, +7 (478) 937-58-02;+7 (985) 776-66-45;ул. Недорубова, 18, корп. 3, Москва;webking.pro , pryadki.com , izh.pryadki.com , msk.pryadki.com , nekrasovka.pryadki.com;55.702 37.937;beauty
Салон красоты Star Lpg;;+7 (985) 369-98-22, +7 (915) 189-83-90;ул. Вертолётчиков, 5, корп. 1, Москва;starlpg.ru;55.701 37.939;beauty
Студия депиляции Velvet Epil;;+7 (904) 568-20-58;ул. Вертолётчиков, 5, корп. 1, Москва;velvet-epil.ru;55.701 37.939;beauty
Депиляция № 1;;+7 (901) 982-57-27;ул. Вертолётчиков, 5, корп. 1, Москва;;55.701 37.939;beauty
Гood look, студия красоты;+7 (495) 150-29-95;+7 (925) 108-08-93;ул. Вертолётчиков, 9, корп. 1, Москва;goodlookstudio.ru;55.702 37.940;beauty
Имидж-студия Viki;;+7 (904) 567-83-28;ул. Вертолётчиков, 7, корп. 1, Москва;zoon.ru , viki-centr.ru;55.701 37.940;beauty
Руки&Ноги, ногтевая студия;;+7 (999) 823-17-81;ул. Вертолётчиков, 4, корп. 1, Москва;rukinogi.clients.site , n559210.yclients.com;55.704 37.944;beauty
MaLe;;+7 (966) 097-09-77;ул. Вертолётчиков, 4, корп. 4, Москва;male-nails-studio.plp7.ru;55.704 37.946;beauty
Tatiana Braga;;+7 (985) 991-98-58;Беловежская ул., 17, корп. 2, Москва;tatiana-braga.clients.site , salon--krasoty.ru;55.714 37.396;beauty
Sofi beauty lounge;;+7 (922) 131-01-00;ул. Горбунова, 2, стр. 3, Москва, Россия;;55.726 37.400;beauty
Фитнес-клуб Фитнес Практика;+7 (495) 190-79-94, +7 (495) 641-69-69, +7 (495) 230-51-18;+7 (925) 162-44-41;ул. Толбухина, 10, корп. 3, Москва;praktika.fit;55.721 37.403;beauty
Студия Колористики Инны Юзюк;;+7 (925) 933-01-27, +7 (909) 911-10-88;Вяземская ул., 3, корп. 2, Москва;innaprofstilistmsk.taplink.ws;55.714 37.404;beauty
Lale, салон красоты;;+7 (916) 949-99-77, +7 (995) 577-63-68, +7 (915) 434-78-43;Можайское ш., 45, корп. 1, Москва;ns27.salonkr.ru;55.716 37.407;beauty
Милари, студия красоты;+7 (495) 971-13-33;+7 (901) 547-73-33, +7 (926) 692-14-68;Можайское ш., 45, корп. 2, Москва;;55.715 37.408;beauty
Semiramiss;;+7 (963) 769-93-80;Можайское ш., 23, Москва;semiramiss.ru;55.720 37.427;beauty
Салон красоты Надежда;;+7 (904) 567-49-06, +7 (904) 567-49-07;Кунцевская ул., 10, Москва;zoon.ru , nadezhda-salon.ru;55.731 37.412;beauty
Парикмахерская;+7 (495) 416-16-50;+7 (926) 837-31-28;Кунцевская ул., 10, Москва;seliverstova-salon.ru;55.731 37.412;beauty
Цирюльникъ, салон красоты;;+7 (925) 877-63-11;Можайское ш., 30, Москва;salon-hair.ru , cirulnik.com;55.720 37.420;beauty
Barbara, студия красоты;;+7 (925) 049-78-86;Можайское ш., 23, Москва;;55.720 37.427;beauty
Точка красоты, салоны красоты;;+7 (926) 885-00-50;Можайское ш., 31, корп. 1, Москва;tochkafamily.ru;55.719 37.420;beauty
Gamma;;+7 (925) 886-00-74, +7 (904) 567-73-88;Можайское ш., 31, корп. 1, Москва;gammasalon.ru;55.718 37.420;beauty
Brooklyn beauty bar, салон красоты;+7 (495) 150-41-63;+7 (916) 309-35-27;Гвардейская ул., 17, корп. 1, Москва;brooklyn.moscow;55.725 37.423;beauty
Bacca Bianca, студия красоты;+7 (495) 724-99-33, +7 (495) 790-88-77;;Рябиновая ул., 3, корп. 3, Москва;baccabianca.ru;55.718 37.425;beauty
Nice Nails & Brows studio;+7 (499) 113-02-57;+7 (926) 477-55-97;Рябиновая ул., 3, корп. 3, Москва;meconnect.ru , nnb-studio.ru;55.718 37.425;beauty
Mone, салон красоты;+7 (495) 440-61-57, +7 (499) 702-59-80;;Гжатская ул., 5, корп. 6, Москва;salonmone.ru;55.715 37.434;beauty
Vogue estetic, центр красоты и косметологии;+7 (495) 999-02-03;;Гжатская ул., 5, корп. 6, Москва;;55.715 37.435;beauty
Стильная Штучка;;+7 (991) 030-55-84;Сафоновская ул., 17, Москва;salonsferakrasoty.ru;55.723 37.438;beauty
ЦирюльникЪ;+7 (495) 443-32-29;+7 (926) 555-22-86;Можайское ш., 3/1, Москва;salon-hair.ru;55.722 37.445;beauty
Aspecto, салон красоты;+7 (495) 410-22-55;+7 (985) 410-22-55;Рублёвское ш., 11, корп. 2, Москва;aspecto.beauty;55.730 37.450;beauty
ИнтерЛик;+7 (499) 445-48-43, +7 (499) 445-48-89, +7 (499) 445-45-88;+7 (985) 970-94-23;ул. Артамонова, 16, корп. 1, Москва;interlik-salon.ru;55.719 37.454;beauty
Летта-к, салон красоты;+7 (499) 144-17-02;+7 (926) 855-90-56;ул. Герасима Курина, 44, корп. 1, Москва;salon-letta.ru;55.731 37.462;beauty
Жаклин-франческа, салон красоты;+7 (495) 228-54-93, +7 (499) 445-40-56;+7 (905) 737-45-45;Славянский бул., 15, Москва;jf-salon.ru;55.725 37.462;beauty
City Style, салон красоты;+7 (499) 445-18-03, +7 (499) 445-18-01;+7 (925) 722-92-11;Кременчугская ул., 3, корп. 2, Москва;gorodstile.ru;55.724 37.463;beauty
Студия красоты Анна Синенко;+7 (495) 233-65-63;+7 (985) 233-65-63;Славянский бул., 9, корп. 1, Москва;widget.sonline.su;55.726 37.468;beauty
Аппаратная косметология Перфект Боди;;+7 (916) 298-27-48;Староволынская ул., 12, корп. 5, Москва;pbody.ru;55.715 37.479;beauty
Etalon lashes, студия;;+7 (977) 893-63-07;ул. Герасима Курина, 16, Москва;;55.731 37.472;beauty
Dry&go, бар укладок и макияжа;;+7 (968) 972-18-18;Кутузовский просп., 57, Москва;drygo.ru;55.728 37.476;beauty
Сеть студий маникюра Лены Лениной;;+7 (903) 544-87-40;Кутузовский просп., 57, Москва;llmanikur.ru , clck.ru;55.728 37.477;beauty
TopFaces, студия;;+7 (926) 329-49-90;Давыдковская ул., 3, Москва;top-faces.ru;55.727 37.480;beauty
Aldo coppola, салон красоты;+7 (495) 775-96-97, +7 (495) 661-11-77;;Кутузовский просп., 48, Москва;aldocoppola.ru;55.732 37.486;beauty
Студия 7;+7 (499) 943-85-80, +7 (495) 774-10-14, +7 (499) 445-01-95, +7 (499) 198-20-85, +7 (499) 195-43-10;+7 (915) 133-86-84, +7 (916) 318-54-50;Славянский бул., 3, Москва;salon-studio7.ru;55.727 37.474;beauty
Shatu, салон красоты;+7 (499) 272-00-24;+7 (903) 250-02-40;Нежинская ул., 1, корп. 4, Москва;shatusalon.ru;55.718 37.477;beauty
Салон красоты Edel’;+7 (495) 936-96-95;+7 (926) 233-48-51, +7 (931) 992-24-20;Давыдковская ул., 3, стр. 2, Москва;zoon.ru;55.726 37.481;beauty
Студия татуажа Юлии Кукла;;+7 (916) 888-31-78, +7 (917) 598-84-83;Минская ул., 1Г, корп. 4, Москва;permanent-495.ru;55.712 37.500;beauty
Thai-SPA 7 красок, сеть тайских SPA салонов;+7 (495) 780-89-57;+7 (925) 001-60-36;Минская ул., 1Г, корп. 1, Москва;;55.713 37.500;beauty
Центр наращивания ресниц № 1;;+7 (925) 002-60-04;Минская ул., 1Г, корп. 4, Москва;centreyelashes.ru;55.713 37.501;beauty
СпАКлуб;+7 (495) 649-98-89, +7 (495) 645-87-56;+7 (926) 742-89-70;Минская ул., 1Г, корп. 1, Москва;akspa.ru;55.713 37.501;beauty
Fresh & Art, имидж-студия;+7 (495) 969-60-39;;Минская ул., 1Г, корп. 4, Москва;freshartmoscow.ru;55.712 37.501;beauty
Академия Сол;;+7 (995) 115-22-69, +7 (995) 115-22-60;Минская ул., 1Г, корп. 1, Москва;;55.713 37.501;beauty
Express Nails;+7 (499) 283-43-64;;Мосфильмовская ул., 70, корп. 7, Москва;expressnails.ru;55.717 37.509;beauty
Орбели, салон красоты;+7 (499) 899-94-56;+7 (903) 249-60-88;ул. Довженко, 6, Москва;orbeli.clients.site;55.723 37.515;beauty
Универбьюти, парикмахерская;+7 (499) 143-38-64;+7 (925) 880-70-58;Университетский просп., 19, Москва;univerbeauty.ru;55.714 37.522;beauty
Салон красоты Jp;+7 (499) 147-29-29, +7 (495) 728-84-53, +7 (495) 641-51-94;+7 (904) 567-47-91, +7 (904) 567-47-93;ул. Пырьева, 9, корп. 2, Москва;zoon.ru , jp-salon.ru , jp-beauty.ru;55.727 37.524;beauty
Giraffe, ногтевая студия;;+7 (925) 546-05-61;ул. Пудовкина, 5, Москва;n55236.yclients.com;55.727 37.531;beauty
Код де ботэ;+7 (495) 120-95-55, +7 (499) 499-95-50;;Мосфильмовская ул., 8, корп. 3, Москва;code-de-beaute.ru;55.723 37.527;beauty
Wlosk маникюр депиляция солярий;;+7 (925) 218-42-42;Усачёва ул., 62, стр. 1, Москва;wlosk.com;55.725 37.562;beauty
Barberia - Мужская Территория;+7 (495) 120-55-25, +7 (495) 120-13-04;;Усачёва ул., 26, Москва;;55.727 37.567;beauty
Pilki маникюр и педикюр;;+7 (925) 623-32-15;ул. Доватора, 6/6к8, Москва;wlosk.com , nspilki.ru;55.724 37.569;beauty
Велина;+7 (499) 245-90-95;;ул. Доватора, 4/7, Москва;;55.725 37.570;beauty
Roots, территория здоровых волос;+7 (499) 444-17-19;+7 (926) 034-17-15;Усачёва ул., 11Б, Москва;rootshair.ru;55.728 37.572;beauty
Компания, мужская парикмахерская;+7 (499) 245-15-40;;3-я Фрунзенская ул., 9, Москва;menscompany.ru;55.722 37.576;beauty
K_studio;+7 (495) 782-65-40;;Усачёва ул., 10, стр. 1, Москва;;55.729 37.571;beauty
U1 Beauty Studio;;+7 (999) 444-60-43, +7 (965) 211-55-11;Усачёва ул., 11Д, Москва;u1-beauty-studio.clients.site , b509974.yclients.com;55.727 37.572;beauty
Espace De Beaute’;+7 (499) 130-37-49;+7 (904) 567-53-28;ул. Хамовнический Вал, 16, Москва;espacedb.com;55.718 37.573;beauty
Cuteme, салон красоты;+7 (495) 118-31-46, +7 (495) 920-02-21;;Комсомольский просп., 42, стр. 1, Москва;cuteme.ru;55.721 37.573;beauty
Must by Look;;+7 (969) 088-39-23, +7 (964) 525-36-18;ул. Ефремова, 10с1к4/6, Москва;n412330.yclients.com;55.726 37.573;beauty
Wellness beauty club;;+7 (916) 274-00-24;Комсомольский просп., 41, Москва;wellness-beauty.club;55.721 37.575;beauty
Jean Louis David, салон красоты;+7 (499) 245-90-45;+7 (925) 246-85-10;Комсомольский просп., 38/16, Москва;n835191.yclients.com , jeanlouisdavid.ru;55.723 37.576;beauty
Шевелюр;+7 (499) 402-90-50;;Комсомольский просп., 36, Москва;project5447528.tilda.ws;55.724 37.576;beauty
Selfie nail&beauty club, центр красоты;+7 (495) 120-00-90;+7 (925) 527-74-68, +7 (985) 279-42-38, +7 (925) 975-12-44;Комсомольский просп., 28, Москва;selfiebeauty.ru;55.727 37.581;beauty
Сил Бьюти, салон красоты и СПА;+7 (495) 230-28-07;+7 (925) 544-11-13;Трубецкая ул., 28, стр. 1, Москва;sil-beauty.ru;55.727 37.577;beauty
Margo. nails77;;+7 (977) 000-00-35;Оболенский пер., 9А, Москва;margo-nails77.clients.site;55.731 37.579;beauty
Сеть студий маникюра Лены Лениной;;+7 (916) 090-93-94;Комсомольский просп., 24, стр. 1, Москва;llmanikur.ru , clck.ru;55.728 37.580;beauty
Fleur;;+7 (995) 921-22-74;Комсомольский просп., 23/7к2, Москва;;55.726 37.584;beauty
Oro Studio;+7 (499) 246-78-29;+7 (985) 768-88-99;Языковский пер., 5, корп. 6, Москва;oro-studio.ru;55.732 37.584;beauty
Wax & Go;+7 (495) 118-33-12, +7 (495) 260-04-04;+7 (967) 279-00-34;Комсомольский просп., 23/7, Москва;waxandgo.ru;55.727 37.584;beauty
Prive7;+7 (495) 640-97-77, +7 (8612) 07-07-74, +7 (862) 444-03-77;+7 (929) 917-55-18, +7 (963) 787-17-17, +7 (988) 700-08-77, +7 (991) 355-75-75, +7 (969) 347-34-47, +7 (999) 066-44-02;Фрунзенская наб., 24, Москва;prive7.com;55.725 37.587;beauty
Fedua Хамовники;;+7 (985) 501-97-25;Комсомольский просп., 14/1к1, Москва;7free.ru;55.731 37.589;beauty
Дабл Бьюти;+7 (499) 938-53-25, +7 (499) 325-56-21;+7 (967) 210-72-27;Комсомольский просп., 14/1к1, Москва;double-beauty-komsomolskij-prospekt.clients.site;55.731 37.589;beauty
Салон красоты Орион;+7 (499) 245-07-11, +7 (499) 938-40-46;;Комсомольский просп., 14/1к2, Москва;2450711.ru;55.731 37.590;beauty
Микроблейдинг на Ленинском;+7 (495) 997-92-60;;Ленинский просп., 2А, Москва;microblading-24.ru;55.729 37.611;beauty
Top Style, салон красоты;+7 (495) 506-75-21;+7 (925) 506-75-21;Ленинский просп., 23, Москва;;55.717 37.596;beauty
N.A.I.L.S Russia, ногтевая студия;+7 (495) 540-57-77, +7 (495) 646-02-82, +7 (495) 120-88-83;+7 (929) 517-07-51, +7 (925) 574-83-80, +7 (926) 208-67-69, +7 (919) 103-05-85;Ленинский просп., 15А, Москва;nails-russia.com;55.721 37.601;beauty
mediSPA BIOSFERA, SPA-центр;+7 (495) 620-48-68, +7 (499) 938-60-29, +7 (495) 690-91-12, +7 (499) 955-56-86;;Малая Калужская ул., 15, стр. 4, Москва;biosfera-club.ru , spa-bio.ru;55.718 37.598;beauty
Tvoя beauty studio, студия красоты;;+7 (969) 113-55-77, +7 (931) 106-32-70;Ленинский просп., 9, Москва;tvoyastudio.ru;55.724 37.605;beauty
Леди Shine, салон красоты;+7 (495) 954-47-84;+7 (985) 631-89-79, +7 (966) 888-09-76, +7 (916) 111-41-47;ул. Шаболовка, 52, Москва;sanata-s.ru;55.713 37.606;beauty
Точка красоты, салоны красоты;;+7 (926) 571-49-22;ул. Шаболовка, 38, Москва;tochkafamily.ru;55.717 37.607;beauty
Nails Viktoria Vogue, студия маникюра;;+7 (909) 668-99-88, +7 (939) 111-89-70;Ленинский просп., 3, Москва;;55.727 37.609;beauty
Ts-studio, студия ногтевого сервиса;;+7 (925) 720-82-72;ул. Серпуховский Вал, 28, Москва;ts-studio.su;55.712 37.609;beauty
Kitya nails studio;;+7 (930) 304-49-98;Донская ул., 8, Москва;;55.723 37.607;beauty
MaySee Beauty Salon;+7 (499) 230-27-32;;Ленинский просп., 6, стр. 3, Москва;sk266.skrst.ru;55.726 37.607;beauty
Studio 84;+7 (495) 748-84-08;+7 (925) 224-89-08;ул. Шаболовка, 22, Москва;studio-84.ru;55.721 37.609;beauty
The glam factor, студия красоты;;+7 (903) 687-88-66, +7 (969) 035-22-25, +7 (977) 779-05-00;ул. Серпуховский Вал, 28, Москва;glamfactor.ru;55.713 37.609;beauty
Posh studio;;+7 (903) 145-88-28;ул. Лестева, 18, Москва;;55.715 37.611;beauty
Topgun, барбершоп;;+7 (985) 660-84-44;ул. Шаболовка, 16, корп. 1, Москва;topgunbarbershop.ru , topgun.ru;55.722 37.610;beauty
Kimberly;+7 (499) 764-73-01;+7 (915) 066-93-57, +7 (904) 568-23-41, +7 (925) 724-52-52;ул. Шухова, 18, Москва;kimberlynail.ru;55.717 37.610;beauty
Точка Красоты;;+7 (926) 881-70-48;ул. Шаболовка, 10, Москва;tochkafamily.ru;55.724 37.610;beauty
Клиника лазерной эпиляции и косметологии Open Cosmo;;+7 (925) 943-55-95;Ленинский просп., 2А, Москва;zoon.ru , open-cosmo-salon.ru;55.729 37.610;beauty
Uninails;;+7 (977) 620-20-07, +7 (958) 100-32-98;ул. Шаболовка, 10, Москва;uninails.ru;55.724 37.611;beauty
на Донской, салон красоты;+7 (499) 236-18-65, +7 (499) 236-18-43;+7 (916) 918-25-83;Донская ул., 3, Москва;vilv.ru;55.726 37.611;beauty
Aleksa Lashes;;+7 (909) 660-03-39;Ленинский просп., 2А, Москва;easyweek.ru;55.729 37.611;beauty
Fetishcolor;;+7 (916) 970-16-87;ул. Шухова, 17, корп. 2, Москва;fetish-color.minisite.ai;55.716 37.611;beauty
Джулия нейлс, студия маникюра;;+7 (903) 576-37-53;ул. Серпуховский Вал, 22, корп. 1, Москва;n403461.yclients.com;55.712 37.611;beauty
Pacho, салон красоты;;+7 (915) 294-51-15;ул. Серпуховский Вал, 20, Москва;salonpacho.ru;55.712 37.612;beauty
Pikula;;+7 (985) 221-13-18;ул. Лестева, 18, Москва;pikula-epil.ru , pikula.ru;55.715 37.611;beauty
Color bar;;+7 (903) 216-07-17;ул. Шухова, 13, корп. 1, Москва;;55.716 37.612;beauty
Город красоты, салон красоты;+7 (495) 954-95-90;;ул. Серпуховский Вал, 6, Москва;gorod-krasoti.com;55.712 37.618;beauty
Hennacolor by Victory, парикмахерская;;+7 (909) 980-49-49;Мытная ул., 52, Москва;hennacolor.ru;55.718 37.619;beauty
Купить новую базу на exрort-base.ru;;;;;;beauty
Mari Polin, салон красоты;;+7 (905) 503-77-96, +7 (905) 508-21-48;2-я Самаринская ул., 4, Москва;;55.713 37.619;beauty
Color1st, студия красоты;;+7 (926) 876-43-43;2-я Самаринская ул., 4, Москва;color1st.com;55.712 37.619;beauty
Orchid Nails, студия маникюра;+7 (495) 999-33-94;;Мытная ул., 60, Москва;orchidnails.ru;55.715 37.620;beauty
Фиджи стиль, салон красоты;+7 (499) 236-52-06;;Люсиновская ул., 12, Москва;fiji-style.ru;55.725 37.622;beauty
Jam;+7 (895) 354-44-33;+7 (939) 555-26-49, +7 (909) 939-33-39;ул. Шухова, 5, Москва;jam-centr.ru;55.717 37.617;beauty
Koro. Na Studio;;+7 (925) 272-87-30;Городская ул., 10, Москва;;55.714 37.617;beauty
На Мытной;+7 (499) 236-75-75;+7 (916) 181-49-44;Мытная ул., 48, Москва;salonmytnaya.ru;55.720 37.618;beauty
Aft luxe, студия эпиляции;+7 (495) 642-56-09;+7 (926) 850-41-55;Люсиновская ул., 36, стр. 2, Москва;aft-luxe.ru;55.723 37.620;beauty
Таифа;+7 (495) 952-76-41;+7 (929) 681-35-20;Люсиновская ул., 72, Москва;salontaifa.ru;55.714 37.621;beauty
Вэри вэлл, салон красоты;;+7 (903) 718-79-92, +7 (968) 456-86-87;Люсиновская ул., 68, Москва;salonverywell.ru;55.716 37.622;beauty
Ponte, салон красоты;;+7 (903) 017-14-01, +7 (925) 188-18-88;Люсиновская ул., 55, Москва;pontesalon.ru , moicorner.com;55.717 37.623;beauty
TOPGUN, сеть барбершопов;;+7 (968) 040-04-44;Большая Серпуховская ул., 5, Москва;topgunbarbershop.ru , topgun.ru;55.729 37.626;beauty
Chop-Chop;;+7 (969) 052-25-52;Большая Серпуховская ул., 14/13с1, Москва;chop-chop.ru , chopchop.me;55.728 37.624;beauty
Blvck Clinic;;+7 (916) 915-09-15;Большая Серпуховская ул., 30, стр. 3, Москва;blvck-clinic.ru;55.725 37.625;beauty
Champagne beauty zone;;+7 (965) 331-50-50;Большая Серпуховская ул., 32, стр. 1, Москва;zoon.ru , beauty-capsula.ru;55.725 37.626;beauty
Шелк, салон эпиляции;+7 (499) 341-46-45;+7 (968) 672-71-79, +7 (980) 697-79-15;Большая Серпуховская ул., 32, стр. 1, Москва;epilsilk.ru;55.725 37.626;beauty
Friends beauty club, ногтевая студия;;+7 (916) 094-00-50;Большая Серпуховская ул., 34, корп. 6, Москва;friends-beauty.ru;55.725 37.626;beauty
Novolaser;;+7 (926) 434-33-69, +7 (958) 538-40-76;Большая Серпуховская ул., 34, корп. 6, Москва;novolazer.ru , novolaser.ru;55.725 37.626;beauty
Permanent makeup;;+7 (915) 385-96-07;Пятницкая ул., 71/5с2, Москва;;55.731 37.628;beauty
Бьюти Дзен;;+7 (991) 126-87-77;ул. Щипок, 2, Москва;beauty-dzen.ru;55.726 37.628;beauty
Studio22-студия красоты и эстетики;;+7 (977) 799-20-22, +7 (985) 613-78-08;ул. Щипок, 2, Москва;dikidi.online;55.726 37.629;beauty
Beauty maque, салон красоты;;+7 (929) 990-30-52;3-й Монетчиковский пер., 16, стр. 1, Москва;phibrowsmoscow.ru , phiacademymoscow.ru , phi-academy.com;55.731 37.629;beauty
For Nails, студия маникюра и педикюра;+7 (495) 231-07-70;+7 (939) 111-53-79, +7 (985) 231-07-70;Большой Строченовский пер., 4, стр. 1, Москва;fornailsstudio.ru;55.730 37.630;beauty
One Beauty;;+7 (929) 975-17-77;Большой Строченовский пер., 4, стр. 1, Москва;onebeautysalon.ru;55.730 37.630;beauty
CrystalLab_Moscow;;+7 (906) 685-66-66;3-й Монетчиковский пер., 15, Москва;crystallab-msk.ru;55.732 37.630;beauty
Авторская школа студия Ирины Белицкой;;+7 (903) 960-54-63;Дубининская ул., 57, стр. 5, Москва;be-ready.ru;55.721 37.635;beauty
Lookatme, салон красоты;;+7 (905) 703-55-55, +7 (999) 444-61-42;ул. Зацепа, 22, Москва;lookatmee.ru;55.730 37.634;beauty
NailsToGo;;+7 (925) 149-23-36, +7 (966) 149-23-32;ул. Щипок, 13, стр. 1, Москва;nailstogo.ru;55.725 37.632;beauty
BeautyBar Moscow;;+7 (915) 335-34-21;ул. Зацепа, 21, стр. 2, Москва;;55.729 37.633;beauty
В деталях, студия красоты;+7 (495) 774-54-48;;ул. Щипок, 16, стр. 1, Москва;salonis.ru;55.725 37.633;beauty
Zoloto studio;;+7 (916) 500-55-49;ул. Зацепа, 21, стр. 2, Москва;zltstudio.ru;55.729 37.633;beauty
White nails;;+7 (958) 100-84-45;Валовая ул., 6, Москва;white-nails.clients.site;55.731 37.634;beauty
Барбершоп Джокер;;+7 (968) 878-60-63;ул. Зацепа, 22, Москва;jokerbarbershop.ru;55.730 37.634;beauty
Rich26;;+7 (919) 760-96-33;Большая Пионерская ул., 40, стр. 1, Москва;;55.725 37.634;beauty
Nail Beauty bar;;+7 (915) 003-19-19;Дубининская ул., 65, корп. 1, Москва;;55.718 37.635;beauty
Nail Bar;;+7 (903) 177-44-88;Павелецкая площадь, 2, стр. 2, Москва, Россия;nailbar.ru;55.730 37.635;beauty
The best lashes, студия наращивания ресниц;;+7 (909) 993-27-27;Дубининская ул., 57, стр. 3, Москва;bestlashesmsk.ru;55.721 37.636;beauty
Искартес, студия красоты;+7 (499) 235-37-01;+7 (977) 394-04-37;Дубининская ул., 27, стр. 1, Москва;mir-sk.ucoz.ru;55.726 37.638;beauty
Forma, студия;;+7 (916) 387-90-03, +7 (963) 715-76-13;Кожевническая ул., 1, стр. 1, Москва;formanails.ru;55.731 37.641;beauty
Imperial Hair, салон наращивания волос;;+7 (906) 710-10-70;Летниковская ул., 10, стр. 2, Москва;foodmall.ru , imperialhair.ru;55.726 37.644;beauty
Eksprovocator hair club;;+7 (952) 373-39-39, +7 (916) 502-39-39;Жуков пр., 21Б, Москва;eksprovocator.ru , eks-pro.ru;55.723 37.646;beauty
AiLab, лаборатория стиля;;+7 (925) 550-00-66;Шлюзовая наб., 4, Москва;ailaboratory.ru;55.732 37.645;beauty
Студия красоты Александра Казарина;+7 (495) 509-34-00;+7 (925) 509-34-00;1-й Кожевнический пер., 6, стр. 1, Москва;akazarin.ru;55.727 37.646;beauty
Shagabarber;;+7 (928) 336-60-00;Кожевническая ул., 22, Москва, Россия;shagabarber.ru;55.729 37.649;beauty
Slav hair studio;+7 (495) 203-37-41;+7 (926) 003-41-24;Дербеневская наб., 13/17к3, Москва;slavhairstudio.ru;55.720 37.652;beauty
Affluence Concierge Club;+7 (495) 108-52-02;+7 (905) 721-21-54, +7 (903) 537-95-21;Дербеневская наб., 7, стр. 12, Москва;;55.723 37.652;beauty
Brusnika Permanent;;+7 (901) 594-83-32;Дербеневская ул., 1, стр. 1, Москва;;55.725 37.655;beauty
Yuzu nail bar, ногтевая студия;;+7 (977) 622-13-88;Саринский пр., 2, Москва;yuzunailbar.business.site;55.730 37.658;beauty
Trendy nail, студия маникюра;;+7 (934) 444-39-39;ул. Крутицкий Вал, 28, Москва;n159951.yclients.com;55.729 37.663;beauty
Белая груша, салон красоты;+7 (495) 364-11-37;+7 (985) 364-11-37;Велозаводская ул., 2, Москва;belayagrusha.ru;55.716 37.664;beauty
Queen Diamond, ногтевая студия;;+7 (925) 360-25-25;ул. Ленинская Слобода, 26, стр. 2, Москва;queendiamondnails.ru;55.712 37.658;beauty
Спика;;+7 (903) 240-33-38;Восточная ул., 13, Москва;spika-beauty.ru;55.712 37.659;beauty
Академия красоты Юлии Воронцовой;;+7 (901) 147-74-23, +7 (903) 924-45-31, +7 (983) 204-84-72, +7 (991) 103-94-27, +7 (991) 335-33-22, +7 (953) 589-94-44;Восточная ул., 2, корп. 2, Москва;juliavorontsovagroup.ru;55.717 37.661;beauty
Quickly, салон красоты;;+7 (916) 475-52-24, +7 (919) 777-87-01, +7 (910) 019-00-51, +7 (985) 616-18-17, +7 (985) 757-31-00, +7 (985) 226-81-10, +7 (985) 121-20-11, +7 (985) 385-52-82, +7 (903) 155-88-60;3-й Крутицкий пер., 18, Москва;thequickly.ru;55.732 37.664;beauty
Точка красоты, салоны красоты;;+7 (910) 421-91-82;1-я Дубровская ул., 1А, Москва;tochkafamily.ru;55.728 37.669;beauty
Coliseum, барбершоп;;+7 (934) 777-55-77;1-я ул. Машиностроения, 10, Москва;have.studio , coliseum.su;55.714 37.671;beauty
Vh Beauty;;+7 (904) 567-82-03;1-я Дубровская ул., 6, Москва;zoon.ru , vh-beauty.ru;55.727 37.670;beauty
Студия красоты 21.13;;+7 (904) 567-54-91, +7 (965) 422-21-13;1-я Дубровская ул., 5, Москва;2113studio.ru;55.727 37.670;beauty
Hair code, салон красоты;;+7 (977) 402-22-32;Волгоградский просп., 4А, Москва;hair-code.taplink.ws;55.731 37.671;beauty
Коко;;+7 (916) 969-60-00;Волгоградский просп., 3-5с2, Москва;;55.732 37.672;beauty
Монтана;+7 (495) 142-00-73;+7 (926) 926-70-44, +7 (901) 362-47-36;Большой Симоновский пер., 2, Москва;montana.mn , bonbon.pro;55.728 37.673;beauty
Begoodi, салон красоты;;+7 (901) 703-13-15;Большой Симоновский пер., 2, Москва;salon-krasoty-begoodi.clients.site;55.728 37.672;beauty
Persik body concept, студия массажа и коррекции фигуры;;+7 (926) 149-86-68;1-я ул. Машиностроения, 10, Москва;какперсик.рф , persik.info , persik-body-concept.ru;55.714 37.673;beauty
Sisters, студия красоты;+7 (499) 390-82-97;+7 (926) 132-37-75;1-я ул. Машиностроения, 10, Москва;studio-sisters.ru;55.714 37.673;beauty
Имидж галерея spa, салон красоты;+7 (495) 674-64-79;+7 (916) 065-62-88;Шарикоподшипниковская ул., 9, Москва;spa-salon.ru;55.722 37.673;beauty
Liu Liss;;+7 (916) 018-27-27, +7 (916) 541-70-17;Шарикоподшипниковская ул., 22, Москва;liu-liss.ru;55.718 37.673;beauty
А-ля руа, салон красоты;+7 (499) 444-31-23, +7 (499) 444-31-14, +7 (499) 501-24-68, +7 (495) 780-64-75, +7 (259) 717-52-14;+7 (969) 999-36-20, +7 (903) 722-82-18, +7 (999) 921-21-10;ул. Мельникова, 3, корп. 3, Москва;alyarua.ru;55.726 37.675;beauty
Kseniya_resnichka;;+7 (906) 752-22-84, +7 (925) 702-44-49;Шарикоподшипниковская ул., 11, стр. 7, Москва;kseniya-resnichka.club;55.720 37.676;beauty
Mart, салон красоты;;+7 (985) 522-66-18;Шарикоподшипниковская ул., 32, Москва;martkrasoty.clients.site;55.717 37.676;beauty
Boychun studio, студия наращивания ресниц;;+7 (925) 552-66-46, +7 (926) 869-57-29;Шарикоподшипниковская ул., 11, стр. 7, Москва;meconnect.ru;55.719 37.676;beauty
Салон красоты Proflook;+7 (495) 729-84-80;;Шарикоподшипниковская ул., 11, стр. 5, Москва;proflook.com;55.719 37.677;beauty
Aurum;;+7 (985) 477-40-35;Шарикоподшипниковская ул., 40, Москва;aurummsk.taplink.ws;55.714 37.677;beauty
ARTpoint;;+7 (963) 677-44-77;Шарикоподшипниковская ул., 13А, Москва;;55.716 37.678;beauty
Evo Pm;+7 (499) 938-80-50;+7 (916) 566-01-19, +7 (909) 586-00-06;Волгоградский просп., 17, стр. 1, Москва;evo-pm.ru;55.729 37.680;beauty
Niar Beauty;;+7 (968) 585-49-59;Волгоградский просп., 21, стр. 1, Москва;;55.727 37.687;beauty
Glamour24, салон красоты;+7 (495) 162-00-50;+7 (909) 900-09-98;Нижегородская ул., 86, корп. Б, Москва;glamoursalon24.ru;55.731 37.718;beauty
Гальяш;;+7 (965) 353-23-33;Волгоградский просп., 43, корп. 2, Москва;galiash.ru;55.714 37.720;beauty
Сеть студий маникюра Лены Лениной;;+7 (968) 461-36-50;Рязанский просп., 2, корп. 2, Москва;llmanikur.ru , clck.ru;55.730 37.731;beauty
VS.Sun, студия загара и красоты;;+7 (967) 113-30-18, +7 (925) 506-72-70;Рязанский просп., 2, корп. 2, Москва;vs-sun.ru;55.730 37.731;beauty
Парикмахерская на метро Текстильщики;;+7 (925) 937-25-75;Грайвороновская ул., 12, корп. 1, Москва;zoon.ru , parikmaherskaya-na-metro-tekstilschiki.ru;55.719 37.732;beauty
Точка красоты, салоны красоты;+7 (495) 204-28-58;+7 (925) 808-38-01;Рязанский просп., 2, корп. 2, Москва;tochkafamily.ru;55.729 37.732;beauty
Grimerka;;+7 (904) 567-04-12;Грайвороновская ул., 14, корп. 1, Москва;zoon.ru , salon-grimerka.ru , salongrimerka.ru;55.719 37.732;beauty
Vista Style;+7 (495) 108-11-05;;Рязанский просп., 2/1к2Д, Москва;vista-style.ru;55.729 37.737;beauty
Аю студия;;+7 (929) 542-24-34, +7 (939) 111-73-50;Рязанский просп., 2/1к5Т, Москва;aystu.ru;55.727 37.738;beauty
Versailless, салон красоты;;+7 (977) 926-00-08;Рязанский просп., 33, Москва;;55.730 37.750;beauty
ЛоКон, салон;;+7 (966) 388-86-86;2-й Грайвороновский пр., 42, корп. 1, Москва;lokonsalon.ru;55.725 37.743;beauty
Insta nails, салон красоты;;+7 (985) 383-31-38, +7 (903) 187-07-67, +7 (977) 309-19-91;2-й Грайвороновский пр., 42, корп. 4, Москва;insta-nails-studio.plp7.ru;55.725 37.745;beauty
Гости, студия красоты;;+7 (968) 433-14-03, +7 (925) 233-98-10;Волжский бул., 5, корп. 1, Москва;;55.718 37.745;beauty
WowLookMilova;;+7 (977) 160-84-69;Саратовская ул., 22, Москва;;55.717 37.747;beauty
ZoZo, школа-студия;;+7 (926) 661-65-57, +7 (968) 357-53-97;Саратовская ул., 24, Москва;zoon.ru , zozo-salon.ru;55.717 37.749;beauty
Nagdi Sun Кузьминки;;+7 (968) 644-44-01, +7 (968) 644-44-07, +7 (916) 904-86-04;ул. Васильцовский Стан, 5, корп. 1, Москва;nagdi.ru;55.714 37.750;beauty
Салон красоты Софи;+7 (499) 501-39-72;+7 (995) 902-98-48;Окская ул., 3, корп. 1, Москва;zoon.ru , sofi-salon-kuzminki.clients.site;55.712 37.754;beauty
Milagros Beauty, студия ногтевого сервиса;+7 (499) 650-65-65;+7 (903) 261-60-06;Рязанский просп., 8А, стр. 14, Москва;milagros-beauty.ru;55.726 37.756;beauty
Студия красоты Натальи Зудиной;;+7 (916) 088-92-31;Рязанский просп., 8А, стр. 14, Москва;dikidi.net;55.726 37.756;beauty
Ideal, центр красоты;;+7 (901) 256-65-40, +7 (926) 080-70-74, +7 (901) 256-65-38;Окская ул., 5, корп. 1, Москва;zoon.ru , ideal-salon-krasoty.ru;55.714 37.758;beauty
Салон красоты Краса клуб;+7 (499) 394-31-35;+7 (926) 628-75-45, +7 (925) 666-00-73;Луховицкая ул., 1/55, Москва;krasa-club.ru;55.724 37.770;beauty
Академия имидж студия;;+7 (905) 580-10-73, +7 (999) 333-82-03;Рязанский просп., 22, корп. 2, Москва;imagestudioacademy.ru;55.721 37.771;beauty
Элантра, салон красоты;+7 (495) 657-00-60;;ул. Фёдора Полетаева, 7, Москва;;55.714 37.777;beauty
Школа маникюра и педикюра MariK & A;;+7 (965) 320-33-96, +7 (926) 022-16-14;Рязанский просп., 30/15, Москва;;55.719 37.780;beauty
Студия идеального маникюра NailIrisha;;+7 (985) 076-91-56, +7 (995) 655-21-74;Окская ул., 15/30, Москва;moiprofi.ru;55.719 37.780;beauty
New Style, студия красоты;+7 (495) 744-55-89;+7 (925) 214-78-82;Рязанский просп., 30, корп. 2, Москва;sk-newstyle.ru;55.718 37.784;beauty
Пик Красоты, студия-коворкинг;;+7 (967) 208-10-36, +7 (966) 132-55-99;Рязанский просп., 36, Москва;pikkrasot.ru;55.717 37.788;beauty
Сеть студий маникюра Лены Лениной;;+7 (964) 644-33-06;Рязанский просп., 44, Москва;llmanikur.ru , clck.ru;55.716 37.791;beauty
SAHAR&VOSK;;+7 (958) 100-72-90, +7 (995) 885-19-70;Рязанский просп., 32, Москва;saharvoskbeauty.ru;55.717 37.786;beauty
Лоранс;;+7 (925) 049-60-63;ул. Паперника, 9, Москва;lorans-salon.ru;55.721 37.787;beauty
Студия наращивания ресниц Anait Lash;;+7 (930) 000-77-47, +7 (969) 145-55-54, +7 (904) 568-23-54;1-я Новокузьминская ул., 19, Москва;zoon.ru , anait-lash.ru;55.715 37.791;beauty
Студия Дёмкиной;;+7 (916) 580-61-22;Зеленодольская ул., 3, корп. 2, Москва;;55.716 37.791;beauty
Студио арт, салон красоты;+7 (495) 790-42-11, +7 (495) 709-77-58;+7 (903) 790-42-11;ул. Хлобыстова, 12, Москва;;55.719 37.805;beauty
Макольди, студия красоты;;+7 (926) 881-28-60, +7 (904) 567-58-82;Рязанский просп., 60, корп. 4, Москва;makoldi.ru;55.715 37.799;beauty
Барбершоп-выхино Barber Harmani;;+7 (929) 628-87-15;Снайперская ул., 9Б, Москва;barber-harmani.ru;55.721 37.816;beauty
Оsоба-я, студия красоты;;+7 (977) 988-44-43, +7 (915) 141-96-50;ул. Николая Старостина, 5, Москва;;55.732 37.850;beauty
Атмосфера стиля, салон красоты;;+7 (977) 184-67-01, +7 (977) 128-89-80;Вешняковская ул., 25, корп. 1, Москва;;55.726 37.831;beauty
Ромео, имидж-студия;+7 (495) 703-47-86, +7 (495) 703-82-10;+7 (926) 888-66-03;ул. Николая Старостина, 11, Москва;zoon.ru , centr-romeo.ru;55.731 37.856;beauty
Amoore, студия красоты;;+7 (985) 550-40-41;ул. Наташи Качуевской, 5, Москва;amoore.clients.site;55.713 37.879;beauty
Точка красоты, салоны красоты;;+7 (977) 807-78-87;Святоозёрская ул., 1А, Москва;tochkafamily.ru;55.715 37.883;beauty
Цирюльникъ, салон красоты;;+7 (964) 570-48-00;Святоозёрская ул., 14, Москва;salon-hair.ru , cirulnik.com;55.713 37.887;beauty
Face & body master, студия;;+7 (999) 897-78-79;Святоозёрская ул., 14, Москва;dikidi.online;55.713 37.888;beauty
Джулия, дизайн-студия;+7 (499) 721-30-34;+7 (966) 265-64-29;ул. Руднёвка, 23, Москва;dzhulija-ulitsa-rudnevka.clients.site;55.717 37.889;beauty
Маникюрная, студия красоты;;+7 (966) 157-00-66;Святоозёрская ул., 34, Москва;manikyurnaya.ru;55.712 37.897;beauty
Софи Бьюти;;+7 (915) 092-24-41;ул. Руднёвка, 18, Москва;;55.716 37.894;beauty
Ф-Студиос;+7 (499) 797-75-21;+7 (903) 537-59-92;Лухмановская ул., 17, Москва;f-studios.ru;55.722 37.897;beauty
Салон красоты Милан;;+7 (904) 568-31-83;Лухмановская ул., 24, Москва;salon-milan.ru;55.721 37.903;beauty
Баден-Баден Курорт, СПА-центр;+7 (495) 476-60-43, +7 (495) 543-45-82, +7 (495) 543-45-83;+7 (911) 327-39-58, +7 (915) 445-46-95;ул. Маршала Тимошенко, 17, корп. 2, Москва;baden-spa.ru;55.746 37.396;beauty
Beauty Bar;;+7 (901) 188-57-80;ул. Маршала Тимошенко, 10, Москва;tati-beauty-bar.clients.site;55.743 37.396;beauty
TOPGUN, сеть барбершопов;;+7 (925) 044-54-44;Ярцевская ул., 19, Москва;topgun.ru;55.738 37.410;beauty
OLARY, салон красоты;;+7 (995) 924-50-12, +7 (926) 316-68-88;Ярцевская ул., 19, Москва;salon1c.ru , olary.ru;55.739 37.411;beauty
On Beauty;;+7 (915) 374-33-66;ул. Боженко, 11, корп. 1, Москва;onbeautymsk.ru;55.733 37.405;beauty
Mone, салон красоты;;+7 (965) 165-33-37;Ярцевская ул., 19, Москва;salonmone.ru;55.739 37.411;beauty
Capsula, салон красоты;+7 (495) 877-46-69, +7 (495) 877-47-93;+7 (965) 390-41-41, +7 (964) 510-06-40, +7 (905) 563-63-33;Ярцевская ул., 19, Москва;capsula.salon;55.739 37.411;beauty
Сеть студий маникюра Лены Лениной;;+7 (903) 221-95-51;Ярцевская ул., 25А, Москва;llmanikur.ru , clck.ru;55.741 37.415;beauty
4hands, ногтевая студия;;+7 (985) 427-48-70;Ярцевская ул., 19, Москва;4hands.ru;55.739 37.412;beauty
Wax&go, салон красоты;;+7 (991) 714-92-90;Рублёвское ш., 42, корп. 1, Москва;waxandgo.ru;55.751 37.412;beauty
Pipl, салон-парикмахерская;;+7 (977) 332-53-35, +7 (977) 332-53-36, +7 (901) 258-08-93;Партизанская ул., 26, Москва;pipl.bz , piplmol.ru;55.737 37.413;beauty
Unique beauty boutique, салон красоты;+7 (495) 476-45-25, +7 (495) 488-67-77;+7 (969) 888-17-77;Ярцевская ул., 24, корп. 1, Москва;uniquesalon.ru;55.739 37.414;beauty
Nail bar №1, студия красоты;;+7 (958) 222-24-25, +7 (926) 100-36-00, +7 (967) 197-33-55, +7 (926) 146-28-44, +7 (966) 888-09-54;Ярцевская ул., 32, Москва;nailbar1.ru;55.741 37.418;beauty
Цирюльникъ, салон красоты;+7 (495) 636-47-37;+7 (915) 037-88-37;Ярцевская ул., 32, Москва;salon-hair.ru , cirulnik.com;55.742 37.419;beauty
Крути Бигуди;;+7 (958) 582-14-68, +7 (966) 030-85-83, +7 (984) 333-29-80;Россия, Москва, Западный административный округ, район Кунцево, 7-й квартал;kruti-bigudi.ru , mobit.ru;55.743 37.417;beauty
Маникюрный салон. Маникюрные Феи;+7 (495) 120-29-22, +7 (495) 120-13-65;+7 (965) 152-51-51, +7 (967) 025-50-55, +7 (968) 545-66-55, +7 (906) 010-01-06;Ярцевская ул., 34, Москва;manikyur-molodezhnaya.ru , manikyur-metro-molodezhnaya.ru;55.742 37.419;beauty
Re: Snici;;+7 (905) 519-35-35, +7 (909) 999-60-30;Рублёвское ш., 36, корп. 2, Москва;mylashup.ru;55.750 37.419;beauty
Sparkle Beauty Bar;;+7 (966) 666-73-65;Ярцевская ул., 34, корп. 2, Москва;;55.742 37.420;beauty
Mr. Leo;;+7 (999) 333-20-21;Ярцевская ул., 34, корп. 2, Москва;master-leo.ru;55.742 37.420;beauty
100лица, центр красоты и коррекции фигуры;+7 (495) 415-48-83, +7 (495) 751-66-59, +7 (499) 792-87-77;+7 (925) 341-27-23, +7 (903) 143-91-11;Рублёвское ш., 30, корп. 1, Москва;100-face.ru;55.747 37.420;beauty
Центр Красоты;+7 (495) 656-26-80, +7 (495) 663-51-81, +7 (499) 230-47-77, +7 (499) 667-81-25, +7 (495) 783-87-38, +7 (499) 188-50-86, +7 (495) 741-91-88, +7 (495) 615-11-64;+7 (977) 897-87-38, +7 (926) 116-01-96, +7 (925) 332-20-10, +7 (929) 984-80-20, +7 (977) 709-91-88, +7 (926) 311-22-31, +7 (964) 763-51-81;Рублёвское ш., 97, корп. 2, Москва;vita-mos.ru;55.742 37.423;beauty
Мориарти, салон красоты;;+7 (904) 567-91-85, +7 (925) 731-29-89;Рублёвское ш., 97, корп. 1, Москва;moriartysalon.wixsite.com , moriartysalon.wixsite.com/mysite;55.742 37.424;beauty
Центр эстетической медицины и лазерной косметологии Мед Эстетик;+7 (499) 390-11-15;+7 (911) 926-11-16, +7 (968) 030-63-72, +7 (904) 567-03-65;Рублёвское ш., 24, корп. 1, Москва;medestetic.moscow , laserest.ru;55.744 37.427;beauty
Виарди;+7 (495) 415-38-32;;Рублёвское ш., 22, корп. 1, Москва;viardibeauty.com;55.743 37.428;beauty
Наноазия;;+7 (916) 624-23-03;Рублёвское ш., 22, корп. 2, Москва;nanoasiaostrov.ru;55.743 37.429;beauty
Центр к33;+7 (495) 822-04-84, +7 (499) 213-04-91, +7 (499) 727-57-92;+7 (901) 519-67-57, +7 (926) 576-67-57;Рублёвское ш., 20, корп. 3, Москва;k33.ru;55.744 37.431;beauty
Topgun, барбершоп;;+7 (925) 622-41-34;Истринская ул., 8, корп. 3, Москва;topgun.ru;55.735 37.432;beauty
Miss&Missis;+7 (495) 602-05-76;+7 (966) 190-64-24;Истринская ул., 8, корп. 3, Москва;miss-and-missis.ru;55.735 37.432;beauty
Академия Маникюра Алены Московской;;+7 (919) 241-00-77;Истринская ул., 8, корп. 3, Москва;dikidi.online;55.736 37.433;beauty
La perla, салон красоты;;+7 (968) 797-57-57, +7 (999) 894-76-16;Истринская ул., 8, корп. 3, Москва;laperlasalon.ru;55.735 37.432;beauty
Sahar-epil;;+7 (906) 055-45-89;Истринская ул., 8, корп. 3, Москва;sahar-epil.ru;55.736 37.433;beauty
Perfect people, салон красоты;;+7 (985) 905-95-45, +7 (904) 567-65-21;Звенигородская ул., 8, корп. 1, Москва;ppsalon.ru;55.736 37.455;beauty
Mirror Mirror;;+7 (925) 925-86-31;Малая Филёвская ул., 26, корп. 1, Москва;mirrorcenter.ru;55.736 37.464;beauty
SM Studio;;+7 (902) 469-82-96;Кастанаевская ул., 43, корп. 4, Москва;sm-studio-salon.ru;55.732 37.467;beauty
Косметолог Давыдова А.;;+7 (977) 814-50-87;Малая Филёвская ул., 8, корп. 4, Москва;design-davydova.ru;55.740 37.476;beauty
ЮлиСандра;;+7 (968) 069-74-70, +7 (909) 940-84-81;Минская ул., 22, Москва;dikidi.net;55.743 37.481;beauty
Твой имидж, салон-парикмахерская;+7 (495) 567-56-56;;ул. Олеко Дундича, 19/15, Москва;твойимидж.рф;55.740 37.490;beauty
Beautyliner Fitness;+7 (495) 023-43-33;;Багратионовский пр., 7, корп. 3, Москва;fusion-fitness.ru;55.742 37.505;beauty
Желе клаб;;+7 (985) 808-56-56;ул. Олеко Дундича, 7, Москва;;55.741 37.494;beauty
Vиктория, салон красоты;+7 (499) 144-56-96;;2-я Филёвская ул., 5, корп. 2, Москва;salonfp.ru;55.737 37.491;beauty
Ami beauty studio;;+7 (926) 494-48-47;ул. Барклая, 15, корп. 1, Москва;;55.746 37.495;beauty
Мэрисон, салон красоты;+7 (495) 018-81-80;+7 (926) 717-13-68;Сеславинская ул., 16, корп. 1, Москва;merison.ru;55.744 37.495;beauty
Secret Style;;+7 (985) 008-07-07;ул. Барклая, вл10, Москва;zapad.secret-style.ru;55.743 37.499;beauty
Бэндбру;;+7 (916) 543-55-56;ул. Василисы Кожиной, 13, Москва;bandbru.ru;55.736 37.500;beauty
The people studio, салон-парикмахерская;;+7 (977) 406-60-98, +7 (977) 406-60-94, +7 (977) 969-00-02, +7 (977) 969-00-04;ул. Барклая, 5, корп. 4, Москва;thepeople-studio.ru;55.740 37.503;beauty
Студия наращивания ресниц Starlashes fashion;;+7 (926) 551-95-08, +7 (926) 020-88-89;Большая Филёвская ул., 16, стр. 1, Москва;zoon.ru , starlashes.clients.site , starlashes.academy;55.750 37.503;beauty
Белло, студия красоты;;+7 (929) 992-96-22, +7 (967) 242-59-89;Большая Филёвская ул., 14, корп. 1, Москва;bello.clients.site;55.750 37.504;beauty
Сеть студий маникюра Лены Лениной;;+7 (968) 461-32-18;Багратионовский пр., 5, Москва;llmanikur.ru , clck.ru;55.744 37.508;beauty
Точка красоты, салоны красоты;;+7 (929) 690-70-90;Багратионовский пр., 5, Москва;tochkafamily.ru;55.744 37.508;beauty
TOPGUN, сеть барбершопов;;+7 (996) 965-54-44;Багратионовский пр., 7, корп. 20В, Москва;topgun.ru;55.744 37.506;beauty
Чёрный лис, студия эпиляции и коррекции фигуры;+7 (554) 609-15-17;+7 (909) 908-00-22;ул. Барклая, 6, стр. 5, Москва;blackfox-studio.ru , velashape.blackfox-studio.ru , aft.blackfox-studio.ru;55.739 37.508;beauty
Lucky Lab;;+7 (901) 257-42-31, +7 (901) 256-11-54;ул. Неверовского, 9, Москва;zoon.ru , llab.ru , luckylab-salon.ru;55.738 37.510;beauty
Про Бьюти;;+7 (919) 969-91-82;ул. 1812 года, 1, Москва;;55.735 37.523;beauty
Оксид, студия цвета;+7 (499) 148-60-61;+7 (965) 143-24-53;ул. 1812 года, 2, Москва;oksidstudio.ru;55.736 37.524;beauty
Flamingo estetic;;+7 (950) 595-00-89;площадь Победы, 1, корп. Д, Москва;;55.735 37.520;beauty
Sahar-in;+7 (495) 771-18-10;+7 (966) 147-30-00, +7 (926) 074-71-47, +7 (925) 333-34-41;площадь Победы, 1, корп. Д, Москва;sahar-in.ru;55.735 37.520;beauty
Yes Nail Парк;;+7 (958) 577-17-21;площадь Победы, 2, корп. 2, Москва;yes-nail.ru;55.738 37.520;beauty
Кабинет электроэпиляции Эпилайн;;+7 (925) 230-44-81, +7 (926) 178-77-20;площадь Победы, 1, корп. Д, Москва;epiline.ru;55.734 37.520;beauty
Kutuzova Club;+7 (499) 148-05-34;+7 (903) 136-44-00;ул. 1812 года, 1, Москва;kutuzova.club;55.736 37.524;beauty
Fashion Color;+7 (495) 414-20-50;;ул. 1812 года, 1, Москва;fashion-color.ru , 1web.tech;55.736 37.524;beauty
Qudri, салон красоты;;+7 (966) 666-42-06, +7 (926) 190-24-42, +7 (925) 234-44-54;Кутузовский просп., 36, стр. 3, Москва;qudri.ru , qudri.info;55.740 37.527;beauty
Студия макияжа и цветотипирования Дарьи Ярошенко;;+7 (985) 927-60-33;Мукомольный пр., 2, Москва;;55.751 37.527;beauty
Varda ladies сlub, женское пространство;;+7 (985) 104-25-55, +7 (925) 840-25-80, +7 (925) 545-30-60, +7 (926) 453-12-15;Кутузовский просп., 36, стр. 11, Москва;varda-tm.com , varda.club;55.742 37.527;beauty
Tinati;;+7 (925) 023-79-19;Кутузовский просп., 34, стр. 14, Москва;tinati.clients.site;55.740 37.530;beauty
Grushka, пространство красоты;;+7 (969) 050-99-44;Тестовская ул., 10, Москва;grushka.space , salon-grushka.ru;55.752 37.532;beauty
FacialConcept;;+7 (926) 625-55-58;Пресненская наб., 10, стр. 2, Москва;facialconcept.ru;55.747 37.535;beauty
Перманентный макияж Марики Сухой;;+7 (963) 625-00-25, +7 (958) 100-90-76;Пресненская наб., 10, стр. 2, Москва;;55.748 37.535;beauty
Релакс Тайм;+7 (499) 249-90-44, +7 (499) 249-91-26;;Кутузовский просп., 30, Москва;relaxtimespa.ru;55.743 37.536;beauty
SoloSalon;;+7 (995) 100-44-00, +7 (985) 218-27-17;Кутузовский просп., 30, Москва;дасалон.рф;55.743 37.536;beauty
Матриархат;;+7 (985) 135-05-84;Пресненская наб., 12, Москва;matriarkhat.ru;55.749 37.537;beauty
Масква, салон красоты;;+7 (934) 444-34-34;Пресненская наб., 12, Москва;maskva.city;55.750 37.538;beauty
Студия наращивания ресниц Lash beLONG;+7 (495) 419-91-92;;Пресненская наб., 12, Москва;;55.750 37.538;beauty
Точка красоты, салоны красоты;;+7 (903) 740-12-33;Пресненская наб., 2, Москва;tochkafamily.ru;55.749 37.538;beauty
Brow Up!;+7 (499) 450-68-80;;Пресненская наб., 2, Москва;browup.ru;55.749 37.539;beauty
Руки-ножницы, салон красоты;+7 (495) 966-10-09;+7 (903) 790-34-35;Пресненская наб., 8, стр. 1, Москва;scissor-hands.ru , rncity.ru;55.747 37.539;beauty
Thai-SPA 7 красок, сеть тайских SPA салонов;+7 (499) 286-07-77;+7 (926) 277-52-92;Пресненская наб., 8, стр. 1, Москва;;55.747 37.539;beauty
ByMirra, салон татуажа Мирославы Годицкой;;+7 (995) 112-85-38;Пресненская наб., 8, стр. 1, Москва;;55.747 37.539;beauty
Цvети, салон красоты;+7 (499) 281-85-00;+7 (985) 859-07-59;Пресненская наб., 8, стр. 1, Москва;tsvetibeauty.ru;55.747 37.539;beauty
Wax&go, салон красоты;;+7 (903) 965-79-60;Пресненская наб., 8, стр. 1, Москва;waxandgo.ru;55.747 37.539;beauty
Kynsi, студия;+7 (495) 120-03-03, +7 (495) 150-51-09, +7 (495) 150-05-40;;Пресненская наб., 8, стр. 1, Москва;kynsi.ru;55.747 37.539;beauty
Ed&beauty, центр красоты;+7 (495) 290-07-79;+7 (926) 005-24-91;Кутузовский просп., 35, Москва;beautyshopn1.ru , edandbeauty.com;55.740 37.540;beauty
BestLips;;+7 (958) 501-47-66;Пресненская наб., 8, стр. 1, Москва;bestlips.ru;55.747 37.539;beauty
Студия красоты Great Ульяны Алексеевой;;+7 (999) 333-26-79, +7 (965) 100-44-22;Пресненская наб., 6, стр. 2, Москва;pm-great.com;55.748 37.540;beauty
Vernisage, салон красоты;+7 (495) 120-10-02, +7 (499) 249-32-75;+7 (964) 572-58-26;Студенческая ул., 32, Москва;salonvernisage.ru;55.742 37.542;beauty
Enti, студия маникюра;;+7 (985) 006-46-47;Кутузовский просп., 26, корп. 1, Москва;enti-bb.ru;55.744 37.543;beauty
Эривуар;+7 (499) 249-53-39;+7 (977) 982-28-99;Кутузовский просп., 26, корп. 1, Москва;erivuar.ru;55.744 37.543;beauty
ArtZagar;;+7 (985) 133-24-63;Краснопресненская наб., 16, стр. 1, Москва;;55.748 37.544;beauty
La Beaute Room, студия красоты;;+7 (967) 697-83-74, +7 (915) 006-99-57;Краснопресненская наб., 16, стр. 1, Москва;la-beaute-room.clients.site;55.748 37.544;beauty
Zione Studio;;+7 (991) 573-41-08, +7 (905) 366-62-84;Кутузовский просп., 27, Москва;;55.743 37.545;beauty
Eyedolashes;+7 (499) 643-85-29;+7 (985) 216-88-00;Краснопресненская наб., 16, стр. 1, Москва;sk260.skrst.ru;55.746 37.546;beauty
LianaStyle;;+7 (925) 391-61-06;наб. Тараса Шевченко, 23А, Москва;;55.746 37.546;beauty
Express Nails;+7 (495) 126-73-94;;Кутузовский просп., 27, Москва;expressnails.ru;55.744 37.546;beauty
Joli lux beauty club, салон красоты;;+7 (929) 508-08-79;Кутузовский просп., 22, Москва;;55.746 37.549;beauty
SASHA, салон красоты;+7 (495) 331-13-33;+7 (900) 611-33-33;Студенческая ул., 11, Москва;b206004.yclients.com , beauty-center.moscow;55.743 37.551;beauty
Sugar. tut;;+7 (936) 003-13-13;Студенческая ул., 26, Москва;msk.sugar.tut , bumpix.net;55.742 37.546;beauty
Pinki Nails;;+7 (926) 845-54-04, +7 (958) 100-80-47;Студенческая ул., 26, Москва;pinki.nails.tilda.ws;55.742 37.547;beauty
Hairshop, салон-магазин;+7 (499) 350-58-43, +7 (499) 350-62-13, +7 (4732) 00-62-73, +7 (844) 245-97-69, +7 (812) 425-67-12, +7 (499) 350-58-47, +7 (374) 795-43-93, +7 (499) 325-33-45, +7 (499) 350-58-16, +7 (499) 350-58-76;+7 (985) 221-06-22, +7 (919) 240-01-73;ул. Можайский Вал, 1, Москва;hairshop.ru;55.746 37.558;beauty
Супермен, барбершоп;;+7 (916) 566-41-16;Брянская ул., 12, Москва;supermancut.ru;55.745 37.559;beauty
Black Studio, салон красоты;;+7 (910) 463-52-42;Брянская ул., 12, Москва;galki-lab.ru;55.745 37.559;beauty
Ava beauty, студия красоты;;+7 (977) 322-64-27;Брянская ул., 5, Москва;avabeauty.ru;55.744 37.561;beauty
Макс Визаж;+7 (499) 240-00-51;+7 (968) 020-60-13;ул. Можайский Вал, 1, Москва;partner.1gb.ru , maxvisage.ru , 1gb.ru;55.746 37.559;beauty
Likezagar, студия моментального загара;;+7 (911) 003-56-82, +7 (925) 979-98-28, +7 (903) 526-55-58, +7 (926) 304-56-55;Брянская ул., 2, Москва;likezagar.ru;55.744 37.563;beauty
Be-Goody, детская парикмахерская;+7 (495) 108-53-43, +7 (495) 249-11-79;;площадь Киевского Вокзала, 2, Москва;be-goody.online;55.745 37.566;beauty
Студия Красоты Ксении Бородиной;;+7 (916) 232-95-42;Большая Дорогомиловская ул., 1, Москва;borodina-salon.ru;55.745 37.565;beauty
Laser Glam;;+7 (958) 555-55-71;Кутузовский просп., 2/1к1Б, Москва;;55.751 37.563;beauty
Фитнес-клуб Royal Wellness Club;+7 (495) 786-70-66, +7 (495) 786-70-00, +7 (495) 786-70-99;;Кутузовский просп., 2/1с2, Москва;rwclub.ru;55.752 37.566;beauty
Domenico Castello, салон красоты;+7 (495) 636-27-78, +7 (495) 636-28-83;;Кутузовский просп., 5/3, Москва;domenicocastello.com;55.750 37.568;beauty
Selfie nail&beauty club, центр красоты;+7 (495) 120-00-91;+7 (985) 300-52-40;площадь Европы, 2, Москва;selfiebeauty.ru;55.742 37.566;beauty
Цирюльникъ, салон красоты;+7 (499) 755-84-05, +7 (499) 243-37-87;+7 (925) 755-84-05;Большая Дорогомиловская ул., 6, Москва;salon-hair.ru , cirulnik.com;55.746 37.570;beauty
Sophi, салон красоты;+7 (499) 240-31-39;+7 (917) 588-55-33;Бережковская наб., 8, Москва;sophi-beauty.ru;55.740 37.567;beauty
FacePlace;+7 (499) 410-81-81;+7 (991) 182-83-78, +7 (939) 111-53-96;площадь Европы, 2, Москва;face-place.ru;55.742 37.568;beauty
Nate bloom, центр красоты;;+7 (905) 506-58-11;наб. Тараса Шевченко, 5, Москва;natebloom.info;55.749 37.571;beauty
T&G nails boutique, арт-салон;;+7 (903) 522-73-37;Троилинский пер., 3, Москва;tg-nailboutique.clients.site;55.748 37.584;beauty
Gardenia, салон красоты;;+7 (925) 406-11-58;Погодинская ул., 2, Москва;gardeniamoscow.ru;55.735 37.572;beauty
4hair, студия наращивания волос;;+7 (917) 525-40-05;наб. Тараса Шевченко, 3, Москва;;55.749 37.572;beauty
Салон красоты Андеграунд;+7 (495) 122-21-23;+7 (906) 777-35-63, +7 (999) 878-35-63;2-й пер. Тружеников, 4/19с1, Москва;underground.studio;55.736 37.574;beauty
Alexnikmehr, мастерская стиля;;+7 (968) 903-33-31, +7 (925) 159-27-47;Ростовская наб., 5, Москва;alexnikmehr.ru;55.742 37.574;beauty
Alex, салон красоты;+7 (499) 241-16-46;+7 (977) 899-93-63;Смоленская ул., 10, Москва;alexsalons.com;55.746 37.578;beauty
Florissante, салон красоты;+7 (499) 241-24-65;+7 (903) 187-69-55;Смоленская ул., 7, Москва;florissante.ru;55.745 37.578;beauty
Just beauty, студия красоты;;+7 (926) 111-10-81;ул. Плющиха, 18, Москва;;55.744 37.578;beauty
DILARA nails & beauty by KAIF;;+7 (985) 535-76-66;Смоленская ул., 10, Москва;dilarabeauty.ru;55.746 37.579;beauty
Maija, салон красоты;+7 (495) 725-02-47;;Смоленская ул., 5, Москва;maija.ru;55.745 37.580;beauty
Face Control;;+7 (916) 685-05-45;ул. Плющиха, 42, Москва;dikidi.ru;55.740 37.576;beauty
Beauty Style;+7 (495) 605-85-67, +7 (495) 605-84-91, +7 (499) 248-21-67, +7 (499) 248-22-84;+7 (926) 443-62-66, +7 (980) 697-80-25;ул. Плющиха, 53/25с1, Москва;bs-salon.ru;55.739 37.576;beauty
Gatsby, салон красоты;+7 (499) 241-18-63, +7 (499) 241-21-68;+7 (985) 939-12-48, +7 (985) 939-12-08;Смоленская наб., 2А, Москва;gatsby.moscow;55.748 37.577;beauty
Nail madness;;+7 (965) 249-12-07, +7 (905) 520-11-22;Проточный пер., 11, Москва;;55.749 37.579;beauty
Шан Элизе, салон красоты;+7 (499) 241-39-87;+7 (903) 535-23-04;1-й Смоленский пер., 9, стр. 1, Москва;;55.748 37.579;beauty
EyeLove;;+7 (901) 147-81-05;Шубинский пер., 2/3, Москва;eyelove.ru;55.747 37.580;beauty
Blond Master;+7 (499) 490-10-75;+7 (977) 285-41-85;Проточный пер., 8/2с1, Москва;blondmaster.ru;55.751 37.581;beauty
Curl Method, салон для кудрявых;;+7 (985) 959-05-53;Ружейный пер., 4, стр. 1, Москва;curlmethod.ru;55.744 37.582;beauty
MOROZ BEAUTY STUDIO, студия красоты;;+7 (929) 999-12-17;Смоленский бул., 17, стр. 5, Москва;morozstudio.ru;55.742 37.583;beauty
Aldo coppola, салон красоты;+7 (495) 558-61-88;;Новинский бул., 8, стр. 2, Москва;aldocoppola.ru;55.750 37.583;beauty
TOPGUN, сеть барбершопов;;+7 (925) 626-64-44;ул. Льва Толстого, 23, корп. 1, Москва;topgun.ru;55.735 37.584;beauty
Муар;+7 (495) 142-37-70;+7 (925) 434-44-29, +7 (968) 032-53-32, +7 (977) 136-64-06, +7 (977) 171-51-01;Смоленский бул., 1/2, Москва;muarcentr.ru , muar-studiya.ru;55.739 37.584;beauty
Эпатаж, салон красоты;+7 (499) 241-16-52, +7 (499) 241-14-30;+7 (903) 763-71-83;пер. Сивцев Вражек, 44/28, Москва;epatagesalon.ru;55.747 37.586;beauty
Bronzeglow, салон красоты;;+7 (965) 247-75-55, +7 (968) 089-88-88;Карманицкий пер., 2/5, Москва;bronzeglow.moscow;55.750 37.587;beauty
Студия эпиляции Epilsun;;+7 (977) 760-93-42, +7 (977) 466-81-84;Троилинский пер., 3, Москва;epilsun.ru;55.748 37.584;beauty
Express Nails;+7 (495) 126-68-92;;Смоленский бул., 22/14, Москва;expressnails.ru;55.743 37.585;beauty
Hugs studio, салон красоты;;+7 (985) 433-91-30, +7 (980) 697-85-17, +7 (977) 852-15-38;Смоленский бул., 6-8, Москва;hugshair.ru;55.740 37.587;beauty
Elle Beauty Plazma;;+7 (932) 417-07-23;Денежный пер., 18, Москва;elle-beauty-plazma.ru;55.745 37.587;beauty
Chernika, салон красоты и загара;+7 (499) 241-25-20;+7 (925) 285-27-66;ул. Арбат, 51, стр. 1, Москва;chernika-msk.com;55.748 37.587;beauty
Этансель;+7 (499) 245-43-36;+7 (968) 823-44-55;ул. Пречистенка, 40/2с4, Москва;etancelle.com;55.740 37.587;beauty
Маникюрофф;+7 (495) 765-84-37;;ул. Пречистенка, 40/2с2, Москва;mymanikuroff.ru , widget.sonline.su;55.739 37.587;beauty
Nailsprofi, студия красоты;+7 (495) 502-58-49;+7 (925) 881-68-86, +7 (925) 502-58-49;ул. Тимура Фрунзе, 18, Москва;nailsprofi.ru;55.735 37.589;beauty
Indi beauty coworking;+7 (495) 137-54-23;+7 (985) 128-25-27, +7 (968) 607-77-99;ул. Тимура Фрунзе, 20, Москва;indibeauty.ru;55.736 37.590;beauty
Agena hair studio, студия волос;;+7 (915) 161-73-28, +7 (926) 430-02-55;Малый Лёвшинский пер., 10, Москва;sunny-hairs.com;55.742 37.590;beauty
Chop-Chop;;+7 (926) 447-83-33;ул. Тимура Фрунзе, 22, Москва;chop-chop.ru , chopchop.me;55.736 37.588;beauty
Barberia numero uno;+7 (495) 101-39-54;;Денежный пер., 8-10, Москва;barberiauno.com;55.743 37.588;beauty
Oni;+7 (495) 545-15-10, +7 (495) 258-25-45;+7 (925) 517-66-20;Зубовский бул., 16-20с1, Москва;virsavia.ru , oniclinic.ru;55.738 37.588;beauty
Mt Beauty;;+7 (915) 257-96-58;Плотников пер., 20/21, Москва;piercing-moscow.ru;55.747 37.588;beauty
Seven G;;+7 (915) 496-96-01;ул. Льва Толстого, 8, стр. 3, Москва;seven-g.ru;55.733 37.590;beauty
Студия красоты сестёр Принясовых;+7 (495) 749-28-05;;Померанцев пер., 10-12, Москва;beautysisters.ru;55.740 37.591;beauty
Альтиссимо, салон красоты;+7 (499) 967-59-45, +7 (499) 246-42-53, +7 (499) 246-31-00;+7 (968) 651-98-22, +7 (916) 610-61-07;Чистый пер., 6, стр. 1, Москва;altissimosalon.com;55.743 37.591;beauty
Lucky you, студия красоты;+7 (499) 288-23-38, +7 (499) 325-44-25;;Комсомольский просп., 3, Москва;;55.733 37.593;beauty
Mon Ideal, клиника косметологии и эпиляции;+7 (499) 350-17-14;+7 (985) 478-56-50;Комсомольский просп., 3, Москва;monideal.ru , monideal-epil.ru;55.733 37.594;beauty
Lollipop_nailss;;+7 (918) 800-93-29;ул. Тимура Фрунзе, 8/5, Москва, Россия;;55.734 37.592;beauty
На свежую голову;;+7 (977) 493-08-82;Большой Чудов пер., 5/8, Москва;nasvezhuyugolovu.ru;55.734 37.592;beauty
Студия красоты Наташи Храмовой;;+7 (909) 910-73-73;Зубовский бул., 13, стр. 1, Москва;;55.736 37.592;beauty
Студия перманентного макияжа Марии Грибковой;;+7 (926) 500-88-99;Малый Николопесковский пер., 4, Москва;;55.750 37.593;beauty
Luck you. Moscow;;+7 (980) 070-13-48, +7 (909) 777-44-28, +7 (991) 105-62-99;Малый Николопесковский пер., 6, Москва;;55.751 37.593;beauty
I Like;;+7 (901) 258-54-86, +7 (906) 772-73-33;пер. Сивцев Вражек, 19, Москва;ресницы-нарастить.рф;55.747 37.594;beauty
Оранжевый, салон красоты;+7 (499) 241-64-10;+7 (965) 319-50-36;Староконюшенный пер., 26, Москва;orange-salon.ru;55.748 37.595;beauty
Nelson barbershop, барбершоп;;+7 (925) 077-62-62;ул. Арбат, 6/2, Москва;nelsonbarbershop.ru;55.752 37.597;beauty
Alex Bros, салон красоты;+7 (495) 694-79-99, +7 (495) 694-79-98;;Большой Афанасьевский пер., 22, Москва;alexbros.me;55.749 37.597;beauty
Beverly-Hills Парк Культуры;;+7 (977) 475-42-42;ул. Остоженка, 40/1, Москва, Россия;dikidi.net;55.738 37.595;beauty
Express Nails;+7 (495) 154-71-04;;ул. Остоженка, 25, Москва;expressnails.ru;55.739 37.597;beauty
Персона маркет, интернет-магазин;+7 (495) 137-55-77, +7 (495) 695-12-98, +7 (495) 951-00-20, +7 (499) 238-43-44;+7 (925) 009-25-80, +7 (910) 490-10-10;ул. Остоженка, 27, корп. 2, Москва;persona.market , persona-ostozhenka.ru;55.739 37.597;beauty
Hidden Place;+7 (499) 426-26-25;;Большой Афанасьевский пер., 34, Москва;hiddenbeauty.ru;55.751 37.597;beauty
Teddy Nails, студия красоты;;+7 (925) 577-08-49;Большой Афанасьевский пер., 36, стр. 1, Москва;teddynailsmsk.ru;55.751 37.597;beauty
Special for you, ногтевая студия;;+7 (929) 501-92-99, +7 (958) 100-98-84, +7 (968) 091-92-99;Филипповский пер., 9, Москва;sfyou.ru;55.749 37.598;beauty
Krygina beauty store, Пункт выдачи товара;+7 (495) 120-40-60, +7 (495) 150-40-60;;Нащокинский пер., 10, Москва;bit.ly , krygina.com;55.746 37.598;beauty
Е.С. студия, салон красоты;+7 (495) 545-42-90, +7 (495) 545-42-88;+7 (926) 025-71-26;Турчанинов пер., 2А, Москва;es-studia.ru;55.736 37.599;beauty
Hollywood;+7 (499) 375-71-44;+7 (919) 786-60-68, +7 (929) 642-85-00;Филипповский пер., 15/5, Москва;hollywoodmakeup.ru;55.751 37.598;beauty
Коко;;+7 (985) 998-15-05;Малый Афанасьевский пер., 5/15, Москва;arn.su;55.751 37.598;beauty
Моя прекрасная леди, салон красоты;+7 (499) 322-70-06, +7 (499) 322-86-06, +7 (499) 322-99-40, +7 (499) 322-99-02, +7 (499) 322-99-20, +7 (495) 128-64-19, +7 (495) 128-64-15;;Гоголевский бул., 23, Москва;myfairlady.ru;55.748 37.599;beauty
Салон красоты Lushas Beauty;;+7 (909) 900-18-00;ул. Пречистенка, 4, стр. 2, Москва;lushas-beauty.ru , lushas-beauty-salon.ru;55.744 37.601;beauty
Next Beauty Studio;+7 (495) 695-18-10, +7 (495) 695-18-19;;2-й Обыденский пер., 15, Москва;mary-cohr.ru;55.743 37.602;beauty
Stanev, салон красоты;+7 (499) 766-95-88, +7 (499) 766-95-77;;Пречистенская наб., 7, Москва;astanev.com;55.737 37.602;beauty
Vобразе;+7 (495) 983-32-33;+7 (906) 721-32-32;1-й Обыденский пер., 14, Москва;vobraze.com;55.743 37.602;beauty
Есо Бьюти Клаб;+7 (495) 152-07-88, +7 (495) 004-02-21;+7 (906) 790-34-35;Бутиковский пер., 3, Москва;eso-beauty.ru;55.739 37.604;beauty
KONTIER, салон красоты;+7 (495) 540-46-09;+7 (962) 937-08-86;Пречистенская наб., 15, стр. 2, Москва;alexkontier.com;55.739 37.606;beauty
Only Hair;;+7 (901) 781-00-15;Лаврушинский пер., 17, стр. 4, Москва;;55.741 37.622;beauty
Hairs-Park;;+7 (905) 540-00-84;ул. Большая Полянка, 28, корп. 1, Москва;;55.736 37.618;beauty
Моя прекрасная леди, салон красоты;+7 (495) 128-64-16;;ул. Малая Полянка, 5, Москва;myfairlady.ru;55.735 37.617;beauty
Салон красоты Guinot;+7 (499) 426-26-99;;ул. Большая Полянка, 44/2, Москва;;55.732 37.620;beauty
Ласточки, салон красоты;+7 (495) 953-17-32;+7 (984) 333-28-14, +7 (962) 987-94-71;Пыжёвский пер., 5, Москва;salonlastochki.ru;55.739 37.622;beauty
Beauty philosophy studio;;+7 (903) 720-81-18, +7 (926) 448-70-58, +7 (926) 448-70-48;Малый Толмачёвский пер., 12/16с6, Москва;beauty-philosophy.ru;55.740 37.619;beauty
MONE;+7 (499) 702-59-81;;ул. Большая Полянка, 51А/9, Москва;salonmone.ru;55.732 37.621;beauty
Клиника косметологии Space For;+7 (495) 098-04-22;;Щетининский пер., 12, Москва;;55.733 37.623;beauty
KAMACHKA, ногтевая студия;;+7 (965) 223-63-53;ул. Большая Ордынка, 51, Москва;;55.734 37.625;beauty
Beautymix, клиника эпиляции и косметологии;+7 (499) 707-22-25;+7 (977) 630-59-58;ул. Большая Ордынка, 7, Москва;beautymixclinic.ru , widget.sonline.su;55.745 37.625;beauty
Koloristika hair;;+7 (987) 846-32-98, +7 (999) 106-22-93;ул. Большая Ордынка, 38, стр. 1, Москва;koloristikahair.ru;55.737 37.624;beauty
Молекула Красоты;;+7 (995) 099-94-07, +7 (939) 111-64-90;ул. Большая Ордынка, 38, стр. 1, Москва;molekula-krasoty.clients.site;55.737 37.624;beauty
Цирюльникъ, салон красоты;+7 (495) 953-04-08;+7 (968) 877-65-77, +7 (925) 507-84-37;ул. Большая Ордынка, 19, стр. 1, Москва;salon-hair.ru , cirulnik.com;55.742 37.626;beauty
Салон красоты Эдуарда Тришкина;+7 (495) 959-51-29;;ул. Малая Ордынка, 5/6с2-3, Москва;trishkin.ru;55.740 37.626;beauty
Only lamination;;+7 (929) 571-11-90;ул. Малая Ордынка, 13, стр. 3, Москва;;55.738 37.626;beauty
Центр подологии Каймановой К.;;+7 (925) 006-32-15, +7 (967) 064-69-29;Садовническая ул., 5, Москва;;55.748 37.627;beauty
Mone, салон красоты;+7 (495) 953-26-41;;Пятницкая ул., 65/10, Москва;moneprofessional.ru , salonmone.ru;55.733 37.627;beauty
Бьюти Бистро;+7 (499) 391-29-06;;Голиковский пер., 15, Москва;beauty-bistro.ru;55.739 37.628;beauty
Версайс, салон красоты;+7 (495) 959-49-31;+7 (968) 790-54-03;Голиковский пер., 5, Москва;vercise.ru;55.740 37.628;beauty
Dr. Alpatoy;;+7 (985) 825-88-00;Садовническая ул., 5, Москва;;55.748 37.627;beauty
Dr Bilan Beauty Center, студия косметологии;;+7 (968) 541-32-22;Садовническая ул., 5, Москва;drbilan.ru , drbilan.store;55.748 37.627;beauty
Monail Studio, ногтевая студия;;+7 (906) 546-33-33, +7 (925) 777-75-41;Пятницкая ул., 8, Москва;monail.ru;55.744 37.628;beauty
Fifochka NailArt;;+7 (926) 877-32-30;Пятницкая ул., 3/4с2, Москва;;55.745 37.628;beauty
Pion, студия красоты;;+7 (967) 222-80-30;Пятницкая ул., 36, Москва;pionmsk.ru;55.739 37.628;beauty
Wax & Go;;+7 (929) 610-97-83;Пятницкая ул., 9/28с1, Москва;waxandgo.ru;55.745 37.628;beauty
Lookroom;+7 (495) 249-44-40;+7 (963) 752-79-79;Пятницкая ул., 9/28с1, Москва;ilookroom.com;55.744 37.628;beauty
Slips, центр красоты;+7 (495) 764-90-99;+7 (985) 764-90-99;Пятницкая ул., 20, стр. 1, Москва;zoon.ru , trend-nails-salon.ru;55.742 37.628;beauty
Дом маникюра и педикюра DiKa;+7 (499) 391-64-99;+7 (926) 495-77-78;Пятницкая ул., 53/18с5, Москва;dika.me;55.734 37.628;beauty
Mone, салон красоты;;+7 (929) 619-16-87;Новокузнецкая ул., 6, Москва;salonmone.ru;55.738 37.630;beauty
Studia nails, ногтевая студия;;+7 (985) 890-47-47;1-й Новокузнецкий пер., 10А, Москва;clck.ru;55.735 37.630;beauty
Студия Лилии Ивановой;;+7 (977) 729-81-57, +7 (926) 372-93-19;Пятницкий пер., 8, стр. 1, Москва;tatuazh-permanentnyj-makiyazh.ru;55.743 37.630;beauty
Beyond beauty, салон красоты;;+7 (910) 446-97-77;Климентовский пер., 6, Москва;n265610.yclients.com;55.741 37.630;beauty
Академ Имидж;;+7 (916) 986-60-66;Народная ул., 15/1, Москва;;55.737 37.650;beauty
ПМ перманентный макияж;;+7 (910) 414-09-19;Большая Татарская ул., 20, стр. 1, Москва;;55.740 37.632;beauty
LuV. permanent;;+7 (966) 114-99-55;Большая Татарская ул., 20, стр. 1, Москва;;55.740 37.632;beauty
Beauty fox, салон депиляции;+7 (499) 704-53-00;+7 (965) 100-53-35;5-й Монетчиковский пер., 3, стр. 1, Москва;s-beautyfox.ru , dikidi.net;55.732 37.634;beauty
5 стрижек, барбершоп;;+7 (985) 081-03-23;Большая Татарская ул., 13, стр. 5, Москва;5strizhek.ru;55.743 37.634;beauty
Кератин Ботокс Обучение;;+7 (936) 666-33-08;Руновский пер., 5, стр. 1, Москва, Россия;dikidi.net;55.743 37.635;beauty
Los Brows;;+7 (999) 986-04-69, +7 (925) 001-10-08, +7 (939) 555-36-09;Овчинниковская наб., 22/24с2, Москва;losbrows.ru;55.743 37.635;beauty
Capsula, салон красоты;+7 (495) 877-34-27;;Большая Татарская ул., 35, стр. 3, Москва;capsula.salon;55.738 37.635;beauty
Студия маникюра Crystal nails;+7 (495) 969-73-17;+7 (901) 256-64-49;Большая Татарская ул., 44, Москва;;55.737 37.635;beauty
Салон красоты Ten Tone;+7 (499) 112-40-09;+7 (966) 191-08-05;Озерковская наб., 22/24с4, Москва;10tentone.ru;55.741 37.637;beauty
Берёзка;;+7 (987) 651-55-30, +7 (926) 309-03-99;Садовническая ул., 29, Москва;b158003.yclients.com;55.746 37.637;beauty
Nanobrow;;+7 (930) 940-62-57;Озерковская наб., 48/50с3, Москва;dikidi.net;55.736 37.638;beauty
Салон красоты Nadlen nail;+7 (499) 238-02-40;+7 (964) 799-33-66, +7 (928) 675-45-11, +7 (929) 557-28-78;Садовническая ул., 54, стр. 2, Москва;nadlen-nail.ru;55.743 37.638;beauty
MiMiLab;;+7 (926) 951-35-11;Озерковская наб., 38-40, Москва;;55.737 37.638;beauty
Stefani, салон красоты, Не хватает данных? Переходите на eхport-basе.ru;;+7 (903) 291-01-07, +7 (991) 313-13-63;Садовническая ул., 80, Москва;stefani-style.ru;55.737 37.641;beauty
Hairsilk, студия-магазин по наращиванию волос;+7 (495) 641-70-67;+7 (926) 805-80-25, +7 (985) 079-79-37;Садовническая ул., 80, Москва;hairsilk.ru;55.738 37.642;beauty
Красотка;+7 (495) 642-37-65, +7 (495) 953-77-08;;Озерковская наб., 44, Москва;salonkrasotka.ru;55.736 37.639;beauty
Моссалон, студия красоты;;+7 (916) 838-20-20;Татарская ул., 5, стр. 2, Москва;mossalon.club , mossalon.ru;55.734 37.639;beauty
Mone, салон красоты;+7 (495) 959-59-99;+7 (966) 130-56-11;Садовническая ул., 57, стр. 2, Москва;salonmone.ru;55.740 37.641;beauty
Салон красоты Блайс;+7 (495) 951-04-45;+7 (926) 271-11-11;Космодамианская наб., 40-42с3, Москва;salon-blais.ru;55.737 37.644;beauty
Мартори;;+7 (985) 999-85-79;Яузская ул., 5, Москва;martori.ru;55.750 37.645;beauty
Студия красоты Анастасии Анастасьевой;;+7 (926) 038-42-83;Котельническая наб., 25, корп. 2, Москва;dikidi.net;55.743 37.646;beauty
Модильяни, центр красоты и здоровья;+7 (546) 280-61-77, +7 (495) 477-53-57;+7 (903) 129-03-20;Котельническая наб., 31, Москва;modiglianisalon.ru;55.742 37.646;beauty
TOPGUN, сеть барбершопов;;+7 (915) 420-44-44;Гончарная наб., 3, стр. 5, Москва;topgunbarbershop.ru , topgun.ru;55.740 37.647;beauty
Killer Qeens;;+7 (996) 362-50-54;Гончарная наб., 3, стр. 5, Москва, Россия;;55.740 37.648;beauty
Brand me;;+7 (929) 504-78-61, +7 (916) 964-08-33;Котельническая наб., 33, корп. 1, Москва;brand-me-hair.ru;55.741 37.648;beauty
Nb_beauty_club, студия красоты;;+7 (926) 404-04-44, +7 (967) 279-18-00;Котельническая наб., 33, корп. 1, Москва;;55.740 37.649;beauty
Салон красоты Lucky Rooms;;+7 (904) 567-58-44;2-й Гончарный пер., 3, Москва, Россия;lucky-rooms.ru;55.740 37.649;beauty
Nataliya_resnichka_;;+7 (977) 341-07-27;Верхняя Радищевская ул., 5, Москва;bumpix.net;55.745 37.649;beauty
Zdezz studio, салон красоты;;+7 (964) 729-89-99;Краснохолмская наб., 1/15, Москва;zdezzstudio.ru;55.736 37.650;beauty
Vitalita, велнес-клуб;+7 (495) 915-25-39;+7 (903) 228-77-14;Гончарная ул., 38, Москва;buben.it , vitalitaclub.ru;55.741 37.650;beauty
Marley;+7 (495) 766-15-07;+7 (985) 766-15-07, +7 (925) 542-19-81;Верхняя Радищевская ул., 7, стр. 3, Москва;afro-salon.ru;55.745 37.650;beauty
Студия № 1 по наращиванию ресниц и маникюру Anna Key;+7 (495) 129-52-13;;Народная ул., 8, Москва;anna-key.ru;55.739 37.651;beauty
Cookies, студия маникюра;;+7 (999) 899-16-60;Народная ул., 8, Москва;;55.739 37.651;beauty
Наращивание ресниц Fantasy;;+7 (909) 666-78-78;Народная ул., 11, стр. 1, Москва;fantasymoscow.ru;55.737 37.651;beauty
4yournails, студия маникюра;;+7 (936) 777-34-14, +7 (926) 684-85-48, +7 (958) 100-25-78;Тетеринский пер., 16, Москва;;55.745 37.653;beauty
Sorbetto - салон красоты;;+7 (958) 100-91-54;ул. Большие Каменщики, 4, Москва;moskvichka-salon.ru;55.738 37.653;beauty
Si Nails, студия красоты;+7 (499) 686-19-06;;ул. Большие Каменщики, 1, Москва;sinails.studio;55.740 37.654;beauty
Chudakovalash, студия по наращиванию ресниц;;+7 (925) 305-15-01;Народная ул., 4, стр. 1, Москва;alsou-studio.ru;55.739 37.651;beauty
Посольство взглядов;;+7 (903) 770-88-81;Народная ул., 4, стр. 1, Москва;posolstvovzglyadov.ru , n187257.yclients.com;55.739 37.652;beauty
Love nails;+7 (499) 390-76-43;+7 (929) 676-06-18;Таганская площадь, 86/1с1, Москва;;55.741 37.653;beauty
Клиника эстетической медицины Вирсавия;;+7 (901) 147-94-38;ул. Земляной Вал, 52/16с2, Москва;virsavia.ru;55.749 37.654;beauty
Клиника косметологии и лазерной эпиляции SkinLaser;+7 (495) 208-01-47;+7 (906) 020-83-77;ул. Земляной Вал, 68/18с5, Москва;скинлазер.рф , pantheon.clinic;55.745 37.654;beauty
Nails Up;;+7 (966) 334-13-13, +7 (903) 713-13-54, +7 (966) 888-20-57;Таганская площадь, 12, Москва;manikyur-i-pedikyur-na-taganke.ru;55.740 37.654;beauty
adelin.lashbrows, студия красоты;;+7 (916) 794-38-02;ул. Большие Каменщики, 1, Москва;marianjel.ru , typeme.ru;55.740 37.654;beauty
Thai-SPA 7 красок, сеть тайских SPA салонов;+7 (495) 911-07-07;+7 (926) 291-46-39;ул. Большие Каменщики, 19, Москва;;55.736 37.657;beauty
Summer, салон красоты;;+7 (999) 907-71-99;ул. Большие Каменщики, 19, Москва;summer-salon.ru;55.736 37.657;beauty
Eclib Studio;;+7 (964) 530-03-00;Воронцовская ул., 2/10с1, Москва;;55.741 37.655;beauty
5 Стрижек;;+7 (969) 777-89-45;Воронцовская ул., 2/10с1, Москва;5strizhek.ru;55.741 37.655;beauty
Дубовицкий by trend, салон-парикмахерская;+7 (495) 276-00-46;+7 (904) 567-72-46, +7 (903) 756-01-76;ул. Земляной Вал, 64, стр. 2, Москва;ntrend.ru;55.746 37.655;beauty
Magik_mila;;+7 (965) 186-20-11;ул. Александра Солженицына, 1/5, Москва;;55.742 37.655;beauty
Гримерка;;+7 (968) 042-96-96, +7 (966) 133-68-66;ул. Александра Солженицына, 1/5, Москва;grimerka-beauty.ru;55.742 37.655;beauty
Цирюльникъ;;+7 (926) 300-58-81, +7 (925) 940-05-75;Воронцовская ул., 1/3с2А, Москва;salon-hair.ru , cirulnik.com;55.741 37.656;beauty
Клиника эстетической медицины Марины Лекомцевой;;+7 (925) 243-00-46;Известковый пер., 5, стр. 2, Москва;lekomtseva.com;55.745 37.656;beauty
Beauty nails, студия красоты;;+7 (965) 226-11-53;Марксистская ул., 10, стр. 1, Москва;8ph6sphjcw.wixsite.com;55.740 37.657;beauty
Сеть студий маникюра Лены Лениной;+7 (499) 110-31-99;+7 (977) 689-59-00, +7 (903) 257-77-66, +7 (903) 223-05-75;Таганская ул., 2, Москва;nailsmasters.ru , clck.ru;55.741 37.657;beauty
Студия массажа Anjari SPA;;+7 (902) 469-41-78;Таганская ул., 1/2с2, Москва;zoon.ru , anjari-spa.ru;55.741 37.657;beauty
Girls Secrets;;+7 (915) 179-59-30;Воронцовская ул., 15/10с5, Москва;dan.com;55.739 37.657;beauty
Массаж;;+7 (925) 914-91-49;Большой Дровяной пер., 8, стр. 1, Москва;promassage.clients.site;55.744 37.657;beauty
Salvadore, салон красоты;;+7 (903) 100-48-20;Воронцовская ул., 19А, стр. 1, Москва;;55.738 37.658;beauty
Saly Art;;+7 (904) 567-78-90;Большой Дровяной пер., 14, стр. 3, Москва;salyart.ru;55.745 37.658;beauty
Beauty Salon Lazurit;;+7 (999) 999-01-44;Таганская ул., 3, Москва;lazepil.ru;55.741 37.659;beauty
Polish nail studio;;+7 (977) 539-77-34, +7 (999) 919-14-40;Товарищеский пер., 4, стр. 2, Москва;polishnails.ru;55.742 37.660;beauty
S. K. Mimi;;+7 (925) 077-80-13;ул. Александра Солженицына, 14, корп. 1, Москва;dikidi.net;55.743 37.660;beauty
Maija, Воронцовская 25;+7 (495) 632-73-36;+7 (915) 362-78-02;Воронцовская ул., 25, стр. 1, Москва;maija.ru;55.736 37.660;beauty
Catherine, салон красоты;+7 (495) 565-36-58, +7 (495) 565-35-68;+7 (903) 536-89-56;Воронцовская ул., 32, стр. 1, Москва;esthed.ru , catherine.su;55.735 37.661;beauty
Салон Pery Beauty;;+7 (985) 366-11-06;ул. Александра Солженицына, 20, Москва;perybeauty.ru;55.743 37.661;beauty
U. Simy;;+7 (901) 502-12-80;Марксистская ул., 3, стр. 1, Москва;usimy.ru;55.739 37.661;beauty
Elleebana;;+7 (983) 309-20-20, +7 (925) 729-20-01;Таганская ул., 15, стр. 2, Москва;elleebanofficial.ru;55.740 37.662;beauty
Manifix, студия красоты;;+7 (968) 398-07-00, +7 (901) 753-97-87, +7 (925) 592-34-97, +7 (985) 197-06-27, +7 (906) 099-76-95;Воронцовская ул., 44, Москва;manifix.ru;55.733 37.662;beauty
YesHairClub;;+7 (903) 190-39-93;Марксистская ул., 34, корп. 4, Москва;;55.735 37.663;beauty
Laser pro, студия эпиляции и коррекции фигуры;;+7 (927) 337-37-33, +7 (925) 224-78-98;Воронцовская ул., 35Б, корп. 2, Москва;;55.734 37.664;beauty
Matrix;+7 (495) 912-58-22;;Марксистская ул., 5, Москва;empathy.website;55.737 37.664;beauty
HairColor;+7 (495) 877-30-36;+7 (965) 117-50-63;Большой Факельный пер., 12, Москва;yanavladimirova.tilda.we;55.742 37.664;beauty
Afrostudio;+7 (495) 911-39-11;+7 (925) 506-99-00;Таганская ул., 26, стр. 1, Москва;afrostudio.ru;55.739 37.664;beauty
Найл-Бариста;;+7 (926) 105-91-07;ул. Александра Солженицына, 27, Москва;najl-barista.clients.site;55.745 37.665;beauty
Mila. Pilit;;+7 (925) 494-42-02;Строгинский бул., 1, Москва;;55.806 37.395;beauty
Lili Crazy Hair;;+7 (916) 006-47-87, +7 (901) 712-85-77;Таганская ул., 36, корп. 2, Москва;lilicrazyhair.ru;55.739 37.667;beauty
Студия перманентного макияжа Алексея Каришева;;+7 (985) 855-88-46;Таганская ул., 36, корп. 2, Москва;moscow-brow.ru;55.739 37.667;beauty
Juan Mavi, салон красоты;+7 (495) 921-17-39, +7 (495) 921-17-38;;Марксистская ул., 38, Москва;juansalon.ru;55.734 37.667;beauty
Mone, салон красоты;+7 (499) 702-59-74;;Таганская ул., 29, стр. 1, Москва;salonmone.ru;55.740 37.667;beauty
Beauty neon loft;;+7 (904) 568-17-99;Таганская ул., 31/22, Москва;shinepinkroom.clients.site;55.740 37.669;beauty
Шампань, салон красоты;+7 (495) 632-63-64, +7 (495) 670-02-46;+7 (919) 105-95-09;Волгоградский просп., 1, стр. 1, Москва;prelest.ru;55.734 37.671;beauty
Dandy, барбершоп;;+7 (926) 568-87-88, +7 (925) 232-01-02;Абельмановская ул., 7, Москва;dandy-barbershop.ru;55.736 37.672;beauty
Crazy lak, студия маникюра и педикюра Юлии Голубковой;;+7 (965) 169-57-19;улица Талалихина, 8;;55.736 37.676;beauty
Brit Hair Group, студия-центр восстановления и обучения;+7 (495) 725-79-83;+7 (929) 621-48-94, +7 (980) 960-05-14;Нижегородская ул., 5, Москва;brithairgroup.com;55.739 37.678;beauty
Салон красоты Сияй! Beauty club;;+7 (985) 183-79-99, +7 (904) 567-82-30, +7 (916) 778-65-55;Абельмановская ул., 3, Москва;zoon.ru , siyaj-beauty-club.ru;55.737 37.673;beauty
Dr. Volosov;;+7 (926) 192-61-38, +7 (926) 480-83-90;Брошевский пер., 6, стр. 1, Москва;;55.737 37.674;beauty
МадамFox;;+7 (925) 526-58-51;Хлебников пер., 2/5с2, Москва;;55.747 37.674;beauty
Beauty__mao;;+7 (967) 438-82-61;Хлебников пер., 2/5с2, Москва;beauty-mao.ru;55.747 37.674;beauty
Rich_Gold77;;+7 (996) 413-96-14, +7 (915) 066-06-16;ул. Рогожский Вал, 6, корп. 2, Москва;;55.743 37.674;beauty
J&o;+7 (495) 920-28-00;+7 (985) 920-28-00;Качалинская ул., 9, Москва;jovog.ru;55.732 37.675;beauty
Be Happy;;+7 (969) 034-54-44;ул. Сергия Радонежского, 15-17с1, Москва;dikidi.net;55.747 37.677;beauty
Илиса;;+7 (909) 671-01-11;Школьная ул., 48, Москва;;55.746 37.677;beauty
Look at me, студия наращивания ресниц;;+7 (909) 637-99-85, +7 (977) 599-52-89;Гжельский пер., 20, Москва;dikidi.net , beauty.dikidi.net;55.748 37.678;beauty
Студия перманента Ольги Локостовой;;+7 (916) 940-25-75;Гжельский пер., 20, Москва;olgalokostova.ru;55.748 37.678;beauty
TOPGUN;;+7 (925) 103-34-44;ул. Сергия Радонежского, 23-25с1, Москва;topgun.ru;55.747 37.678;beauty
Мирин Перманент;;+7 (968) 733-53-53;ул. Сергия Радонежского, 23-25с1, Москва;;55.747 37.678;beauty
Esteti’Co;;+7 (991) 277-35-07;ул. Талалихина, 1, корп. 2, Москва;esteti-co.ru;55.736 37.678;beauty
Si.studio, ногтевая студия;;+7 (964) 582-20-24;Таможенный пр., 6, стр. 3, Москва;zoon.ru , sistudio-salon.ru;55.751 37.679;beauty
Studio Figura, студия красоты и коррекции фигуры;;+7 (925) 740-08-58, +7 (929) 605-68-65;Ковров пер., 15, Москва;caramellipo.ru;55.743 37.685;beauty
Sokolov laser, студия удаления тату;;+7 (985) 988-63-64;Рабочая ул., 33, Москва;sokolov-laser.ru;55.743 37.685;beauty
Diamond SPA, СПА-салон;+7 (495) 777-69-51, +7 (495) 777-09-73, +7 (495) 646-05-10, +7 (495) 777-65-42, +7 (495) 777-35-60, +7 (495) 662-49-29, +7 (495) 646-12-60;+7 (925) 397-37-90, +7 (929) 509-42-40;Душинская ул., 6, Москва;spadiamond.ru;55.748 37.704;beauty
LadyClub;;+7 (909) 983-91-91, +7 (925) 755-60-88;Нижегородская ул., 50, Москва;;55.736 37.701;beauty
Салон тайского массажа;;+7 (916) 692-44-50;ш. Энтузиастов, 7А, Москва;slonsiam.ru;55.749 37.702;beauty
Воображуля, сеть семейных парикмахерских;+7 (499) 340-43-58;;ш. Энтузиастов, 12, корп. 2, Москва;msk.voobrajulya.ru;55.748 37.706;beauty
O`nail bar, студия ногтевого сервиса;;+7 (962) 940-11-71;ш. Энтузиастов, 12, корп. 2, Москва;onailbar.ru;55.747 37.706;beauty
Точка красоты, салоны красоты;;+7 (926) 943-00-33;ш. Энтузиастов, 12, корп. 2, Москва;tochkafamily.ru;55.747 37.707;beauty
Студия маникюра и педикюра 4hands;;+7 (925) 067-78-88, +7 (967) 498-63-16;Красноказарменная ул., 14А, корп. 4, Москва;4hands.ru;55.752 37.707;beauty
Meri_nailsmsk;;+7 (966) 048-99-98, +7 (969) 777-86-03;пр. Завода Серп и Молот, 5, стр. 1, Москва;meri-nailsmsk.plp7.ru , meri-nailsmsk-salon.ru;55.751 37.708;beauty
Nicetone;;+7 (980) 697-63-40, +7 (999) 773-23-31;Красноказарменная ул., 14А, корп. 4, Москва;nicetone.ru;55.752 37.708;beauty
In-beauty;;+7 (977) 640-45-37;ш. Энтузиастов, 18, Москва;time-nails.ru;55.750 37.714;beauty
Академия перманентного макияжа;;+7 (985) 262-05-42;2-й Кабельный пр., 1, Москва;;55.748 37.716;beauty
Icon, студия красоты;;+7 (926) 110-36-37, +7 (926) 649-04-94;Зелёный просп., 4, корп. 1, Москва;iconstudiya.ru;55.748 37.770;beauty
Салон красоты и косметологии Эра Красоты;+7 (495) 201-31-60, +7 (499) 343-86-17;;Зелёный просп., 8, Москва;era-krasoti.ru , salon-era.ru;55.749 37.777;beauty
4hands, ногтевая студия;;+7 (917) 595-13-61;1-я Владимирская ул., 37/15, Москва;4hands.ru , 4-hands.ru;55.750 37.780;beauty
Стильная Экономика, салон;+7 (495) 368-47-41;+7 (903) 222-15-61, +7 (963) 679-63-41;1-я Владимирская ул., 39/12, Москва;zoon.ru , stilnaya-ekonomika-salon.obiz.ru , stilnaya-ekonomika.ru;55.750 37.781;beauty
TOPGUN, сеть барбершопов;;+7 (925) 058-84-44;2-я Владимирская ул., 34, Москва;topgun.ru;55.752 37.784;beauty
Хочу к тебе;;+7 (915) 195-55-45;Зелёный просп., 15/37, Москва;;55.750 37.781;beauty
Uninails, ногтевая студия;;+7 (977) 411-90-09, +7 (958) 111-70-43;1-я Владимирская ул., 39/12, Москва;uninails.ru;55.749 37.781;beauty
Мастерская маникюра Софии Чураковой;+7 (495) 018-87-98;;Перовская ул., 43, Москва;модный-маникюр.рф;55.746 37.784;beauty
San Remo, салон красоты;+7 (3919) 89-80-32;+7 (966) 328-03-09;Перовская ул., 55, Москва;salon-sanremo.ru , megagroup.ru;55.746 37.791;beauty
Точка красоты, салоны красоты;;+7 (925) 269-88-03;Перовская ул., 61А, Москва;tochkafamily.ru;55.745 37.798;beauty
Super Style, салон красоты;+7 (495) 303-05-21;+7 (965) 128-83-33;Мартеновская ул., 32/15, Москва;;55.748 37.804;beauty
Nails up, салон красоты;+7 (499) 685-18-06, +7 (495) 105-97-20, +7 (499) 213-64-65, +7 (495) 109-03-77, +7 (499) 213-28-68, +7 (495) 822-02-95, +7 (499) 213-30-37;+7 (991) 879-56-46, +7 (964) 519-65-55, +7 (977) 329-36-46, +7 (965) 105-71-01, +7 (985) 513-38-93, +7 (930) 949-33-13, +7 (916) 313-45-50;Зелёный просп., 56, Москва;nails-up.ru;55.751 37.815;beauty
Феличе, салон красоты;+7 (495) 301-10-55;+7 (926) 180-76-67;Свободный просп., 26, Москва;феличе.рф;55.749 37.815;beauty
Beauty Salon 22, салон красоты;+7 (495) 943-80-17;+7 (901) 593-80-17;Союзный просп., 22, Москва;beautysalon22.ru;55.748 37.820;beauty
Салон красоты и косметологии Medolimp;+7 (499) 322-20-88, +7 (499) 424-03-52, +7 (499) 116-84-11;+7 (926) 215-55-12;Свободный просп., 20А, Москва;medolimp.com , mosmanikur.ru;55.751 37.816;beauty
Цирюльникъ;+7 (495) 302-93-50;+7 (925) 835-02-00;Фрязевская ул., вл1с2, Москва;salon-hair.ru;55.745 37.817;beauty
Студия маникюра Лены Лениной;;+7 (968) 461-35-49;Зелёный просп., 62, Москва;llmanikur.ru , clck.ru;55.751 37.820;beauty
Alexa. Studi;;+7 (904) 568-21-33, +7 (904) 568-21-32;Зелёный просп., 66, корп. 2, Москва;lashes-nails-4-6-hands.ru;55.750 37.823;beauty
Точка красоты, салоны красоты;;+7 (926) 075-88-55;Вешняковская ул., 13А, Москва;tochkafamily.ru;55.736 37.830;beauty
Бароссо;+7 (495) 740-57-45;+7 (926) 045-68-57;Вешняковская ул., 14, корп. 2, Москва;бароссо.рф;55.733 37.828;beauty
Topbeauty;+7 (499) 110-04-10;;Суздальская ул., 9А, Москва, Россия;topfitspa.ru;55.742 37.847;beauty
БОН Стиль;;+7 (903) 116-11-08;Суздальская ул., 10, корп. 2, Москва;bonstylecompany.tilda.ws;55.737 37.848;beauty
Valentino, салон красоты;;+7 (926) 874-60-82;Новокосинская ул., 22, Москва;valentino-style.ru;55.740 37.861;beauty
Салон красоты Infinity Beauty Lab;;+7 (904) 567-84-57;Новокосинская ул., 15, корп. 7, Москва;zoon.ru , infinity-beauty-lab.ru;55.740 37.853;beauty
Барбершоп 28;;+7 (916) 271-47-21;Новокосинская ул., 17, корп. 7, Москва, Россия;n415066.yclients.com;55.740 37.854;beauty
BeautyMania;+7 (495) 702-87-00;;Новокосинская ул., 8, корп. 1, Москва;;55.733 37.855;beauty
Mia, студия маникюра;;+7 (910) 477-43-76;Новокосинская ул., 10, корп. 1, Москва;;55.735 37.856;beauty
Студия эпиляции Saharooms;;+7 (977) 420-18-74, +7 (968) 856-01-09;Новокосинская ул., 10, корп. 1, Москва;dikidi.net;55.735 37.856;beauty
Mila;;+7 (925) 561-16-21;Новокосинская ул., 10, корп. 1, Москва;;55.735 37.856;beauty
Morie;+7 (495) 702-10-69, +7 (495) 988-12-72, +7 (495) 978-66-12;;Новокосинская ул., 12, корп. 2, Москва;moriesalon.ru;55.736 37.856;beauty
Галерея SPA, салон;;+7 (965) 240-43-43, +7 (958) 100-24-79;Новокосинская ул., 34, Москва;spagallery.ru;55.742 37.868;beauty
Студия депиляции @koval. katy;;+7 (977) 644-86-69;Новокосинская ул., 49, Москва;dikidi.net;55.744 37.877;beauty
Мастера красоты;;+7 (969) 122-03-33;Суздальская ул., 42, Москва;mastera-k.com;55.746 37.878;beauty
Beauty club 70/7, студия красоты;;+7 (916) 771-07-07;Рублёвское ш., 70, корп. 7, Москва;beautyclub70-7.com;55.771 37.378;beauty
Nail Stories;;+7 (999) 444-68-75;Рублёвское ш., 52А, Москва;;55.755 37.403;beauty
Thai-SPA 7 красок, сеть тайских SPA салонов;+7 (495) 287-95-37;+7 (926) 019-07-07;Рублёвское ш., 52А, Москва;;55.756 37.402;beauty
Астерошарм;+7 (495) 415-36-85, +7 (495) 797-14-14;;Осенняя ул., 18, Москва;;55.767 37.406;beauty
Елена Стилена;;+7 (999) 867-56-67, +7 (916) 562-39-33;Рублёвское ш., 48/1, Москва;stilena.ru;55.754 37.406;beauty
Nr studio, студия маникюра и педикюра;;+7 (910) 580-10-20;Осенний бул., 15, Москва;dikidi.online;55.761 37.407;beauty
Luciano, салон красоты;+7 (495) 415-19-19;+7 (965) 101-49-39;Осенний бул., 15, Москва;zoon.ru , luciano-beauty-club.ru;55.760 37.407;beauty
Сеть студий маникюра Лены Лениной;;+7 (968) 461-38-93;Осенний бул., 7, корп. 1, Москва;llmanikur.ru , clck.ru;55.758 37.407;beauty
Феи Красоты, салон маникюра;;+7 (958) 545-66-55;Осенний бул., 5, корп. 1, Москва;salon-manikyura-krylatskoe.ru , salon-krasoty-krylatskoe.ru , n167462.yclients.com;55.756 37.407;beauty
Шарм стиль, салон красоты;+7 (495) 414-50-50, +7 (495) 415-99-34;+7 (910) 416-99-34;Крылатская ул., 33, корп. 2, Москва;sharm-stil.ru;55.771 37.407;beauty
Массажный салон Wells Club;;+7 (925) 086-75-55, +7 (904) 567-80-27;Осенний бул., 20, корп. 1, Москва;wells.club;55.764 37.408;beauty
Express Nails;+7 (495) 126-25-96;;Осенний бул., 20, корп. 1, Москва;expressnails.ru;55.763 37.408;beauty
Точка красоты, салоны красоты;;+7 (965) 122-66-43;Осенний бул., 16, корп. 1, Москва;tochkafamily.ru;55.761 37.408;beauty
Визажио, студия красоты;+7 (495) 412-50-10;+7 (985) 986-80-67;Осенний бул., 18, корп. 1, Москва;salon-vizagio.ru;55.762 37.409;beauty
Студия Трио;;+7 (901) 797-02-88;Осенний бул., 18, корп. 1, Москва;dikidi.net;55.762 37.409;beauty
Free mamas, маникюрный салон с детской комнатой;+7 (495) 640-53-23;+7 (985) 723-73-73;Крылатская ул., 31, корп. 2, Москва;free-mamas.plp7.ru;55.770 37.410;beauty
СУББОТА-life, сеть салонов красоты;;+7 (968) 488-55-88, +7 (985) 515-88-88;Осенний бул., 12, Москва;subbota-life.ru;55.759 37.409;beauty
4hands, ногтевая студия;;+7 (985) 712-98-30, +7 (929) 558-83-06;Осенний бул., 10, корп. 1, Москва;v4ruki.ru , 4hands.ru;55.757 37.409;beauty
Цирюльникъ, салон красоты;;+7 (926) 555-13-04;Осенний бул., 10, Москва;salon-hair.ru , cirulnik.com;55.758 37.409;beauty
4hands, ногтевая студия;;+7 (929) 551-73-35;Осенний бул., 12, Москва;v4ruki.ru , 4hands.ru;55.759 37.409;beauty
Парикмахерская в Крылатском;+7 (495) 413-95-11;+7 (916) 825-83-32, +7 (962) 368-81-53;ул. Крылатские Холмы, 32, корп. 2, Москва;hair-salon2017.business.site;55.765 37.412;beauty
Topgun, барбершоп;;+7 (925) 040-54-44;Карамышевская наб., 36, Москва;topgun.ru;55.769 37.471;beauty
Beauty Time;;+7 (967) 242-55-77, +7 (967) 117-48-70;Филёвский бул., 24, корп. 1, Москва;dikidi.online;55.767 37.486;beauty
Quattro Stili Studio, салон красоты;;+7 (968) 020-38-08, +7 (915) 878-45-89;Филёвский бул., 24, Москва;zoon.ru , quattrostili.ru;55.767 37.486;beauty
Диана Авеланхо;+7 (499) 130-10-41;+7 (903) 130-10-41;Филёвский бул., 39, стр. 2, Москва;avelanho.com;55.763 37.486;beauty
ViVi beauty, салон красоты;;+7 (904) 567-74-30, +7 (926) 948-66-66;Береговой пр., 5, корп. 1, Москва;zoon.ru , vivi-beauty.ru;55.756 37.507;beauty
Topgun, барбершоп;;+7 (925) 559-54-44;Береговой пр., 3, Москва;topgun.ru;55.757 37.509;beauty
Berega studios, салон красоты;;+7 (991) 989-95-16;Береговой пр., 5, корп. 2, Москва;beregastudios.ru;55.756 37.509;beauty
Express Nails;+7 (495) 172-08-79;;Береговой пр., 5, корп. 2, Москва;expressnails.ru;55.756 37.509;beauty
Looknails, ногтевая студия;;+7 (915) 191-71-71;Береговой пр., 5А, корп. 1, Москва;;55.755 37.509;beauty
Solovei, студия красоты;+7 (495) 662-94-90;;Береговой пр., 5А, корп. 1, Москва;soloveihair.ru;55.755 37.510;beauty
Asti beauty studio;;+7 (909) 159-78-88;Шелепихинская наб., 34, корп. 2, Москва;;55.762 37.510;beauty
Queen, come in!, студия красоты;;+7 (995) 895-00-06, +7 (995) 896-00-06;Большая Филёвская ул., 4, Москва;b152163.yclients.com;55.754 37.512;beauty
Art of pilates, студия персонального тренинга;+7 (495) 241-24-14, +7 (495) 120-55-97;+7 (926) 038-45-45, +7 (985) 888-54-04;Шелепихинская наб., 34, корп. 1, Москва;beauty.artofpilates.ru , artofpilates.ru;55.762 37.512;beauty
Bacca Bianca, студия красоты;;+7 (903) 724-99-33;Шелепихинская наб., 34, корп. 1, Москва;baccabianca.ru;55.762 37.512;beauty
IM your space, бьюти-пространство;+7 (499) 322-20-73;+7 (958) 809-42-52;Большая Филёвская ул., 4, Москва;iamspace.ru;55.754 37.513;beauty
Live beauty studio, мастерская взгляда;;+7 (967) 155-01-55;Причальный пр., 8, корп. 1, Москва;dikidi.online , livebeautystudio.ru;55.761 37.519;beauty
Бьюти Дэй;;+7 (958) 100-76-05, +7 (909) 933-37-43;Стрельбищенский пер., 7, Москва;beauty.day.moscow;55.759 37.538;beauty
Follow Me, студия красоты;+7 (499) 343-56-97;+7 (967) 199-33-04;Стрельбищенский пер., 24, Москва;followme-studio.ru;55.761 37.540;beauty
Мон Плезир, студия красоты;+7 (495) 605-56-50, +7 (495) 605-54-50, +7 (495) 605-57-50;;ул. Сергея Макеева, 1, Москва;monplaisir.ru;55.757 37.550;beauty
Луриз студия красоты;;+7 (929) 519-33-55, +7 (983) 229-82-21, +7 (901) 256-58-11;Мантулинская ул., 9, корп. 1, Москва;luriz-salon.ru , luriz.ru;55.755 37.546;beauty
Beauty Bar IvoStyle, салон красоты;;+7 (925) 775-96-46, +7 (903) 777-95-93;Шмитовский пр., 16, стр. 2, Москва;zoon.ru , ivostyle.obiz.ru;55.758 37.547;beauty
Sorbetto, салон красоты;;+7 (958) 100-91-84;Шмитовский пр., 16, стр. 2, Москва;moskvichka-salon.ru;55.758 37.548;beauty
EN Coulisse;;+7 (977) 357-47-47;2-я Черногрязская ул., 6, корп. 4, Москва;;55.762 37.548;beauty
Салон красоты 1905 Beauty Bar;;+7 (980) 697-68-40;Шмитовский пр., 10/7, Москва;1905beauty.ru;55.759 37.553;beauty
My Day Moscow;;+7 (938) 411-88-54;ул. Анны Северьяновой, 3, стр. 3, Москва;;55.757 37.553;beauty
Kostes Beauty Lounge;;+7 (926) 401-16-44, +7 (925) 141-11-44;2-я Звенигородская ул., 11, Москва;kostesbeauty.ru;55.762 37.555;beauty
Nails Rooms;;+7 (925) 800-36-26, +7 (901) 750-90-98;2-я Звенигородская ул., 13, стр. 15, Москва;bit.ly;55.763 37.554;beauty
Эко Загар Startanpremium;;+7 (963) 726-72-87;Шмитовский пр., 3, стр. 1, Москва;startanpremium.tilda.ws;55.758 37.556;beauty
Студия маникюра PEROnails;;+7 (980) 697-81-15, +7 (962) 363-22-00;Шмитовский пр., 1, Москва;;55.759 37.557;beauty
Арт стиль, салон красоты;+7 (499) 253-11-80;+7 (906) 790-10-96;Большая Декабрьская, 4;salon-artstil.ru;55.766 37.558;beauty
MagicLashes, студия наращивания ресниц;+7 (495) 998-21-38, +7 (495) 972-72-10;+7 (985) 998-21-38;Ходынская ул., 4, Москва;magiclashes.ru;55.770 37.563;beauty
Перманентный макияж Marina Shirokova;;+7 (915) 748-38-88;ул. 1905 года, 23, Москва;;55.768 37.557;beauty
Milany;;+7 (904) 568-32-58, +7 (915) 202-07-53;ул. 1905 года, 5, Москва;milany.clients.site;55.760 37.558;beauty
Youth лазерная эпиляция;;+7 (909) 992-58-61;ул. 1905 года, 21, Москва;youth.msk.ru;55.767 37.558;beauty
РеФреш;;+7 (967) 177-79-07;ул. 1905 года, 10А, стр. 1, Москва;refresh-beauty.ru;55.768 37.560;beauty
Ms. Pepper;+7 (495) 188-78-77;+7 (966) 666-91-47;ул. Трёхгорный Вал, 20, Москва;mspepper.ru;55.761 37.562;beauty
Respace relax&spa center;+7 (495) 129-67-22, +7 (499) 460-90-00;;Россия, Москва, площадь Краснопресненская Застава;respace.su;55.763 37.562;beauty
Chic & Charme, салон красоты;;+7 (926) 170-38-88, +7 (926) 170-48-88;ул. Пресненский Вал, 3, Москва;chicncharme.com;55.765 37.564;beauty
Beauty insight, салон красоты;;+7 (985) 357-49-45;Ходынская ул., 2, Москва;thebi.ru;55.771 37.564;beauty
Twig, пространство красоты;;+7 (999) 862-52-01;ул. Климашкина, 19, Москва;salon-krasoty-twig.clients.site;55.768 37.567;beauty
Gold Manhattan;;+7 (925) 741-41-41, +7 (984) 333-21-08;Ходынская ул., 2, Москва;gold-manhattan.clients.site;55.770 37.564;beauty
Студия красоты Аделины Сотниковой;;+7 (915) 423-43-20;ул. Пресненский Вал, 8, корп. 3, Москва;as-studio.moscow;55.765 37.564;beauty
Beauty manufactura;;+7 (985) 155-99-50, +7 (985) 894-85-55;ул. Пресненский Вал, 8, корп. 1, Москва;beautymanufactura.com;55.765 37.565;beauty
Клиника косметологии Dr. Safiya;;+7 (968) 866-66-09;Ходынская ул., 2, Москва;drsofie.ru;55.771 37.565;beauty
Barbarhome;;+7 (958) 555-55-34;ул. Пресненский Вал, 8, корп. 2, Москва;barbarhome.ru , n263709.yclients.com;55.765 37.565;beauty
Si & Mi;;+7 (904) 567-69-15;ул. Пресненский Вал, 14, корп. 3, Москва;si-mi.ru;55.767 37.567;beauty
"Салон красоты ""Daniel Ferrando""";+7 (499) 252-44-20, +7 (499) 255-08-38;+7 (967) 200-88-00;ул. Климашкина, 20, Москва;dfhairensemble.ru , danielferrando.ru;55.768 37.568;beauty
Александр Тодчук Concept;+7 (495) 150-27-81;+7 (999) 922-07-66;Краснопресненская наб., 2/1, Москва;todchuk.ru;55.755 37.568;beauty
Ese Lashes;;+7 (980) 697-76-40;Столярный пер., 3, корп. 13, Москва, Россия;ese-lashes.ru;55.764 37.568;beauty
Bostandi Belleza, салон красоты;;+7 (968) 894-51-22;Столярный пер., 3, корп. 13, Москва;bostan-di.ru , dikidi.online;55.764 37.568;beauty
Мапис 21 век;+7 (495) 797-66-67;+7 (903) 797-66-67, +7 (905) 535-88-55;Большой Тишинский пер., 41, Москва;mapis21vek.ru;55.769 37.569;beauty
TOPGUN, сеть барбершопов;;+7 (926) 379-94-44;ул. Пресненский Вал, 38, стр. 1, Москва;topgun.ru;55.771 37.570;beauty
FoxyArt Beauty Lounge;;+7 (901) 341-99-95;Столярный пер., 2, Москва;;55.764 37.571;beauty
Level;;+7 (925) 122-42-77;Расторгуевский пер., 1, Москва;salon-level.ru;55.765 37.571;beauty
Choose me;;+7 (967) 070-80-10, +7 (903) 165-80-90, +7 (968) 733-92-30, +7 (999) 333-14-38;ул. Красная Пресня, 13, Москва;chooseme-nail.ru;55.761 37.571;beauty
Салон The moon nail;;+7 (926) 155-23-90;Садовая-Кудринская ул., 7, стр. 8, Москва;salon-the-moon-nail.clients.site;55.762 37.585;beauty
Лаура;+7 (495) 605-99-36, +7 (499) 252-50-02;;Малая Грузинская ул., 19/2, Москва;laura-dent.ru;55.765 37.571;beauty
Element cosmetology&nails, студия красоты;;+7 (999) 988-50-54;Малый Предтеченский пер., 4, Москва;;55.759 37.572;beauty
Весна nail, салон красоты;+7 (499) 252-68-72;+7 (925) 601-76-77;ул. Заморёнова, 18, Москва;vesnanail.ru;55.760 37.572;beauty
ColorBox Колорбокс;;+7 (916) 462-52-22, +7 (901) 147-91-20;Малый Предтеченский пер., 4, Москва;;55.759 37.572;beauty
Артель Бьюти Коворкинг;;+7 (977) 323-97-97, +7 (986) 721-77-99, +7 (903) 682-78-89, +7 (986) 910-54-48, +7 (936) 111-97-97;ул. Красная Пресня, 9, корп. 2, Москва;artel-beauty.ru;55.761 37.573;beauty
Jerome, салон;+7 (495) 175-31-89, +7 (495) 792-49-30, +7 (495) 476-51-25;+7 (903) 792-49-30;ул. Климашкина, 5, Москва;jerome.su;55.767 37.575;beauty
Posh nail&beauty, ногтевая студия;;+7 (966) 155-00-66;Конюшковская ул., 30, Москва;;55.760 37.579;beauty
Flakon;;+7 (999) 997-61-99;ул. Новый Арбат, 36, стр. 3, Москва;dikidi.ru , flakon-beauty.msk.ru;55.753 37.576;beauty
Mister X Barbershop;;+7 (926) 545-14-44;ул. Новый Арбат, 36, Москва;misterx.ru;55.753 37.576;beauty
Pronichkina_Beauty, салон красоты;;+7 (985) 438-12-34;ул. Новый Арбат, 27, Москва;zoon.ru , pronichkina-beauty.ru;55.752 37.579;beauty
303, студия-салон;+7 (499) 181-54-93;+7 (999) 555-10-25, +7 (916) 157-67-44;Конюшковская ул., 30, стр. 3, Москва;alfawebstudio.ru , salon303.ru;55.759 37.579;beauty
Центр красоты и здоровья Ivory;;+7 (977) 348-22-22, +7 (966) 328-22-22;Большая Грузинская ул., 20, Москва;centerivory.ru;55.766 37.579;beauty
Студия красоты Альберта Усманова;;+7 (965) 353-15-20, +7 (968) 851-25-11;ул. Новый Арбат, 34, стр. 1, Москва;albert-hairstylist.plp7.ru , albert-hairstylist.clients.site;55.753 37.579;beauty
Bellezza, центр красоты;+7 (495) 766-69-26;+7 (985) 766-69-26;Зоологическая ул., 4, Москва;bellezza.moscow;55.765 37.581;beauty
Салон красоты полного цикла Ff Beauty;;+7 (928) 031-30-00;Садовая-Кудринская ул., 3А, Москва;ffsalon.ru;55.760 37.585;beauty
Space;;+7 (968) 554-48-03;ул. Новый Арбат, 23, Москва;;55.752 37.581;beauty
Студия эпиляции LaserHelp. me;;+7 (904) 567-42-66, +7 (999) 876-99-49;Кудринский пер., 3Б, стр. 2, Москва;laserhelp.me;55.758 37.581;beauty
Студия эстетики тела Beauty&Bless;;+7 (965) 205-15-08;Новинский бул., 15, Москва;;55.755 37.583;beauty
Ocean;;+7 (915) 055-03-22;Новинский бул., 15, Москва, Россия;;55.755 37.583;beauty
Naioli beauty lounge, салон красоты;+7 (495) 258-06-08;+7 (985) 290-10-00;Новинский бул., 31, Москва;naioli.com;55.758 37.583;beauty
Mone, салон красоты;+7 (499) 702-59-68;;Новинский бул., 13, Москва;salonmone.ru;55.754 37.583;beauty
Electro Queen Электроэпиляция Premium;;+7 (981) 148-46-81;Баррикадная ул., 2/1с1, Москва;;55.760 37.583;beauty
Kivi;;+7 (903) 246-63-36;Баррикадная ул., 2/1с1, Москва;kivimsk.ru;55.760 37.583;beauty
Pion, студия красоты;;+7 (965) 118-27-15;Новинский бул., 14, Москва;pionmsk.ru;55.754 37.584;beauty
Blade studio, лаборатория красоты;;+7 (905) 735-22-25;Трубниковский пер., 11, Москва;bladestudio.ru;55.753 37.586;beauty
JustNails, салон красоты;+7 (499) 391-17-81;+7 (926) 370-71-61, +7 (925) 941-17-81, +7 (925) 391-17-81;ул. Красина, 27, стр. 2, Москва;justnails.ru;55.769 37.585;beauty
Салон академия Эпиляции;+7 (495) 532-80-74;+7 (985) 853-18-18, +7 (925) 715-33-26, +7 (985) 853-19-19, +7 (985) 853-17-17;Новинский бул., 10, стр. 1, Москва;acadepil.ru , diaks-cosmetology.ru;55.753 37.585;beauty
Студия Марии Романовой;;+7 (999) 984-32-34, +7 (985) 685-21-29, +7 (925) 825-21-29;Новинский бул., 18, корп. 2, Москва;;55.754 37.585;beauty
Nowe Концепт;+7 (495) 646-12-50;+7 (926) 095-57-15, +7 (985) 891-73-83, +7 (977) 791-82-18;Поварская ул., 35, Москва;salonnowe.ru , conceptsalon.ru;55.758 37.586;beauty
TOPGUN, сеть барбершопов;+7 (495) 691-40-82;+7 (925) 044-14-44;Трубниковский пер., 26, стр. 1, Москва;topgun.ru;55.755 37.587;beauty
Call me, baby!;;+7 (985) 226-36-86;Трубниковский пер., 24, стр. 2, Москва;callmebabynow.ru;55.754 37.588;beauty
Aldo coppola, салон красоты;+7 (495) 783-73-73;;ул. Новый Арбат, 19, стр. 1, Москва;aldocoppola.ru;55.752 37.589;beauty
Shuga studio, студия красоты;+7 (499) 686-14-74;+7 (967) 070-20-60;ул. Красина, 9, стр. 1, Москва;shugastudio.ru , ylink.me;55.767 37.588;beauty
ДаЭль;+7 (495) 108-45-84;;ул. Красина, 7, стр. 2, Москва;daelle.ru;55.767 37.588;beauty
Permanent Academy Евгении Орымбаевой;;+7 (911) 486-38-91;Малая Никитская ул., 27, стр. 2, Москва;orymbaeva-permanent.ru;55.759 37.588;beauty
Dessange, салон красоты;+7 (495) 109-28-09, +7 (3832) 17-37-57, +7 (495) 109-28-18;;Садовая-Кудринская ул., 19, стр. 1, Москва;dessange.ru;55.765 37.589;beauty
Glent;+7 (495) 691-10-01;;ул. Большая Молчановка, 23, стр. 1, Москва;glent.ru;55.753 37.590;beauty
Lav'u;;+7 (936) 515-10-51;ул. Новый Арбат, 20, Москва;n715849.yclients.com;55.753 37.590;beauty
TOPGUN;;+7 (925) 445-54-44;ул. Новый Арбат, 17, Москва, Россия;topgun.ru;55.752 37.591;beauty
Gobrowbar;;+7 (926) 344-13-00;Большая Садовая ул., 3, стр. 1, Москва;msc.gobrowbar.ru;55.767 37.591;beauty
Моя прекрасная леди, салон красоты;+7 (495) 128-64-17, +7 (495) 128-64-12;;Малый Патриарший пер., 3, Москва;myfairlady.ru;55.763 37.592;beauty
Tao Beauty;+7 (495) 021-12-95;+7 (925) 021-11-15;Большая Садовая ул., 5, корп. 1, Москва;taobeauty.ru;55.769 37.592;beauty
Makeup cultura, школа-студия красоты;;+7 (929) 997-77-57;Большая Садовая ул., 3, стр. 6, Москва;makeupcultura.ru;55.768 37.592;beauty
Салон красоты Kamili Nails;;+7 (925) 062-77-11;ул. Гашека, 25, Москва;kamilinails.ru;55.770 37.592;beauty
Skinjoy;+7 (499) 755-38-85;;Большая Садовая ул., 5, корп. 1, Москва;skinjoy-salon.ru , skinjoy.ru;55.769 37.594;beauty
Kynsi, студия;+7 (495) 150-51-07;;Спиридоньевский пер., 5, стр. 2, Москва;kynsi.ru;55.762 37.593;beauty
Revivals;;+7 (910) 422-55-66, +7 (977) 339-04-04;2-я Брестская ул., 1/5, Москва;revivals.ru;55.769 37.593;beauty
Mone, салон красоты;+7 (499) 702-59-66;;Малая Никитская ул., 8/1, Москва;moneprofessional.ru , salonmone.ru;55.758 37.595;beauty
Libro beauty, салон красоты;;+7 (926) 044-04-52, +7 (929) 585-36-44, +7 (936) 252-91-49, +7 (925) 525-71-66;Скатертный пер., 11, Москва;librobeauty.ru;55.756 37.596;beauty
Nail Spot, ногтевая студия;+7 (495) 723-23-24, +7 (495) 180-43-04;+7 (903) 748-68-10;Малая Бронная ул., 13, Москва;nailspot.ru;55.760 37.596;beauty
Marmalade nail bar&hair, студия красоты;;+7 (985) 726-44-00, +7 (968) 396-00-44;Малая Бронная ул., 16, Москва;;55.761 37.596;beauty
Thai-SPA 7 красок, сеть тайских SPA салонов;+7 (495) 114-51-77;+7 (926) 834-47-77;Малая Бронная ул., 26, стр. 1, Москва;;55.763 37.594;beauty
Elegance line, студия красоты;+7 (495) 971-57-57, +7 (495) 971-02-71;+7 (925) 266-54-44, +7 (985) 556-60-55;Малая Бронная ул., 26, стр. 1, Москва;eleganceline.ru;55.763 37.594;beauty
SACO, сеть салонов красоты;+7 (495) 220-45-09;;Большой Козихинский пер., 22, стр. 1, Москва;sacohair.ru;55.765 37.595;beauty
Express Nails;+7 (495) 126-70-18;;Большая Никитская ул., 35, Москва;expressnails.ru;55.757 37.595;beauty
Soulmáte Patriki;;+7 (962) 997-00-09;Трёхпрудный пер., 11/13с2, Москва;;55.765 37.595;beauty
Epi Center;+7 (499) 391-38-87;+7 (985) 419-10-10;Тверская ул., 29, корп. 2, Москва;epicenter.moscow;55.768 37.596;beauty
Slim & Go;;+7 (910) 426-43-44, +7 (925) 794-28-49, +7 (965) 153-47-39, +7 (926) 933-01-24, +7 (926) 921-75-57;Благовещенский пер., 1А, Москва;;55.767 37.596;beauty
St Scalpelburg;+7 (812) 509-66-96, +7 (495) 150-66-96;;ул. Новый Арбат, 6, Москва;saintscalpelburg.com;55.753 37.597;beauty
Студия красоты Be yourself;;+7 (967) 128-51-57;1-я Тверская-Ямская ул., 2, стр. 1, Москва;be-yourself-salon.ru , maxspa.ru;55.770 37.597;beauty
Dessange, салон красоты;+7 (495) 109-28-04, +7 (495) 109-28-07, +7 (3912) 05-02-80;;Малый Козихинский пер., 12, Москва;dessange.ru;55.764 37.597;beauty
Москвичка nails, салон красоты;+7 (495) 230-17-16, +7 (495) 230-17-70, +7 (495) 230-17-00, +7 (495) 230-18-00, +7 (495) 230-24-22, +7 (495) 230-24-23, +7 (495) 230-24-20;;Большой Козихинский пер., 4, Москва;moskvichkabbb.ru , moskvichkagroup.ru , moskvichka-nails.ru;55.762 37.599;beauty
Студия маникюра NyStudio;;+7 (930) 333-48-75;Большая Садовая ул., 14, стр. 6, Москва;;55.767 37.597;beauty
Wax & Go;;+7 (925) 421-33-13;Малая Бронная ул., 14, Москва;waxandgo.ru;55.762 37.597;beauty
Express Nails;+7 (495) 172-07-94;;Малая Никитская ул., 2/1с1, Москва;expressnails.ru;55.758 37.597;beauty
Pablo's Barbershop;;+7 (966) 341-48-19, +7 (999) 099-55-07;Арбатский пер., 2/6, Москва;barsvoiarbat.ru , pablos-barbershop.ru;55.752 37.598;beauty
Butterfly studio, салон красоты;;+7 (916) 886-14-40, +7 (916) 886-14-30, +7 (916) 054-10-42, +7 (915) 378-65-86;ул. Новый Арбат, 7, стр. 1, Москва;privnr.salonkr.ru;55.753 37.598;beauty
Салон красоты Одри;;+7 (916) 419-52-21;Тверская ул., 30/2с1, Москва;odri-studio.ru;55.770 37.598;beauty
7 Stories;;+7 (977) 635-77-71, +7 (904) 567-37-99;Тверская ул., 30/2с1, Москва;salon-krasoty-7-stories.clients.site;55.770 37.598;beauty
Dozari, салон красоты;+7 (495) 999-01-68;;Тверская ул., 27, стр. 1, Москва;dozari.net;55.768 37.598;beauty
Bubble SPA;;+7 (966) 130-33-34, +7 (901) 147-72-99;Большая Бронная ул., 5, Москва;bubblespamoscow.com;55.761 37.598;beauty
Virginia;;+7 (926) 034-54-87, +7 (926) 535-61-70, +7 (929) 924-00-81, +7 (916) 925-17-95, +7 (929) 924-00-82, +7 (965) 298-64-08, +7 (926) 064-53-52;ул. Арбат, 4, стр. 1, Москва;;55.752 37.599;beauty
Дюфан;+7 (499) 288-89-06;+7 (915) 444-86-98;Поварская ул., 8/1к1, Москва;dufansalon.ru;55.754 37.599;beauty
Ремеди Лаб;+7 (499) 490-15-16, +7 (499) 938-42-19, +7 (495) 295-15-16;+7 (985) 838-74-67;Никитский бул., 15/16, Москва;remedylab.ru;55.756 37.599;beauty
Sltb;+7 (495) 181-69-52;+7 (916) 956-82-00;Поварская ул., 8/1к1, Москва;sltb-studio.ru , maxspa.ru;55.754 37.599;beauty
Студия красоты Beauty Box Арбат;;+7 (926) 881-11-01;Калашный пер., 7, Москва;beautyboxsalon.ru;55.756 37.601;beauty
All in, салон красоты;;+7 (905) 346-97-22, +7 (926) 563-48-59;Калашный пер., 7, Москва;allinstudio.me;55.755 37.601;beauty
Tevoli, студия красоты;+7 (495) 691-50-52, +7 (495) 690-17-01;;Тверской бул., 9, Москва;tevoli.ru;55.759 37.599;beauty
Tulum beauty place;;+7 (967) 555-84-60, +7 (925) 045-25-55;Садовая-Триумфальная ул., 4/10, Москва;tulum-place.ru;55.771 37.599;beauty
ЖимаNet;+7 (499) 686-02-38;+7 (958) 100-09-18;Садовая-Триумфальная ул., 16, стр. 1, Москва;жиманет.рус;55.771 37.601;beauty
Good place, студия индивидуальной красоты;;+7 (901) 256-61-10, +7 (909) 160-88-66;Старопименовский пер., 4, стр. 2, Москва;mygoodplace.ru;55.769 37.601;beauty
Health&Else;;+7 (968) 950-26-25, +7 (925) 772-55-57;Леонтьевский пер., 2А, стр. 1, Москва;healthandelse.ru , anvarshoe.com;55.758 37.602;beauty
Vinokurov Studio;+7 (495) 232-34-32, +7 (495) 149-34-32;;Калашный пер., 5, Москва;dvsalon.ru;55.755 37.602;beauty
Studio13beauty, студия красоты;;+7 (916) 712-46-56;Малый Палашёвский пер., 2/8, Москва;;55.765 37.602;beauty
Нега, имидж-студия;+7 (495) 650-07-45, +7 (495) 699-05-48;+7 (967) 085-22-66;Малый Палашёвский пер., 4, Москва;negabeauty.com , nega-studio.com;55.765 37.602;beauty
La Joie, студия маникюра;;+7 (966) 666-92-47;Калашный пер., 4, Москва;lajoie.beauty;55.754 37.603;beauty
Салон красоты Bebebe;;+7 (967) 247-96-96;Сытинский пер., 4, Москва;bebebe.love;55.764 37.602;beauty
Bronze&beauty, салон красоты;+7 (495) 108-11-76;+7 (916) 544-44-03;Тверская ул., 22А, стр. 3, Москва;bronzeandbeauty.ru;55.768 37.603;beauty
ST Permanent Room;+7 (495) 109-28-95, +7 (495) 109-28-59, +7 (495) 191-86-09;;Старопименовский пер., 11, стр. 2, Москва;stpermanent.ru;55.770 37.603;beauty
Красота и качество, салон красоты;;+7 (985) 350-59-59, +7 (919) 994-06-59;Тверская ул., 20, стр. 3, Москва;beautyandquality.ru;55.767 37.603;beauty
Ilashes77, студия наращивания ресниц;;+7 (963) 919-95-95, +7 (923) 278-60-60;Большая Никитская ул., 22/2, Москва;;55.757 37.603;beauty
Osia, салон красоты;;+7 (968) 559-66-30;Настасьинский пер., 5, стр. 3, Москва;osiasalon.ru;55.768 37.604;beauty
The Roots;;+7 (966) 777-23-05;Настасьинский пер., 9/5, Москва;zoon.ru;55.768 37.605;beauty
Starlet Studio, салон красоты;+7 (495) 180-20-37;+7 (916) 254-70-37;ул. Малая Дмитровка, 16, стр. 7, Москва;starletstudio.ru;55.771 37.606;beauty
MM Beauty Studio, салон красоты;;+7 (964) 646-68-79;ул. Малая Дмитровка, 8, стр. 1, Москва;;55.768 37.607;beauty
Салон красоты Брюнетка;;+7 (967) 286-08-86, +7 (999) 983-21-15;Вознесенский пер., 16/4, Москва;;55.759 37.607;beauty
Имамура, студия наращивания ресниц;+7 (495) 120-69-00;+7 (963) 516-55-51;Страстной бул., 4, стр. 1, Москва;imamura.ru;55.765 37.608;beauty
Thai-SPA 7 красок, сеть тайских SPA салонов;+7 (495) 650-93-80, +7 (495) 650-17-91;+7 (926) 291-46-30;Страстной бул., 4, Москва;;55.766 37.608;beauty
Svetlanchiknails, студия маникюра;;+7 (960) 307-11-38, +7 (901) 383-96-73;Страстной бул., 6, стр. 1, Москва;dikidi.online;55.766 37.608;beauty
Салон Красоты Lakki Studio;;+7 (926) 577-86-89, +7 (999) 859-88-37;Страстной бул., 6, стр. 1, Москва;zoon.ru , lakki-studio.ru;55.766 37.609;beauty
Wow, my lashes!;;+7 (933) 111-11-83, +7 (930) 333-97-61;Страстной бул., 6, стр. 1, Москва;;55.766 37.609;beauty
Татуаж салон Дарья Чухранина;+7 (495) 006-31-16;+7 (926) 179-12-93;Тверская ул., 12, стр. 8, Москва;tatuazhmaster.ru;55.764 37.609;beauty
Peach Studio, студия наращивания ресниц;+7 (495) 177-98-93;+7 (985) 277-98-93;Газетный пер., 17, стр. 3, Москва;peachstudio.ru;55.759 37.610;beauty
Beauty Corner, салон красоты;+7 (495) 730-31-64;;Моховая ул., 7, стр. 2, Москва;bc-salon.ru;55.753 37.611;beauty
Blure beauty club;;+7 (926) 258-74-84;ул. Большая Дмитровка, 32, Москва;blurebeautyclub.ru;55.765 37.611;beauty
Выездной салон красоты Secret-BS;+7 (495) 782-62-35, +7 (495) 369-34-77, +7 (485) 369-34-77;+7 (909) 652-97-66;Россия, Москва, Красная площадь;secret-bs.ru;55.753 37.623;beauty
Парикмахерская;;+7 (965) 229-34-14;Кленовый бул., 26, Москва;kamilabeauty.business.site;55.753 37.623;beauty
Lizabali;;+7 (967) 250-52-66;Россия, Москва, Красная площадь;lizabali.ru;55.753 37.623;beauty
Визажист Нечаева Т.;;+7 (919) 237-73-07, +7 (952) 686-33-96;Россия, Москва, Красная площадь;визажистмосква.рф;55.753 37.623;beauty
Мобильный салон красоты № 1. Выездной салон красоты. Шик Блеск Красота;;+7 (906) 040-94-09;Красная площадь, 3, Москва;6arm.ru;55.755 37.621;beauty
РЯБЧИК, парикмахерская;;+7 (985) 330-31-31;Страстной бул., 12, стр. 1, Москва;ryabchik.net;55.767 37.612;beauty
Vg petrovka studio, салон красоты;+7 (495) 695-70-79, +7 (495) 695-66-15;;Петровский пер., 5, стр. 7, Москва;vgpetrovka.studio;55.767 37.613;beauty
Mayfair, салон-клуб для леди и джентльменов;+7 (495) 624-72-09;+7 (965) 250-40-50, +7 (915) 140-10-10;Петровский пер., 5, стр. 1, Москва;mayfairbeauty.ru;55.766 37.614;beauty
Фен dry bar, салон укладки волос;;+7 (985) 173-29-75;ул. Большая Дмитровка, 16, корп. 1, Москва;fendrybar.ru;55.762 37.614;beauty
Wax&go, салон красоты;;+7 (906) 734-78-71;ул. Большая Дмитровка, 16, корп. 1, Москва;waxandgo.ru;55.762 37.614;beauty
Faceology, бьюти-пространство;+7 (499) 519-00-87;;ул. Большая Дмитровка, 16, корп. 1, Москва;faceology.org;55.762 37.614;beauty
Toni&guy, салон красоты;+7 (495) 149-10-10, +7 (495) 933-11-13, +7 (495) 933-11-12;;Столешников пер., 10, стр. 3, Москва;toniandguy.ru , stoleshnikov.toniandguy.ru;55.762 37.614;beauty
Serafima matrosova;;+7 (963) 762-26-11;Малый Каретный пер., 11, стр. 1, Москва;partner.1gb.ru , 1gb.ru;55.771 37.615;beauty
Men`s Cuts, мужская парикмахерская;;+7 (929) 947-06-26;1-й Колобовский пер., 7/10, Москва;menscuts.ru;55.769 37.616;beauty
Усачи, барбершоп;+7 (495) 650-23-71;;Петровский бул., 9, стр. 2, Москва;usachi.moscow;55.769 37.615;beauty
Минимал Маникюр на Цветном;;+7 (977) 399-30-29;Петровский бул., 9, стр. 2, Москва;;55.769 37.615;beauty
Olga Misnik;;+7 (915) 234-99-38;Петровский бул., 9, стр. 2, Москва;olgamisnik.com;55.769 37.615;beauty
Diamond hair, парикмахерская;;+7 (925) 419-33-35;ул. Петровка, 19, стр. 8, Москва;;55.765 37.615;beauty
Soho Studio, студия маникюра;;+7 (901) 755-25-54;ул. Петровка, 19, стр. 1, Москва;n281995.yclients.com;55.765 37.616;beauty
Стиль био, студия красоты;;+7 (925) 658-36-81, +7 (926) 540-44-50;Петровский бул., 15, стр. 1, Москва;style-bio.ru;55.768 37.616;beauty
TOPGUN;;+7 (925) 440-14-44;ул. Петровка, 15/13с5, Москва;topgun.ru;55.764 37.616;beauty
Legend New York, центр красоты и косметологии;;+7 (925) 417-70-59, +7 (901) 147-97-59;ул. Охотный Ряд, 2, Москва;modaseason.ru , lny.com.ru;55.757 37.617;beauty
Marcel grateau beauty & spa, салон красоты;+7 (495) 937-10-81, +7 (495) 937-10-80;+7 (909) 934-03-28, +7 (968) 499-00-88;ул. Петровка, 11, Москва;grateauspa.ru;55.763 37.617;beauty
Студия наращивания волос Ольги Зеленьковой;;+7 (985) 383-46-36;Петровский бул., 21, Москва;olgazelenkova.ru;55.768 37.619;beauty
Кудри & Style;;+7 (977) 608-86-60, +7 (901) 147-91-67, +7 (903) 268-49-48, +7 (968) 868-28-28;Цветной бул., 19, стр. 4, Москва;kudristyle.ru;55.772 37.619;beauty
Lecolon;+7 (495) 621-69-63;;ул. Кузнецкий Мост, 7, Москва;lecolon.ru;55.762 37.619;beauty
Aero nails, ногтевая студия;;+7 (962) 990-92-29;Неглинная ул., 27, Москва;;55.766 37.620;beauty
Jean Louis David;+7 (495) 620-34-81;+7 (905) 520-20-80;Красная площадь, 3, Москва;jeanlouisdavid.com , jeanlouisdavidgum.ru , jeanlouisdavid.ru;55.755 37.620;beauty
Annarhipova Studio;;+7 (901) 737-33-89;Цветной бул., 11, стр. 6, Москва;;55.770 37.620;beauty
Zabava Perel, студия наращивания ресниц;;+7 (985) 726-32-66, +7 (903) 259-92-01;Неглинная ул., 8/10, Москва;zabava-perel.tilda.ws;55.761 37.621;beauty
Москвичка Beauty Club;+7 (495) 230-16-00;;1-й Колобовский пер., 18, Москва;moskvichkabbb.ru , moskvichkabc.ru;55.768 37.620;beauty
Geometria;;+7 (999) 889-97-67, +7 (904) 567-65-98;Неглинная ул., 18/1с1А, Москва;geometria.salon , instagram;55.765 37.621;beauty
Perfect Lashes;;+7 (916) 908-11-82;Ветошный пер., 5, Москва;perfectlashes-msk.ru;55.756 37.621;beauty
PolinaNilova;;+7 (905) 218-20-00;Цветной бул., 7, стр. 11, Москва;polinanilova.ru;55.767 37.622;beauty
Ирина Лаврова - эстетист;;+7 (926) 186-37-42;Россия, Москва, Красная площадь;lavrova-estetica.com;55.753 37.623;beauty
Лицо и Тело Массаж;;+7 (999) 902-38-97;Пушечная ул., 7/5с2, Москва;;55.761 37.623;beauty
Геометрия Тела;;+7 (985) 432-23-84;Пушечная ул., 7/5с2, Москва;geometriatela.ru;55.761 37.623;beauty
Pion studio, салон красоты;;+7 (930) 333-69-58, +7 (968) 599-86-26;Никольская ул., 17, стр. 1, Москва;studiopion.com , b245254.yclients.com;55.758 37.623;beauty
Sugar Stars;;+7 (925) 918-11-77;Никольская ул., 17, стр. 1, Москва;sugarstars.ru;55.758 37.623;beauty
Салон красоты Ирины Барановой;+7 (495) 967-38-77, +7 (495) 730-23-13;+7 (964) 707-85-85, +7 (905) 757-20-40;Малый Сухаревский пер., вл4с2, Москва;baranova.ru;55.769 37.623;beauty
Beauty day;;+7 (963) 920-52-00;Никольская ул., 17, стр. 1, Москва;;55.758 37.623;beauty
Beauty studio АНгелы;;+7 (968) 040-31-39;Никольская ул., 17, стр. 1, Москва;sugarstars.ru;55.758 37.623;beauty
Hollywood professional, салон красоты;;+7 (999) 851-11-11;Цветной бул., 22, стр. 4, Москва;n143921.yclients.com;55.771 37.624;beauty
Diamond Beauty Studio;;+7 (977) 399-40-77, +7 (995) 897-77-63;Никольская ул., 19, Москва;;55.758 37.624;beauty
Студия эпиляции Esenina;;+7 (904) 568-40-11, +7 (985) 429-30-77;Малый Сухаревский пер., 9, стр. 1, Москва;best-epil.ru;55.771 37.624;beauty
Имидж-лаборатория Никольская Club;+7 (495) 662-32-15;+7 (963) 722-00-66;Никольская ул., 10, Москва;nikolskayaclub.ru;55.758 37.624;beauty
Салон красоты Sunplaceclub;+7 (495) 933-77-16, +7 (495) 933-77-15, +7 (495) 933-77-19;+7 (903) 105-61-41;Никольская ул., 25, Москва;sunplace-club.ru;55.759 37.625;beauty
Next Generation Beauty, салон красоты;;+7 (905) 787-22-27, +7 (916) 130-03-02;Театральный пр., 5, стр. 4, Москва;;55.760 37.625;beauty
Мон Пони;+7 (495) 025-22-38;+7 (995) 786-68-37, +7 (965) 171-99-28;Рождественский бул., 5/7с1, Москва;monponey.ru;55.767 37.625;beauty
Wine nails;+7 (495) 128-78-77;+7 (995) 796-12-28;Никольская ул., 25, Москва;;55.759 37.625;beauty
Nail sunny, салон красоты;;+7 (915) 333-30-93;Театральный пр., 5, стр. 1, Центральный административный округ, Тверской район, Москва;nailsunny.com;55.760 37.625;beauty
Aloepil, студия маникюра;;+7 (901) 259-84-61;ул. Кузнецкий Мост, 19, стр. 1, Москва;aloepil.ru;55.762 37.626;beauty
Celebrity, салон красоты;+7 (495) 721-88-35;+7 (999) 555-97-78;Малый Черкасский пер., 2, Москва;saloncelebrity.ru;55.759 37.627;beauty
Ботаник, органическая парикмахерская;;+7 (967) 232-03-03, +7 (967) 230-12-33;Пушкарёв пер., 8, Москва;botanic-salon.ru;55.769 37.627;beauty
Beauty коворкинг @Shahnazaryan;;+7 (929) 937-67-46, +7 (966) 161-03-10;Большой Головин пер., 3, корп. 1, Москва;shahnazarian.ru;55.769 37.626;beauty
Boost up room;;+7 (926) 023-80-78;Рождественский бул., 10/7с1, Москва;;55.766 37.626;beauty
Студия Правильной Стрижки;;+7 (916) 101-65-95, +7 (916) 101-65-94;Рождественский бул., 10/7с1, Москва;studiyaps.ru;55.766 37.626;beauty
Дитя Порока;+7 (499) 408-81-28, +7 (495) 518-10-20;+7 (925) 416-90-06;Рыбный пер., 2, Москва;;55.754 37.626;beauty
Салон красоты Tata Nails;;+7 (915) 351-05-57;Малый Кисельный пер., 4, корп. 1, Москва;;55.765 37.627;beauty
Салон красоты La Fatale;;+7 (985) 130-12-22;Большой Сергиевский пер., 10, Москва;lafatale.tilda.ws;55.768 37.627;beauty
Студия Эстетики Тела;;+7 (925) 790-77-20;Колокольников пер., 12, Москва, Россия;bodylab.su;55.768 37.627;beauty
Art Of Beauty;;+7 (985) 488-93-99, +7 (993) 348-89-39;Последний пер., 12, Москва, Россия;art-of-beauty.clients.site;55.770 37.627;beauty
GoodKarma, салон красоты;;+7 (968) 700-90-00, +7 (939) 111-70-92;Большой Сухаревский пер., 11, Москва;goodkarma.moscow;55.771 37.629;beauty
ForYou Epil;;+7 (919) 514-74-73;Большой Кисельный пер., 14, стр. 1, Москва;;55.764 37.628;beauty
Brow&Laws;;+7 (925) 664-54-63, +7 (958) 100-93-16;Большой Кисельный пер., 14, стр. 1, Москва;browlaws.ru;55.764 37.628;beauty
Novolaser, клиника эпиляции;;+7 (925) 577-49-39;Большой Головин пер., 13, стр. 2, Москва;novolazer.ru;55.769 37.629;beauty
Dry&go, бар укладок и макияжа;;+7 (968) 949-18-18;ул. Большая Лубянка, 16, стр. 2, Москва;drygo.ru;55.763 37.629;beauty
Эпил Карма;;+7 (999) 444-56-91;Большой Сухаревский пер., 11, Москва;lazersalons.ru;55.771 37.629;beauty
OKstudio;;+7 (915) 232-08-80;Пушкарёв пер., 18, Москва;;55.769 37.629;beauty
Beauty lab store, салон красоты;;+7 (926) 700-33-07, +7 (926) 505-45-54, +7 (936) 444-45-54, +7 (926) 100-33-38;Лубянский пр., 7, стр. 1, Москва;beautylabstore.ru;55.758 37.630;beauty
Bestlab;;+7 (965) 111-88-43;Мясницкая ул., 30/1/2с1, Москва;;55.765 37.639;beauty
Epil. land;;+7 (926) 895-40-94;Луков пер., 10, Москва;dikidi.net;55.768 37.635;beauty
For Nails, студия маникюра и педикюра;;+7 (939) 555-32-91;Мясницкая ул., 11, Москва;fornailsstudio.ru;55.762 37.633;beauty
Студия красоты и здоровья Angels beauty;;+7 (929) 946-76-44, +7 (929) 532-34-17;Лубянский пр., 15, стр. 2, Москва;angels-bs.com;55.757 37.632;beauty
MONE;;+7 (925) 517-97-75;Сретенский бул., 1, Москва;salonmone.ru;55.767 37.632;beauty
Contora Lisovets;;+7 (991) 222-59-70;Селивёрстов пер., 1/26, Москва;lisoschool.com;55.770 37.633;beauty
Студия перманентного макияжа и массажа LogElen Beauty;;+7 (915) 441-34-23;ул. Сретенка, 26/1, Москва;logelenbeauty.ru;55.770 37.633;beauty
Image lab, салон красоты;+7 (495) 621-34-57;+7 (980) 697-84-66, +7 (977) 901-44-40, +7 (930) 333-72-90;Лубянский пр., 15, стр. 4, Москва;imagelaboratory.ru;55.757 37.633;beauty
Focus face, студия массажа лица;;+7 (916) 396-76-39;Лубянский пр., 15, стр. 4, Москва;focusface.ru;55.757 37.633;beauty
Bantik;;+7 (929) 938-83-73;Малый Златоустинский пер., 3, стр. 3, Москва;;55.758 37.634;beauty
Collective, ногтевая студия;+7 (499) 288-13-04, +7 (495) 288-13-04;+7 (926) 288-11-15;Мясницкая ул., 13, стр. 20, Москва;;55.764 37.634;beauty
Topgun, барбершоп;;+7 (925) 044-94-44;Ащеулов пер., 9, Москва;topgun.ru;55.768 37.634;beauty
Systema by Beglar, студия красоты;+7 (495) 740-38-42;+7 (962) 950-85-95;Мясницкая ул., 22, стр. 1, Москва;beglar.com;55.762 37.634;beauty
Yes. te;;+7 (916) 246-33-99;Ащеулов пер., 9, Москва;dikidi.net;55.768 37.634;beauty
11.11 beauty space, студия красоты;;+7 (925) 874-81-11;Даев пер., 2, стр. 2, Москва;;55.770 37.635;beauty
Charme, салон красоты;+7 (495) 608-85-46;+7 (929) 663-81-47, +7 (926) 751-88-20, +7 (926) 106-32-55;Даев пер., 4, Москва;charme-tess.ru;55.770 37.635;beauty
La Joie, студия маникюра;;+7 (966) 666-92-51;Луков пер., 10, Москва;lajoie.beauty;55.768 37.635;beauty
Сухаревская;;+7 (926) 253-86-61;Даев пер., 2, Москва;;55.770 37.634;beauty
Салон красоты Maxilashes;;+7 (984) 333-40-78, +7 (904) 568-29-94, +7 (904) 568-29-93;ул. Маросейка, 9/2с1, Москва;zoon.ru , maxilashes-salon.ru;55.758 37.634;beauty
Студия Style;;+7 (926) 595-08-28;Малый Златоустинский пер., 6, стр. 1, Москва;;55.759 37.634;beauty
Студия моментального загара Zagar Moskva;;+7 (966) 171-99-92;ул. Маросейка, 6-8с1, Москва;zagar-moskva.ru;55.758 37.634;beauty
BeBeauty;+7 (495) 150-91-11;;Большой Спасоглинищевский пер., 1, Москва;profsalon.org , maxspa.ru;55.757 37.635;beauty
Amelie Brow Bar;;+7 (916) 468-87-77;ул. Маросейка, 6-8с1, Москва;ameliebrowbar.ru;55.757 37.635;beauty
Hair Artist;;+7 (903) 003-60-98, +7 (926) 503-17-63;Мясницкая ул., 17, стр. 2, Москва;hair-artist.ru;55.764 37.635;beauty
TOPGUN;+7 (495) 628-84-44;+7 (926) 923-04-44;Мясницкая ул., 22/2с1, Москва;topgun.ru;55.762 37.635;beauty
Tropics;;+7 (977) 798-98-45;ул. Маросейка, 9/2с8, Москва;;55.758 37.635;beauty
Электра;+7 (495) 940-73-78;+7 (968) 785-86-44;ул. Маросейка, 6-8с1, Москва;electraepil.ru;55.758 37.635;beauty
Foxes, салон красоты;;+7 (966) 032-05-06;Ананьевский пер., 5, стр. 7, Москва;foxes-uslugi.ru;55.771 37.635;beauty
Red Fox;+7 (495) 649-86-44;+7 (901) 258-61-72, +7 (901) 714-85-44;ул. Маросейка, 9/2с1, Москва;redfox.salon;55.758 37.634;beauty
Салон красоты Beauty Hype Nails;;+7 (991) 222-67-41;Луков пер., 10, Москва;;55.768 37.635;beauty
Vstyle beauty club, салон красоты;;+7 (985) 783-03-08;Костянский пер., 14, Москва;;55.770 37.637;beauty
Центр перманентного макияжа Ларисы Мозариной;+7 (499) 288-82-47;+7 (985) 211-13-55;Мясницкая ул., 24/7с1, Москва;permanentnogo-makiyazha-larisy-mozarinoj-tsentr.ru;55.762 37.636;beauty
Sivoyar, салон красоты;;+7 (926) 022-90-90;Костянский пер., 9/10, Москва;;55.768 37.636;beauty
Palms Студия Лазерной Эпиляции и Косметологии;+7 (499) 113-53-45;+7 (965) 185-50-08;ул. Маросейка, 8, Москва;palms.moscow;55.758 37.636;beauty
Beaut, маникюрный салон;;+7 (985) 530-73-77;ул. Маросейка, 13, стр. 1, Москва;beaut.ru;55.758 37.636;beauty
Magic style;+7 (495) 628-46-40, +7 (495) 625-12-37;+7 (929) 647-36-10;ул. Солянка, 1/2, Москва;magic-st.ru , salon-cosmetics.ru;55.754 37.637;beauty
Салон красоты Beauty Lane;;+7 (926) 344-45-00;Архангельский пер., 7, Москва;salonbeautylane.com;55.761 37.637;beauty
April to you, салон красоты;;+7 (930) 934-56-96, +7 (930) 934-96-56;Девяткин пер., 4, Москва;apriltoyou.ru;55.759 37.639;beauty
Beautorica;;+7 (916) 414-58-88;Архангельский пер., 9, Москва;beautorica.pro;55.762 37.638;beauty
Про. Тебя;;+7 (999) 444-60-12;Архангельский пер., 11/16с1, Москва;;55.762 37.638;beauty
LightBeauty;+7 (499) 340-01-46, +7 (495) 133-90-57;;Девяткин пер., 2, Москва;lightbeauty.ru;55.759 37.639;beauty
Маникюрный салон IceCream;;+7 (915) 089-11-78;Мясницкая ул., 30/1/2с1, Москва;zoon.ru , icecream-salon.ru;55.765 37.639;beauty
Beauty bar PopBrows;;+7 (958) 100-81-20, +7 (963) 977-55-88;ул. Покровка, 1/13/6с2, Москва;popbrows.com;55.759 37.639;beauty
Про Брови;;+7 (929) 911-00-08, +7 (963) 681-01-43;Чистопрудный бул., 1, Москва;pro-brovi.clients.site;55.765 37.639;beauty
Гримёрка Ярослава Мауэра;;+7 (967) 012-91-91;ул. Покровка, 2/1с1, Москва;grimerka.ru;55.758 37.639;beauty
Your Hygge Studio;+7 (495) 411-34-33;+7 (915) 123-76-49;ул. Покровка, 1/13/6с2, Москва;dikidi.net;55.759 37.638;beauty
Студия перманентного макияжа Марии Вишневской;+7 (495) 532-60-07;+7 (926) 406-45-50;ул. Покровка, 1/13/6с2, Москва;mariavishnevskaya.ru;55.759 37.639;beauty
Mygladskin, бутик услуг эпиляции;;+7 (917) 585-90-04;Архангельский пер., 10А, Москва;mygladskin.com;55.763 37.640;beauty
Kokos beauty bar, ногтевой салон;;+7 (977) 585-47-34, +7 (964) 034-70-76;Певческий пер., 4, стр. 3, Москва;;55.752 37.642;beauty
Ideale;;+7 (985) 226-30-79;ул. Покровка, 1/13/6с2, Москва;;55.759 37.640;beauty
Fingers Crossed;+7 (495) 223-48-18;+7 (985) 078-76-48;Сверчков пер., 10, Москва;fingers-crossed.ru;55.760 37.640;beauty
Oh My Lashes;;+7 (925) 872-52-50, +7 (963) 654-09-83;ул. Покровка, 3/7с1А, Москва;ohmylashes-msc.ru;55.759 37.641;beauty
Чистые пруды;+7 (499) 678-05-81;+7 (926) 718-32-00, +7 (916) 682-29-84;Чистопрудный бул., 8, стр. 1, Москва;unique-beauty.ru;55.763 37.641;beauty
Стилист парикмахер;;+7 (926) 577-73-94;Чистопрудный бул., 8, стр. 1, Москва;мегастилист.рф;55.763 37.641;beauty
NogtiRooms;;+7 (926) 122-38-53;Уланский пер., 23, Москва;nogtirooms.ru;55.770 37.642;beauty
Салон красоты Sok;;+7 (977) 866-91-61;Подкопаевский пер., 4, стр. 7, Москва;sok-salon.ru , oksanakopeevastudio.ru;55.754 37.642;beauty
Sadovaya nails;;+7 (901) 256-77-58, +7 (926) 905-24-48;Садовая-Спасская ул., 12/23с2, Москва;;55.771 37.642;beauty
Face Lifting Premiale;;+7 (916) 088-92-19, +7 (929) 533-34-20;Потаповский пер., 9, Москва;facebms.com;55.760 37.642;beauty
Beyond club, салон красоты;;+7 (905) 555-59-40;Гусятников пер., 10, стр. 1, Москва;beyondclub.ru;55.764 37.642;beauty
MGBeautysalons;+7 (495) 625-56-23;+7 (985) 210-87-38;Малый Ивановский пер., 6/5с1, Москва;mgbeautysalons.com;55.753 37.640;beauty
N! Asti Колорист эксперт по волосам;;+7 (905) 398-00-77;Чистопрудный бул., 12, корп. 2, Москва;n-asti.clients.site;55.761 37.643;beauty
Студия волос Кератин Феникс;;+7 (925) 040-39-69, +7 (962) 931-33-77;Чистопрудный бул., 12, корп. 2, Москва, Россия;;55.761 37.644;beauty
Guinot, салон красоты;+7 (495) 641-85-85;;Садовая-Спасская ул., 20, стр. 1, Москва;;55.770 37.645;beauty
Альганика;;+7 (968) 383-99-91, +7 (925) 560-65-15;Садовая-Спасская ул., 20, стр. 1, Москва;alganika.moscow;55.769 37.645;beauty
Lovestory;+7 (495) 628-66-70, +7 (495) 624-86-44;+7 (905) 779-34-77;ул. Чаплыгина, 1/12с1, Москва;salonlovestory.ru , salonlovestory.com;55.765 37.645;beauty
Tevoli, студия красоты;+7 (495) 933-10-46;;Мясницкая ул., 50, Москва;tevoli.ru;55.769 37.646;beauty
Zhuk studio, студия красоты;;+7 (910) 001-53-33;Малый Трёхсвятительский пер., 10, Москва;zhuk.studio;55.754 37.647;beauty
Салон красоты Best Nails Moscow;;+7 (904) 568-68-23, +7 (929) 681-15-24;Фурманный пер., 5, Москва;8pflyh.space;55.764 37.648;beauty
Салон красоты Beauty Loft 2634;+7 (495) 616-08-93;+7 (985) 611-27-47, +7 (903) 960-11-07, +7 (904) 567-52-46;Мясницкий пр., 3, стр. 4, Москва;beautyloft2634.ru;55.769 37.647;beauty
Royal SPA Покровка;+7 (499) 677-58-34, +7 (495) 917-45-11, +7 (495) 917-08-43;;ул. Покровка, 20/1с1, Москва;pokrovkaspa.ru;55.759 37.647;beauty
Victoria Garnet;;+7 (985) 635-93-05;Садовая-Спасская ул., 19/1, Москва;;55.770 37.648;beauty
Republic of beauty;;+7 (984) 108-37-73;Покровский бул., 14/6, Москва, Россия;dikidi.net;55.755 37.648;beauty
Bambola, салон красоты;;+7 (925) 106-13-99;Большой Козловский пер., 11, стр. 1, Москва;bambolasalon.ru;55.767 37.648;beauty
Катя Шер;;+7 (999) 553-03-39, +7 (926) 617-34-55;Садовая-Спасская ул., 19, корп. 2, Москва;;55.770 37.648;beauty
Карамель Бьюти;+7 (864) 722-18-54;;Хоромный тупик, 2/6, Москва;karamel-beauty.ru;55.768 37.649;beauty
True Beauty, студия красоты;+7 (495) 979-06-73;+7 (925) 748-92-97;ул. Макаренко, 9, стр. 2, Москва;trbeauty.ru;55.762 37.649;beauty
На пляже, студия загара;;+7 (968) 945-71-28;Фурманный пер., 9/12, Москва;zagarnaplyazhe.ru;55.764 37.649;beauty
Нагая;+7 (495) 143-13-14;+7 (901) 258-13-22;ул. Покровка, 31, стр. 1, Москва;nagayaclinic.ru;55.761 37.650;beauty
Салон лазерной эпиляции на Покровке;;+7 (925) 621-22-23;ул. Покровка, 31, стр. 1, Москва;epilcomfort.ru;55.761 37.649;beauty
Trofimova Studio;;+7 (977) 484-69-63;ул. Покровка, 31, стр. 1, Москва;trofimovastudio.ru;55.761 37.650;beauty
Мужская электроэпиляция;;+7 (926) 150-82-56;ул. Покровка, 31, стр. 1, Москва;chernova-epil.ru;55.761 37.650;beauty
Студия Игоря Хонина;;+7 (929) 978-33-38, +7 (985) 242-03-77;Садовая-Черногрязская ул., 8, стр. 7, Москва;igorkhonin.ru;55.766 37.651;beauty
Insight, салон красоты;;+7 (985) 787-73-48;Нижний Сусальный пер., 5, стр. 17, Москва;insight-lab.ru;55.759 37.665;beauty
Che Bello;;+7 (901) 256-69-94, +7 (968) 602-39-80;Фурманный пер., 20, Москва;che-bello-salon.ru;55.765 37.652;beauty
Семь этюдов, салон красоты;;+7 (985) 552-24-28;Лялин пер., 20, Москва;7etudov.ru;55.758 37.653;beauty
Марианна;+7 (495) 917-37-40;;Лялин пер., 7/2с1, Москва;mariannacentr.ru;55.760 37.653;beauty
Центр красоты;+7 (495) 780-90-43, +7 (495) 917-80-57;+7 (916) 276-53-49;ул. Покровка, 45, стр. 4, Москва;pokrovkasalon.ru;55.763 37.653;beauty
Бьюти Инсайдер Ка2;+7 (499) 395-00-31;+7 (916) 102-27-72;Большой Казённый пер., 1/2с1, Москва;vka2.ru;55.760 37.653;beauty
TURICA;;+7 (939) 111-54-02, +7 (925) 146-20-13;ул. Покровка, 45, стр. 4, Москва;turica.ru;55.763 37.653;beauty
NailBrowWax;;+7 (999) 876-36-09;Красноворотский пр., 3, стр. 1, Москва;nailbrowwax.tilda.ws;55.771 37.653;beauty
Sliva Nails & Beauty;;+7 (995) 158-54-54;Лялин пер., 19, корп. 1, Москва;slivanails.ru , n677906.yclients.com;55.758 37.654;beauty
Салон красоты XBeauty by Hanna;+7 (499) 110-61-91;+7 (915) 450-00-55;Каланчёвский тупик, 3-5с1, Москва;;55.771 37.654;beauty
Dina Permanent make up;;+7 (929) 655-16-76;ул. Земляной Вал, 36, стр. 2, Москва;;55.756 37.655;beauty
Начни с себя;;+7 (919) 773-56-33, +7 (985) 386-13-16;Садовая-Черногрязская ул., 13/3с1, Москва;;55.765 37.656;beauty
On Hair Salon&School, салон красоты;;+7 (912) 013-35-11, +7 (906) 030-30-50;ул. Воронцово Поле, 18, Москва;onhairsalon.ru , widget.sonline.su;55.754 37.655;beauty
Asmus nails;;+7 (999) 871-07-70, +7 (964) 641-07-70, +7 (999) 975-33-41, +7 (999) 716-07-70, +7 (999) 847-07-70, +7 (999) 813-07-70;ул. Земляной Вал, 32, Москва;clubnails.ru;55.757 37.657;beauty
Diana-style;;+7 (915) 444-38-95;ул. Земляной Вал, 2, Москва;diana-style.ru;55.763 37.656;beauty
Own Clinic Studio;+7 (495) 917-17-58;+7 (926) 959-76-88, +7 (967) 174-28-27;ул. Покровка, 50/2с2, Москва;ownstudio.ru;55.764 37.656;beauty
Бьюти Хаус, салон красоты;+7 (495) 917-28-15, +7 (495) 917-35-00;+7 (916) 917-36-63;ул. Земляной Вал, 34, стр. 4, Москва;bhsalon.ru;55.756 37.656;beauty
Nail Me;;+7 (926) 880-20-81;ул. Земляной Вал, 12/7с3, Москва;nailme-studio.ru;55.762 37.656;beauty
TOPGUN;;+7 (903) 524-64-44;ул. Земляной Вал, 12/7с1, Москва;topgun.ru;55.762 37.656;beauty
Mobile-beauty;;+7 (903) 016-03-39;ул. Земляной Вал, 36, Москва;mobile-beauty.ru;55.756 37.657;beauty
Салон красоты АртСалон;+7 (499) 990-12-21;+7 (926) 721-68-86;Малый Казённый пер., 16, Москва;vylenne.com;55.761 37.656;beauty
Wow, my lashes, студия красоты;;+7 (934) 444-42-24;ул. Земляной Вал, 34, стр. 3А, Москва;;55.757 37.657;beauty
Тайский массаж и СПА Thai Sun;;+7 (980) 697-84-52;Новая Басманная ул., 12, стр. 2, Москва;taisun.ru;55.769 37.657;beauty
Арт Бэлль, студия красоты;+7 (499) 262-27-96, +7 (499) 261-31-68;+7 (909) 981-91-87, +7 (926) 864-28-50, +7 (969) 199-49-49;Новая Басманная ул., 14, стр. 4, Москва;art-belle.ru;55.768 37.658;beauty
Салон красоты Aiva;;+7 (962) 365-83-54;ул. Земляной Вал, 3/1с7, Москва;aivahair.ru , salon-krasoty-aiva.clients.site;55.763 37.658;beauty
Drevelman Concept;;+7 (985) 507-90-47;ул. Земляной Вал, 3/1с7, Москва;drevelman.com;55.763 37.658;beauty
На Басманной;+7 (499) 261-39-09;;Новая Басманная ул., 13, стр. 2, Москва;;55.770 37.658;beauty
Chica;+7 (495) 646-16-33, +7 (777) 715-77-50;+7 (985) 228-30-30;ул. Земляной Вал, 39/1с1, Москва;beautylizer.ru;55.756 37.658;beauty
Selfie nail&beauty club, центр красоты;+7 (495) 120-00-94;+7 (901) 344-89-78;ул. Земляной Вал, 33, Москва;selfiebeauty.ru;55.756 37.660;beauty
Сеть студий маникюра Лены Лениной;;+7 (968) 461-37-41;ул. Земляной Вал, 33, Москва;nailsmasters.ru , clck.ru;55.756 37.660;beauty
Made upgrade, салон красоты;;+7 (925) 480-88-47, +7 (926) 059-16-37, +7 (968) 417-05-08;ул. Земляной Вал, 23, стр. 1, Москва;;55.760 37.658;beauty
MarMar;;+7 (980) 697-72-98, +7 (980) 697-73-10;Мельницкий пер., 6, стр. 1, Москва;marmar-salon.ru;55.753 37.659;beauty
Epil Salon;+7 (495) 764-00-50;+7 (968) 545-70-00, +7 (985) 764-00-50;Мельницкий пер., 6, стр. 1, Москва;epil-salon.ru;55.753 37.659;beauty
Ла Френч;+7 (499) 322-04-00;+7 (985) 249-55-10;ул. Земляной Вал, 27, стр. 4, Москва;lafrench.ru , pinterest.ru;55.759 37.659;beauty
FeelFusion;;+7 (968) 920-90-00;Старая Басманная ул., 10, стр. 2, Москва;feelfusion.ru;55.765 37.659;beauty
Салон красоты Corso;+7 (495) 177-05-55;+7 (968) 550-05-55, +7 (958) 111-03-57;Старая Басманная ул., 21/4с2, Москва;corso-beauty.com;55.767 37.663;beauty
VI;;+7 (999) 397-77-39;Костомаровский пер., 3, стр. 12, Москва;zoon.ru;55.753 37.665;beauty
MosBeauty Club;;+7 (995) 113-51-81;Костомаровский пер., 3, стр. 12, Москва;moscowbeautyclub.ru;55.752 37.665;beauty
Marusya;;+7 (929) 633-09-69;Новорязанская ул., 26, стр. 1, Москва;;55.772 37.667;beauty
Территория красоты Uno;;+7 (999) 962-45-71;Доброслободская ул., 2, Москва;;55.769 37.670;beauty
DS Beauty club, студия красоты;+7 (499) 763-34-95;+7 (968) 730-37-37, +7 (917) 511-11-30;Доброслободская ул., 11/13, Москва;danielaclub.ru;55.768 37.674;beauty
Mavrica;+7 (499) 261-01-69, +7 (495) 607-23-73, +7 (495) 607-15-82;+7 (967) 101-75-50, +7 (939) 111-54-90;Новорязанская ул., 31/7с5, Москва;mavrica.uds.app , vekonomke.ru;55.771 37.672;beauty
Пространство flow, салон красоты;+7 (495) 258-91-69;;Спартаковская ул., 6, стр. 1, Москва;flospace;55.771 37.673;beauty
Yes Nail;;+7 (915) 369-66-89, +7 (981) 943-62-21, +7 (996) 590-22-75, +7 (929) 503-88-86, +7 (904) 567-68-75;Плетешковский пер., 8, стр. 1, Москва;yes-nail-centr.ru , yes-nail.ru;55.771 37.676;beauty
Шугаринг и восковая депиляция у Ksyu Wax;;+7 (985) 262-34-48;Лефортовский пер., 4, стр. 3, Москва;moiprofi.ru;55.770 37.676;beauty
Raw barbershop;;+7 (977) 366-19-95;Волочаевская ул., 40Б, Москва;raw-bshop.com;55.753 37.678;beauty
Студия маникюра Seven. sky. nails;;+7 (903) 221-47-08;Бауманская ул., 54, стр. 3, Москва;meconnect.ru;55.769 37.679;beauty
Lara Style;;+7 (977) 256-00-47;Бауманская ул., 54, стр. 3, Москва;;55.769 37.679;beauty
ShokBeauty;;+7 (985) 047-02-63;Бауманская ул., 58/25с10, Москва;shokbeauty.ru;55.767 37.679;beauty
Салон красоты Beauty L. A. B.;;+7 (977) 546-34-95, +7 (977) 999-00-61, +7 (926) 653-44-04;Бауманская ул., 43/1с1, Москва;;55.770 37.680;beauty
Je Beauty;+7 (495) 748-88-34;+7 (980) 697-61-43;Посланников пер., 3, стр. 2, Москва;jebeauty.net;55.770 37.681;beauty
Family beauty club, салон красоты;;+7 (929) 545-22-33, +7 (929) 585-22-33;Ладожская ул., 8, Москва;fbc.ooo;55.771 37.683;beauty
Easy be beauty, салон красоты;;+7 (925) 000-81-41, +7 (926) 931-01-00;наб. Академика Туполева, 15, Москва;n205928.yclients.com;55.761 37.682;beauty
Fg;;+7 (995) 300-01-33;Ладожская ул., 8, Москва;;55.771 37.683;beauty
Студия маникюра Pink Lemon;;+7 (909) 911-01-13, +7 (925) 432-75-90, +7 (904) 567-61-34;Ладожская ул., 8, Москва;baumanskaya.pinklemon.ru;55.771 37.683;beauty
MARFA BEAUTY, многопрофильный салон красоты;;+7 (925) 272-72-37;Красноказарменная ул., 10, Москва;;55.757 37.698;beauty
11.11 beauty space, студия красоты;;+7 (926) 843-81-11;Красноказарменная ул., 14А, корп. 2, Москва;;55.753 37.707;beauty
Рай студия красоты Оксаны Скворцовой;;+7 (915) 113-35-49, +7 (966) 666-50-64;Красноказарменная ул., 14А, корп. 2, Москва;;55.753 37.707;beauty
Kukla;;+7 (901) 259-10-55;2-я Синичкина ул., 19, Москва;;55.761 37.717;beauty
Al Capone, барбершоп;+7 (495) 203-47-70, +7 (495) 208-77-00;+7 (926) 701-20-18;2-я Синичкина ул., 9А, стр. 1, Москва;barbershop.style;55.761 37.717;beauty
Фан студио, салон-парикмахерская;+7 (495) 506-46-23, +7 (495) 365-00-55;+7 (925) 506-46-23;9-я ул. Соколиной Горы, 3, Москва;;55.771 37.731;beauty
Мария;+7 (495) 517-53-13;+7 (925) 517-53-13;ул. Бориса Жигулёнкова, 27, Москва;;55.766 37.739;beauty
VitiLiga;;+7 (916) 933-98-92;Электродная ул., 2, стр. 34, Москва;;55.754 37.751;beauty
Beauty Moon Studio;;+7 (901) 761-53-71, +7 (915) 076-42-66;Электродный пр., 14, стр. 1, Москва;beautymoonstudio.taplink.ws;55.761 37.752;beauty
Beauty Hairs, студия красоты;+7 (495) 672-14-94, +7 (499) 938-73-10;+7 (917) 563-39-17;ш. Энтузиастов, 52, Москва;beautyhairs.ru;55.759 37.761;beauty
Beautyavenue, салон красоты;+7 (495) 220-42-72, +7 (495) 411-19-99;+7 (985) 220-42-72;ш. Энтузиастов, 33А, Москва;fitnessavenue.ru;55.763 37.773;beauty
Rich family, салон красоты;+7 (495) 306-33-27;+7 (964) 525-07-07, +7 (980) 697-80-06;1-я Владимирская ул., 14, Москва;zoon.ru , rich-centre.ru;55.757 37.775;beauty
Beauty art, салон красоты;+7 (495) 672-91-20, +7 (495) 302-45-39;+7 (925) 614-79-18, +7 (968) 444-15-54;3-я Владимирская улица, 29;beautyart-moscow.ru;55.753 37.792;beauty
Имидж-центр;;+7 (985) 235-33-75;3-я Владимирская ул., 3, корп. 1, Москва;;55.763 37.786;beauty
Парикмахерская для Женщин;;+7 (952) 402-37-03, +7 (916) 057-02-44;3-я Владимирская ул., 3, корп. 1, Москва;salonforwomen.turbo.site;55.763 37.786;beauty
Студия Now Nails;;+7 (999) 852-84-49;Новогиреевская ул., 28Б, Москва;;55.755 37.794;beauty
Имаго Студия, салон красоты;+7 (499) 748-41-23;+7 (969) 133-00-33;ул. Металлургов, 58/1, Москва;imagostydio.ru , imago-studio.ru;55.760 37.807;beauty
MakeUp studio;+7 (499) 719-98-99;;Новогиреевская ул., 29, корп. 1, Москва;visage.moscow;55.755 37.798;beauty
Салон Магнит;;+7 (985) 722-81-00;Зелёный просп., 45/31, Москва;;55.754 37.799;beauty
Кудряшка, парикмахерская;+7 (495) 940-62-46, +7 (495) 118-39-90;+7 (903) 775-06-33;Напольный пр., 6, Москва;kudryshka.ru;55.758 37.822;beauty
Салон красоты Guru;;+7 (904) 567-52-18;Свободный просп., 33, Москва;;55.753 37.819;beauty
Время стиля, салон красоты;;+7 (980) 185-22-02, +7 (925) 316-80-02;Саянская ул., 4А, Москва;vremyastylia.ru;55.767 37.825;beauty
Мастера красоты, сеть салонов красоты;+7 (338) 316-67-02;+7 (925) 217-22-25, +7 (929) 579-20-50, +7 (926) 081-70-40, +7 (999) 595-50-70, +7 (905) 759-10-20, +7 (925) 132-69-32;Саянская ул., 8А, Москва;mastera-krasoty.ru;55.767 37.829;beauty
Sтилист, парикмахерская;+7 (499) 781-00-93, +7 (495) 140-81-18, +7 (495) 095-88-80, +7 (495) 140-91-19, +7 (499) 990-71-17;+7 (925) 000-71-17, +7 (926) 000-81-18, +7 (903) 276-46-64, +7 (925) 000-91-19;Саянская ул., 10А, Москва;stilist-mos.ru;55.767 37.830;beauty
Рублёво;+7 (495) 374-52-24, +7 (499) 727-28-60;+7 (925) 307-10-77;Обводное ш., 7, посёлок Рублёво;rublevo-salon.ru;55.784 37.360;beauty
Вита СПА;+7 (495) 032-36-36, +7 (495) 104-42-36, +7 (495) 032-73-37;;Живописная ул., 21, корп. 2, Москва;vitaclub.ru;55.790 37.449;beauty
Трилогия;+7 (495) 989-66-60;+7 (985) 146-51-78;просп. Маршала Жукова, 78, корп. 5, Москва;centre.trilogy.pro;55.780 37.450;beauty
Health club, центр врачебной косметологии, красоты и СПА;+7 (499) 503-55-75, +7 (499) 503-55-76, +7 (495) 517-29-12;+7 (925) 517-29-12;просп. Маршала Жукова, 78, корп. 4, Москва;hcspa.ru;55.780 37.450;beauty
Нифель, салон красоты;+7 (495) 947-36-90;+7 (963) 683-22-44;просп. Маршала Жукова, 59, Москва;neefel.ru;55.778 37.458;beauty
Divine, салон красоты;;+7 (929) 550-90-20, +7 (965) 325-50-52;просп. Маршала Жукова, 68, корп. 1, Москва;divine-prospekt-marshala-zhukova.clients.site;55.779 37.456;beauty
Big Bro, мужская парикмахерская;+7 (3412) 65-05-01, +7 (495) 488-65-76;+7 (985) 004-78-08;просп. Маршала Жукова, 49, Москва;big-bro.pro , moskva-2.big-bro.pro , n150903.yclients.com;55.776 37.464;beauty
K nail bar, ногтевая студия;;+7 (916) 857-77-22;просп. Маршала Жукова, 49, Москва;n57986.yclients.com;55.776 37.464;beauty
Soda, студия маникюра и красоты;+7 (499) 444-23-92, +7 (499) 226-15-27, +7 (499) 288-03-56, +7 (499) 288-28-79, +7 (499) 653-86-83;+7 (985) 250-93-57;ул. Паршина, 10, Москва;oktyabrskoe-pole.sodanails.ru , sodanails.ru;55.790 37.458;beauty
First Silver, салон красоты;;+7 (901) 773-90-74;ул. Паршина, 10, Москва;first-silver-beauty.ru;55.791 37.458;beauty
Innache, студия;;+7 (985) 340-13-32;просп. Маршала Жукова, 51, Москва;;55.776 37.463;beauty
Melenia;;+7 (977) 251-00-77;Карамышевская наб., 48К, Москва;melenia-sk.com;55.773 37.464;beauty
Орхидея, парикмахерская;;+7 (985) 443-40-00;просп. Маршала Жукова, 49, Москва;orch49.wixsite.com;55.776 37.465;beauty
Giulia;+7 (495) 210-89-48, +7 (495) 772-31-79;;просп. Маршала Жукова, 43, корп. 2, Москва;giuliamoscow.ru;55.775 37.469;beauty
Colibri clinik, центр красоты;+7 (499) 325-51-67;+7 (910) 417-19-15;ул. Народного Ополчения, 11, Москва;colibri-clinik.ru;55.773 37.474;beauty
Соты, салон красоты;+7 (499) 192-29-56, +7 (499) 192-47-98;+7 (903) 717-00-34, +7 (904) 567-46-90, +7 (926) 947-28-27, +7 (977) 129-46-11;ул. Маршала Тухачевского, 32, корп. 2, Москва;elen-s.ru;55.786 37.473;beauty
Dry&go, бар укладок и макияжа;;+7 (925) 066-59-77, +7 (968) 487-25-86;просп. Маршала Жукова, 37, корп. 2, Москва;drygo.ru;55.774 37.473;beauty
Pmgroup, кафедра перманентного макияжа;;+7 (977) 355-02-02, +7 (964) 543-92-02;ул. Народного Ополчения, 11, Москва;pm-kafedra.ru;55.772 37.474;beauty
LOVA.NAIL studio, студия ногтевого сервиса;;+7 (926) 077-01-04;ул. Берзарина, 28А, корп. 2, Москва;zoon.ru;55.790 37.475;beauty
O_Nail_Estetica;;+7 (916) 458-25-08;ул. Берзарина, 28А, корп. 4, Москва;onestetica.ru;55.790 37.476;beauty
Точка красоты, салоны красоты;+7 (495) 975-98-22;+7 (916) 372-13-35;ул. Народного Ополчения, 21, корп. 1, Москва;tochkafamily.ru;55.778 37.477;beauty
Салон красоты Art-style;;+7 (904) 567-04-45;ул. Народного Ополчения, 23, корп. 1, Москва;art-style-salon.ru;55.779 37.479;beauty
Салон № 8;+7 (499) 938-60-28, +7 (499) 192-71-01;+7 (985) 500-37-51;ул. Берзарина, 22, Москва;salon8.ru;55.789 37.479;beauty
Маникюрная студия Гая;;+7 (925) 492-90-12, +7 (925) 023-61-77;ул. Расплетина, 1, Москва;rasp1.salonkr.ru;55.790 37.479;beauty
Fortuna beauty, салон-парикмахерская;;+7 (915) 291-32-32, +7 (985) 911-50-01, +7 (915) 175-15-95, +7 (916) 987-91-71;ул. Народного Ополчения, 32, Москва;fortunakrasoty.ru;55.783 37.482;beauty
Luma, ногтевая студия;+7 (495) 944-93-61;+7 (915) 212-25-05, +7 (977) 755-61-52;ул. Берзарина, 16, Москва;zoon.ru , luma-salon.ru , luma-lm.ru;55.788 37.487;beauty
Alphaman, мастерская стрижки и бритья;;+7 (999) 902-40-39;ул. Берзарина, 12, Москва;alpha-barber.shop;55.788 37.489;beauty
Парикмахерская №7, салон красоты;;+7 (903) 720-92-77;просп. Маршала Жукова, 23, Москва;п-7.рф;55.775 37.486;beauty
Lollipop, студия эпиляции;+7 (499) 288-03-20;;ул. Народного Ополчения, 44, корп. 1, Москва;lollipop-salon.com;55.792 37.491;beauty
The Nails, салон маникюра;;+7 (968) 487-99-41;3-я Хорошёвская ул., 19А, Москва;thenails.ru;55.785 37.497;beauty
Бьюти, салон красоты;+7 (499) 201-46-02, +7 (499) 191-10-38;+7 (915) 320-71-17;ул. Мнёвники, 10, корп. 1, Москва;sk-beauty.ru;55.774 37.492;beauty
Парле ву Франсе, салон красоты;;+7 (984) 999-33-55, +7 (925) 768-57-47, +7 (915) 130-66-11;3-я Хорошёвская ул., 25, корп. 5, Москва;parlevufrance.ru;55.786 37.492;beauty
Салон красоты 5 Сестёр;;+7 (917) 519-81-56;ул. Маршала Малиновского, 6, корп. 1, Москва, Россия;big-beauty.ru;55.791 37.494;beauty
Fortuna beauty;+7 (499) 191-32-32;;Новохорошёвский пр., 18, Москва;fortunakrasoty.ru;55.778 37.494;beauty
Beauty best studio, центр красоты и эстетики;;+7 (985) 177-83-92, +7 (916) 252-69-71;3-я Хорошёвская ул., 25, корп. 1, Москва;beautybeststudio.ru;55.786 37.495;beauty
Ресницы&Брови;;+7 (905) 736-96-86;Тепличный пер., 4, Москва, Россия;turbo.site;55.790 37.496;beauty
SAHAR&VOSK;;+7 (926) 602-99-70;3-я Хорошёвская ул., 23, корп. 1, Москва;saharvosk.ru;55.787 37.497;beauty
Reef beauty studio, салон красоты;;+7 (985) 567-78-01, +7 (980) 697-67-53;3-я Хорошёвская ул., 21, корп. 6, Москва;;55.786 37.498;beauty
Magic Beauty;;+7 (985) 059-22-55;просп. Маршала Жукова, 4С1, Москва;;55.777 37.500;beauty
Lashstudio;;+7 (929) 516-04-60;3-я Хорошёвская ул., 18, корп. 1, Москва;msklash.ru;55.789 37.503;beauty
W nail bar, студия маникюра и педикюра;;+7 (985) 026-60-30, +7 (916) 688-42-37, +7 (985) 917-33-77, +7 (968) 637-37-75;Хорошёвское ш., 88, Москва;wnailbar.com;55.778 37.516;beauty
Цирюльникъ, салон красоты;;+7 (925) 111-41-41, +7 (925) 111-61-61;Хорошёвское ш., 88, Москва;salon-hair.ru , cirulnik.com;55.778 37.516;beauty
Hairboss, салон-парикмахерская;+7 (499) 195-07-49, +7 (499) 195-06-49;+7 (958) 100-04-52;ул. Куусинена, 1, Москва;hairboss.ru;55.778 37.516;beauty
Moscow Stars, студия красоты;+7 (499) 943-34-28;;ул. Куусинена, 15, корп. 1, Москва;msk-stars.ru , moscowstars.su;55.784 37.513;beauty
Две совы, салон красоты;+7 (499) 198-93-10;+7 (901) 346-79-37;ул. Куусинена, 15, корп. 2, Москва;twoowls.net;55.785 37.513;beauty
LaliTa, салон красоты;;+7 (925) 831-05-07, +7 (985) 921-86-88, +7 (919) 761-70-70, +7 (925) 831-05-59;ул. Куусинена, 7, корп. 3, Москва;;55.781 37.515;beauty
Beauty Lash & Brow;;+7 (901) 904-04-10;Хорошёвское ш., 82, корп. 1, Москва;lash-brow.ru;55.778 37.520;beauty
Кабинет депиляции на Хорошёвском шоссе;;+7 (968) 556-35-63;Хорошёвское ш., 82, корп. 1, Москва;kabinet-depilyatsii-na-horoshevskom-shosse-82-k-1.ru;55.778 37.520;beauty
Студия маникюра и педикюра Nailstudio48;;+7 (904) 567-67-14;Хорошёвское ш., 82, корп. 1, Москва;zoon.ru , nailstudio48.ru;55.778 37.520;beauty
Салон красоты Кино;+7 (499) 490-79-00, +7 (499) 325-30-81;+7 (916) 242-87-88;пр. Берёзовой Рощи, 4, Москва;studio-kino.ru;55.787 37.520;beauty
Лысый Кактус, студия доступной депиляции;;+7 (929) 939-96-26;Хорошёвское ш., 82, корп. 1, Москва;;55.778 37.520;beauty
W Nail Bar;;+7 (939) 111-85-06;Хорошёвское ш., 82, Москва;wnailbar.com;55.778 37.521;beauty
Гранд Парк, центр красоты и здоровья;+7 (495) 766-63-82;+7 (985) 766-63-82;Ходынский бул., 19, Москва;salon-grand.ru;55.789 37.521;beauty
La fleur de France, салон красоты;+7 (499) 762-81-26;+7 (985) 779-78-28;Ходынский бул., 19, Москва;french-flower.ru;55.789 37.522;beauty
Сеть студий маникюра Лены Лениной;;+7 (968) 461-37-81;Хорошёвское ш., 27, Москва;nailsmasters.ru , clck.ru;55.777 37.525;beauty
Воображуля, сеть семейных парикмахерских;+7 (499) 340-43-14;;Хорошёвское ш., 27, Москва;воображуля.рф , msk.voobrajulya.ru , voobrajulya.ru;55.777 37.525;beauty
Wax & Go;;+7 (999) 870-98-21;Ходынский бул., 20А, Москва;waxandgo.ru;55.791 37.525;beauty
Форма, студия коррекции фигуры;+7 (499) 995-26-06;+7 (977) 961-51-23;Ходынский бул., 20А, Москва;my-forma.tilda.ws;55.791 37.526;beauty
Квартира, студия красоты;;+7 (985) 998-00-99, +7 (977) 099-75-60;ул. Гризодубовой, 4, корп. 1, Москва;strizhka.com;55.783 37.527;beauty
Violet Star;;+7 (925) 510-99-92;Хорошёвское ш., 25А, корп. 2, Москва;zoon.ru , takemake.site;55.775 37.528;beauty
Beauty bar, салон красоты;;+7 (904) 568-32-45, +7 (905) 575-33-66;Хорошёвское ш., 23, корп. 1, Москва;бар-красоты.рф;55.777 37.529;beauty
Точка Красоты;+7 (495) 749-87-76;+7 (925) 539-51-00, +7 (903) 549-87-76;Ходынский бул., 4, Москва;tochkafamily.ru;55.790 37.529;beauty
Анита, мастерская по ремонту одежды;+7 (495) 941-39-45;+7 (904) 567-49-80;ул. Полины Осипенко, 18, корп. 2, Москва;zoon.ru , anita-centr.ru;55.782 37.530;beauty
3.33 by Asti, салон красоты;;+7 (926) 668-08-78;ул. Авиаконструктора Сухого, 2, корп. 1, Москва;;55.787 37.543;beauty
Express Nails;+7 (495) 126-52-39;;ул. Гризодубовой, 2, Москва;expressnails.ru;55.783 37.532;beauty
Insalon, салон красоты;;+7 (903) 285-28-82, +7 (925) 121-94-04;Хорошёвское ш., 9, Москва;insalon.ru;55.775 37.536;beauty
Студия красоты Ольги Симоновой;+7 (495) 532-32-75, +7 (499) 762-96-62;+7 (925) 532-32-75;ул. Полины Осипенко, 10, корп. 1, Москва;olga-simonova.ru;55.779 37.534;beauty
Студия колористики by Serebrennikova Gali;;+7 (995) 157-76-13;Ходынский бул., 2, Москва;colorist-serebrennikova.ru;55.789 37.537;beauty
4hands, ногтевая студия;;+7 (916) 270-05-04;Ходынский бул., 2, Москва;4hands.ru;55.788 37.538;beauty
Свои, салон красоты;;+7 (977) 622-61-00;Беговая ул., 1А, Москва;svoi.beauty;55.776 37.551;beauty
Фен dry bar, салон укладки волос;;+7 (916) 230-07-04;ул. Авиаконструктора Сухого, 2, корп. 1, Москва;fendrybar.ru;55.786 37.543;beauty
Лак chèrie, студия маникюра;;+7 (916) 012-77-77, +7 (925) 865-66-06, +7 (916) 091-77-77, +7 (915) 019-77-77;1-й Хорошёвский пр., 16, корп. 1, Москва;lakcherie.ru;55.775 37.545;beauty
Укротители Волос;;+7 (903) 795-73-71, +7 (926) 908-47-77;Ленинградский просп., 37А, стр. 32, Москва;ukrotiteli-volos.com;55.791 37.553;beauty
TOPGUN, сеть барбершопов;;+7 (925) 901-64-44;Ленинградский просп., 36, Москва;topgun.ru;55.792 37.561;beauty
КраSота, салон красоты;+7 (499) 940-71-71, +7 (495) 945-93-43, +7 (495) 190-71-01;;Ленинградский просп., 33, корп. 5, Москва;skrasota.ru;55.788 37.559;beauty
Салон красоты Funky Nails;;+7 (926) 649-68-25;Ленинградский просп., 31А, Москва;;55.783 37.560;beauty
Laser Planet;+7 (495) 646-66-28;+7 (915) 497-57-02;Ленинградский просп., 31А, стр. 1, Москва;laser-planet.world;55.784 37.560;beauty
Le grand beauty, салон красоты;;+7 (966) 330-82-22;Беговая ул., 28, Москва;arn.su;55.782 37.561;beauty
You look beauty salon, салон красоты;;+7 (904) 567-44-19, +7 (977) 506-90-06;Ленинградский просп., 29, корп. 3, Москва;you-look-beauty-salon.ru , zoon.ru;55.784 37.562;beauty
Ambassador beauty, салон красоты;+7 (495) 945-72-18;+7 (915) 383-19-33, +7 (904) 567-44-82;Ленинградский просп., 27, Москва;amsterdam.ruvita.ru;55.784 37.566;beauty
Rootz hair, салон красоты;+7 (495) 105-65-00;+7 (968) 888-81-84, +7 (916) 877-82-53;Ленинградский просп., 36, стр. 33, Москва;rootzhair.ru;55.787 37.567;beauty
Fargo. Barbershop, салон красоты;;+7 (929) 633-19-06;Новая Башиловка, 4;dikidi.online;55.786 37.569;beauty
Eco nail bar, студия красоты;+7 (495) 120-02-75;;Ленинградский просп., 36, стр. 36, Москва;econailbar.ru;55.789 37.569;beauty
AELIT. BEAUTY, салон красоты;;+7 (999) 818-50-50, +7 (930) 333-18-67;Ленинградский просп., 15, стр. 28, Москва;b622731.yclients.com , aelitbeauty.ru;55.782 37.570;beauty
Manualistic, международная школа эстетики и массажа;;+7 (903) 217-44-27, +7 (905) 500-72-71;Ленинградский просп., 15, стр. 28, Москва;manualistic.com;55.782 37.570;beauty
113 nail, студия;;+7 (926) 744-84-14, +7 (926) 771-31-61;Ленинградский просп., 15, стр. 28, Москва;;55.782 37.571;beauty
O! My cut, студия красоты;+7 (499) 460-64-80;+7 (968) 378-19-68, +7 (980) 697-82-01;Ленинградский просп., 15, стр. 28, Москва;omycut.ru , omycut-beauty.ru;55.782 37.570;beauty
Mano;+7 (495) 617-00-99;+7 (968) 860-14-19;Ленинградский просп., 15, стр. 6, Москва;mano.moscow;55.781 37.571;beauty
Secret Salon;+7 (495) 741-95-44;;1-я Брестская ул., 32, Москва;secretsalon.ru;55.772 37.591;beauty
Di-art studio, салон красоты;;+7 (926) 338-77-03;Скаковая ул., 17, стр. 2, Москва;di-art-studio.ru;55.778 37.574;beauty
Натюрель студио;+7 (499) 288-18-07, +7 (495) 150-45-81, +7 (495) 150-50-79;+7 (977) 455-44-23, +7 (977) 304-55-66, +7 (969) 052-50-33, +7 (999) 893-56-16, +7 (977) 497-17-23, +7 (903) 687-22-16, +7 (903) 687-22-96;Верхняя ул., 20, корп. 1, Москва;naturel-studio.ru;55.779 37.574;beauty
Правда красива, студия красоты;+7 (495) 612-75-07;+7 (963) 640-01-10;ул. Правды, 17/19, Москва;pravda-krasiva.ru;55.787 37.580;beauty
Your decision, салон красоты;+7 (495) 981-37-81;+7 (906) 784-04-39;3-я ул. Ямского Поля, 18, Москва;decision-studio.ru;55.782 37.580;beauty
Endi, салон;;+7 (904) 567-47-25, +7 (926) 523-73-37;ул. Грузинский Вал, 11, стр. 4, Москва;zoon.ru , endi-centr.ru;55.774 37.578;beauty
Sus Moscow;;+7 (925) 350-00-03;3-я ул. Ямского Поля, 9, корп. 4, Москва;b630661.yclients.com , susmoscow.ru;55.781 37.580;beauty
Blade & Brothers Barbershop;+7 (495) 641-80-17;;3-я ул. Ямского Поля, 9, корп. 2, Москва;bladebrothers.ru;55.781 37.580;beauty
Sisters Beauty Club;;+7 (964) 714-26-99, +7 (926) 878-50-50;3-я ул. Ямского Поля, 9, корп. 4, Москва;sisters-beauty-club.clients.site;55.781 37.580;beauty
Atomic Skin Bar;;+7 (985) 101-01-45;3-я ул. Ямского Поля, 9, корп. 2, Москва;atomicaesthetics.com;55.781 37.580;beauty
Ruve X Beauty;;+7 (925) 242-25-25;3-я ул. Ямского Поля, 9, корп. 2, Москва;ruvexbeauty.ru , tilda.cc;55.781 37.580;beauty
Elle permanent, салон красоты;+7 (495) 640-41-95;+7 (960) 473-69-93, +7 (926) 927-73-79, +7 (926) 760-33-17, +7 (925) 578-67-73;3-я ул. Ямского Поля, 9, корп. 3, Москва;elle-permanent.ru;55.781 37.580;beauty
Ничего лишнего, студия коррекции фигуры;;+7 (916) 054-77-73;3-я ул. Ямского Поля, 9, корп. 3, Москва;nichego-lishnego.ru;55.781 37.580;beauty
Why not beauty;+7 (495) 208-55-85;+7 (926) 775-55-85;3-я ул. Ямского Поля, 9, корп. 3, Москва;w-n.me;55.781 37.580;beauty
The Salon;;+7 (958) 100-28-75, +7 (985) 920-89-34;3-я ул. Ямского Поля, 9, Москва;the-salon.ru;55.782 37.581;beauty
Must by Look;;+7 (995) 577-69-80;3-я ул. Ямского Поля, 9, корп. 6, Москва;n412330.yclients.com;55.781 37.581;beauty
Салон красоты Pilka Nail Bar;;+7 (925) 889-10-39, +7 (966) 060-00-19;3-я ул. Ямского Поля, 2, корп. 3, Москва;zoon.ru , pilka-nail-bar.ru;55.782 37.582;beauty
TOPGUN, сеть барбершопов;;+7 (926) 271-34-44;3-я ул. Ямского Поля, 2, корп. 13, Москва;topgun.ru;55.782 37.582;beauty
Москвичка nails, салон красоты;+7 (495) 177-07-77;;Лесная ул., 1/2, Москва;moskvichkabbb.ru , bbbmoscow.ru , moskvichka-nails.ru;55.777 37.586;beauty
Lash studio, студия красоты;;+7 (915) 480-75-75, +7 (916) 309-90-60, +7 (915) 325-73-35;1-я Тверская-Ямская ул., 27, Москва;lash-maker.ru;55.776 37.586;beauty
PodoPlus;+7 (495) 761-97-88;+7 (916) 246-36-29;1-я Брестская ул., 66, Москва;podoplus.ru;55.776 37.585;beauty
AND BROW BAR;;+7 (926) 459-28-44;1-я ул. Ямского Поля, 17, корп. 12, Москва;dikidi.net;55.784 37.585;beauty
Студия маникюра 4YourNails;;+7 (967) 986-41-02;1-я Брестская ул., 66, Москва;;55.776 37.585;beauty
Billie Jean, парикмахерская;;+7 (910) 479-50-64;Большая Грузинская ул., 60, стр. 1, Москва;billiejean-salon.ru;55.772 37.585;beauty
Цирюльникъ, салон красоты;+7 (499) 250-44-76;+7 (925) 394-19-75;1-я Тверская-Ямская ул., 25, стр. 2, Москва;salon-hair.ru , cirulnik.com;55.775 37.585;beauty
MONE;+7 (499) 702-59-61;;Большая Грузинская ул., 69-71, Москва;salonmone.ru;55.774 37.586;beauty
Dry&Go;;+7 (991) 686-60-90, +7 (925) 756-18-18;Большая Грузинская ул., 69-71, Москва;drygo.ru;55.774 37.586;beauty
DS salon, салон красоты;;+7 (926) 853-02-82, +7 (926) 249-07-40;1-я Брестская ул., 35, Москва;salon-dmitry-savelev.clients.site;55.773 37.588;beauty
Nail stars;;+7 (980) 444-08-08;1-я Тверская-Ямская ул., 28, Москва;nail-stars.ru;55.775 37.588;beauty
Салон Депиляции Glukoza;+7 (499) 288-08-14, +7 (499) 495-17-98;;1-я Брестская ул., 35, Москва;glukoza.su;55.773 37.588;beauty
Zengo, салон красоты;+7 (499) 251-72-28;;1-я Тверская-Ямская ул., 11, Москва;zengo.ru;55.773 37.590;beauty
DreamUp;;+7 (977) 134-00-45;Новослободская ул., 71, Москва;dreamup-salon.ru;55.790 37.590;beauty
Brow Up!;;+7 (939) 111-49-65;Лесная ул., 10-16, Москва;browup.ru;55.779 37.590;beauty
Express Nails;+7 (495) 116-95-57;;Лесная ул., 35/2, Москва;expressnails.ru;55.780 37.590;beauty
Guava SPA;;+7 (999) 925-14-17;Лесная ул., 10-16, Москва;guava-spa.clients.site;55.779 37.590;beauty
BLK;;+7 (919) 769-11-44;ул. Александра Невского, 19-25, Москва;belka.team;55.776 37.590;beauty
Lisova stylist;;+7 (925) 361-91-63, +7 (926) 199-21-21, +7 (903) 132-34-97;Новолесная ул., 5, Москва;;55.782 37.591;beauty
City Girls, салон красоты;+7 (495) 374-70-14;+7 (925) 990-07-65;Лесная ул., 43, Москва;citygirlssalon.ru;55.780 37.591;beauty
Mood, нейл-бар;;+7 (967) 166-69-36, +7 (929) 540-96-66;2-я Тверская-Ямская ул., 38, Москва;moodnailbar.ru;55.774 37.592;beauty
Hair-concept, салон красоты;+7 (499) 251-50-91, +7 (499) 251-26-73;+7 (967) 130-15-19, +7 (966) 156-86-68;2-я Тверская-Ямская ул., 38, Москва;hair-concept.ru;55.774 37.592;beauty
Zaika beauty, студия красоты;;+7 (985) 561-25-25;Новослободская ул., 57/65, Москва;zaika-beauty.plp7.ru;55.788 37.592;beauty
Студии красоты Журавлёва;;+7 (977) 196-91-32;Новослободская ул., 45Б, Москва;project1848906.tilda.ws;55.785 37.595;beauty
Студия красоты Нэнэ;+7 (495) 790-17-00, +7 (495) 790-17-15;+7 (964) 790-11-21, +7 (969) 110-60-00, +7 (967) 157-80-11, +7 (903) 790-17-15, +7 (916) 208-99-49;1-я Миусская ул., 24/22с4, Москва;nenebeauty.ru , nene.ru;55.781 37.593;beauty
MadonnaNails;;+7 (914) 025-77-75, +7 (999) 983-73-73, +7 (910) 408-73-73;Новослободская ул., 48, Москва;moiprofi.ru;55.786 37.595;beauty
Гармония SPA;+7 (499) 250-22-58, +7 (499) 250-10-20;+7 (966) 359-08-76;Новослободская ул., 48, Москва;garmoniya-spa.ru , mastermed.ru;55.786 37.595;beauty
Nectarin;+7 (495) 150-16-19;+7 (977) 723-93-77;ул. Палиха, 1/36, Москва;epil-nectarin.ru;55.784 37.597;beauty
Культ Тела;+7 (499) 322-88-54;+7 (926) 076-31-33;ул. Фадеева, 7, стр. 2, Москва;kulttela.pro;55.775 37.597;beauty
Kokoc Studio;;+7 (905) 760-42-54;ул. Палиха, 1/36, Москва;kokoc.studio;55.784 37.598;beauty
Птички, салон красоты;+7 (499) 350-94-09, +7 (499) 350-55-01;+7 (985) 485-77-55, +7 (985) 138-98-33;1-я Миусская ул., 2, стр. 1, Москва;p-ptichki.ru , b413993.yclients.com;55.779 37.598;beauty
Больше чем брови, студия красоты;;+7 (916) 993-91-49, +7 (929) 849-77-35;Новослободская ул., 26, стр. 1, Москва;bcbrovi.ru;55.783 37.598;beauty
Beauty Baby;;+7 (966) 170-46-66;Новослободская ул., 31, стр. 1, Москва;;55.782 37.598;beauty
Mansara, салон красоты;;+7 (923) 537-29-62;Новослободская ул., 20, Москва;mansara.ru;55.783 37.599;beauty
FaceRoom, студия массажа лица;+7 (495) 126-81-14;;Новослободская ул., 24А, стр. 1, Москва;n719984.yclients.com , n719987.yclients.com , face-room.ru;55.783 37.599;beauty
:КультЪ:;;+7 (977) 797-03-67, +7 (926) 354-11-27;Оружейный пер., 13, стр. 3, Москва;mms-kult.ru;55.773 37.599;beauty
Студия красоты Оксаны Копуновой;;+7 (917) 396-04-98, +7 (905) 514-55-52;Оружейный пер., 13, стр. 3, Москва;;55.773 37.599;beauty
Bond`s girl, студия маникюра;;+7 (958) 100-08-15, +7 (958) 100-05-28, +7 (958) 100-09-28;ул. Палиха, 10, стр. 5, Москва;onelink.to , bondsgirl.ru;55.784 37.600;beauty
ZiZi Beauty Studio;;+7 (903) 205-88-58;Новослободская ул., 14/19с1, Москва;widget.sonline.su;55.781 37.600;beauty
Nails Organic;;+7 (925) 100-01-20, +7 (930) 333-75-09;Новослободская ул., 3, стр. 3, Москва;nailsmoscow.ru;55.779 37.600;beauty
Мисслисс;+7 (499) 506-98-04, +7 (499) 506-98-10, +7 (495) 180-48-95;+7 (925) 726-94-05, +7 (926) 852-49-85, +7 (931) 521-69-82;Новослободская ул., 3, стр. 3, Москва;misslisse.ru;55.779 37.600;beauty
Gromova_nails;;+7 (985) 339-26-10;Сущёвская ул., 19, стр. 4, Москва;;55.782 37.600;beauty
Colortown, студия красоты;+7 (495) 105-94-05;+7 (963) 698-84-07;Сущёвская ул., 27, стр. 2, Москва;color-town.ru;55.783 37.600;beauty
TOPGUN, сеть барбершопов;;+7 (925) 047-74-44;Оружейный пер., 15А, Москва;topgun.ru;55.772 37.601;beauty
Центр красоты и здоровья Sense Gallery;+7 (499) 271-73-13;+7 (999) 817-94-79, +7 (930) 999-78-10;ул. Фадеева, 4А, Москва;sense-gallery.com;55.775 37.601;beauty
Мон плизир, салон красоты;+7 (499) 250-91-05;;Оружейный пер., 23, Москва;salon-monplizir.ru;55.772 37.601;beauty
Beetlejuice;;+7 (916) 639-52-37;Весковский пер., 7, Москва;;55.779 37.600;beauty
Хорошая примета;+7 (499) 973-03-59;+7 (903) 550-12-12;Минаевский пер., 5/18, Москва;handselmsk.ru;55.790 37.601;beauty
No Hugs, Please, салон красоты;;+7 (999) 718-88-83;Сущёвская ул., 19, стр. 4, Москва;nohugsplease.clients.site , nou-hags.clients.site;55.782 37.601;beauty
Wow, студия окрашивания волос;+7 (495) 212-07-57;+7 (985) 139-02-05;ул. Фадеева, 2, Москва;wow-color.ru;55.773 37.602;beauty
BeBeauty, студия красоты;;+7 (929) 681-37-42, +7 (929) 681-40-92;ул. Фадеева, 4А, Москва;maxspa.ru , bebeauty.moscow , profsalon.org;55.775 37.602;beauty
Instabeauty Moscow, салон красоты;+7 (499) 638-22-60, +7 (499) 325-40-13;+7 (905) 513-66-22;Долгоруковская ул., 5, Москва;instabeautymoscow.ru;55.774 37.604;beauty
Bccode;;+7 (963) 552-52-65, +7 (995) 793-00-97;Долгоруковская ул., 40, Москва;bccode.ru;55.779 37.602;beauty
Лайк Соло Бьюти-коворкинг Новослободская;;+7 (995) 115-55-02, +7 (977) 764-84-59, +7 (901) 333-10-24, +7 (958) 100-56-14;Долгоруковская ул., 40, Москва;solosalon.ru , likesolo.ru;55.779 37.602;beauty
Lukky;;+7 (999) 826-07-70;Селезнёвская ул., 11А, стр. 2, Москва;lukky-msk.clients.site , n387910.yclients.com;55.781 37.604;beauty
Студия взгляда Soblazn-lashes;;+7 (926) 604-34-34;Селезнёвская ул., 11А, стр. 2, Москва;soblazn-lashes.ru;55.781 37.604;beauty
Студия красоты Mack Style на Новослободской;;+7 (925) 915-28-09, +7 (962) 999-99-76;Селезнёвская ул., 11А, стр. 2, Москва;app.arnica.pro;55.781 37.604;beauty
Студия маникюра Pink Lemon;+7 (499) 391-23-64;+7 (904) 567-62-87;Селезнёвская ул., 4, Москва;novoslobodskaya.pinklemon.ru;55.780 37.604;beauty
Студия модных волос Павла Охапкина;+7 (499) 973-33-71;+7 (903) 546-51-61;Краснопролетарская ул., 35, Москва;okhapkinschool.ru , okhapkinstudio.ru;55.780 37.605;beauty
Look at me, студия моделирования взгляда;;+7 (926) 944-02-74, +7 (916) 507-68-10;Новосущёвская ул., 12, Москва;lookatme-msk.ru;55.783 37.607;beauty
Nature Eva Russia;;+7 (991) 442-72-42;Долгоруковская ул., 4А, Москва;;55.775 37.605;beauty
8 дней в неделю, салон красоты;+7 (495) 225-59-80, +7 (499) 978-38-83;;Краснопролетарская ул., 9, корп. 2, Москва;8dney.ru;55.775 37.606;beauty
Rukollanail;;+7 (999) 656-88-78;1-й Щемиловский пер., 16, стр. 14, Москва;rukollanail.ru;55.779 37.607;beauty
Pink Hair Lab;;+7 (999) 890-63-16, +7 (909) 900-34-41;1-й Щемиловский пер., 16, стр. 2, Москва;pink-lab.ru;55.779 37.607;beauty
Enin by Simon, салон-бутик;+7 (499) 978-94-82;+7 (926) 763-01-89, +7 (980) 697-65-88;Краснопролетарская ул., 8, стр. 1, Москва;tot.net.ru;55.776 37.608;beauty
U Look, студия красоты;;+7 (968) 394-99-90;Трубная ул., 32, стр. 4, Москва;ulookstudio.ru;55.772 37.626;beauty
Xprt beauty lab;;+7 (926) 278-03-20, +7 (916) 280-04-70, +7 (961) 652-17-33, +7 (903) 753-33-39;1-й Волконский пер., 15, Москва;xprt-beauty-lab-1-j-volkonskij-pereulok.clients.site;55.775 37.618;beauty
Серж Климов, студия красоты;;+7 (926) 605-90-90;Селезнёвская ул., 34, корп. 1, Москва;sergeklimov.ru;55.781 37.612;beauty
Салон Юлии Дубицкой;+7 (495) 689-17-16;;Октябрьская ул., 35, Москва;juliadubitskaya.ru;55.790 37.613;beauty
Maija, Октябрьская 18;+7 (495) 688-93-98;+7 (915) 297-77-99;Октябрьская ул., 18, Москва;maija.ru;55.787 37.614;beauty
Mone, салон красоты;+7 (499) 702-59-73;;Садовая-Самотёчная ул., 9, Москва;salonmone.ru;55.774 37.617;beauty
Фортанте;+7 (495) 684-87-87;+7 (903) 140-03-79;2-й Самотёчный пер., 4, Москва;for-f.com;55.778 37.616;beauty
Soft Laser;+7 (499) 112-49-18, +7 (499) 325-59-18, +7 (495) 112-49-18;;Садовая-Самотёчная ул., 7, стр. 2, Москва;soft-laser.ru;55.774 37.616;beauty
Main Point, салон красоты;+7 (495) 650-58-88;+7 (917) 557-17-17;Большой Каретный пер., 24, стр. 2, Москва;mainpointsalon.ru;55.773 37.616;beauty
Limerence, центр красоты и эстетической косметологии;;+7 (925) 676-78-22;Садовая-Самотёчная ул., 13, стр. 1, Москва;limerence-salon.ru;55.774 37.618;beauty
Кукла, салон красоты;+7 (495) 995-52-13;+7 (965) 378-00-49;Цветной бул., 21, стр. 6, Москва;salonkukla.ru;55.772 37.618;beauty
Amilaser;;+7 (901) 256-59-08, +7 (999) 815-77-07;Цветной бул., 21, стр. 6, Москва;amilaser.ru;55.772 37.618;beauty
КриоЭстетик;;+7 (985) 175-88-02;Троицкая ул., 6, Москва;krioestetik.ru;55.774 37.622;beauty
Sunrai SPA;+7 (499) 899-88-13;+7 (915) 449-37-53, +7 (925) 602-63-47;Троицкая ул., 7, стр. 5, Москва;sunrai24.ru;55.775 37.622;beauty
Fingers' Choice;;+7 (905) 795-56-35;Троицкая ул., 7/1с1, Москва;finbrow.ru;55.775 37.622;beauty
Perlamutr, салон красоты;;+7 (969) 030-30-78, +7 (916) 287-60-26;Олимпийский просп., 26, стр. 1, Москва;;55.790 37.623;beauty
Фробук;;+7 (991) 246-93-16;Трифоновская ул., 45, Москва;frobuk2.wixsite.com;55.789 37.625;beauty
Tattoo Body Parts, студия тату, пирсинга и украшений для пирсинга;+7 (495) 003-68-43, +7 (495) 118-30-06;+7 (925) 814-70-92, +7 (926) 130-30-77;Трубная ул., 29, стр. 1, Москва;;55.772 37.625;beauty
Салон красоты UpDo by Diana Simonian;+7 (495) 120-29-10;;Малая Сухаревская площадь, 1, стр. 1, Москва;updo.ru;55.774 37.629;beauty
Моника-стиль, салон красоты;+7 (495) 764-77-42;+7 (915) 067-02-11;Трифоновская ул., 55, Москва;vizantiy.ru , monicastyle.ru;55.789 37.630;beauty
Elya Studio, салон красоты;;+7 (962) 951-82-80;ул. Щепкина, 8, Москва;n539645.yclients.com;55.775 37.629;beauty
Салон красоты Wishlab_msk;;+7 (926) 206-73-40, +7 (985) 161-02-02;ул. Щепкина, 28, Москва;wishlab-msk.turbo.site , whishlab.ru;55.779 37.629;beauty
Fresh Lash;;+7 (915) 194-03-20, +7 (916) 951-28-72, +7 (915) 194-04-20;Малая Сухаревская площадь, 3, Москва;;55.774 37.629;beauty
Прядь, салон красоты;+7 (495) 688-25-35;+7 (967) 036-00-21;ул. Щепкина, 64, стр. 2, Москва;pryad-salon.ru;55.787 37.630;beauty
Maija, салон красоты;+7 (495) 607-38-30;+7 (925) 630-95-96;ул. Гиляровского, 1, Москва;maija.ru;55.774 37.630;beauty
Гении Розен;+7 (495) 607-70-02, +7 (495) 607-72-84;+7 (999) 123-56-78, +7 (966) 122-18-18;просп. Мира, 11, Москва;geniarozen.ru;55.776 37.631;beauty
Diva Effect;;+7 (902) 469-98-87;просп. Мира, 3, корп. 1, Москва;diva-effect.ru;55.774 37.632;beauty
Laser Love;;+7 (965) 155-99-22;ул. Гиляровского, 39, стр. 1, Москва;laserlove.ru;55.783 37.632;beauty
Алексей Хлестунов;;+7 (905) 700-46-76;просп. Мира, 7, стр. 1, Москва;alexeyhlestunov.ru;55.775 37.632;beauty
Wow, my lashes!;;+7 (984) 333-24-59;просп. Мира, 3, корп. 1, Москва;wowmylashes.clients.site;55.773 37.632;beauty
C-Cedra;;+7 (999) 099-33-35;просп. Мира, 5, корп. 1, Москва;ccedra.ru;55.774 37.632;beauty
Kitchen colors, салон красоты;+7 (499) 558-48-29, +7 (499) 136-22-07;+7 (966) 099-34-31, +7 (903) 136-22-07;ул. Гиляровского, 36, стр. 1А, Москва;kitchencolors.ru;55.783 37.633;beauty
Epilaserman, студия эпиляции для мужчин;+7 (499) 490-59-52, +7 (499) 325-34-14;+7 (921) 370-64-31, +7 (917) 144-69-88;ул. Гиляровского, 40, Москва;epilaserman.ru;55.783 37.633;beauty
Thai-SPA 7 красок, сеть тайских SPA салонов;+7 (495) 725-78-71;+7 (926) 611-97-47;ул. Гиляровского, 50, Москва;;55.786 37.633;beauty
Ля визаж, салон красоты;+7 (495) 681-61-92, +7 (495) 681-52-93;;ул. Гиляровского, 50, Москва;lavisage.ru;55.786 37.633;beauty
Woman, салон красоты;;+7 (903) 725-72-56;просп. Мира, 73, Москва;womanmsk.ru;55.789 37.634;beauty
Kamili Nails, сеть студий красоты;;+7 (968) 494-64-66;просп. Мира, 61, Москва;kamilinails.ru;55.786 37.634;beauty
Кавасаки студио;;+7 (985) 051-82-59;ул. Гиляровского, 51, Москва;;55.786 37.633;beauty
Lsd, лаборатория стиля и дизайна;;+7 (985) 052-52-80;просп. Мира, 26, стр. 1, Москва;lsdlab.studio;55.778 37.633;beauty
Epil lab;;+7 (919) 776-57-53;просп. Мира, 36, стр. 1, Москва;;55.779 37.633;beauty
Mollice Beauty, студия маникюра;;+7 (969) 111-93-28;просп. Мира, 36, стр. 1, Москва;dikidi.net;55.779 37.633;beauty
Lucky choice, парикмахерская;;+7 (966) 666-52-58, +7 (995) 999-99-88, +7 (910) 009-10-06;просп. Мира, 77, корп. 1, Москва;luckychoice.me;55.790 37.634;beauty
Броубар Броу Хаус;+7 (499) 283-83-48;;просп. Мира, 73, Москва;brow.house;55.789 37.634;beauty
Переулок красоты, салон;;+7 (968) 335-55-01;Банный пер., 3, Москва;vksalon.ru;55.787 37.636;beauty
YB clinic, медицинский центр коррекции фигуры;+7 (495) 023-32-45, +7 (495) 032-43-08;+7 (995) 787-08-81;Большая Сухаревская площадь, 9, Москва;mybeautifulclinic.ru , beautiful-clinic-icoone.ru;55.772 37.638;beauty
Arthair;+7 (495) 180-43-79, +7 (495) 504-54-30;+7 (915) 154-37-20;Астраханский пер., 1/15, Москва;arthair.ru;55.778 37.640;beauty
Oh My Nails;;+7 (926) 951-29-70, +7 (995) 577-59-84;просп. Мира, 48, стр. 4, Москва;ohmynails.ru , oh-my-nails.clients.site;55.782 37.635;beauty
Uniqъ;;+7 (904) 567-39-94, +7 (902) 020-96-12;просп. Мира, 74, стр. 1, Москва;;55.790 37.635;beauty
Happy nails, студия красоты;;+7 (926) 129-15-30, +7 (966) 315-51-16;просп. Мира, 56, стр. 2, Москва;;55.784 37.636;beauty
Golden locks, салон красоты;+7 (495) 740-22-54, +7 (495) 740-12-54, +7 (495) 670-12-97, +7 (499) 975-18-86, +7 (495) 911-45-70;+7 (926) 209-08-79;1-й Коптельский пер., 14, стр. 1, Москва;golden-locks.ru;55.774 37.639;beauty
Студия красоты Кристины Быковой;+7 (495) 680-10-12;+7 (958) 111-30-76, +7 (929) 907-98-27;Астраханский пер., 5, Москва;;55.779 37.641;beauty
ArtNail Gallery;;+7 (938) 697-33-40, +7 (985) 260-62-75;Астраханский пер., 10/36с1, Москва;;55.779 37.641;beauty
Miló;+7 (495) 790-58-58, +7 (495) 680-00-57;+7 (903) 790-58-58;Астраханский пер., 10/36, Москва;milo.expert;55.779 37.642;beauty
Lee Lab;;+7 (929) 979-54-40;Большой Балканский пер., 13/47к4, Москва, Россия;;55.779 37.643;beauty
Одри, салон красоты;+7 (499) 713-52-22;+7 (901) 183-52-22, +7 (916) 236-22-27;Орликов пер., 5, стр. 1, Москва;odrisalon.ru;55.772 37.650;beauty
Bon Spa, салон красоты;+7 (495) 710-86-66;+7 (968) 942-60-41;Каланчёвская ул., 21/40, Центральный административный округ, Красносельский район, Москва;bonspamoscow.ru;55.774 37.651;beauty
Fortuna Beauty;;+7 (999) 975-95-21;Верхняя Красносельская ул., 2/1с6, Москва;;55.786 37.659;beauty
Sister Margaret, барбершоп;;+7 (966) 143-18-81;ул. Сокольнический Вал, 22, Москва;barbershop-sm.ru;55.792 37.661;beauty
Цирюльникъ;;+7 (926) 300-20-85, +7 (925) 142-07-00;Краснопрудная ул., 3-5с1, Москва;salon-hair.ru;55.778 37.661;beauty
Софиэль, салон красоты;+7 (499) 343-97-36;+7 (910) 459-36-39;Большой Краснопрудный тупик, 6/21, Москва;sofiel.ru;55.782 37.662;beauty
Top beauty studio, салон красоты;;+7 (909) 677-11-99;Краснопрудная ул., 7-9, Москва;topbeautystudio.ru;55.778 37.662;beauty
Центр подологии Ножкин доктор;;+7 (939) 999-61-35, +7 (904) 568-16-22, +7 (969) 050-95-55, +7 (925) 707-93-09;Краснопрудная ул., 22А, Москва;podologirina.ru;55.778 37.665;beauty
TOPGUN, сеть барбершопов;+7 (495) 055-64-44;;Верхняя Красносельская ул., 3А, Москва;topgun.ru;55.785 37.666;beauty
Шелк, студия красоты;;+7 (968) 951-90-04;Нижняя Красносельская ул., 4, Москва;silk-studio.net;55.779 37.667;beauty
In optima forma, салон красоты;+7 (499) 269-05-45;+7 (926) 055-47-55, +7 (904) 567-51-74;ул. Сокольнический Вал, 24, корп. 3, Москва;inoptimaforma.ru;55.791 37.665;beauty
Яперсик;;+7 (993) 008-50-90;Краснопрудная ул., 22А, Москва;;55.778 37.665;beauty
ProLine;+7 (495) 740-25-59;+7 (906) 707-07-72;Краснопрудная ул., 22-24, Москва;studiya-krasoti.ru;55.779 37.666;beauty
J'adore;+7 (495) 150-10-56;+7 (977) 099-84-08, +7 (926) 824-24-35;Краснопрудная ул., 26, Москва;jadore4you.ru;55.780 37.667;beauty
ONail, салон красоты;+7 (495) 762-93-33;+7 (925) 977-71-58, +7 (985) 762-93-33;Краснопрудная ул., 15, Москва;onail.ru;55.781 37.668;beauty
Точка красоты, салоны красоты;;+7 (963) 649-77-01;Краснопрудная ул., 15, Москва;tochkafamily.ru;55.781 37.668;beauty
Ириска, студия красоты;+7 (499) 748-03-55;;Старослободская ул., 3, Москва;iriskastudio.ru;55.791 37.670;beauty
BlondeLab, салон красоты;;+7 (937) 352-27-75;Гаврикова ул., 2/38, Москва;blondelab.tilda.ws;55.781 37.670;beauty
Beauteria Nail Bar;;+7 (926) 301-55-22;Краснопрудная ул., 30-34с1, Москва;;55.780 37.668;beauty
Aura;;+7 (962) 943-82-47, +7 (999) 847-75-00;Краснопрудная ул., 36, стр. 1, Москва;beautystudio-aura.ru;55.780 37.669;beauty
ElectroepilbyMe;;+7 (968) 432-98-87;Нижняя Красносельская ул., 35, стр. 2, Москва;;55.776 37.672;beauty
Бьюти Студия GaLaRa;;+7 (919) 762-63-44;Ольховская ул., 45, стр. 1, Москва;;55.778 37.672;beauty
Салон красоты Секреты;;+7 (926) 133-25-43, +7 (926) 322-96-76;Спартаковский пер., 2, стр. 1, Москва;secrets.uds.app;55.778 37.672;beauty
Студия колористики Gp;;+7 (918) 186-81-68, +7 (916) 088-08-22;Спартаковский пер., 2, стр. 1, Москва;gp-hairbeauty.ru;55.779 37.672;beauty
Mone, салон красоты;;+7 (925) 108-38-84;Нижняя Красносельская ул., 35, стр. 48, Москва;salonmone.ru;55.775 37.673;beauty
НатОля, салон красоты;+7 (499) 264-01-55;+7 (906) 743-41-27;Маленковская ул., 30, Москва;natolya.ru;55.787 37.675;beauty
Abeauty, салон красоты;+7 (495) 646-11-66;;Нижняя Красносельская ул., 35, стр. 50, Москва;arbat-beauty.ru;55.775 37.673;beauty
Kosa Kosa;;+7 (915) 454-77-70;Нижняя Красносельская ул., 35, стр. 9, Москва;kosa-kosa.ru;55.776 37.674;beauty
Салон красоты Panda star nails;;+7 (980) 697-78-53;Нижняя Красносельская ул., 35, стр. 50, Москва;;55.775 37.674;beauty
Ombremoscow;;+7 (925) 005-36-36, +7 (939) 555-63-74;Нижняя Красносельская ул., 35, стр. 50, Москва;ombremoscow.ru;55.775 37.674;beauty
Joy studio, студия красоты;+7 (495) 877-41-68, +7 (499) 130-01-96;+7 (903) 130-01-96;Нижняя Красносельская ул., 35, стр. 9, Москва;studiojoy.ru;55.776 37.674;beauty
Topgun, барбершоп;;+7 (968) 547-64-44;Нижняя Красносельская ул., 35, стр. 50, Москва;topgunbarbershop.ru , topgun.ru;55.775 37.675;beauty
Chain barbershop;+7 (495) 773-29-29;;Русаковская ул., 22, Москва;chainbarbershop.ru;55.786 37.678;beauty
433beautyzone, салон красоты;;+7 (996) 965-34-67, +7 (915) 114-86-54;Спартаковская ул., 19, стр. 3, Москва;433beautyzone.ru;55.774 37.677;beauty
Студия лифтиг-массажа лица Face Praktika;;+7 (977) 733-22-27;Спартаковская площадь, 14, стр. 3, Москва;facepraktika.ru;55.777 37.679;beauty
Цирюльникъ;;+7 (929) 689-00-30;Спартаковская ул., 20/34, Москва;salon-hair.ru;55.772 37.677;beauty
True Face;;+7 (982) 206-61-29, +7 (904) 491-49-96;Спартаковская площадь, 14, стр. 2, Москва;trueface.cc;55.776 37.678;beauty
Кавайкэт;+7 (495) 134-22-98, +7 (495) 134-22-42;+7 (905) 404-72-22, +7 (960) 180-55-75, +7 (914) 270-59-96, +7 (918) 056-21-82, +7 (911) 001-80-80;Бауманская ул., 11, стр. 8, Москва;myanthocyanin.ru , kawaicat.ru , salon.kawaicat.ru;55.777 37.678;beauty
Лисица школа-студия перманентного макияжа;;+7 (929) 555-21-11;Бауманская ул., 13, стр. 2, Москва, Россия;;55.776 37.678;beauty
Массажный салон;+7 (495) 358-60-00;+7 (910) 050-37-21;Бауманская ул., 32, стр. 2, Москва;oil-massage.me , hostiman.ru;55.772 37.678;beauty
КОЛОРИСТА, салон красоты;+7 (495) 649-02-96;+7 (964) 649-02-96;Сокольническая площадь, 4А, Москва;kolorista.net;55.790 37.678;beauty
Сеть студий маникюра Лены Лениной;;+7 (968) 461-34-46;Русаковская ул., 31, Москва;llmanikur.ru , clck.ru;55.788 37.679;beauty
Салон красоты KiM beauty rooms;+7 (495) 641-88-11;+7 (964) 641-88-11;Спартаковская площадь, 16/15с2, Москва;;55.776 37.679;beauty
Chocolatta;+7 (499) 340-33-88;+7 (968) 002-00-11;Русаковская ул., 24, Москва;chocolatta.beauty;55.787 37.681;beauty
Студия маникюра 4YourNails;;+7 (969) 769-36-44;Бакунинская ул., 14, стр. 11, Москва;;55.773 37.682;beauty
Бьютэлль, стоматология;+7 (499) 265-13-31, +7 (499) 265-70-00;+7 (925) 390-24-04;Балакиревский пер., 23, Москва;el-v.ru , elvdent.ru;55.778 37.689;beauty
Marka beuty;+7 (495) 142-71-01;+7 (901) 348-51-98;Бакунинская ул., 14, стр. 1, Москва;markabeauty.ru;55.774 37.683;beauty
Персик;;+7 (915) 363-65-69, +7 (904) 568-25-90;Спартаковская площадь, 28/17, Москва;;55.775 37.683;beauty
Pulatoff. Barbers;;+7 (977) 310-53-63, +7 (977) 688-03-66, +7 (977) 310-53-62, +7 (977) 502-53-57;Ладожская ул., 13, Москва;eastside.moscow , pulatoffbarbers.ru;55.772 37.685;beauty
МариБа;;+7 (999) 113-53-00;Суворовская ул., 2А, Москва;;55.788 37.710;beauty
Школа парикмахерского искусства Павла Баженова;+7 (499) 350-37-86;;ул. Гастелло, 39, Москва;bazhenovsystems.ru;55.783 37.695;beauty
3D;+7 (495) 745-44-29;+7 (916) 183-25-03;Рубцовская наб., 2, корп. 3, Москва;krasotisalon.com;55.774 37.695;beauty
Аматика, салон красоты и здоровья;+7 (499) 325-30-49, +7 (499) 261-00-45;+7 (915) 211-00-45, +7 (925) 426-78-50;Рубцовская наб., 2, корп. 2, Москва;amatika.ru;55.774 37.696;beauty
JIN Studio, салон красоты;+7 (495) 145-99-91;+7 (939) 111-70-63, +7 (915) 405-09-70;Большая Почтовая ул., 36, стр. 2, Москва;jin-studio.ru;55.781 37.697;beauty
Ai. beauty_studio;;+7 (926) 627-68-63, +7 (925) 193-76-18;Большая Семёновская ул., 10, Москва;;55.782 37.703;beauty
Сеть студий маникюра Лены Лениной;;+7 (985) 353-21-23;Большая Семёновская ул., 17А, Москва;llmanikur.ru , clck.ru;55.783 37.706;beauty
Aloe nail, ногтевая студия;;+7 (904) 568-18-93, +7 (906) 014-44-48;Большая Семёновская ул., 20, Москва;;55.782 37.705;beauty
My Barber;;+7 (926) 046-15-41, +7 (958) 131-22-22;Большая Семёновская ул., 17А, Москва;mybarber2020.ru;55.783 37.706;beauty
Dofamin Beauty Studio;;+7 (999) 848-15-70;Электрозаводская ул., 20, Москва;dofamin-beauty-studio.clients.site;55.788 37.706;beauty
Силс;;+7 (977) 817-70-71;Малая Семёновская ул., 5, стр. 1, Москва;;55.785 37.707;beauty
Студия красоты Сити БьютиС;;+7 (968) 507-64-88, +7 (909) 972-15-91, +7 (991) 760-02-72;Большая Семёновская ул., 32, стр. 13, Москва;city-beautys.ru;55.782 37.708;beauty
Fractal;;+7 (916) 028-53-98, +7 (926) 784-61-84;Барабанный пер., 4, стр. 3, Москва;;55.784 37.709;beauty
Ла диг, студия красоты;+7 (495) 721-56-85;+7 (909) 161-56-56;Медовый пер., 6, Москва;la-digue.ru;55.783 37.710;beauty
Olga Hanafy Studio;;+7 (904) 567-63-92;Барабанный пер., 4, стр. 5, Москва;zoon.ru , olga-hanafy-studio-salon.ru;55.783 37.710;beauty
BarbarossA, сеть барбершопов;;+7 (939) 555-12-69, +7 (995) 920-05-20;Семёновский пер., 18, Москва;barbarossa.top , semenovskaya.barbarossa.top;55.782 37.715;beauty
Studio by Gulnaz Zaripova;;+7 (985) 460-74-14;Золотая ул., 11, стр. 2, Москва;gulnazzaripova.ru;55.779 37.712;beauty
Minou;;+7 (965) 200-01-16;Золотая ул., 11, стр. 2, Москва;minou.ru;55.779 37.712;beauty
Айкосметикс;;+7 (999) 111-23-92, +7 (985) 985-17-71;Малая Семёновская ул., 15/17к4, Москва;icosmetics.ru;55.786 37.715;beauty
Беверли Хиллс;;+7 (963) 714-63-33;Большая Семёновская ул., 49А, Москва;beauty.dikidi.net;55.782 37.716;beauty
FORMAN barbershop;;+7 (965) 355-44-00;Семёновская площадь, 1, Москва;4man.clients.site , 4mansalon.com , n169547.yclients.com;55.783 37.720;beauty
BeautiQstudio;;+7 (969) 777-45-79, +7 (916) 492-55-58, +7 (985) 400-07-71, +7 (916) 491-22-99;Малая Семёновская ул., 30, стр. 6, Москва;beautiqstudio.ru;55.784 37.717;beauty
Салон красоты ГАИП;;+7 (925) 678-50-03;Семёновская площадь, 7, корп. 17, Москва;zoon.ru;55.784 37.721;beauty
Чик-чик, парикмахерская;+7 (495) 366-06-88, +7 (495) 001-01-79;+7 (967) 220-73-33;Измайловское ш., 11, Москва;chik-chik.su;55.780 37.723;beauty
Mone, салон красоты;+7 (499) 702-59-75;;Щербаковская ул., 20, Москва;salonmone.ru;55.782 37.726;beauty
La'Queen Nails & Beauty;;+7 (977) 866-41-19, +7 (977) 997-02-11;Измайловское ш., 11, Москва;laqueen-msk.clients.site;55.780 37.723;beauty
Экономь красиво, салон-парикмахерская;+7 (499) 325-30-14, +7 (499) 408-14-51;+7 (926) 515-74-40;Щербаковская ул., 35, Москва;;55.783 37.730;beauty
Velasco studio, салон красоты;;+7 (915) 037-66-36;Мироновская ул., 25, Москва;;55.788 37.733;beauty
Balance Beauty, салон красоты;;+7 (901) 553-26-44, +7 (926) 705-20-12;Борисовская ул., 1, Москва;balancebeauty.ru;55.785 37.736;beauty
L-trend;;+7 (996) 857-37-37;Вольная ул., 28/4к3, Москва;l-trendstudio.tilda.ws;55.775 37.737;beauty
The Beauty Loft Flamingo;;+7 (977) 161-22-60;Вольная ул., 28/4к3, Москва;;55.775 37.737;beauty
Салон бровей и ресниц Фаворитка;;+7 (926) 000-61-10;2-й Вольный пер., 11, Москва;;55.774 37.739;beauty
Всё просто;;+7 (995) 150-88-05;2-й Вольный пер., 11, Москва;vseprost-o.clients.site;55.774 37.740;beauty
MariNat;+7 (495) 999-67-36;+7 (929) 516-09-62;Щербаковская ул., 58А, Москва;маринат.рф;55.782 37.742;beauty
Beauty Style;;+7 (916) 726-80-05;Измайловское ш., 71, Москва;;55.790 37.752;beauty
Бигуди;;+7 (967) 039-33-31, +7 (967) 555-61-48;Измайловское ш., 69Д, Москва;;55.788 37.748;beauty
Массажный салон;;+7 (909) 333-35-49, +7 (916) 699-93-77;Первомайская ул., 1, Москва;zolotoymassage.ru;55.790 37.771;beauty
Oxima Beauty, салон красоты;+7 (495) 369-53-63;;4-я Парковая ул., 9/21, Москва;oximabeauty.ru;55.790 37.786;beauty
Accanto, салон красоты;;+7 (980) 697-65-59, +7 (916) 208-22-17;Заводской пр., 23, Москва;salon-accanto.ru;55.790 37.788;beauty
LaserLove, сеть студий эпиляции;;+7 (901) 900-03-90, +7 (966) 133-55-66, +7 (915) 466-51-77, +7 (966) 372-61-22, +7 (926) 450-00-54, +7 (967) 273-27-37, +7 (916) 487-57-70, +7 (969) 342-29-29, +7 (915) 460-53-53;5-я Парковая ул., 6, Москва;laserlove.ru , laserlove.msk.ru , msk.laserlove.ru;55.789 37.789;beauty
Лоранж;+7 (495) 649-14-75;+7 (926) 191-14-75;2-я Парковая ул., 11, Москва;salon-lorange.ru;55.791 37.780;beauty
Belle Forever, салон-парикмахерская;+7 (495) 973-44-84;+7 (916) 249-38-21;ш. Энтузиастов, 53, Москва;;55.774 37.825;beauty
SpaaX, барбершоп;;+7 (926) 660-03-06;ш. Энтузиастов, 53, Москва;spaaxbarber.ru;55.774 37.826;beauty
M-Studio;+7 (495) 142-99-09;;ул. Кулакова, 20, корп. 1, Москва;m-studio.fashion;55.803 37.390;beauty
Салон Красоты строгино;;+7 (909) 642-13-67, +7 (925) 215-85-99;Россия, Москва, Северо-Западный административный округ, район Строгино;emerald.turbo.site;55.804 37.403;beauty
Черная кошка, салон красоты;+7 (495) 669-96-66, +7 (495) 414-39-41;+7 (926) 920-66-99, +7 (995) 782-60-56;ул. Кулакова, 20, стр. 1А, Москва;blackcat-studio.ru;55.805 37.392;beauty
Paradise;;+7 (977) 880-76-01;Строгинский бул., 1, Москва;paradise-salon.wixsite.com;55.806 37.395;beauty
Гладко, центр косметологии и эпиляции;;+7 (916) 196-99-00, +7 (916) 197-00-44, +7 (916) 452-47-67, +7 (930) 333-75-08;ул. Кулакова, 10, корп. 1, Москва;gladkoepil.ru;55.812 37.397;beauty
4hands, ногтевая студия;;+7 (985) 520-45-03;Строгинский бул., 5, Москва;v4ruki.ru , 4hands.ru;55.805 37.399;beauty
Sk nails;;+7 (925) 831-86-89;Строгинский бул., 26, корп. 4, Москва;;55.802 37.402;beauty
Estrella, салон красоты;+7 (495) 942-93-79;+7 (969) 048-55-45;ул. Маршала Катукова, 10, Москва;estrella.strogino.tilda.ws , tap.link;55.809 37.403;beauty
Emerald, салон красоты;+7 (495) 757-47-74;;Таллинская ул., 30, Москва;emerald-msk.shopsettings.com , emerald.turbo.site;55.801 37.409;beauty
1+1 Studio nails;;+7 (963) 962-22-11;Таллинская ул., 24, Москва;1plus1studio.ru;55.799 37.405;beauty
3 x men, барбершоп;;+7 (966) 666-57-01, +7 (903) 243-30-07;Таллинская ул., 26, Москва;3xmen.ru , n567285.yclients.com;55.799 37.408;beauty
Wellness Harmony;+7 (495) 773-81-07;+7 (995) 784-08-27;ул. Маршала Катукова, 24, корп. 6, Москва;;55.803 37.412;beauty
Точка красоты, салоны красоты;;+7 (925) 292-40-09;ул. Маршала Катукова, 25, Москва;tcsolar.ru , tochkafamily.ru;55.806 37.414;beauty
Rouge, салон красоты;+7 (495) 925-87-00, +7 (495) 925-12-62;+7 (985) 925-12-62;Авиационная ул., 77, Москва;;55.808 37.451;beauty
Sherwood beauty studio, студия красоты;+7 (495) 999-26-23, +7 (499) 999-26-23;;Авиационная ул., 77, Москва;sherwoodstudio.ru;55.808 37.451;beauty
Май Бьюти;;+7 (901) 147-82-01;ул. Маршала Катукова, 24, корп. 1, Москва;mybeautynail.ru;55.805 37.415;beauty
Черный лебедь, салон красоты;+7 (495) 758-62-35;+7 (962) 368-63-01;ул. Исаковского, 33, корп. 3, Москва;cherniylebed.business.site;55.805 37.421;beauty
Студия татуажа Марии Майер;;+7 (999) 999-04-90;Авиационная ул., 79, корп. 1, Москва;mariamayer.ru;55.807 37.450;beauty
BeautyMedica;+7 (495) 211-91-49;+7 (985) 211-91-49;Авиационная ул., 77, корп. 2, Москва;beautymedica.ru;55.809 37.450;beauty
Nail community, студия ногтевого сервиса;;+7 (993) 555-55-20;Авиационная ул., 67, корп. 1, Москва;dikidi.net;55.809 37.454;beauty
Студия профессионального маникюра Дарьи Мирошниковой;;+7 (980) 697-84-33;ул. Гамалеи, 23, корп. 1, Москва;dari-miroshnikovoj-salon.ru;55.802 37.456;beauty
Воображуля, сеть семейных парикмахерских;+7 (499) 340-43-26;;Щукинская ул., 42, Москва;воображуля.рф , msk.voobrajulya.ru , voobrajulya.ru;55.809 37.464;beauty
Сеть студий маникюра Лены Лениной;;+7 (906) 716-93-87;Щукинская ул., 42, Москва;trkschuka.ru , llmanikur.ru , clck.ru;55.809 37.464;beauty
4hands, ногтевая студия;;+7 (977) 729-95-69;Щукинская ул., 42, Москва;4hands.ru;55.810 37.465;beauty
Ля ви, салон красоты;+7 (499) 193-16-10, +7 (499) 193-16-09;+7 (903) 266-83-63;ул. Маршала Василевского, 11, корп. 1, Москва;salon-lavi.ru;55.806 37.468;beauty
Permanent makeup by Ekaterina Boiko;;+7 (926) 994-22-92;ул. Маршала Соколовского, 3, Москва;;55.793 37.489;beauty
Кудряшка, салон красоты;+7 (499) 194-29-18;+7 (977) 834-29-18, +7 (977) 894-14-26;ул. Маршала Бирюзова, 41, Москва;kudriashka.ru;55.799 37.483;beauty
Точка красоты, салоны красоты;;+7 (929) 933-92-30;ул. Маршала Бирюзова, 32, Москва;tochkafamily.ru;55.800 37.483;beauty
У дома, салон-парикмахерская;+7 (499) 196-11-26;+7 (925) 917-99-69, +7 (968) 610-10-12;ул. Маршала Василевского, 1, корп. 2, Москва;udoma-salon.ru;55.802 37.473;beauty
Салон красоты Эстет-Лайн;+7 (499) 194-98-34;;ул. Маршала Бирюзова, 41, Москва, Россия;;55.799 37.483;beauty
Queen’s First House;;+7 (965) 419-05-85, +7 (925) 987-72-02;ул. Расплетина, 13, Москва;queensfirsthouse.ru;55.795 37.483;beauty
БонЖур на Щукинской, салон красоты;+7 (495) 198-12-26;+7 (925) 772-08-66;Щукинская ул., 2, Москва;studio-bonjour.ru , schuka.studio-bonjour.ru;55.809 37.484;beauty
Санрай, студия красоты и загара;;+7 (929) 557-20-21;ул. Маршала Бирюзова, 21, Москва;санрай.рф;55.795 37.491;beauty
Luckyman, барбершоп;+7 (575) 138-53-18;+7 (926) 950-09-97;ул. Маршала Рыбалко, 9, Москва;luckymanbarbershop.com , n63219.yclients.com , luckyman-salon.ru;55.797 37.491;beauty
Toni Glam;+7 (495) 627-67-68, +7 (495) 225-65-16;+7 (909) 640-99-44, +7 (905) 544-58-08, +7 (962) 998-84-99, +7 (916) 783-13-12;ул. Маршала Бирюзова, 31, Москва;toniglam.ru;55.797 37.487;beauty
Viktoria_brow_lash;;+7 (903) 012-00-05;ул. Маршала Вершинина, 8, корп. 2, Москва;;55.792 37.487;beauty
Jab Barbershop;;+7 (915) 000-45-21, +7 (915) 000-31-45;ул. Маршала Мерецкова, 6, Москва;moscow.jabbarbershop.com , jabbarbershop.com;55.794 37.490;beauty
Express Nails;+7 (495) 126-51-89;;ул. Маршала Мерецкова, 4, Москва;expressnails.ru;55.794 37.490;beauty
Иль де Франс, салон красоты;+7 (499) 194-60-00;+7 (906) 037-00-01, +7 (977) 557-01-20, +7 (985) 340-85-55;1-й Волоколамский пр., 11, корп. 1, Москва;mysalon.ru;55.802 37.491;beauty
Цирюльникъ, салон красоты;+7 (499) 943-33-01;+7 (925) 622-92-54;ул. Маршала Малиновского, 8, Москва;salon-hair.ru , cirulnik.com;55.792 37.493;beauty
Dolce Nails, студия красоты;;+7 (926) 414-20-16;ул. Маршала Бирюзова, 14, Москва;;55.794 37.494;beauty
Bn by Moscow;;+7 (925) 933-98-58;ул. Панфилова, 22, Москва;n666198.yclients.com;55.809 37.492;beauty
Студия маникюра Just Nail Bar;;+7 (980) 697-75-64, +7 (977) 566-44-05;ул. Маршала Малиновского, 8, Москва;justnailbar.ru;55.793 37.494;beauty
N_Lash Studio;;+7 (999) 858-11-50;ул. Маршала Рыбалко, 2, корп. 1, Москва;;55.797 37.493;beauty
Studio Magic Nails;;+7 (968) 464-42-23;ул. Маршала Малиновского, 8, Москва;;55.792 37.493;beauty
Лескабьюти, парикмахерская;;+7 (980) 697-68-56, +7 (962) 934-09-34, +7 (968) 716-19-59, +7 (903) 818-24-03;ул. Народного Ополчения, 48, корп. 1, Москва;elsobyuti.ru;55.794 37.496;beauty
Mary land, салон красоты;;+7 (904) 567-56-41, +7 (917) 501-96-21;ул. Маршала Рыбалко, 2, корп. 6, Москва;mary-nail.ru;55.798 37.496;beauty
Салон красоты L'beauty;;+7 (962) 999-79-90;ул. Маршала Рыбалко, 2, корп. 6, Москва;zoon.ru;55.798 37.496;beauty
BL, клиника косметологии и дерматологии;+7 (495) 488-82-49, +7 (495) 636-29-30;+7 (903) 255-21-11, +7 (965) 332-88-30;ул. Маршала Рыбалко, 2, корп. 6, Москва;zoon.ru , beauty-line.obiz.ru , clinicabl.ru;55.798 37.496;beauty
Hairsoff;;+7 (925) 209-69-65;ул. Маршала Рыбалко, 2, корп. 6, Москва;hairsoff.ru;55.798 37.497;beauty
TOPGUN, сеть барбершопов;;+7 (965) 289-84-44;ул. Маршала Бирюзова, 8, корп. 1, Москва;topgun.ru;55.792 37.497;beauty
МалинкаLPG;;+7 (965) 189-45-52;Волоколамское ш., 10, Москва;malinkalpg.ru;55.809 37.498;beauty
Анжело Марани, студия красоты;+7 (499) 740-61-12, +7 (495) 978-71-21;;ул. Маршала Бирюзова, 8, корп. 1, Москва;анжеломарани.рф;55.792 37.497;beauty
Chi, салон красоты;+7 (499) 158-22-81, +7 (495) 213-88-18;+7 (915) 406-06-16;Волоколамское ш., 10, Москва;chisalon.ru , chi-salon.ru;55.809 37.498;beauty
Ingrace Beauty Studio, студия красоты;+7 (783) 131-84-59;+7 (904) 567-68-71, +7 (926) 798-77-82;Ленинградское ш., 3, стр. 1, Москва;ingrace-studio.ru;55.809 37.505;beauty
Denzo, салон красоты;+7 (495) 374-79-31, +7 (499) 653-99-74;;Новопесчаная ул., 18, Москва;denzo-beauty.ru;55.795 37.511;beauty
Анелье, салон красоты;+7 (499) 198-98-24;+7 (903) 522-05-10;Ленинградский просп., 77, корп. 2, Москва;anelye.com;55.805 37.508;beauty
Студия красоты Елены Хром;+7 (499) 157-20-12, +7 (495) 752-72-07;+7 (903) 180-97-97, +7 (905) 516-11-11, +7 (962) 900-30-40;Песчаный пер., 14, корп. 1, Москва;skelenahrom.ru;55.798 37.510;beauty
Цирюльникъ, салон красоты;;+7 (925) 406-57-10;Ленинградский просп., 77, корп. 1, Москва;salon-hair.ru , cirulnik.com;55.805 37.509;beauty
Stiletto lab, салон красоты;+7 (499) 158-02-81;+7 (904) 568-31-96, +7 (925) 450-29-48;Ленинградский просп., 75, корп. 1, Москва;stiletto-lab.ru;55.805 37.512;beauty
Grape, салон;;+7 (926) 400-73-84, +7 (977) 822-66-26, +7 (966) 666-73-59;Новопесчаная ул., 19, корп. 3, Москва;grape.moscow;55.796 37.513;beauty
ElSofie;;+7 (901) 256-59-17;Ленинградский просп., 76А, Москва;el-sofie.ru;55.806 37.515;beauty
4hands, ногтевая студия;;+7 (985) 710-02-03;Ленинградский просп., 76А, Москва;v4ruki.ru , 4hands.ru;55.806 37.515;beauty
Студия маникюра Magic Room;;+7 (930) 333-65-78;Новопесчаная ул., 2А, Москва;zoon.ru , magic-room-salon.ru;55.802 37.517;beauty
Face Fabrique;;+7 (995) 112-58-38, +7 (901) 257-55-48;3-я Песчаная ул., 3, Москва;facefabrique.clients.site , n704816.yclients.com;55.794 37.517;beauty
Beauty Blast;;+7 (962) 929-91-22;Ленинградский просп., 74, Москва;;55.805 37.517;beauty
Art bar nail&lashes, салон красоты;+7 (495) 208-50-05, +7 (495) 152-52-02;+7 (926) 775-34-01;пр. Аэропорта, 11, Москва;artbar.moscow;55.797 37.522;beauty
I Like;;+7 (905) 775-51-11;Новопесчаная ул., 2, Москва;ilke.ru;55.802 37.517;beauty
VII studio, барбершоп;+7 (495) 107-71-77;+7 (916) 357-48-84, +7 (916) 771-74-46, +7 (904) 567-39-05;ул. Усиевича, 27, корп. 2, Москва;7studio.moscow;55.806 37.520;beauty
Rukami;;+7 (968) 923-87-87;ул. Усиевича, 18, Москва;bit.ly;55.807 37.522;beauty
Салон красоты За Стиль;;+7 (916) 863-88-68;ул. Усиевича, 18/1, Москва;zoon.ru , za-style.ru , profsalon.org , maxspa.ru;55.807 37.522;beauty
Buro красоты, салон красоты;;+7 (926) 554-71-60;пр. Аэропорта, 8, стр. 9, Москва;burokrasoty.com;55.798 37.522;beauty
Wow Brow;;+7 (926) 452-32-76;пр. Аэропорта, 8, Москва;wowbrow.ru;55.797 37.522;beauty
Topgun, барбершоп;;+7 (926) 170-84-44;Ленинградский просп., 66, Москва;topgun.ru;55.803 37.526;beauty
Модная квартира LT, салон красоты;+7 (495) 212-12-97;+7 (906) 727-88-22;ул. Авиаконструктора Микояна, 12, Москва;salon.lazar.su;55.793 37.527;beauty
Borodach, First class;;+7 (968) 860-40-16;Часовая ул., 13, Москва;borodach.com , aeroport.borodach.com;55.808 37.528;beauty
Маэстро М;;+7 (916) 246-29-17, +7 (999) 541-00-50;ул. Викторенко, 14, Москва;salonmaestro-m.ru;55.796 37.524;beauty
Титаниа Лашес;+7 (495) 796-32-06;+7 (906) 702-32-06, +7 (906) 715-32-06;ул. Острякова, 6, Москва;titanialashes.ru;55.800 37.526;beauty
La sante, салон красоты;+7 (495) 004-50-07, +7 (499) 728-12-22;+7 (916) 312-54-61, +7 (901) 259-64-90;ул. Викторенко, 4, корп. 1, Москва;la-sante.ru;55.798 37.528;beauty
Thai-SPA 7 красок, сеть тайских SPA салонов;+7 (495) 744-29-87;+7 (925) 001-51-63;ул. Викторенко, 5, стр. 1, Москва;;55.799 37.530;beauty
Точка красоты, салоны красоты;;+7 (968) 039-89-89;Ленинградский просп., 62А, Москва;g-a.ru , tochkafamily.ru;55.802 37.532;beauty
Jools, салон красоты;+7 (499) 155-35-05;+7 (962) 900-51-31;Красноармейская ул., 29, Москва;salonjools.ru;55.803 37.535;beauty
Сеть студий маникюра Лены Лениной;;+7 (906) 716-94-66;Ленинградский просп., 62А, Москва;nailsmasters.ru , clck.ru;55.802 37.532;beauty
Chop-Chop;;+7 (925) 396-80-92;Ленинградский просп., 45, корп. 1, Москва;chopchop.me , chop-chop.ru;55.799 37.534;beauty
Easynails;;+7 (929) 515-20-62;ул. Черняховского, 4А, Москва;dikidi.net;55.803 37.534;beauty
Бьянка Люкс;+7 (495) 234-36-67, +7 (495) 234-36-75;;ул. Черняховского, 7, Москва;bianca-lux.ru;55.804 37.534;beauty
Oof beauty feel, салон красоты;;+7 (961) 302-77-77;ул. Черняховского, 19, Москва;oof-beauty.ru;55.808 37.539;beauty
TOPGUN, сеть барбершопов;;+7 (925) 040-84-44;Ленинградский просп., 50, Москва;topgun.ru;55.797 37.543;beauty
4hands, ногтевая студия;;+7 (925) 606-44-26;1-я Аэропортовская ул., 6, Москва;4hands.ru;55.801 37.536;beauty
Коррекция фигуры, lpg масаж;;+7 (977) 502-01-71;Авиационный пер., 4, Москва;liliya-estetic.ru;55.799 37.539;beauty
BeautyO'clock;;+7 (903) 566-66-96;ул. Академика Ильюшина, 4, корп. 1, Москва;masters-app.ru , beautyoclock.ru , mastersapp.ru;55.803 37.540;beauty
Avocosmo, клиника косметологии;;+7 (915) 424-21-84;Ленинградский просп., 48, Москва;avocosmo.ru;55.796 37.544;beauty
Very, территория косметологии и красоты;+7 (495) 612-75-82;+7 (909) 150-12-63;Красноармейская ул., 12, Москва;t-very.ru;55.799 37.546;beauty
Зеркало;+7 (499) 842-41-41;+7 (901) 353-14-41, +7 (909) 657-00-07;ул. Академика Ильюшина, 12, Москва;zerkalo.top;55.805 37.545;beauty
Marshani, салон красоты;+7 (499) 136-79-99, +7 (499) 938-92-64;+7 (903) 136-79-99;Кочновский пр., 4, корп. 2, Москва;marshani.com;55.806 37.545;beauty
TOPGUN, сеть барбершопов;;+7 (925) 146-64-44;Кочновский пр., 4, корп. 2, Москва;topgunbarbershop.ru , topgun.ru;55.806 37.545;beauty
Миноксидил;;+7 (903) 977-62-52;Москва, Ленинградский проспект (дублёр);minoxidil03.ru;55.794 37.546;beauty
Дворянская Усадьба, центр косметологии и СПА-эстетики;+7 (495) 612-39-93, +7 (495) 614-19-19;+7 (926) 404-44-43;Нарышкинская аллея, 5, стр. 2, Москва;infanta-spa.ru;55.797 37.553;beauty
Beauty keks;;+7 (904) 752-11-16;ул. Верхняя Масловка, 21, Москва;beautykeks.ru;55.796 37.560;beauty
Ms. Pepper;;+7 (958) 100-76-37;ул. Верхняя Масловка, 21, Москва;ylink.me , mspepper.ru;55.796 37.560;beauty
Glam BAR-Women’s corner;;+7 (960) 834-74-34, +7 (915) 484-87-86, +7 (903) 332-02-23;Мишина ул., 56, стр. 2, Москва;;55.799 37.561;beauty
Стригу.ру;+7 (495) 612-55-21;;Мишина ул., 42, Москва;strigoo.ru;55.797 37.562;beauty
Respawn Rooms;+7 (495) 178-06-84;;ул. Верхняя Масловка, 20, стр. 1, Москва;respawnrooms.ru;55.796 37.562;beauty
Ле Белль, салон красоты;+7 (495) 780-80-88;+7 (985) 246-56-08;Петровско-Разумовская аллея, 10, корп. 1, Москва;le-bell.ru;55.793 37.562;beauty
Secret парк, салон красоты;;+7 (999) 992-20-34;ул. Юннатов, 4, Москва;secretpark.ru;55.799 37.564;beauty
Daryushka_color;;+7 (903) 613-66-36, +7 (916) 776-12-74;кГ, Северный административный округ, Савёловский район, жилой комплекс Петровский Парк, Москва;daryushkacolor.ru;55.799 37.565;beauty
Dat beauty bar;;+7 (993) 349-98-05;кГ, Северный административный округ, Савёловский район, жилой комплекс Петровский Парк, Москва;datbeautybar.taplink.ws;55.799 37.565;beauty
Lilekov Studio;;+7 (999) 535-78-79;Большая Новодмитровская ул., 23, стр. 6, Москва;lilekov-studio.com;55.803 37.585;beauty
Veronika Herba;+7 (495) 172-06-34, +7 (495) 085-33-31, +7 (495) 004-01-30, +7 (495) 085-33-63, +7 (495) 085-15-13;;ул. Всеволода Вишневского, 5/6, Москва;salonveronika.ru;55.812 37.573;beauty
Element, салон красоты;+7 (495) 255-39-49;+7 (939) 111-87-53, +7 (929) 995-44-44;Дмитровский пр., 8, Москва;element-beauty.ru;55.809 37.574;beauty
Star № 1;;+7 (995) 577-62-64;Полтавская ул., 39-41, Москва;star1beauty.ru;55.797 37.573;beauty
Beauty_Sisters;;+7 (904) 567-83-65;4-й Вятский пер., 14, стр. 2, Москва;zoon.ru , beauty-sisters.ru;55.801 37.573;beauty
Бьюти Систерс;;+7 (966) 144-11-10;4-й Вятский пер., 14, Москва;;55.801 37.574;beauty
No Secret, салон красоты;;+7 (977) 917-99-63, +7 (966) 666-40-14;2-я Хуторская ул., 19, корп. 2, Москва;zoon.ru , nosecretbeauty.clients.site , no-secret.ru;55.806 37.575;beauty
Topgun, барбершоп;;+7 (925) 901-24-44;Вятская ул., 27, стр. 13, Москва;topgun.ru;55.797 37.580;beauty
Kajal, экосалон красоты;;+7 (929) 929-53-39;Вятская ул., 49, стр. 15, Москва;kajal.ru , salon.kajal.ru;55.805 37.580;beauty
Teddy Nails, студия красоты;;+7 (915) 220-42-32;Бутырская ул., 86Б, Москва;teddynailsmsk.ru;55.808 37.583;beauty
Oasis, студия парикмахерского искусства;;+7 (953) 351-89-28, +7 (977) 251-51-77;Большая Новодмитровская ул., 23, Москва;inoasis.space;55.802 37.584;beauty
Laserpoint. msk;;+7 (968) 588-00-05;Бутырская ул., 86Б, Москва;dikidi.net;55.808 37.583;beauty
Алиса в Zazeркалье;+7 (495) 532-92-43;;Бутырская ул., 67, стр. 1, Москва;zazerkalie-nail.ru;55.802 37.583;beauty
Topgun, барбершоп;;+7 (925) 040-14-44, +7 (916) 198-40-50;Бутырская ул., 76, стр. 1, Москва;topgunbarbershop.ru , topgun.ru;55.804 37.583;beauty
Kravets;;+7 (985) 887-46-43;Большая Новодмитровская ул., 23, Москва;surl.li;55.802 37.585;beauty
Цирюльникъ, салон красоты;;+7 (925) 011-36-56;Бутырская ул., 4, Москва;salon-hair.ru , cirulnik.com;55.795 37.586;beauty
Zig-Zag;;+7 (903) 999-01-13;ул. Сущёвский Вал, 3/5А, Москва;zigzag-barber.ru;55.793 37.591;beauty
Чикано;+7 (495) 205-11-95;;Новодмитровская ул., 2, корп. 5, Москва;bbrchicano.ru;55.803 37.591;beauty
Forma, салон красоты;;+7 (925) 220-42-29, +7 (925) 220-84-54;Новодмитровская ул., 2, корп. 5, Москва;formabeauty.ru;55.803 37.591;beauty
Сил Бьюти, салон красоты и СПА;+7 (498) 505-50-55, +7 (495) 414-39-72;+7 (926) 815-15-28, +7 (925) 000-01-96;Новодмитровская ул., 2, корп. 6, Москва;sil-beauty.ru , silviastudio.ru;55.803 37.591;beauty
Topgun, барбершоп;;+7 (926) 495-54-44;Складочная ул., 1, стр. 31, Москва;topgun.ru;55.802 37.594;beauty
Koloristika, парикмахерская;;+7 (903) 149-92-17;Складочная ул., 1, стр. 10, Москва;martafeschuk.clients.site , koloristikasalon.com;55.803 37.594;beauty
Women`s bar studio, студия красоты;;+7 (999) 773-74-13;ул. Двинцев, 4, Москва;womens-bar.ru;55.794 37.600;beauty
СофиКо, салон красоты;;+7 (925) 240-07-42;ул. Сущёвский Вал, 16, стр. 1, Москва;sofiko-salon.ru;55.792 37.603;beauty
Пальчики феи, косметический салон;;+7 (926) 009-90-99;Полковая ул., 3, стр. 5, Москва;fairysnails.ru;55.799 37.605;beauty
Katarina Hair;;+7 (925) 802-72-72;Старомарьинское ш., 23, Москва;hairlady.ru;55.804 37.611;beauty
Beauty Service Room;;+7 (985) 127-74-13;3-й пр. Марьиной Рощи, 40, стр. 1, Москва;bsroom.tilda.ws;55.796 37.611;beauty
Ручки ножки, ногтевая студия;;+7 (977) 858-90-96;ул. Сущёвский Вал, 55, Москва;;55.794 37.614;beauty
Эконом, студия красоты;;+7 (925) 148-18-38, +7 (915) 000-64-68;17-й пр. Марьиной Рощи, 1, Москва;ekonom-centr.ru , zoon.ru;55.807 37.611;beauty
Точка красоты, салоны красоты;;+7 (905) 760-70-90;Шереметьевская ул., 6, корп. 1, Москва;tochkafamily.ru;55.795 37.617;beauty
TOPGUN, сеть барбершопов;;+7 (925) 903-14-44;Шереметьевская ул., 6, корп. 1, Москва;topgun.ru;55.795 37.617;beauty
Воображуля, семейная парикмахерская;+7 (499) 340-43-25;;Шереметьевская ул., 20, Москва;msk.voobrajulya.ru;55.804 37.619;beauty
GloryLab, салон красоты;;+7 (925) 577-11-44;4-я ул. Марьиной Рощи, 3, Москва;glorylab.ru;55.794 37.623;beauty
Секрет очарования, салон красоты;+7 (495) 997-03-77;+7 (926) 322-02-56, +7 (967) 112-57-18;12-й пр. Марьиной Рощи, 8, стр. 1, Москва;;55.805 37.619;beauty
Jakypova_Nails;;+7 (925) 590-20-37, +7 (901) 354-26-96;ул. Сущёвский Вал, 67, Москва;nails-up.ru;55.793 37.623;beauty
Rebrow.me, студия татуажа Елены Нечаевой;;+7 (988) 520-18-67, +7 (988) 489-98-73, +7 (988) 489-92-87;просп. Мира, 85, Москва;tatuazh-obuchenie.ru , rebrow.me;55.803 37.635;beauty
Ву Tirikstyle;+7 (495) 722-08-75;+7 (903) 722-08-75;просп. Мира, 95, Москва;tirtichny.ru;55.808 37.635;beauty
A_studio. permanent;+7 (499) 113-14-93;+7 (916) 162-22-60;просп. Мира, 95, Москва;astudiopm.ru;55.808 37.635;beauty
Kuafer Fabrik;+7 (495) 682-01-77;+7 (929) 511-32-11, +7 (926) 108-70-62, +7 (926) 982-71-37;просп. Мира, 101, стр. 2, Москва;kuafer-fabrik.ru;55.812 37.636;beauty
Студия бровей и ресниц Кати Шусть;;+7 (903) 569-16-74;просп. Мира, 95, Москва;dikidi.net;55.807 37.636;beauty
Ланека бьюти-коворкинг;;+7 (925) 498-73-00, +7 (925) 740-93-77, +7 (906) 700-50-50, +7 (967) 051-16-50;просп. Мира, 102, стр. 34, Москва;b490041.yclients.com , beauty-coworking.su , laneka.ru;55.800 37.637;beauty
Косметологический Центр;+7 (499) 673-42-47;+7 (925) 046-73-24, +7 (977) 359-79-31;просп. Мира, 102, стр. 12, Москва;cosmolid.ru;55.801 37.638;beauty
Манипени, студия маникюра и педикюра;;+7 (929) 680-82-52;Староалексеевская ул., 20, Москва;manipeni.ru;55.810 37.645;beauty
ProHair's;+7 (499) 174-99-94, +7 (499) 404-31-07;;Москва, Северо-Восточный административный округ, Алексеевский район;pro-hairs.ru , salon-krasoty-belyaevo.ru;55.807 37.642;beauty
Be youthy, салон красоты;;+7 (916) 365-32-57, +7 (916) 132-32-57;Новоалексеевская ул., 16, корп. 3, Москва;n712552.yclients.com;55.807 37.647;beauty
Genius Cosmetology, клиника косметологии;+7 (499) 553-66-13;+7 (917) 570-57-06;Маломосковская ул., 22, стр. 1, Москва;gc-clinic.ru;55.812 37.652;beauty
Just beauty, студия красоты;;+7 (910) 444-32-22, +7 (916) 709-85-21;2-й Полевой пер., 2, корп. 3, Москва;zoon.ru , just-beauty-salon.ru;55.792 37.682;beauty
Capellone, салон красоты;+7 (495) 956-22-26;;Большая Остроумовская ул., 19, Москва;capellone.ru;55.796 37.688;beauty
Beauty Bar Button;+7 (495) 996-97-43;;Егерская ул., 1, Москва;;55.793 37.683;beauty
Парикмахерская на Колодезном;;+7 (977) 845-44-93;Колодезный пер., 3, Москва;cli.co;55.798 37.697;beauty
Бигуди;;+7 (916) 737-73-77;Стромынский пер., 7/23, Москва;be-goody.com;55.792 37.695;beauty
Сестры Грим, салон кинокрасоты;+7 (499) 350-36-03;+7 (904) 567-52-41;Колодезная ул., 7, корп. 3, Москва;salon-sestry-grim.ru;55.797 37.698;beauty
Benoble, студия красоты;+7 (499) 550-95-90, +7 (499) 325-31-00;+7 (901) 362-88-76, +7 (918) 064-70-03;ул. Атарбекова, 4А, Москва;benoble.ru;55.796 37.708;beauty
Точка Красоты;+7 (495) 204-23-72;;Колодезный пер., 3, стр. 26, Москва;tochkafamily.ru;55.795 37.700;beauty
Салон красоты Элеея;;+7 (902) 469-10-86;ул. Богородский Вал, 6, корп. 2, Москва;;55.801 37.707;beauty
Vinylnailclub, студия красоты;;+7 (916) 714-49-35;Преображенская площадь, 7А, стр. 1, Москва;dikidi.net;55.795 37.709;beauty
Салон красоты Lizabella_beauty;;+7 (904) 567-82-69;Преображенская площадь, 7А, стр. 1, Москва;lizabella-beauty.ru;55.796 37.709;beauty
Тюбик, студия красоты;;+7 (903) 578-34-00;1-я Гражданская ул., 101, Москва;;55.807 37.710;beauty
TOPGUN, сеть барбершопов;;+7 (926) 046-34-44;Краснобогатырская ул., 90, стр. 1, Москва;topgun.ru;55.800 37.711;beauty
Nail Studio 312;;+7 (903) 112-92-94, +7 (993) 360-98-36;Преображенская площадь, 6, Москва;nail312.ru;55.794 37.712;beauty
ОлеАнн, студия красоты;+7 (499) 490-75-94, +7 (495) 109-16-69;+7 (916) 646-18-18;Суворовская ул., 20, Москва;oleann.clients.site , oleann.ru;55.793 37.712;beauty
Manki manik, салон красоты;+7 (495) 070-57-77;+7 (904) 567-65-40, +7 (904) 567-65-42, +7 (980) 892-26-70;ул. Хромова, 3, Москва;zoon.ru , manki-manik-salon.ru , manki-manik.obiz.ru;55.800 37.716;beauty
Naily Studio, студия маникюра и красоты;;+7 (909) 162-33-38, +7 (903) 756-65-55, +7 (901) 402-67-01, +7 (919) 996-77-71, +7 (985) 420-00-90, +7 (958) 100-84-18;ул. Преображенский Вал, 1, стр. 1, Москва;naily.studio , n679127.yclients.com;55.794 37.716;beauty
Lilu nails, маникюрная студия;;+7 (909) 999-52-90;Большая Черкизовская ул., 3, корп. 2, Москва;lilu-nails.plp7.ru;55.798 37.717;beauty
Салон красоты Natali-color;;+7 (925) 141-71-63, +7 (926) 834-42-50;Просторная ул., 8, Москва;;55.805 37.717;beauty
Pava, салон красоты;+7 (495) 135-51-08;+7 (965) 232-91-03;4-я Гражданская ул., 36, Москва;4-36.ru;55.807 37.720;beauty
Супер стиль;;+7 (985) 297-24-64;Халтуринская ул., 18, Москва;;55.805 37.726;beauty
Topgun, барбершоп;;+7 (925) 144-84-44;бул. Маршала Рокоссовского, 6, корп. 1Б, Москва;topgunbarber.ru , topgun.ru;55.810 37.727;beauty
Женави, салон красоты;+7 (499) 161-82-73;+7 (926) 536-45-92;2-я Пугачёвская ул., 10, корп. 1, Москва;salonjenavi.ru;55.793 37.729;beauty
Пространство преображения Makeover;;+7 (939) 555-20-93;Мироновская ул., 46, корп. 1, Москва;;55.793 37.733;beauty
Be Beautiful, салон красоты;;+7 (977) 803-73-84;Мироновская ул., 46, корп. 1, Москва;salon-bb.ru;55.792 37.733;beauty
Beauty Lounge Zone;+7 (495) 055-53-63;+7 (966) 127-97-34;Щёлковское ш., 3, стр. 1, Москва;angelbeautylounge.ru;55.804 37.753;beauty
BarberLife;;+7 (903) 199-19-90;Измайловское ш., 73Ж, стр. 5, Москва;barberlife.company;55.795 37.754;beauty
10 friends, ногтевая студия;;+7 (980) 180-56-10;Амурская ул., 1А, корп. 5, Москва;10-friends.clients.site;55.810 37.760;beauty
Салон красоты и студия йоги Тайфи;;+7 (915) 123-44-22;Измайловский пр., 10, корп. 1, Москва;tayfi.ru;55.793 37.770;beauty
О'к;+7 (495) 502-58-71;;3-я Прядильная ул., 3, Москва;ok2you.ru;55.799 37.771;beauty
Esthetics Lab by Di;;+7 (977) 770-83-66, +7 (980) 697-87-09;Измайловский пр., 10, корп. 4, Москва;esthetics-lab-by-di.ru;55.794 37.772;beauty
Non stop, салон красоты;+7 (495) 233-60-11;+7 (985) 233-60-11, +7 (999) 879-00-33, +7 (999) 969-48-98;Щёлковское ш., 18, корп. 1, Москва;nonstopsalon.ru , вашсайт.рф;55.807 37.772;beauty
Salon_beauty_nail_art, салон ногтевого сервиса;;+7 (995) 900-89-26, +7 (977) 353-89-26;Измайловская площадь, 6, Москва;;55.794 37.776;beauty
Мон пари, салон красоты;+7 (495) 410-49-40;+7 (985) 410-49-40;3-я Парковая ул., 59, Москва;msk-park.ru;55.806 37.780;beauty
Френчик, студия маникюра;;+7 (925) 911-61-51, +7 (925) 498-35-67;Щёлковское ш., 29, Москва;studija-manikjura-frenchik.clients.site , n534294.yclients.com , app.arnica.pro;55.810 37.781;beauty
Супер, мама!, парикмахерская для всей семьи;;+7 (968) 587-73-77, +7 (916) 615-39-90;3-я Парковая ул., 59, Москва;super-mama.clients.site;55.806 37.781;beauty
Мир Красоты;+7 (495) 290-39-40, +7 (499) 290-39-40;+7 (904) 567-48-86, +7 (904) 567-48-83, +7 (926) 914-42-87;3-я Парковая ул., 41А, Москва;mir-krasoty.obiz.ru , mirkrasoty-salon.ru;55.801 37.781;beauty
Точка красоты, салоны красоты;;+7 (929) 527-88-87;3-я Парковая ул., 24, Москва;tochkafamily.ru;55.795 37.783;beauty
Konfeta, салон;;+7 (901) 257-05-87, +7 (906) 739-04-22, +7 (903) 613-36-53;Щёлковское ш., 26, корп. 2, Москва;;55.809 37.779;beauty
The Nook;;+7 (926) 714-74-57;Щёлковское ш., 26Б, Москва;;55.809 37.781;beauty
Точка сбора мусора;;+7 (926) 817-28-22;3-я Парковая ул., 57, Москва;tochkafamily.ru;55.805 37.781;beauty
Студия инновационной эпиляции и косметологии ЭпилLounge;+7 (495) 150-35-42;;Первомайская ул., 42, Москва;epillounge.ru;55.793 37.787;beauty
Воображуля, семейная парикмахерская;+7 (499) 340-43-79;;Первомайская ул., 42, Москва;msk.voobrajulya.ru;55.793 37.787;beauty
Сеть студий маникюра Лены Лениной;;+7 (903) 221-65-88;Первомайская ул., 42, Москва;llmanikur.ru , clck.ru;55.793 37.787;beauty
Магия, салон-парикмахерская;+7 (499) 391-75-21, +7 (499) 367-22-36;;5-я Парковая ул., 42, Москва;magia-best.ru;55.798 37.788;beauty
Дайкири, салон-парикмахерская;+7 (499) 166-15-86;+7 (926) 660-77-96;6-я Парковая ул., 29А, Москва;;55.796 37.790;beauty
Charme studio, салон красоты;;+7 (966) 327-01-27;Измайловский бул., 10, Москва;charmestudio.ru;55.796 37.787;beauty
Shaum Beauty;+7 (495) 652-70-70, +7 (495) 462-00-64, +7 (495) 476-42-47;+7 (925) 343-05-70;Щёлковское ш., 45А, Москва;shaum.ru;55.810 37.788;beauty
AvitalStudio;+7 (499) 367-55-21;+7 (964) 349-91-11;Измайловский бул., 22, Москва;avitalstudio.ru;55.796 37.791;beauty
Friends, студия дизайнерского маникюра;;+7 (977) 433-80-80;8-я Парковая ул., 13, Москва;nail-friends.clients.site;55.792 37.796;beauty
Первое место, салон красоты;+7 (499) 165-57-46;+7 (965) 270-40-06;Первомайская ул., 58Б, стр. 1, Москва;;55.792 37.793;beauty
Студия дизайна взгляда Aelin;;+7 (904) 567-80-19;7-я Парковая ул., 21, Москва;aelin-studio-salon.ru , zoon.ru;55.800 37.793;beauty
Nadin beauty studio;;+7 (901) 256-78-10;Щёлковское ш., 61, Москва;nadin-beauty-studio.ru;55.810 37.794;beauty
Manki manik, салон красоты;;+7 (995) 700-47-77, +7 (904) 567-63-71;9-я Парковая ул., 43/26, Москва;zoon.ru , manki-manik.obiz.ru;55.802 37.798;beauty
Бэль, салон красоты;+7 (495) 773-74-08;+7 (926) 220-74-08, +7 (985) 773-74-08;Измайловский бул., 43, Москва;bell-beauty.ru;55.797 37.798;beauty
JuliKate;;+7 (999) 819-31-00, +7 (999) 986-96-09;Измайловский бул., 43, Москва;beauty.dikidi.net , beauty.dikidi.ru;55.797 37.798;beauty
Nails red, ногтевая студия;;+7 (968) 039-80-80, +7 (922) 264-19-54, +7 (904) 567-68-31;Измайловский бул., 43, Москва;nailsred.ru;55.797 37.798;beauty
Атмосфера красоты;;+7 (929) 505-23-11;Измайловский бул., 43, Москва;strizhki.business.site;55.797 37.798;beauty
Elena_nails;;+7 (987) 573-00-03;Измайловский бул., 43, Москва;;55.797 37.798;beauty
Цирюльникъ, салон красоты;;+7 (925) 891-60-89;9-я Парковая ул., 59, корп. 3, Москва;salon-hair.ru , cirulnik.com;55.809 37.798;beauty
Studio loft, студия красоты;;+7 (985) 046-88-00, +7 (916) 229-01-76;9-я Парковая ул., 13, корп. 2, Москва;studioloft.business.site;55.792 37.799;beauty
Сеть студий маникюра Лены Лениной;;+7 (903) 545-55-64;9-я Парковая ул., 68, корп. 7, Москва;llmanikur.ru , clck.ru;55.808 37.799;beauty
Merely, салон красоты;+7 (495) 230-58-84, +7 (495) 965-44-93;+7 (925) 755-96-62;10-я Парковая ул., 3, Москва;merelysalon.ru;55.794 37.802;beauty
HIGH FIVE, студия маникюра;;+7 (993) 333-66-99;Первомайская ул., 99, Москва;high5.cc;55.794 37.808;beauty
Exito;;+7 (926) 561-90-51;10-я Парковая ул., 6, Москва;;55.795 37.804;beauty
Мешье, салон красоты;;+7 (926) 140-80-53;Измайловский бул., 55, Москва;meshe.clients.site;55.797 37.804;beauty
Остэль, салон красоты;+7 (495) 468-84-37;+7 (904) 567-59-17, +7 (925) 486-15-20, +7 (904) 567-59-15;Щёлковское ш., 79, корп. 1, Москва;zoon.ru , ostel-salon.ru;55.811 37.806;beauty
Poli esthetics, салон-парикмахерская;;+7 (925) 508-69-50;Измайловский бул., 50, Москва;polisalon.com;55.796 37.807;beauty
Идеал души;;+7 (904) 567-71-86;Щёлковское ш., 79, корп. 1, Москва;maxspa.ru;55.811 37.809;beauty
Мено, студия красоты;;+7 (999) 961-99-91;Щёлковское ш., 79, корп. 1, Москва;;55.811 37.808;beauty
Сэт а муа;+7 (495) 748-99-21, +7 (495) 465-21-95;+7 (929) 632-37-39;Средняя Первомайская ул., 15, Москва;cestamoisalon.ru;55.795 37.809;beauty
Студия маникюра и педикюра ПРОманикюр;+7 (499) 110-38-39;;13-я Парковая ул., 11, Москва;promanicure.ru;55.796 37.812;beauty
Мария, салон красоты;+7 (499) 748-85-70;+7 (916) 023-68-67, +7 (925) 353-49-26;13-я Парковая ул., 40, Москва;zoon.ru , mariya-salon.ru , mariya-centr.ru;55.808 37.813;beauty
Offline - территория маникюра;+7 (495) 925-90-55, +7 (495) 233-00-71, +7 (495) 998-54-44;+7 (985) 233-00-71, +7 (985) 998-54-44, +7 (985) 925-90-55;Щёлковское ш., 82, Москва;offlinenails.ru;55.811 37.814;beauty
Лалалаки, студия маникюра;+7 (495) 109-00-81;+7 (967) 273-24-06, +7 (925) 239-05-95;Первомайская ул., 110, Москва;lalalaki.ru;55.792 37.815;beauty
Стиль Аж, салон красоты;+7 (495) 662-43-64;+7 (925) 320-60-39;Щёлковское ш., 82, корп. 1, Москва;stilaj.ru;55.811 37.816;beauty
Electro_Elis;;+7 (980) 893-37-15;15-я Парковая ул., 10, Москва;;55.793 37.820;beauty
Studio100, салон красоты;+7 (495) 603-73-93, +7 (495) 205-50-67;+7 (977) 755-25-72;Сиреневый бул., 65, корп. 1, Москва;zoon.ru , studio100-salon.ru;55.804 37.821;beauty
Istyle Элита;;+7 (995) 923-23-71;16-я Парковая ул., 43, Москва;elitaschool.ru , istyle-elita.ru;55.808 37.826;beauty
Offline - территория маникюра;+7 (495) 414-29-34;;ул. Генерала Белобородова, 24, Москва;offlinenails.ru;55.831 37.354;beauty
Берта, салон красоты;+7 (495) 942-82-00;;ул. Кулакова, 2, корп. 1, Москва;berta-studio.ru;55.816 37.401;beauty
Skynails, студия маникюра;;+7 (904) 567-44-05;пр. Стратонавтов, 9, Москва;skynails.ru;55.826 37.436;beauty
Белый кролик, маникюрный салон;;+7 (929) 940-63-43;Тушинская ул., 17, Москва;whiterabbits.ru;55.827 37.445;beauty
Soho nail, студия красоты;;+7 (966) 308-76-68;Тушинская ул., 17, Москва;;55.827 37.445;beauty
Цирюльникъ, салон красоты;;+7 (926) 532-42-55;пр. Стратонавтов, 11, корп. 1, Москва;salon-hair.ru , cirulnik.com;55.827 37.436;beauty
Парикмахерская на Вишневой;+7 (495) 491-19-65;+7 (958) 111-36-04;Вишнёвая ул., 4, Москва;вишневая4.рф;55.828 37.447;beauty
Супермен, барбершоп-парикмахерская;;+7 (916) 400-75-50;Тушинская ул., 12, Москва;supermancut.ru;55.827 37.448;beauty
Дорогой, я занята!, салон красоты;;+7 (901) 587-84-96;Тушинская ул., 12, Москва;n233635.yclients.com;55.827 37.448;beauty
Вы Лучшие, салон красоты;+7 (495) 741-45-65;+7 (909) 666-35-45;Тушинская ул., 8, Москва;;55.827 37.450;beauty
Katyapro_nails;;+7 (977) 429-31-12;Тушинская ул., 8, Москва;;55.827 37.450;beauty
Svoi салон;;+7 (999) 003-55-55;ул. Свободы, 4, стр. 2, Москва;svoisalon.ru;55.825 37.452;beauty
Robiar, салон красоты;+7 (495) 795-84-54;;ул. Габричевского, 10, корп. 2, Москва;robiar.ru;55.816 37.462;beauty
Sky Beauty Lab, студия моделирования взгляда;+7 (499) 110-00-97;+7 (964) 835-84-73;1-й Войковский пр., 14Б, Москва;skybeautylab.ru;55.816 37.491;beauty
Ногтевая студия Топ;;+7 (904) 567-78-49;Ленинградское ш., 36, корп. 1, Москва, Россия;salon-top.ru;55.830 37.490;beauty
Лайт Стиль, салон красоты;+7 (499) 150-31-50;+7 (985) 757-77-03;Ленинградское ш., 28, корп. 1, Москва;;55.828 37.491;beauty
La Grenade;+7 (499) 159-90-06;;Ленинградское ш., 21, Москва, Россия;lagrenade.ru;55.823 37.494;beauty
Mone, салон красоты;;+7 (926) 329-55-46;Ленинградское ш., 16А, стр. 8, Москва;salonmone.ru;55.824 37.495;beauty
Provence Beauty Terrace;;+7 (926) 880-13-87, +7 (926) 702-04-41, +7 (958) 100-03-14;Ленинградское ш., 16А, стр. 8, Москва;provence-beauty.com;55.824 37.496;beauty
Эгоист&Ка;+7 (499) 150-09-24;+7 (963) 723-22-25;2-й Войковский пр., 2/11, Москва;egoistkasalon.ru;55.818 37.497;beauty
Wow Brow;;+7 (925) 045-54-34, +7 (965) 205-06-23;Ленинградское ш., 16А, стр. 4, Москва;wowbrow.ru;55.823 37.497;beauty
Brush, студия красоты;+7 (495) 580-32-85;+7 (926) 320-30-76;Старопетровский пр., 1, стр. 1, Москва;brushpro.me;55.823 37.501;beauty
Looklashes;;+7 (916) 714-14-00;Старопетровский пр., 1, стр. 2, Москва;looklashes.ru;55.824 37.501;beauty
Лисичкины реснички, салон красоты;;+7 (966) 155-27-77;Старопетровский пр., 1, стр. 2, Москва;лисичкиныреснички.рф;55.824 37.500;beauty
Fashion Place, салон красоты;+7 (499) 390-83-10;+7 (926) 907-83-10;Старопетровский пр., 1, стр. 2, Москва;fashionplace-moscow.ru;55.823 37.501;beauty
String art beauty, студия красоты;;+7 (968) 079-87-87;Старопетровский пр., 1, стр. 2, Москва;;55.824 37.500;beauty
Madonna Lash;;+7 (968) 666-81-11;Старопетровский пр., 1, стр. 2, Москва, Россия;;55.824 37.501;beauty
ЦирюльникЪ;;+7 (925) 573-24-05;Ленинградское ш., 8, корп. 3, Москва;salon-hair.ru;55.818 37.501;beauty
Iris, салон красоты;+7 (495) 278-07-80;+7 (916) 100-01-82;ул. Зои и Александра Космодемьянских, 4, корп. 2, Москва;irissalon.ru;55.818 37.502;beauty
Olla, салон красоты;+7 (499) 938-44-65, +7 (499) 130-78-18;+7 (966) 130-78-18;ул. Зои и Александра Космодемьянских, 4, корп. 1, Москва;salon-krasoty-olla.clients.site;55.818 37.503;beauty
Anny_Prozaboty;;+7 (968) 898-15-11;4-й Новоподмосковный пер., 4, Москва;;55.822 37.503;beauty
Topgun, барбершоп;;+7 (925) 904-24-44;ул. Зои и Александра Космодемьянских, 4, корп. 3, Москва;topgun.ru;55.819 37.504;beauty
Люция, салон-парикмахерская;+7 (499) 150-03-64;+7 (926) 021-42-82;ул. Космонавта Волкова, 5, корп. 1, Москва;salon-lucia.ru;55.816 37.508;beauty
Точка красоты, салоны красоты;;+7 (967) 212-82-20;Новопетровская ул., 6, Москва;tochkafamily.ru;55.826 37.517;beauty
Столичная штучка, женский фитнес-клуб;+7 (499) 409-66-14;;ул. Приорова, 22, Москва;myfitwomen.ru;55.821 37.524;beauty
Russкий stiль;+7 (495) 968-31-48;+7 (967) 076-72-72;Новопетровская ул., 14, Москва;russkij-stil-for-you.ru;55.827 37.521;beauty
TLstudio;;+7 (915) 145-64-58, +7 (926) 710-86-27;ул. Космонавта Волкова, 20, Москва;tlstyle.ru;55.816 37.527;beauty
Салон красоты De'kar studio;;+7 (904) 567-82-77, +7 (939) 111-80-95;Большая Академическая ул., 24, корп. 2, Москва;dekar-studio.ru;55.825 37.530;beauty
Enchante, салон красоты;+7 (495) 021-50-97, +7 (499) 154-23-28;+7 (901) 555-15-16;Большая Академическая ул., 35, стр. 1, Москва;salon-enchante.ru;55.832 37.531;beauty
Салон красоты Sofia;;+7 (904) 567-40-99;Тимирязевская ул., 16, Москва;centr-sofia.ru;55.815 37.566;beauty
Yusupova_pm_studio;;+7 (909) 985-82-82;Дмитровское ш., 9А, стр. 1, Москва;yusupovapmstudio.ru;55.815 37.573;beauty
Manicure lab;;+7 (985) 550-31-55;Дмитровское ш., 13, Москва;;55.817 37.574;beauty
Saint beauty, салон красоты;;+7 (965) 385-83-10;Дмитровское ш., 13, Москва;saintbeauty.ru;55.817 37.574;beauty
Стильная Экономика, салон;+7 (495) 610-15-61;;ул. Яблочкова, 8, Москва;zoon.ru , stilnaya-ekonomika.obiz.ru , stilnaya-ekonomika.ru;55.816 37.582;beauty
Точка Красоты;;+7 (926) 093-41-11;Дмитровское ш., 13, корп. 1, Москва;tochkafamily.ru;55.819 37.574;beauty
L-studio, салон красоты;+7 (499) 976-13-22;+7 (985) 290-36-59;Дмитровское ш., 9, стр. 3, Москва;bar-l.ru;55.815 37.574;beauty
Eva Piloyan, салон красоты;;+7 (977) 404-00-06;Дмитровское ш., 7, корп. 2, Москва;evapiloyan.ru , evapiloyan.salon.ms;55.814 37.576;beauty
Магия красоты;+7 (495) 741-73-28, +7 (495) 108-45-28, +7 (499) 976-31-98;+7 (963) 750-12-58;Дмитровское ш., 7, корп. 2, Москва;magiyakrasoty.ru;55.814 37.576;beauty
Окрашивание волос;;+7 (916) 245-99-59;ул. Фонвизина, 4, Москва;;55.819 37.583;beauty
Topgun, барбершоп;;+7 (925) 121-14-44;ул. Руставели, 1/2, Москва;topgun.ru;55.812 37.583;beauty
SuperWoman, салон красоты;+7 (495) 247-66-05, +7 (495) 647-66-05, +7 (495) 476-41-28;+7 (903) 247-66-05;ул. Милашенкова, 10, Москва;express-super-woman.ru;55.826 37.583;beauty
4hands, ногтевая студия;;+7 (977) 922-99-02;ул. Милашенкова, 1, Москва;4hands.ru , 4hands-lp.ru;55.821 37.588;beauty
Hair Witches;+7 (499) 647-45-23;;ул. Яблочкова, 2/1, Москва;hairwitches.ru , clck.ru;55.813 37.583;beauty
Laki;;+7 (926) 366-25-49, +7 (929) 692-50-06;ул. Милашенкова, 7, корп. 1, Москва;laki-salon.ru;55.824 37.585;beauty
Гая, салон красоты;;+7 (909) 693-14-81;ул. Милашенкова, 3, корп. 1, Москва;gaja.clients.site;55.822 37.587;beauty
Орхидея, салон красоты;+7 (495) 610-96-13, +7 (499) 907-07-22;+7 (915) 400-07-22, +7 (930) 333-69-04, +7 (919) 109-96-13;ул. Гончарова, 8/13, Москва;salonorhideya.ru , timiryaz.salonorhideya.ru;55.816 37.592;beauty
White&Smile;;+7 (969) 198-08-88;Большая Марфинская ул., 1, корп. 2, Москва;;55.826 37.591;beauty
Eyelight, салон красоты;;+7 (999) 349-74-72;Огородный пр., 23, Москва;;55.818 37.595;beauty
Frontfit, студия фитнеса;;+7 (968) 742-74-27, +7 (985) 469-29-29;ул. Кашёнкин Луг, 8, корп. 3, Москва;frontfit.ru;55.826 37.596;beauty
Барбери;;+7 (985) 939-27-84;Большая Марфинская ул., 4, корп. 4, Москва;;55.827 37.597;beauty
Альфия, салон красоты;+7 (499) 239-14-00, +7 (499) 239-15-00;+7 (915) 022-01-58;ул. Кашёнкин Луг, 6, корп. 3, Москва;salon-alfia.ru;55.826 37.598;beauty
Косметология № 5;;+7 (963) 777-77-31, +7 (966) 148-25-55, +7 (939) 555-73-91;Ботаническая ул., 19, корп. 1, Москва;salonnomer5.ru;55.828 37.600;beauty
Парикмахерский клуб;;+7 (903) 108-94-05;Огородный пр., 10, Москва;;55.813 37.604;beauty
Салон красоты Brighton Beach 1;;+7 (999) 801-30-69;Огородный пр., 10, Москва;brighton-beach-1.ru;55.813 37.603;beauty
Topgun, барбершоп;;+7 (925) 121-24-44;Аргуновская ул., 3, корп. 1, Москва;topgun.ru;55.816 37.620;beauty
Шелк, студия эпиляции;+7 (499) 455-05-19;+7 (985) 470-01-40;Хованская ул., 6, Москва;silk.moscow;55.826 37.622;beauty
Nails love hair, салон красоты;+7 (495) 198-13-00;;1-я Останкинская ул., 23, Москва;nloveh.ru;55.824 37.623;beauty
Авансцена, салон красоты;+7 (495) 616-40-78;+7 (925) 741-88-80, +7 (912) 822-50-82;ул. Академика Королёва, 8, корп. 2, Москва;avanscena.msk.ru;55.823 37.622;beauty
Натали, салон-парикмахерская;+7 (495) 687-87-56;+7 (967) 228-86-00;ул. Академика Королёва, 9, корп. 1, Москва;widget.sonline.su;55.821 37.623;beauty
Эконом парикмахерская;;+7 (968) 752-67-67;ул. Академика Королёва, 7, корп. 1, Москва;vita-mos.ru;55.821 37.626;beauty
Маник;+7 (495) 683-21-18;+7 (962) 367-31-47;ул. Академика Королёва, 1, Москва;salon-monique.ru;55.821 37.636;beauty
Модамо, салон красоты;+7 (495) 517-19-17, +7 (495) 221-75-75;+7 (925) 507-39-43, +7 (925) 517-19-17;просп. Мира, 101, стр. 2, Москва;modamo-salon.ru;55.812 37.635;beauty
Mo. hairstudio;;+7 (916) 540-12-08;просп. Мира, 124, корп. 8, Москва;mohairstudio.ru;55.814 37.639;beauty
Ваша парикмахерская, салон красоты;+7 (495) 507-47-93;+7 (916) 986-05-52;просп. Мира, 124, корп. 11, Москва;clck.ru;55.814 37.640;beauty
Центр перманентного макияжа Елены Степановой;;+7 (999) 655-28-88, +7 (926) 399-20-12;Ярославская ул., 13А, Москва;tsentr-permanentnogo-makijazha-jaroslavskaja-ulitsa.clients.site;55.820 37.644;beauty
Cosmos SPA;;+7 (985) 742-48-48;просп. Мира, 150, Москва;cosmosspa.ru;55.822 37.646;beauty
Ярич, салон красоты;;+7 (977) 404-55-88;Ярославская ул., 15, корп. 2, Москва;yarich.org;55.820 37.647;beauty
Status, салон красоты;;+7 (925) 602-65-53;ул. Космонавтов, 6, Москва;status-beauty.ru;55.821 37.648;beauty
Радуга стрижек, салон красоты;+7 (495) 682-43-72;+7 (969) 999-10-36, +7 (999) 672-43-72;Маломосковская ул., 19, Москва;;55.813 37.648;beauty
Homies Barber;;+7 (968) 045-00-08;Ярославская ул., 21А, Москва;homiesbarber.com;55.824 37.649;beauty
MiLab beauty, салон красоты;;+7 (910) 417-39-00;Ярославская ул., 21А, Москва;n386874.yclients.com , milab-beauty.plp7.ru;55.824 37.649;beauty
EpilLab;;+7 (985) 141-89-49, +7 (968) 739-18-13;Ярославская ул., 8, корп. 2, Москва;;55.818 37.649;beauty
Epil Persona Luxe, студия эпиляции;;+7 (964) 784-89-51;Ярославская ул., 21А, Москва;profsalon.org , maxspa.ru;55.824 37.649;beauty
Divastudios;;+7 (926) 528-26-81;Ярославская ул., 8, корп. 3, Москва;divastudios.ru;55.818 37.649;beauty
Милада, салон красоты;;+7 (934) 888-48-38;Маломосковская ул., 21, корп. 2, Москва;salon.milada.tilda.ws;55.814 37.649;beauty
AONaNails;+7 (499) 990-70-93;;Ярославская ул., 12, стр. 1, Москва;aonanails.ru;55.822 37.649;beauty
ZovBeauty - Студия красоты Анны Морозовой;;+7 (939) 555-06-83, +7 (985) 071-63-15;Ярославская ул., 8, корп. 7, Москва;zovbeauty.ru;55.817 37.649;beauty
Pudra_Cab;;+7 (977) 508-58-00;Ярославская ул., 8, корп. 7, Москва;;55.817 37.650;beauty
Ма бэлль, салон красоты;+7 (495) 233-26-06;+7 (916) 664-50-50;ул. Бориса Галушкина, 15, Москва;mabele.ru;55.824 37.658;beauty
На Малахитовой, салон красоты;+7 (499) 181-13-12, +7 (499) 653-63-65;;Малахитовая ул., 17, Москва;mal17.ru;55.831 37.665;beauty
Fresh shine, студия маникюра;+7 (499) 394-60-96;+7 (926) 497-05-32;ул. Космонавтов, 7, корп. 2, Москва;fresh-shine.ru;55.822 37.657;beauty
Лазерпро;;+7 (929) 995-68-00;ул. Космонавтов, 18, корп. 2, Москва;laserp.ru;55.820 37.658;beauty
Le chic, салон красоты;;+7 (929) 606-80-66;Краснобогатырская ул., 2, стр. 3, Москва;lchic.ru;55.816 37.690;beauty
Beauty sd;;+7 (960) 268-07-07, +7 (963) 632-17-06;Краснобогатырская ул., 13, Москва;beauty-sd.clients.site , beauty-sd.business.site;55.815 37.694;beauty
Bonjour, салон красоты;+7 (495) 773-37-37;+7 (904) 567-61-48, +7 (985) 773-37-37;3-я Гражданская ул., 3А, Москва;bonjour-salon.ru;55.814 37.705;beauty
DMcolor - студия окрашивания волос;;+7 (962) 363-34-84;Краснобогатырская ул., 11, Москва, Россия;dmcolor.ru;55.816 37.693;beauty
Curly Beauty;;+7 (925) 415-19-94;Погонный пр., 3А, корп. 5, Москва, Россия;curly-bks.ru;55.820 37.701;beauty
Салон красоты и здоровья;;+7 (904) 568-26-03;1-я Мясниковская ул., 18, Москва;tsentr-krasoty-i-zdorovya-na-ulitse-1-ya-myasnikovskaya-18.ru;55.817 37.708;beauty
IbizaStyle;+7 (499) 160-39-73;+7 (929) 581-81-58;бул. Маршала Рокоссовского, 39, корп. 1, Москва;ibizastyle.ru;55.818 37.712;beauty
Цирюльникъ, салон красоты;;+7 (925) 840-33-10;бул. Маршала Рокоссовского, 30, Москва;salon-hair.ru , cirulnik.com;55.817 37.717;beauty
Салон красоты Deva;;+7 (904) 567-75-31;Бойцовая ул., 27, Москва;zoon.ru;55.816 37.724;beauty
Черника;;+7 (926) 136-66-86;бул. Маршала Рокоссовского, 8, корп. 4, Москва;dikidi.net;55.812 37.728;beauty
Olesya;;+7 (977) 324-55-51, +7 (901) 256-75-13;Ивантеевская ул., 25А, Москва;salonolesya.ru , olesya-salon.ru;55.816 37.735;beauty
Goodini_studio;;+7 (985) 053-88-22;Открытое ш., 12, стр. 2, Москва;;55.813 37.737;beauty
Идеалити-студио;;+7 (910) 407-19-14;Открытое ш., 12, стр. 3, Москва;insta-ideality-studio.clients.site;55.813 37.735;beauty
nail_rozalina, кабинет маникюра;;+7 (926) 666-28-19;Открытое ш., 14, Москва;;55.813 37.738;beauty
Brow. So. Brow;;+7 (985) 885-87-36;Открытое ш., 23, корп. 4, Москва;;55.825 37.751;beauty
Санрай, студия красоты и загара;+7 (495) 466-37-66;+7 (926) 163-93-94;Уральская ул., 6, корп. 1, Москва;санрай.рф;55.814 37.799;beauty
Орхидея, салон красоты;+7 (247) 714-41-62;+7 (917) 590-96-62;Уральская ул., 23, корп. 3, Москва;golyanovo-salon.ru;55.824 37.804;beauty
EastSide Barbers;;+7 (966) 666-45-30;Курганская ул., 3, Москва;eastside.moscow;55.829 37.809;beauty
БРИЛЬНЯ, барбершоп;+7 (499) 288-77-05, +7 (499) 288-77-01, +7 (499) 288-77-02, +7 (499) 288-77-06;+7 (962) 966-22-11, +7 (926) 255-78-91;Байкальская ул., 39, Москва;brilnya.ru , shchelkovskaya.brilnya.ru;55.818 37.815;beauty
Contur, салон-парикмахерская;;+7 (967) 140-47-71;Новосибирская ул., 4, Москва;n232368.yclients.com;55.813 37.823;beauty
Сеть студий маникюра Лены Лениной;;+7 (903) 278-18-29;Хабаровская ул., 15, Москва;llmanikur.ru , clck.ru;55.823 37.824;beauty
Столыпин, барбершоп;+7 (495) 181-30-56;+7 (917) 527-00-33;Хабаровская ул., 10/30, Москва;stolypinbarber.ru;55.820 37.827;beauty
Точка красоты, салоны красоты;;+7 (929) 970-49-88;Щёлковское ш., 100, корп. 101, Москва;tochkafamily.ru;55.812 37.830;beauty
Вирсави, салон красоты;+7 (495) 794-18-94;;ул. Барышиха, 19, Москва;salon-virsavi.ru;55.844 37.349;beauty
Студия Шугаринга Юлии Маханьковой;;+7 (930) 333-04-97, +7 (966) 317-03-01;3-й Митинский пер., 1, Москва;juliamahankova.ru;55.848 37.351;beauty
Lscentre;+7 (495) 754-18-11;;Митинская ул., 15, Москва;;55.842 37.369;beauty
Фелиссимо, салон красоты;+7 (495) 759-55-43;+7 (965) 419-92-16;3-й Митинский пер., 1, Москва;felissimo.ru;55.849 37.352;beauty
Мастерская красоты и взгляда АртПрима;;+7 (904) 567-61-44, +7 (926) 376-03-93, +7 (904) 567-61-42;Митинская ул., 37, Москва;zoon.ru , masterskaya-vzglyada.ru;55.849 37.355;beauty
Точка красоты, салоны красоты;+7 (495) 133-17-23;;Дубравная ул., 34/29, Москва;tochkafamily.ru , tochkaladya.ru;55.847 37.358;beauty
Сеть студий маникюра Лены Лениной;;+7 (968) 461-33-61;Дубравная ул., 34/29, Москва;nailsmasters.ru , clck.ru;55.847 37.358;beauty
Family Club, салон красоты;+7 (495) 794-71-13;+7 (926) 784-71-13, +7 (980) 697-87-95, +7 (916) 339-33-93, +7 (929) 663-71-13;ул. Генерала Белобородова, 23, Москва;salon-family-club.ru , fcsalon.ru;55.834 37.358;beauty
Эпилбум;;+7 (925) 277-75-25, +7 (926) 661-68-88;Митинская ул., 44, Москва;epilboom.ru;55.849 37.357;beauty
Nail Bar;+7 (495) 777-00-96;;Митинская ул., 44, Москва;nailbarmitino.ru;55.848 37.358;beauty
4hands, ногтевая студия;;+7 (926) 775-06-68;Митинская ул., 36, корп. 1, Москва;4hands.ru;55.847 37.362;beauty
Naily Studio, студия маникюра и красоты;;+7 (939) 555-32-76;Митинская ул., 27, корп. 2, Москва;naily.studio , n679127.yclients.com;55.844 37.362;beauty
Crazy look, студия наращивания ресниц;;+7 (985) 935-25-92;Пятницкое ш., 27, корп. 1, Москва;;55.849 37.362;beauty
Tiffany Beauty;;+7 (906) 727-36-52, +7 (903) 787-76-77;Митинская ул., 36, Москва;;55.846 37.363;beauty
Honey bunny beauty, студия красоты;;+7 (985) 422-88-00;Митинская ул., 36, Москва;hb-beauty.ru;55.846 37.364;beauty
Точка красоты, салоны красоты;+7 (495) 204-16-68;+7 (926) 007-35-43;Митинская ул., 26, Москва;tochkafamily.ru;55.844 37.369;beauty
Шпилька, салон красоты;+7 (495) 794-08-96;+7 (905) 708-80-69;Митинская ул., 15, Москва;;55.842 37.369;beauty
Princess beauty bar;;+7 (967) 040-50-88;Митинская ул., 28, корп. 5, Москва;zoon.ru;55.844 37.371;beauty
Elly nails, салон красоты;;+7 (926) 169-82-83;Митинская ул., 20, Москва;elly-nails.clients.site;55.843 37.371;beauty
Be Ready Club, студия красоты;;+7 (910) 487-30-06, +7 (916) 885-82-44;Митинская ул., 28, корп. 5, Москва;;55.844 37.372;beauty
Shampoo, студия красоты;;+7 (926) 165-56-89;Митинская ул., 28, корп. 5, Москва;shampoosalon.ru;55.844 37.371;beauty
Beauty Вышка;;+7 (985) 381-36-38, +7 (901) 257-51-63;Пятницкое ш., 21, корп. 1, Москва;;55.847 37.373;beauty
Маруся beauty, студия красоты;;+7 (928) 107-97-99;Пятницкое ш., 21, корп. 1, Москва;;55.846 37.373;beauty
Студия Ботокса;;+7 (977) 526-47-27;Митинская ул., 16, Москва;btx-lab.ru;55.842 37.373;beauty
Стилист-парикмахер Диана Журавлевич;;+7 (926) 456-19-49;Пятницкое ш., 15, Москва;dihair.ru;55.842 37.378;beauty
Бланзо;+7 (499) 391-62-73;+7 (925) 704-62-73, +7 (931) 104-66-57;Митинская ул., 10, корп. 1, Москва;salon.blanzo.ru , moscow.blanzo.ru;55.841 37.379;beauty
Bliss, салон красоты;+7 (495) 794-76-59;+7 (915) 410-22-00;Пятницкое ш., 15, корп. 3, Москва;bliss-salon.ru;55.841 37.380;beauty
Клиника лазерной косметологии профессора Гейница Estclinic;;+7 (968) 775-88-88, +7 (926) 777-70-31;Пятницкое ш., 15, корп. 1, Москва;geinits.ru;55.843 37.381;beauty
Forma, студия коррекции фигуры;;+7 (916) 000-16-17;Пятницкое ш., 15, корп. 1, Москва;formanewbody.ru;55.842 37.381;beauty
Villa flora, студия красоты;+7 (495) 925-17-65;+7 (905) 731-07-45;бул. Яна Райниса, 31, Москва;v-flora.ru;55.848 37.418;beauty
Точка красоты, салоны красоты;+7 (495) 241-26-42;;бул. Яна Райниса, 2, корп. 1, Москва;tochkafamily.ru;55.851 37.435;beauty
Стосемнадцать тату;;+7 (901) 188-11-70;бул. Яна Райниса, 1, Москва;sto17.clients.site;55.850 37.436;beauty
Цирюльникъ, салон красоты;;+7 (926) 685-00-05;бул. Яна Райниса, 1, Москва;salon-hair.ru , cirulnik.com;55.850 37.438;beauty
Sk Nails;;+7 (925) 750-36-06;Сходненская ул., 35, корп. 1, Москва;;55.848 37.439;beauty
Nellab.ru;;+7 (903) 001-11-83, +7 (977) 743-23-16;Сходненская ул., 6, корп. 1, Москва;nellab.ru;55.840 37.439;beauty
Подологический центр;+7 (495) 201-48-49;;Сходненская ул., 14, Москва;podo-center.ru;55.841 37.439;beauty
WINNER BEAUTY ROOM;+7 (499) 325-59-60, +7 (499) 673-09-39;+7 (968) 383-76-63;Сходненская ул., 48, Москва;winnerbeauty.ru;55.847 37.441;beauty
Мастерская маникюра by Lena Lenina;;+7 (968) 461-38-44, +7 (968) 461-32-31;Сходненская ул., 56, Москва;nailsmasters.ru , llmanikur.ru , clck.ru;55.851 37.444;beauty
Воображуля, сеть семейных парикмахерских;+7 (499) 340-43-71;;Сходненская ул., 56, Москва;msk.voobrajulya.ru;55.851 37.445;beauty
ZuEva_Lami;;+7 (916) 339-80-14;ул. Фабрициуса, 22, корп. 1, Москва;luxuriant-perfection.ru;55.844 37.444;beauty
Авокадо нейл;+7 (495) 449-75-80, +7 (495) 125-87-64;+7 (963) 711-86-98;ул. Мещерякова, 3, Москва;avocadonail.ru;55.832 37.452;beauty
Floret, салон красоты;+7 (495) 626-90-28, +7 (495) 772-57-84;+7 (985) 445-27-97, +7 (925) 772-57-84;Флотская ул., 14, Москва;floret.beauty;55.850 37.481;beauty
Lashattic;;+7 (929) 529-70-17;Ленинградское ш., 66, Москва;dikidi.net;55.846 37.479;beauty
Beauty_art_vodny;;+7 (985) 296-66-77, +7 (991) 714-53-81, +7 (906) 767-58-47;Конаковский пр., 4, корп. 2, Москва;beautyart.moscow;55.846 37.485;beauty
Студия загара Melanin;;+7 (995) 115-99-12;Кронштадтский бул., 3А, Москва, Россия;melaninvs.ru;55.841 37.485;beauty
Студия стилистов;;+7 (916) 425-46-50, +7 (910) 414-11-88;Кронштадтский бул., 7А, Москва;;55.842 37.487;beauty
Волос. Ок;;+7 (904) 568-32-71;ул. Адмирала Макарова, 14, Москва;volosok-centr.ru;55.839 37.489;beauty
BeNails Studio;;+7 (926) 080-03-33;ул. Адмирала Макарова, 8, стр. 1, Москва;dikidi.online;55.837 37.490;beauty
For You, студия красоты;;+7 (926) 642-88-22;Головинское ш., 5, корп. 1, Москва;studiya4you.ru;55.840 37.491;beauty
4hands, ногтевая студия;;+7 (915) 290-75-85;Головинское ш., 5, корп. 1, Москва;b301664.yclients.com , 4hands.ru;55.840 37.491;beauty
Воображуля, семейная парикмахерская;+7 (499) 340-43-84;+7 (926) 005-89-58;Головинское ш., 5, корп. 1, Москва;воображуля.рф , msk.voobrajulya.ru , voobrajulya.ru;55.840 37.491;beauty
Салон красоты Oasis Beauty;+7 (495) 708-00-98;+7 (904) 568-07-23;Головинское ш., 8, корп. 1, Москва;oasis-beauty.ru;55.839 37.491;beauty
Студия NK;;+7 (901) 258-43-68, +7 (985) 358-25-55;Кронштадтский бул., 6, корп. 1, Москва;permanentnyj-makijazh-1635935165.clients.site;55.841 37.494;beauty
Пятницкий;;+7 (977) 771-60-34;Головинское ш., 13, стр. 1, Москва;pyatnickij.ru;55.840 37.495;beauty
Семейная парикмахерская;;+7 (920) 205-67-77, +7 (926) 089-00-76;ул. Лавочкина, 18, Москва;;55.851 37.501;beauty
Wellness, студия красоты;+7 (495) 456-65-42;+7 (985) 767-58-65;Онежская ул., 18, Москва;salon-wellness.clients.site;55.851 37.520;beauty
Diviyaart, салон красоты;;+7 (930) 930-55-59;Онежская ул., 12, Москва;diviya-art.ru;55.850 37.521;beauty
Союз профессионалов, салон красоты;+7 (495) 767-42-51, +7 (495) 708-74-44, +7 (495) 485-01-75, +7 (499) 767-42-51;+7 (917) 507-07-09;Онежская ул., 1/2, Москва;spsalon.ru;55.844 37.521;beauty
Chic & Charme;;+7 (963) 610-84-65;Соболевский пр., 22, стр. 1, Москва;;55.834 37.523;beauty
Orange Paradise, салон красоты;;+7 (916) 188-38-99;Большая Академическая ул., 37, корп. 2, Москва;dikidi.ru , orangeparadise.ru;55.832 37.532;beauty
Nailmax. Studio;;+7 (903) 124-54-59, +7 (977) 821-60-03;Дмитровское ш., 46, корп. 1, Москва;dikidi.net;55.844 37.570;beauty
Katerines Studio;+7 (495) 728-81-21;+7 (903) 558-99-66, +7 (903) 757-12-88, +7 (991) 663-72-18;Большая Академическая ул., 73, корп. 1, Москва;katerinesstudio.tilda.ws;55.843 37.553;beauty
Салон красоты Black Art;;+7 (901) 363-37-01;Большая Академическая ул., 77, корп. 2, Москва;buatyblack.ru;55.844 37.554;beauty
N Studio;+7 (495) 106-60-74;+7 (916) 106-60-74;Дмитровское ш., 51, корп. 1, Москва;nstudio.club , sk48.skrst.ru;55.843 37.569;beauty
Точка красоты, салоны красоты;;+7 (906) 042-29-19;Локомотивный пр., 4, Москва;tochkafamily.ru;55.838 37.577;beauty
Chic eyelashes, школа-студия;;+7 (963) 622-86-17;Гостиничный пр., 6, корп. 2, Москва;hipolink.me , chiceyelashes.ru;55.844 37.577;beauty
MaxStyle, салон красоты;+7 (495) 922-54-24;;Алтуфьевское ш., 2А, Москва;salonmax.ru;55.849 37.586;beauty
Точка красоты, салоны красоты;;+7 (925) 722-70-00;Сигнальный пр., 17, Москва;tochkafamily.ru;55.851 37.597;beauty
Точка Красоты;;+7 (968) 552-22-12;Берёзовая аллея, 17, корп. 1, Москва;tochkafamily.ru;55.850 37.618;beauty
BeautyShik;;+7 (985) 759-65-16;Берёзовая аллея, 17, корп. 1, Москва;beautyshik.ru;55.851 37.618;beauty
Nikinails, салон красоты;;+7 (926) 669-03-01, +7 (958) 100-60-42, +7 (929) 979-61-26;Берёзовая аллея, 17, корп. 2, Москва;nikinails.ru;55.850 37.619;beauty
Грин Парк салон;;+7 (925) 410-10-88;Берёзовая аллея, 17, корп. 2, Москва;greenparksalon.ru;55.850 37.620;beauty
Салон красоты, барбершоп Steel Blade Studio;;+7 (901) 147-91-28, +7 (901) 533-65-95;Берёзовая аллея, 17, корп. 2, Москва;steel-blade.ru;55.850 37.620;beauty
Top nails, студия красоты;;+7 (903) 738-30-00;Берёзовая аллея, 17, корп. 2, Москва;hipolink.me;55.851 37.620;beauty
Mom&me;;+7 (919) 773-32-70;Берёзовая аллея, 17, корп. 2, Москва;b675043.yclients.com;55.849 37.621;beauty
Студия красоты Love Myself;;+7 (980) 697-61-56, +7 (977) 564-00-48;Сельскохозяйственная ул., 38, корп. 2, Москва;love-myself-salon.ru;55.848 37.632;beauty
Damnitsky studio, салон красоты;+7 (495) 656-68-15, +7 (4966) 56-68-15;+7 (965) 382-98-15;1-й Ботанический пр., 5, Москва;maxspa.ru , damnitskiy.com , profsalon.org;55.852 37.635;beauty
Lima studio, салон красоты;;+7 (901) 257-29-45, +7 (930) 337-26-55;Лазоревый пр., 5, корп. 3, Москва;limastudio.ru;55.848 37.636;beauty
Pioko Студия Взгляда;;+7 (901) 147-74-89;Лазоревый пр., 5, корп. 4, Москва;;55.848 37.637;beauty
4hands, ногтевая студия;;+7 (999) 303-02-19;Лазоревый пр., 1А, корп. 1, Москва;4hands.ru;55.848 37.638;beauty
Тайские Облака, массажный салон;+7 (495) 230-23-38;+7 (916) 848-48-62;пр. Серебрякова, 1/2, Москва;thaiclouds.ru;55.847 37.641;beauty
Кудесницы, салон красоты;;+7 (969) 038-03-85;ул. Седова, 3, Москва;;55.851 37.643;beauty
Центр подологии Елены Закутской;;+7 (915) 209-90-06;Лазоревый пр., 1, Москва;podolog-ez.ru;55.848 37.640;beauty
BES'se;+7 (495) 796-38-80;+7 (903) 796-38-80;пр. Серебрякова, 2, корп. 1, Москва;besse.ru;55.846 37.640;beauty
Аморея;;+7 (925) 376-59-96;пр. Серебрякова, 11, корп. 1, Москва;amoreya.ru;55.848 37.650;beauty
Topgun, барбершоп;;+7 (929) 904-54-44;пр. Серебрякова, 11, корп. 1, Москва;topgun.ru;55.848 37.653;beauty
Destiny;+7 (495) 723-00-09;+7 (903) 723-00-09, +7 (903) 532-80-25;пр. Нансена, 6, корп. 3, Москва;destinysalon.ru , дестини.рф;55.850 37.654;beauty
Beauty-Mam;+7 (495) 505-22-94;+7 (925) 505-22-94;пр. Серебрякова, 14, стр. 1, Москва;beauty-mam.ru;55.847 37.658;beauty
Де Вита, студия красоты;+7 (499) 187-10-36;+7 (926) 659-38-26, +7 (985) 116-60-40;Ростокинская ул., 1, Москва;devita-studio.ru;55.836 37.659;beauty
Точка красоты, салоны красоты;;+7 (905) 535-89-89;просп. Мира, 211, корп. 2, Москва;tochkafamily.ru;55.846 37.666;beauty
Dry&go, бар укладок и макияжа;;+7 (925) 042-04-11;просп. Мира, 188Б, корп. 2, Москва;drygo.ru;55.835 37.658;beauty
Topgun, барбершоп;;+7 (925) 065-54-44;просп. Мира, 188Б, корп. 2, Москва;topgun.ru;55.835 37.659;beauty
Воображуля, сеть семейных парикмахерских;+7 (499) 340-43-05;;просп. Мира, 211, корп. 2, Москва;msk.voobrajulya.ru , voobrajulya.ru;55.845 37.661;beauty
Sirena, салон красоты;;+7 (985) 857-33-38, +7 (968) 660-43-85, +7 (966) 053-64-72;ул. Красная Сосна, 2А, Москва;website--92172554888077510868-beautysalon.business.site;55.851 37.679;beauty
de-Chavannes, студия красоты;;+7 (910) 408-51-97, +7 (916) 556-17-79;Енисейская ул., 1, стр. 3, Москва;de-chavannes.su;55.850 37.669;beauty
Red cherry, салон красоты;+7 (495) 794-14-76;+7 (968) 592-23-90;Ангелов пер., 6, Москва;zoon.ru , salonredcherry.com , red-cherry-salon.ru;55.853 37.348;beauty
S & S Studio, студия красоты;;+7 (999) 910-71-81;Ангелов пер., 2, Москва;;55.854 37.350;beauty
Ок;;+7 (901) 256-75-86;Ангелов пер., 1, Москва;ok2you.ru;55.852 37.351;beauty
Цирюльникъ, салон красоты;;+7 (925) 001-81-11;Митинская ул., 57, Москва;salon-hair.ru , cirulnik.com;55.855 37.352;beauty
Only wow!, салон красоты;;+7 (977) 806-70-00, +7 (939) 555-63-81, +7 (977) 805-04-94;Митинская ул., 52, Москва;zoon.ru , wow-centr.ru;55.853 37.354;beauty
Aft Luxe - Лазерная эпиляция, Афт, Элос, диодный лазер, фотоэпиляция;;+7 (929) 622-27-83;Пятницкое ш., 37, Москва;aft-luxe.ru;55.854 37.357;beauty
HairMafia;;+7 (916) 601-69-04, +7 (916) 598-25-88;Муравская ул., 38, корп. 1, Москва;hairmafiamsk.ru , hairmafia.salon;55.864 37.372;beauty
Салон красоты Beauty lab Insterica;;+7 (968) 877-66-11, +7 (904) 567-72-24;Муравская ул., 42, корп. 1, Москва;;55.861 37.373;beauty
Юля;+7 (495) 944-00-51;;ул. Героев Панфиловцев, 22А, стр. 1, Москва;beautysalon-julia.tilda.ws;55.857 37.411;beauty
Shoker, барбершоп;;+7 (999) 556-03-07;ул. Вилиса Лациса, 15, Москва;shokerbarber.ru;55.863 37.425;beauty
Фифа;;+7 (985) 400-31-47;ул. Вилиса Лациса, 9, корп. 3, Москва;beautyfifa.ru;55.863 37.429;beauty
Линии Красоты;;+7 (963) 640-04-23;Планерная ул., 12, корп. 1, Москва;lines-beauty.ru;55.863 37.436;beauty
Donna, салон красоты;+7 (495) 944-05-10;+7 (925) 635-30-95;ул. Героев Панфиловцев, 1/2, Москва;salondodonna.ru , salondodonna.wixsite.com , donnasaloon.com;55.852 37.438;beauty
Мой парикмахер, салон красоты;+7 (495) 496-62-03, +7 (499) 940-89-60;;Планерная ул., 20, корп. 1, Москва;myhairdresser.ru;55.867 37.439;beauty
Ivory Style, салон красоты;;+7 (967) 276-54-59;Планерная ул., 7, корп. 1, Москва;ivorystyle.ru;55.864 37.433;beauty
Стрижко, салон-парикмахерская;+7 (495) 494-62-04;+7 (925) 469-98-64;Планерная ул., 7, корп. 1, Москва;strizhko.com;55.864 37.433;beauty
Шарлиз, салон-парикмахерская;+7 (499) 762-09-15;;ул. Героев Панфиловцев, 7, корп. 4, Москва;;55.856 37.434;beauty
Room, барбершоп;;+7 (999) 850-06-78;ул. Свободы, 79, Москва;n506200.yclients.com;55.862 37.448;beauty
Парихмахерская;;+7 (916) 456-55-38;ул. Фомичёвой, 5, корп. 2, Москва;;55.855 37.445;beauty
Рафаэль, салон красоты;+7 (499) 176-17-76;+7 (906) 722-74-00;Химкинский бул., 14, корп. 3, Москва;;55.853 37.445;beauty
Стрижко, салон-парикмахерская;;+7 (926) 683-35-15;Химкинский бул., 14, корп. 5, Москва;strizhko.com;55.854 37.447;beauty
Ledicoco, студия красоты;;+7 (930) 960-71-26, +7 (926) 464-78-98;ул. Свободы, 79, Москва;ledicoco.clients.site;55.863 37.447;beauty
Стильные детки;+7 (499) 499-13-01;;ул. Свободы, 59, Москва;stilnye-detki.com;55.853 37.451;beauty
Силуэт, мастерская по ремонту одежды;+7 (499) 458-26-01;+7 (905) 556-61-07, +7 (916) 327-87-16, +7 (926) 021-52-29;Ленинградское ш., 126, Москва;sk2548.skrst.ru;55.869 37.462;beauty
Barcelona;;+7 (958) 100-59-52, +7 (958) 820-16-15;Ленинградское ш., 120, корп. 3, Москва;barcelona-studio.ru;55.868 37.464;beauty
Anoya;+7 (495) 928-97-87;+7 (985) 928-97-87;Валдайский пр., 10, корп. 1, Москва, Россия;;55.867 37.468;beauty
Азбука стиля, салон красоты;;+7 (999) 277-76-21;Беломорская ул., 8, корп. 1, Москва;azbukastyle.plp7.ru;55.862 37.469;beauty
На-речном.рф;+7 (499) 458-10-46, +7 (499) 457-12-49;+7 (903) 790-59-59, +7 (925) 589-65-75;Ленинградское ш., 94, корп. 1, Москва;на-речном.рф;55.856 37.471;beauty
Magic bar beauty, студия красоты;;+7 (909) 156-66-16;Беломорская ул., 22, Москва;magic-eyes.studio;55.863 37.475;beauty
Topgun, барбершоп;;+7 (925) 090-94-44;Беломорская ул., 11, корп. 1, Москва;topgun.ru;55.865 37.472;beauty
Орхидея, салон красоты;;+7 (925) 837-95-89;Ленинградское ш., 98, корп. 6, Москва;s-orchid.ru;55.859 37.472;beauty
Sofi, салон красоты;;+7 (916) 244-01-38;Смольная ул., 61, корп. 1, Москва;sk-sofi.ru;55.869 37.472;beauty
Элеганс, студия красоты;+7 (495) 123-59-64;+7 (926) 477-24-60;Беломорская ул., 11, корп. 1, Москва;studio-elegance.ru;55.865 37.472;beauty
Salon N8 by Color Me, сеть студий красоты и колористики;+7 (499) 110-88-68, +7 (499) 325-42-16;+7 (901) 909-69-25;Смольная ул., 44, корп. 1, Москва;salon8.ru;55.869 37.474;beauty
Brandy nails;;+7 (980) 157-47-73, +7 (905) 795-58-07;Беломорская ул., 20, корп. 2, Москва;;55.861 37.476;beauty
Betty sweet, студия эпиляции;;+7 (915) 127-85-36, +7 (915) 111-20-42;Беломорская ул., 20, корп. 2, Москва;dikidi.net;55.861 37.476;beauty
Точка Красоты;;+7 (916) 165-46-68;Россия, Москва, Фестивальная улица;tochkafamily.ru;55.855 37.478;beauty
Beauty stories club;;+7 (904) 567-68-20, +7 (926) 904-81-01;Фестивальная ул., 2Б, Москва;zoon.ru;55.855 37.478;beauty
Update8;;+7 (977) 349-77-88;Беломорская ул., 23, Москва;b594631.yclients.com;55.867 37.484;beauty
Beauty studio Инны Морозовой;;+7 (963) 656-70-20;Фестивальная ул., 29, Москва;studiomorozovarechnoy.ru;55.859 37.480;beauty
Utopia, бьюти-бар;;+7 (929) 955-69-42;Беломорская ул., 23, Москва;n720630.yclients.com;55.867 37.482;beauty
Рус стиль, салон красоты;;+7 (968) 630-51-51, +7 (925) 866-34-24;Беломорская ул., 23, Москва;b738258.yclients.com;55.868 37.483;beauty
Салон красоты и косметологии DanceandBeauty;+7 (499) 340-10-55, +7 (499) 766-31-65;+7 (964) 645-98-80;ул. Лавочкина, 34, Москва;danceandbeauty.ru , dancebeauty.ru , аэросъемка.рф;55.857 37.493;beauty
Арт-студио, студия красоты;+7 (495) 601-64-44;;Петрозаводская ул., 28, корп. 1, Москва;art601.ru;55.868 37.491;beauty
Колесник бьюти студия;;+7 (958) 817-20-10;Петрозаводская ул., 24Б, Москва;kolesnik-beauty-studio.business.site;55.867 37.494;beauty
Orange Paradise, центр красоты и подологии;;+7 (985) 410-13-25;Зеленоградская ул., 25, корп. 4, Москва;dikidi.ru , orangeparadise.ru;55.872 37.493;beauty
Артуа, салон красоты;+7 (495) 456-74-62;+7 (906) 032-34-62;Фестивальная ул., 12/20, Москва;salonartua.ru;55.859 37.494;beauty
Гая, салон красоты;;+7 (916) 258-88-22;ул. Ляпидевского, 12, Москва;salongaya.ru;55.857 37.496;beauty
D. Studio;;+7 (925) 338-84-29;Петрозаводская ул., 24, корп. 2, Москва;d-studio77.ru;55.868 37.494;beauty
Wellness, студия красоты;+7 (495) 601-56-19;+7 (963) 759-05-55;Клинская ул., 14, корп. 2, Москва;zoon.ru , wellness-salon.ru;55.870 37.495;beauty
Точка сбора мусора;;+7 (910) 495-88-83;Флотская ул., 7, стр. 1, Москва;tochkafamily.ru;55.854 37.496;beauty
Эстета;;+7 (980) 697-69-84;Фестивальная ул., 22, корп. 2, Москва;esteta-festivalnaja-ulitsa.clients.site;55.859 37.500;beauty
Kenga Beauty;+7 (495) 454-50-00;+7 (968) 070-89-95;Фестивальная ул., 22, стр. 6А, Москва;kengabeauty.ru;55.858 37.501;beauty
Дейнерис, салон красоты;;+7 (966) 099-78-31;Флотская ул., 15, корп. 1, Москва;deyneris.ru;55.858 37.506;beauty
Кабинет красоты Светланы Гришиной;;+7 (925) 128-64-96;Флотская ул., 74, Москва;;55.858 37.515;beauty
Мосателье;;+7 (929) 572-35-39, +7 (904) 567-48-81;Флотская ул., 78, Москва;zoon.ru , mos-strizhka.ru;55.860 37.513;beauty
Салон красоты Софитель;+7 (499) 995-02-44, +7 (499) 754-99-09, +7 (499) 906-09-84, +7 (495) 545-45-56;+7 (925) 267-04-00, +7 (916) 625-40-01;Коровинское ш., 10, Москва;salonsofitel.ru , internet-client.ru;55.871 37.535;beauty
Точка красоты, салоны красоты;;+7 (917) 558-88-94;Дегунинская ул., 10, стр. 2, Москва;tochkafamily.ru;55.866 37.537;beauty
Студия красоты ЛБ;;+7 (909) 949-89-19;Дегунинская ул., 1, корп. 4, Москва;;55.864 37.539;beauty
Студия красоты mi mi brow;;+7 (904) 567-70-24;Дегунинская ул., 1, корп. 4, Москва;zoon.ru;55.864 37.539;beauty
Lakshe;+7 (495) 766-18-08;;Пяловская ул., 7, стр. 3, Москва;;55.863 37.541;beauty
Подология и эстетика;;+7 (916) 522-80-92;Коровинское ш., 1, корп. 2, Москва;подологмосква.рф;55.865 37.542;beauty
Сеть студий маникюра Лены Лениной;;+7 (968) 461-37-26;Дмитровское ш., 89, Москва;nailsmasters.ru , clck.ru;55.864 37.547;beauty
Lux volosy, студия наращивания волос;+7 (495) 142-34-62;+7 (968) 446-73-10, +7 (905) 707-21-07;Дмитровское ш., 83А, Москва;lux-volosy.ru;55.862 37.548;beauty
Status, салон красоты;+7 (499) 488-40-00;+7 (910) 488-05-45;Дмитровское ш., 86, корп. 6, Москва;statussalon.ru , salonstatus.ru;55.870 37.549;beauty
NailStudio & Coffee;;+7 (929) 535-11-59, +7 (904) 567-73-15;Дмитровское ш., 81, Москва;zoon.ru , nailstudio-coffee.ru , b817161.yclients.com;55.862 37.550;beauty
Gladko;;+7 (958) 814-76-18;Селигерская ул., 18, корп. 1, Москва;;55.866 37.553;beauty
Amee, студия красоты;;+7 (985) 092-76-16;Дмитровское ш., 71Б, Москва;aimeenails.ru;55.856 37.558;beauty
Konda Beauty;;+7 (977) 927-93-12, +7 (980) 697-66-53, +7 (980) 697-66-45;Селигерская ул., 18, корп. 4, Москва;n693580.yclients.com , konda-beauty.ru;55.867 37.554;beauty
Your time, салон красоты;;+7 (969) 999-34-60, +7 (985) 983-25-54;Бескудниковский бул., 27, корп. 4, Москва;salon-krasoty-your-time.clients.site;55.870 37.555;beauty
Beauty Solution;;+7 (926) 237-75-75;Бескудниковский бул., 25, корп. 4, Москва;beauty-solution.ru;55.869 37.555;beauty
Хакуна Матата;;+7 (903) 000-47-55;Селигерская ул., 2, Москва;;55.862 37.556;beauty
Дикая Орхидея, студия красоты;+7 (499) 487-52-08;+7 (968) 760-86-11, +7 (916) 939-06-30, +7 (985) 772-26-90;Бескудниковский бул., 32, корп. 5, Москва;beautystudiomari.ru;55.872 37.556;beauty
Uma Manicure;;+7 (906) 776-64-80, +7 (915) 445-73-37;Бескудниковский бул., 32, корп. 5, Москва;uma-manicure.ru;55.872 37.556;beauty
Академия красоты Nbs;;+7 (901) 346-27-70;Бескудниковский бул., 30, корп. 3, Москва, Россия;nbs-salon.ru;55.870 37.558;beauty
Пространство красоты 108, салон красоты;;+7 (958) 111-74-53, +7 (969) 110-81-08;Дмитровское ш., 73, стр. 1, Москва;prostranstvo108.ru;55.857 37.559;beauty
Воображуля, сеть семейных парикмахерских;+7 (499) 340-43-51;;Дмитровское ш., 73, стр. 1, Москва;msk.voobrajulya.ru , voobrajulya.ru;55.857 37.559;beauty
Gastronom маникюр и брови;+7 (812) 245-31-91;+7 (939) 111-75-08;Дмитровское ш., 70, Москва;klientiks.ru;55.859 37.559;beauty
Anastasia Weber;;+7 (909) 977-41-11;Дмитровское ш., 71Б, Москва;;55.856 37.559;beauty
Студия маникюра It's my Nails;;+7 (925) 750-11-20;Бескудниковский бул., 11, корп. 1, Москва;zoon.ru , its-my-nails-salon.ru;55.862 37.561;beauty
Студия Красоты Волос;;+7 (985) 262-64-03;Бескудниковский бул., 11, корп. 1, Москва;;55.862 37.560;beauty
Elite Hair Center;+7 (432) 186-55-57;+7 (929) 615-47-88, +7 (925) 285-83-07;Бескудниковский бул., 3, Москва;elite-hairsalon.clients.site , n722530.yclients.com , dikidi.net;55.859 37.561;beauty
Beauty up, студия красоты;;+7 (991) 333-87-50;Бескудниковский бул., 6, корп. 3, Москва;beautyupstudio.ru;55.858 37.563;beauty
Love nails, салон красоты;;+7 (919) 772-58-85;Бескудниковский бул., 6, корп. 2, Москва;lovenailsmoscow.ru;55.858 37.565;beauty
Сан-Таун;+7 (499) 480-56-04;;Дубнинская ул., 13, Москва;suntownsalon.ru;55.860 37.567;beauty
А Studio Beauty, салон красоты;+7 (499) 481-81-00, +7 (499) 938-53-59;+7 (968) 579-93-99, +7 (925) 476-60-61;Дубнинская ул., 2, корп. 6, Москва;a-studio.beauty;55.857 37.568;beauty
Студия эстетики тела;+7 (499) 231-07-77;;Дубнинская ул., 6, Москва;aabeauty.ru;55.859 37.568;beauty
Вивакрасиво;;+7 (901) 546-29-31, +7 (916) 698-44-62, +7 (985) 567-40-09;Дубнинская ул., 6, Москва;vivakrasivo.ru;55.859 37.569;beauty
Кокетка, салон красоты;+7 (499) 201-82-67;+7 (964) 791-29-13;Алтуфьевское ш., 9, Москва;koketkasalon.ru;55.853 37.584;beauty
Бьюти, салон красоты;;+7 (965) 162-62-00;Алтуфьевское ш., 40А, Москва;sk-beauty.ru;55.870 37.589;beauty
Prem.u.studio;;+7 (901) 256-65-77, +7 (901) 469-48-61;Алтуфьевское ш., 34, корп. 2, Москва;premustudio.ru;55.868 37.589;beauty
Stud-Beauty, студия красоты;+7 (495) 920-02-33, +7 (499) 904-02-17, +7 (495) 364-07-37;+7 (966) 170-15-15;ул. Декабристов, 2, корп. 2, Москва;stud-beauty.ru;55.867 37.593;beauty
Sunset Nail Studio, ногтевая студия;+7 (495) 136-42-04;+7 (968) 368-08-08;Отрадная ул., 2, Москва;sunsetnailstudio.ru;55.859 37.602;beauty
Сеть студий маникюра Лены Лениной;;+7 (968) 461-39-42;ул. Декабристов, 12, Москва;nailsmasters.ru , clck.ru;55.863 37.602;beauty
Twins Beauty, салон красоты;+7 (499) 907-25-90;+7 (903) 778-02-82, +7 (904) 567-50-93;ул. Хачатуряна, 16, Москва;twins-beauty.ru , salon-taty.ru;55.860 37.602;beauty
WeSlim;+7 (499) 202-83-52;+7 (995) 115-83-52;Северный бул., 7Б, Москва;weslim.ru;55.868 37.606;beauty
Кристин;;+7 (903) 287-08-18;Северный бул., 3, корп. 2, Москва;studio-kristin.ru;55.866 37.606;beauty
KristiNails, маникюрный салон;;+7 (999) 999-08-29;Северный бул., 2, Москва;kristinails.ru;55.865 37.607;beauty
4hands;;+7 (995) 902-22-68;ул. Декабристов, 20, корп. 1, Москва;4hands.ru , 4-hands.ru;55.863 37.607;beauty
Бйонс, салон красоты;+7 (499) 907-10-85;+7 (926) 449-71-82, +7 (969) 347-85-85;ул. Декабристов, 20, корп. 2, Москва;byons.ru;55.862 37.610;beauty
Студия наращивания ресниц Star Beauty;;+7 (926) 539-30-01;ул. Декабристов, 27, Москва;;55.863 37.609;beauty
SVLstudio;;+7 (905) 584-09-23;ул. Декабристов, 27, Москва;;55.863 37.610;beauty
Beauty сад, салон красоты;;+7 (915) 008-75-64;Сельскохозяйственная ул., 35, Москва;beauty-sad.ru;55.853 37.623;beauty
Точка красоты, салоны красоты;+7 (499) 202-16-02;;Отрадная ул., 16, Москва;tochkafamily.ru;55.855 37.614;beauty
К СЕЗОНУ ГОТОВ!, центр здоровья и красоты;+7 (495) 928-35-50;+7 (985) 928-35-50;ул. Пестеля, 1А, Москва;ksezonygotov.ru;55.862 37.613;beauty
Gross hair;;+7 (958) 120-55-55;ул. Декабристов, 28, корп. 2, Москва;grosshair.ru;55.860 37.616;beauty
Cut_n_club;;+7 (977) 175-36-46;Сельскохозяйственная ул., 35, Москва;cut-n-club.ru;55.852 37.623;beauty
Точка красоты, салоны красоты;+7 (495) 790-32-62;+7 (903) 790-32-62;Ясный пр., 2, Москва;tochkafamily.ru;55.872 37.632;beauty
Цвет настроения, салон красоты;;+7 (968) 818-54-63;Полярная ул., 1, Москва;tsvet-nastroenija-poljarnaja-ulitsa.clients.site;55.872 37.637;beauty
Арена;+7 (499) 186-01-13;+7 (926) 130-42-42, +7 (925) 566-96-65, +7 (904) 567-52-96;пр. Дежнёва, 29, корп. 1, Москва;arenasalon.ru;55.870 37.632;beauty
Аклуб, студия красоты;+7 (499) 477-10-81;+7 (977) 465-90-54;пр. Дежнёва, 27, корп. 1, Москва;aklub.clients.site;55.870 37.633;beauty
Ида, салон;;+7 (967) 160-00-03;пр. Дежнёва, 27, корп. 1, Москва;zoon.ru;55.870 37.633;beauty
О'Кей;+7 (499) 790-30-13;+7 (915) 474-18-11, +7 (925) 055-21-26, +7 (925) 870-72-52;пр. Дежнёва, 27, корп. 1, Москва;salonok.com;55.870 37.635;beauty
Golden lines, учебный центр;+7 (495) 750-35-77;+7 (906) 099-14-09;пр. Дежнёва, 1, Москва;goldenlinespm.ru;55.871 37.650;beauty
Царская цирюльня, салон красоты;;+7 (903) 184-00-39;Заповедная ул., 16, корп. 1, Москва;tsarsalon.ru;55.867 37.639;beauty
S&A, имидж-студия;+7 (499) 760-02-46;+7 (916) 522-39-11;Вересковая ул., 1, корп. 1, Москва;salon-svibllovo.ru , imstudio.me;55.859 37.639;beauty
Britva, барбершоп;;+7 (901) 090-13-00;Заповедная ул., 18, корп. 3, Москва;sviblovo.britvabarber.ru , britvabarber.ru;55.868 37.639;beauty
New Style, клуб красоты;+7 (499) 348-88-51;+7 (958) 111-75-49, +7 (968) 359-96-83;Снежная ул., 19, корп. 2, Москва;newstyle-city.ru;55.854 37.649;beauty
Rovolos, студия красоты;;+7 (926) 491-89-70;Берингов пр., 5, Москва;;55.856 37.662;beauty
Сеть студий маникюра Лены Лениной;;+7 (968) 461-36-54;Снежная ул., 27, Москва;nailsmasters.ru , clck.ru;55.856 37.653;beauty
Точка красоты, салоны красоты;;+7 (926) 546-22-66;Снежная ул., 26, Москва;tochkafamily.ru;55.855 37.653;beauty
Annabelle, салон красоты;+7 (495) 470-94-38;+7 (985) 547-52-97;ул. Менжинского, 29, Москва;annabellesalon.ru , annabellesalon.taplink.ws;55.870 37.656;beauty
Точка красоты, салоны красоты;;+7 (985) 333-08-69;ул. Менжинского, 27, Москва;tochkafamily.ru;55.870 37.657;beauty
Дом маникюра;+7 (499) 186-61-56;+7 (915) 352-66-33;ул. Менжинского, 25, Москва;n204433.yclients.com , dommanikura.ru;55.869 37.658;beauty
Визави, центр эстетики и красоты;+7 (499) 189-81-28, +7 (499) 189-73-88, +7 (499) 189-81-22;+7 (968) 404-31-23, +7 (985) 781-81-89;Кольская ул., 2, корп. 5, Москва;vis-avis.ru;55.859 37.658;beauty
Sun nails, студия красоты и загара;;+7 (926) 142-99-44;Енисейская ул., 5, корп. 2, Москва;new-nogti.ru;55.860 37.659;beauty
Воск;+7 (499) 189-18-51, +7 (499) 904-12-12, +7 (499) 180-77-11, +7 (495) 601-28-17, +7 (495) 646-34-96, +7 (495) 601-28-09;;ул. Менжинского, 23, корп. 1, Москва;vosksalon.ru;55.870 37.660;beauty
Zefir;;+7 (968) 608-00-65, +7 (969) 086-55-36;Енисейская ул., 19, корп. 1, Москва;zefir-raduzhniy.clients.site;55.869 37.663;beauty
Точка красоты, салоны красоты;;+7 (999) 979-04-99;ул. Менжинского, 32, Москва;tochkafamily.ru;55.870 37.667;beauty
Locks, салон красоты;+7 (495) 471-11-02;+7 (968) 767-73-81;ул. Менжинского, 21, Москва;salon-locks.ru;55.869 37.668;beauty
Divine, салон красоты;;+7 (991) 245-09-05;ул. Менжинского, 32, корп. 2, Москва;экономъ.рф;55.870 37.667;beauty
Ландель, ремонтная мастерская;;+7 (916) 425-52-43, +7 (910) 425-52-43, +7 (916) 333-32-22;ул. Лётчика Бабушкина, 6, Москва;zoon.ru;55.859 37.674;beauty
Дом причесок, салон красоты;;+7 (925) 820-33-82;ул. Лётчика Бабушкина, 10/1, Москва;;55.862 37.675;beauty
Nails nature, студия маникюра;+7 (495) 960-15-23;+7 (903) 960-15-23;ул. Лётчика Бабушкина, 23, Москва;nailsnature.ru;55.867 37.675;beauty
Vilisova nails studio;;+7 (910) 469-79-88;Ленская ул., 2/21, Москва;vilisova-nails.ru;55.866 37.674;beauty
Lucky&Beauty;;+7 (926) 502-30-30;ул. Лётчика Бабушкина, 32, корп. 3, Москва;;55.871 37.677;beauty
TV-Nails, студия маникюра;;+7 (991) 230-21-29, +7 (977) 770-48-74, +7 (977) 161-23-28;Анадырский пр., 21, Москва;tvnails.ru;55.865 37.684;beauty
Студия красоты Фарфалла;+7 (495) 470-78-10;;ул. Рудневой, 7/11, Москва;farfalla-studio.ru;55.865 37.679;beauty
Lisio Lab салон Красоты;+7 (495) 150-25-14;+7 (925) 442-56-71;Ярославское ш., 28/2с1, Москва;;55.855 37.684;beauty
Лили;+7 (499) 183-12-10;+7 (916) 727-18-13;Ярославское ш., 55вл2, Москва;lilisalon.ru;55.862 37.691;beauty
ЭкономПарикмахерская;;+7 (926) 734-92-52;Ярославское ш., 28, Москва;vita-mos.ru;55.861 37.693;beauty
Точка мира, центр здоровья и красоты;;+7 (968) 641-66-41;Ярославское ш., 116, стр. 3, Москва;tochkamira-center.ru;55.867 37.707;beauty
Flower de paradise;;+7 (903) 700-87-53;Ярославское ш., 116, стр. 3, Москва;nadinbeauty.com;55.867 37.707;beauty
Мята с перцем, салон красоты;;+7 (926) 383-41-14, +7 (929) 500-37-85;Ландышевая ул., 14, Москва;mintandpepper.ru;55.884 37.390;beauty
Академия стиля, салон красоты;+7 (499) 504-04-54;+7 (917) 532-21-13, +7 (909) 983-83-31;Ландышевая ул., 14, Москва;academ-style.ru;55.884 37.391;beauty
Мишель Лапье, салон красоты;+7 (495) 730-13-13, +7 (495) 730-13-31;;Куркинское ш., 17, Москва;;55.885 37.394;beauty
Арами, имидж-лаборатория;;+7 (916) 411-12-20;Соколово-Мещерская ул., 2, Москва;arami.ru;55.891 37.387;beauty
Svetuly, салон красоты;+7 (499) 501-07-27;+7 (925) 295-79-57, +7 (903) 976-56-65;Ландышевая ул., 12, корп. 1, Москва;svetuly.ru;55.885 37.390;beauty
Бьюти парк, клиника эстетической косметологии и аюрведической медицины;+7 (495) 780-72-77, +7 (495) 780-72-31, +7 (495) 611-55-77, +7 (495) 586-10-78, +7 (498) 602-03-03;+7 (904) 567-43-10;Куркинское ш., 38, Москва;beauty-park.ru;55.886 37.400;beauty
Le Salon салон красоты Куркино;+7 (495) 789-45-50, +7 (495) 789-45-45;+7 (906) 702-88-06, +7 (967) 085-87-78;Воротынская ул., 2, Москва;alfabenefit.ru;55.887 37.403;beauty
Balance;+7 (495) 978-04-23;+7 (901) 517-04-23;ул. Соловьиная Роща, 8, корп. 2, Москва;balance-studio.ru;55.892 37.402;beauty
Пещера;;+7 (967) 664-51-46, +7 (967) 664-51-04, +7 (926) 356-37-26;Челобитьевское ш., 10, корп. 1, Москва;masterstl.ru;55.875 37.423;beauty
MASHA BEAUTY;;+7 (901) 592-33-12;Правобережная ул., 1Б, Москва;dikidi.net;55.881 37.449;beauty
Гелиоса, студия загара и салон красоты;+7 (495) 772-40-87;+7 (925) 517-24-90, +7 (925) 514-65-10, +7 (901) 546-73-77, +7 (925) 250-08-03, +7 (925) 741-83-70, +7 (925) 518-41-09, +7 (901) 546-10-70, +7 (925) 589-56-55, +7 (925) 510-91-60;ул. Маршала Федоренко, 12, Москва;geliosa.ru;55.882 37.488;beauty
Nails Area;;+7 (985) 350-70-71;ул. Дыбенко, 38, корп. 1, Москва;;55.877 37.484;beauty
Vesper;;+7 (996) 862-35-55, +7 (902) 469-91-44, +7 (964) 622-59-09;ул. Дыбенко, 38, корп. 1, Москва;vesper-salon.ru;55.877 37.484;beauty
Xanynail;;+7 (925) 457-56-90;ул. Дыбенко, 32, корп. 1, Москва;dikidi.net;55.875 37.486;beauty
Nola beauty space, студия;;+7 (901) 907-90-67;ул. Дыбенко, 36, корп. 4, Москва;smputilkovo.ru;55.877 37.486;beauty
Lokon, студия красоты;+7 (499) 394-70-23;+7 (925) 933-12-10;Зеленоградская ул., 27, корп. 2, Москва;salon-lokon.ru;55.873 37.493;beauty
Студия эстетической красоты Cryo_Beauty;;+7 (995) 577-59-05, +7 (905) 585-85-75, +7 (985) 955-13-55;Зеленоградская ул., 31, корп. 1, Москва;cryo1beauty.ru , cryo-1.ru;55.875 37.493;beauty
Студия красоты на Ангарской;;+7 (999) 346-11-79;Ангарская ул., 10, Москва;ckna.ru;55.873 37.514;beauty
Арт ресницы, студия красоты;;+7 (903) 558-20-78, +7 (905) 797-45-22;Весенняя ул., 4, Москва;dilashstudio.plp7.ru , artresnitsy.plp7.ru;55.872 37.519;beauty
Арт-Спорт;+7 (499) 110-09-24, +7 (499) 110-59-21, +7 (499) 500-96-45, +7 (495) 646-01-11, +7 (499) 110-41-56;;Ангарская ул., 24А, Москва;artfitness.ru , artsport24.tilda.ws;55.876 37.520;beauty
Максимум, дом красоты;;+7 (968) 531-83-74;Клязьминская ул., 13, Москва;maksimum77-15.moskvagid24.ru;55.888 37.525;beauty
Орхидея, салон красоты;+7 (499) 906-93-09;+7 (925) 999-07-39, +7 (968) 613-67-36;Ангарская ул., 22, корп. 2, Москва;orhideysalon.ru;55.875 37.518;beauty
Mitky Way;;+7 (901) 256-60-83;Весенняя ул., 4, Москва;mitky-way.tilda.ws;55.872 37.519;beauty
Опаска;;+7 (903) 762-69-87;Клязьминская ул., 8, корп. 2, Москва;;55.883 37.524;beauty
Empire Beauty;;+7 (904) 568-15-92, +7 (966) 006-12-30;Клязьминская ул., 15, Москва;;55.889 37.526;beauty
Melissa, салон красоты;;+7 (926) 848-47-62, +7 (991) 300-81-45;Ангарская ул., 45, корп. 2, Москва;dikidi.online;55.881 37.526;beauty
Beauty Lab, салон красоты;;+7 (977) 109-71-56;Учинская ул., 7, Москва;salon-krasoty-beauty-lab.clients.site;55.884 37.536;beauty
Стильная штучка, студия красоты;+7 (495) 483-28-24;+7 (968) 916-44-33;Лобненская ул., 4, Москва;beauty-salon.moscow;55.890 37.539;beauty
Sona, салон красоты;+7 (495) 485-62-00;;Яхромская ул., 2, Москва;;55.883 37.541;beauty
Гранд-стиль, салон красоты;+7 (499) 905-93-53, +7 (499) 905-57-77, +7 (499) 488-15-55;+7 (966) 065-11-55;ул. 800-летия Москвы, 4, корп. 2, Москва;;55.876 37.536;beauty
Студия ногтевого сервиса Chernika Nails;;+7 (910) 513-71-50, +7 (977) 480-66-99;Дмитровское ш., 98С, Москва;msk-dmt-chernikanails.ru;55.879 37.547;beauty
Лунамун Бьюти;;+7 (985) 126-56-56;Дмитровское ш., 107, корп. 2, Москва;lunamoon.moscow;55.880 37.542;beauty
YliaLeo;;+7 (916) 901-88-35;Дмитровское ш., 100, Москва;ylialeo.ru;55.882 37.546;beauty
4 Образа;;+7 (901) 256-80-73;Дмитровское ш., 99, корп. 1, Москва;4obraza.ru;55.875 37.546;beauty
Arachin Nails&Beauty;;+7 (905) 706-55-00, +7 (925) 061-41-44;Дмитровское ш., 100, стр. 2, Москва;;55.882 37.547;beauty
Studio Kagi, студия эстетики;;+7 (919) 991-19-99;Дмитровское ш., 100, стр. 2, Москва;;55.882 37.549;beauty
Ms beautiful, студия красоты;;+7 (958) 100-72-16, +7 (916) 026-54-42;Дмитровское ш., 100, стр. 2, Москва;marinasinyaeva-studio.plp7.ru;55.882 37.548;beauty
Topgun, барбершоп;;+7 (925) 155-04-44;Дмитровское ш., 90, корп. 2, Москва;topgunbarbershop.ru , topgun.ru;55.873 37.549;beauty
SyoMark, салон красоты;+7 (499) 397-86-61;+7 (985) 774-45-95, +7 (926) 000-21-42, +7 (909) 904-00-38;Дмитровское ш., 90, корп. 2, Москва;syomark.ru;55.873 37.549;beauty
My beauty bar, студия красоты;+7 (499) 714-74-00;+7 (901) 727-34-00, +7 (904) 567-63-15;Дмитровское ш., 90, корп. 1, Москва;mybbar.ru;55.872 37.551;beauty
Glam, салон красоты;+7 (499) 487-50-04;+7 (925) 725-50-04;Дубнинская ул., 53, корп. 1, Москва;glamsalon.ru;55.872 37.558;beauty
Салон красоты Charm style;+7 (499) 900-99-07;+7 (916) 051-90-90;Дубнинская ул., 32, корп. 5, Москва;sharmstil.aqulas.me , sharmstil.ru;55.882 37.559;beauty
Студия красоты Ledy&Len Барбершоп Creative;;+7 (915) 199-77-70;Керамический пр., 53, корп. 1, Москва;;55.876 37.567;beauty
Аригола, студия красоты;;+7 (904) 567-72-69, +7 (977) 788-38-90;Алтуфьевское ш., 77, корп. 1, Москва;arigola.ru;55.878 37.581;beauty
Ogoncharova_makeup;;+7 (960) 745-81-65;Инженерная ул., 1, Москва;;55.879 37.582;beauty
JWnails;+7 (495) 149-02-99, +7 (495) 220-21-09;+7 (901) 259-92-05;Алтуфьевское ш., 85, Москва;;55.891 37.586;beauty
Цирюльникъ, салон красоты;;+7 (968) 970-00-19;Алтуфьевское ш., 72, Москва;salon-hair.ru , cirulnik.com;55.890 37.588;beauty
Marquise Studio;;+7 (910) 400-25-52;Бибиревская ул., 10, корп. 1, Москва;dikidi.net;55.882 37.602;beauty
Салон красоты Skyindigo;;+7 (904) 568-29-54, +7 (985) 540-50-99;Бибиревская ул., 4А, Москва;skyindigo.ru;55.880 37.597;beauty
BRITVA;+7 (499) 553-06-11, +7 (499) 455-18-75, +7 (499) 450-76-36, +7 (499) 450-26-01, +7 (499) 288-09-34, +7 (499) 288-02-26, +7 (499) 288-18-43, +7 (499) 553-05-39, +7 (499) 288-04-18;;Мурановская ул., 7, Москва;britvabarber.ru , bibirevo.britvabarber.ru;55.891 37.598;beauty
Салон красоты BangBoom. studio;;+7 (993) 333-08-88, +7 (901) 489-89-99;ул. Римского-Корсакова, 11, корп. 3, Москва;zoon.ru;55.875 37.598;beauty
Сеть студий маникюра Лены Лениной;;+7 (903) 223-08-52;ул. Пришвина, 22, Москва;nailsmasters.ru , clck.ru;55.886 37.602;beauty
Точка красоты, салоны красоты;+7 (495) 798-89-91;+7 (903) 798-89-91;ул. Пришвина, 22, Москва;tochkafamily.ru;55.885 37.602;beauty
Салон красоты ЛакМусс на Римского -Корсакова;;+7 (999) 831-37-21;ул. Римского-Корсакова, 11, корп. 8, Москва;lakmuss20.ru;55.876 37.603;beauty
Стрижка-Экспресс;;+7 (977) 346-56-23;ул. Плещеева, 8, Москва;strigka-express.ru;55.885 37.608;beauty
Салон красоты Багира;+7 (499) 938-61-39;+7 (910) 484-44-54;ул. Плещеева, 12А, Москва;bagira-lux.ru;55.886 37.611;beauty
Имиджлюкс;;+7 (925) 391-00-40;Юрловский пр., 14, корп. 1, Москва;imagelux.ru;55.878 37.613;beauty
Maгия Асти;+7 (499) 499-59-01;+7 (925) 545-01-67;ул. Молодцова, 29, корп. 2, Москва;magic-asti.ru;55.879 37.624;beauty
МММ, барбершоп;+7 (499) 798-09-99;+7 (993) 888-11-15;Ясный пр., 8, корп. 3, Москва;;55.875 37.631;beauty
Салон красоты Сестёр Малиновских;;+7 (919) 139-51-60, +7 (977) 800-45-54;Ясный пр., 4, корп. 1, Москва;;55.872 37.631;beauty
Лакки мама, студия красоты;;+7 (991) 928-30-69;Полярная ул., 22, Москва;lakimama.tilda.ws;55.880 37.638;beauty
Nati dream`s, салон красоты;+7 (495) 255-22-64, +7 (495) 471-55-52, +7 (495) 414-22-13, +7 (495) 123-34-34, +7 (495) 255-12-93;+7 (905) 123-45-45, +7 (905) 456-58-95, +7 (925) 509-98-44, +7 (985) 998-94-09;ул. Молодцова, 4А, Москва;natidreams.ru , okna97.ru;55.879 37.642;beauty
Miss o nails, салон красоты;;+7 (985) 741-88-66, +7 (904) 567-84-59;пр. Шокальского, 21, Москва;miss-o-nails.ru , zoon.ru;55.879 37.644;beauty
Britva, барбершоп;;+7 (916) 146-99-91;Полярная ул., 27, корп. 4, Москва;britvabarbershop.ru , medvedkovo2.britvabarber.ru , britvabarber.ru;55.883 37.635;beauty
Шардон студио;;+7 (977) 968-88-63;Полярная ул., 27, корп. 3, Москва;chardon-studio.ru;55.882 37.635;beauty
Natalia Novikova, студия красоты;;+7 (905) 533-10-49, +7 (985) 997-19-91;Полярная ул., 27, корп. 4, Москва;natalianovikova.ru , natalianovikova.com , beauty.dikidi.net;55.883 37.636;beauty
КрисПа;;+7 (995) 577-60-79;Полярная ул., 27, корп. 4, Москва;;55.883 37.636;beauty
Beauty studio av, студия красоты;+7 (495) 235-05-05;;Полярная ул., 30, корп. 3, Москва;beautystudioav.ru;55.882 37.641;beauty
Кэбби;;+7 (904) 568-19-37;ул. Молодцова, 4А, Москва;kebbi.ru;55.879 37.642;beauty
Tat. nails;;+7 (925) 377-11-42;ул. Молодцова, 4А, Москва;dikidi.net;55.879 37.642;beauty
Мосстрижка;+7 (499) 473-95-79;+7 (965) 439-40-10;пр. Шокальского, 29, корп. 2, Москва;;55.881 37.646;beauty
Blash;+7 (499) 479-45-01;+7 (999) 842-96-98, +7 (977) 830-54-02;Полярная ул., 54, корп. 2, Москва;;55.892 37.647;beauty
Natalie style, салон красоты;+7 (499) 348-88-71, +7 (499) 113-68-31;+7 (985) 988-57-81;Сухонская ул., 7, Москва;;55.876 37.653;beauty
Точка сбора мусора;;+7 (968) 522-22-12;ул. Тихомирова, 17, корп. 1, Москва;tochkafamily.ru;55.886 37.653;beauty
Iriza, салон красоты;+7 (499) 478-19-10;+7 (925) 518-53-43;Широкая ул., 3, корп. 3, Москва;iriza.clients.site;55.889 37.654;beauty
Стилист-визажист Семенова Светлана;;+7 (915) 270-42-98;пр. Шокальского, 49, корп. 2, Москва;stilistsveta.ru;55.883 37.656;beauty
Эконом-парикмахерская;+7 (499) 478-38-27;+7 (926) 627-76-10, +7 (904) 567-43-28;Широкая ул., 5, корп. 4, Москва;;55.890 37.656;beauty
Ricot, салон красоты;+7 (499) 136-37-47;+7 (926) 324-85-58, +7 (903) 136-37-47, +7 (926) 140-24-81;Широкая ул., 9, корп. 2, Москва;ricot.ru;55.889 37.658;beauty
Ekaterina Kort;;+7 (916) 589-58-98;Широкая ул., 9, корп. 2, Москва;permanentkatikort.ru;55.889 37.658;beauty
Сеть студий маникюра Лены Лениной;;+7 (968) 461-39-02;Широкая ул., 13А, Москва;nailsmasters.ru , clck.ru;55.888 37.663;beauty
Воображуля, семейная парикмахерская;+7 (499) 340-43-74;;Староватутинский пр., 14, Москва;msk.voobrajulya.ru;55.876 37.666;beauty
Точка красоты, салоны красоты;+7 (495) 023-23-13, +7 (495) 108-45-24;+7 (901) 356-40-46;Осташковская ул., 28, Москва;tochkafamily.ru;55.891 37.675;beauty
Миаполь, салон красоты;;+7 (995) 333-77-99;Тайнинская ул., 9, Москва;miapol.ru , n501657.yclients.com;55.882 37.682;beauty
JoliJoli nail bar;;+7 (958) 100-60-57;ул. Лётчика Бабушкина, 39, Москва;;55.875 37.676;beauty
NEOMiR. club;+7 (495) 698-45-38, +7 (499) 251-83-00, +7 (499) 973-09-24, +7 (499) 187-75-06, +7 (499) 136-83-83;+7 (903) 136-83-83;Широкая ул., 30, Москва;neomir.club;55.886 37.678;beauty
Mimishka;;+7 (929) 587-73-70;ул. Лётчика Бабушкина, 39, корп. 3, Москва;;55.875 37.678;beauty
Перманентный макияж;;+7 (915) 093-22-29;Изумрудная ул., 32, Москва;;55.874 37.688;beauty
Ts-studio, студия ногтевого сервиса;;+7 (966) 888-19-04;Челюскинская ул., 11, Москва;ts-studio.su;55.883 37.705;beauty
Президент, студия красоты;+7 (495) 410-22-46;;Челюскинская ул., 11, Москва;st-prezident.ru;55.883 37.706;beauty
Greeniti, салон красоты;+7 (495) 648-50-59;+7 (916) 650-43-02;Ярославское ш., 136, Москва;;55.875 37.717;beauty
Nail Bar Pion;;+7 (903) 013-88-88, +7 (903) 790-55-80;Ярославское ш., 146, корп. 1, Москва;zoon.ru , salon-pion.ru;55.878 37.731;beauty
Shvets_hair;;+7 (905) 580-38-90;Ярославское ш., 146, корп. 1, Москва;;55.878 37.732;beauty
FashiON, салон красоты;;+7 (967) 037-18-73, +7 (968) 373-91-94;Новокуркинское ш., 51, Москва;fashion-studio-salon.clients.site;55.911 37.389;beauty
Barber corner, мужская парикмахерская;;+7 (926) 045-72-27;Родионовская ул., 12, Москва;barbercorner.ru;55.895 37.389;beauty
Organic Beauty Club;;+7 (926) 220-90-99;Соколово-Мещерская ул., 36, Москва;organicbeautyclub.ru;55.906 37.387;beauty
Авторская студия Натальи Бабиковой;;+7 (915) 324-56-55;Юровская ул., 95, Москва;natalyababikova.ru;55.900 37.377;beauty
La Studio Ресницы Маникюр;;+7 (966) 000-06-77, +7 (916) 370-71-71;Родионовская ул., 18, корп. 1, Москва;lastudio.online;55.892 37.385;beauty
Студия маникюра Ultramarin;;+7 (926) 006-62-37;Новокуркинское ш., 47, Москва;;55.905 37.389;beauty
Purple;;+7 (966) 666-47-06;Новокуркинское ш., 51, Москва;purplebeauty.ru;55.909 37.389;beauty
Turbo Laser!;;+7 (901) 259-41-84, +7 (977) 437-96-20;Новокуркинское ш., 43, Москва;turbo-laser.ru;55.903 37.389;beauty
Ya & Beauty;;+7 (925) 870-77-00, +7 (980) 697-83-06;Родионовская ул., 10, корп. 1, Москва;ya-beauty.center , ya-beauty-salon.ru;55.895 37.389;beauty
Pride, барбершоп;;+7 (967) 112-10-00;Новокуркинское ш., 35, Москва;pridebarbershop.ru;55.901 37.393;beauty
Avokado, студия красоты;;+7 (901) 536-83-43;Родионовская ул., 2, Москва;avokado-kurkino.plp7.ru;55.895 37.400;beauty
Тинта;+7 (495) 149-09-00;+7 (965) 125-21-56;Новокуркинское ш., 33, Москва;tintanailstudio.ru;55.901 37.394;beauty
Николина забота, первый выездной центр красоты и здоровья;+7 (495) 798-41-33;;Лобненская ул., 21, стр. 2, Москва;nikolinazabota.ru;55.896 37.519;beauty
Edem, студия красоты;+7 (495) 483-11-26;+7 (925) 242-31-11;Карельский бул., 5, Москва;;55.893 37.533;beauty
Люсия;;+7 (929) 999-31-41;Псковская ул., 5, корп. 3, Москва;lusiya-studio.ru;55.905 37.548;beauty
Time, салон красоты;+7 (499) 504-54-83;+7 (977) 434-31-71;Псковская ул., 7, корп. 1, Москва;salontime.ru;55.905 37.551;beauty
Союз профессионалов, салон красоты;;+7 (917) 595-62-52;Дубнинская ул., 46, Москва;spsalon.ru;55.892 37.558;beauty
Афростудия;+7 (495) 943-26-24;+7 (901) 593-26-24;Дубнинская ул., 50, Москва;афробрейд.рф;55.893 37.558;beauty
Glamor Beauty Lab, салон красоты;;+7 (968) 482-02-22;Абрамцевская ул., 11, корп. 3, Москва;glamor.clients.site;55.906 37.573;beauty
Точка красоты, салоны красоты;+7 (495) 797-74-73;+7 (958) 822-09-11;Череповецкая ул., 18, Москва;tochkafamily.ru , n289908.yclients.com;55.898 37.579;beauty
Моё удовольствие, салон-парикмахерская;+7 (499) 908-00-16;;Алтуфьевское ш., 89, Москва;mplzr.ru;55.895 37.586;beauty
Elegante, салон красоты;+7 (495) 230-22-36;+7 (903) 709-81-79;Алтуфьевское ш., 88, Москва;teh-lux.ru;55.899 37.589;beauty
Салон-Ю;;+7 (985) 811-22-77;Абрамцевская ул., 14, корп. 1, Москва;салон-ю.рф;55.901 37.575;beauty
Точка красоты, салоны красоты;+7 (495) 128-04-34;;Мурановская ул., 12, Москва;tochkafamily.ru;55.896 37.604;beauty
FIDEL, барбершоп;;+7 (916) 361-99-66;ул. Лескова, 14, Москва;n619871.yclients.com , altufevo.fidelbarbershop.ru , fidelbarbershop.ru;55.897 37.604;beauty
Стиль-визаж, салон красоты и здоровья;+7 (499) 205-00-64;;ул. Лескова, 22, Москва;google.ru , stilvizag.ru;55.896 37.611;beauty
Sona, салон красоты;+7 (499) 207-39-90;+7 (926) 935-43-44, +7 (929) 530-48-11;ул. Корнейчука, 52, Москва;zoon.ru;55.895 37.626;beauty
Ваш, салон красоты;+7 (495) 142-88-20;+7 (977) 500-38-66, +7 (925) 328-90-20;Студёный пр., 7А, Москва;zoon.ru , vash-salon-krasoty.ru;55.893 37.662;beauty
Точка Красоты;;+7 (903) 968-58-54;МКАД, 87-й километр, 8, Москва;tochkafamily.ru;55.899 37.629;beauty
Л-стиль, салон красоты;;+7 (926) 851-74-15, +7 (916) 454-87-00;Студёный пр., 28, Москва;;55.893 37.668;beauty
Studio_morozova_family;;+7 (903) 169-87-78;Дмитровское ш., 169, корп. 9, Москва;;55.931 37.541;beauty
Империя Маникюра;;+7 (905) 713-88-99, +7 (985) 311-99-07;Дмитровское ш., 165Е, корп. 1, Москва;imperiamanicura.ru;55.925 37.544;beauty
Stilnaya Semya;+7 (499) 661-57-77;+7 (903) 596-84-94, +7 (967) 098-70-74;Дмитровское ш., 165Е, корп. 6, Москва;стильная-семья.com;55.925 37.544;beauty
Райon, студия красоты;;+7 (968) 443-73-44;Дмитровское ш., 169, корп. 1, Москва;myrayon.ru;55.930 37.545;beauty
Ekaterinails_studio;;+7 (985) 848-98-10;Дмитровское ш., 122Г, корп. 1, стр. 1, Москва;dikidi.net;55.920 37.547;beauty
Салон красоты The Flat beauty and SPA;;+7 (903) 772-01-01;Дмитровское ш., 122Г, корп. 1, Москва;salonflat.ru;55.921 37.547;beauty
MissNails;;+7 (915) 366-05-50;Дмитровское ш., 124А, Москва;;55.925 37.549;beauty
Be dazzled, салон красоты;;+7 (917) 516-77-84;бул. Академика Ландау, 1, Москва;bedazzled.clients.site , zoon.ru , be-dazzled.ru , b121789.yclients.com;55.920 37.550;beauty
Северное сияние, салон красоты;;+7 (925) 806-45-08;9-я Северная линия, 23, корп. 2, Москва;salonsevernoe.ru;55.933 37.551;beauty
ZĒN Beauty, салон красоты;+7 (499) 940-27-43;+7 (916) 760-00-38;Адмирала Лазарева улица, 38;n428512.yclients.com;55.545 37.525;beauty
Весёлая расчёска;+7 (495) 664-62-57, +7 (495) 721-47-91;+7 (966) 312-02-41, +7 (925) 378-50-58, +7 (925) 616-62-57;просп. Андропова, 22, Москва;moskva.raschyoska.ru;55.682 37.661;beauty
Singapore, салон красоты;+7 (495) 777-07-60;+7 (919) 992-67-77;улица Малая Пироговская, 8;;55.729 37.570;beauty
Studio SV;+7 (495) 751-68-46;+7 (905) 778-57-73, +7 (906) 050-80-53, +7 (902) 568-49-47;Пятницкое ш., 35, Москва;;55.853 37.360;beauty
Sundex, студия красоты;;+7 (977) 497-26-26, +7 (985) 780-19-45;Городская ул., 20, Троицк;;55.492 37.316;beauty
Мощъ;;+7 (925) 773-74-74;ул. Маршала Ерёменко, 5, корп. 2, Москва;moshbarbers.ru;55.712 37.947;beauty
An. Sergovna;;+7 (916) 189-53-02;Дмитровское ш., 51, корп. 1, Москва;;55.842 37.569;beauty
Cosmo;;+7 (930) 333-76-02;Ленинградский просп., 45, корп. 3, Москва;cosmo-moscow.ru;55.799 37.533;beauty
Naravy;;+7 (985) 919-20-00;ул. Вертолётчиков, 5, корп. 1, Москва;;55.701 37.939;beauty
Soul;+7 (487) 290-05-19;+7 (977) 568-19-52;Михалковская ул., 16/1, Москва;;55.839 37.532;beauty
Советский;;+7 (985) 309-27-77;Ленинградский просп., 32/2, Москва;sovietstudio.com;55.785 37.570;beauty
Brush'me;;+7 (985) 411-30-10, +7 (915) 416-77-99;Ломоносовский просп., 25, корп. 3, Москва;clck.ru;55.695 37.529;beauty
LeStyle;;+7 (901) 257-23-72;Можайское ш., 4, корп. 1, Москва;lestyle-salon.ru;55.723 37.442;beauty
Студия Марии Мельниковой;;+7 (901) 256-43-52;Нежинская ул., 1, корп. 2, Москва;melnikovaschool.com;55.719 37.478;beauty
BonBon wax bar;+7 (495) 725-60-00;+7 (916) 260-77-19;Большая Садовая ул., 5, корп. 1, Москва;waxingbarmoscow.ru;55.769 37.592;beauty
Velvet;;+7 (903) 377-37-12;ул. Народного Ополчения, 49, корп. 1, Москва;;55.795 37.494;beauty
Лиса в бигудях;;+7 (925) 656-55-65;Корабельная ул., 5А, Москва;;55.686 37.699;beauty
Bomb Tattoo Studio;+7 (499) 409-87-88;+7 (996) 183-61-96, +7 (926) 321-28-95, +7 (966) 076-14-80;1-й Щемиловский пер., 16, стр. 2, Москва;zoon.ru , mstattoo.ru , tattoo-lab.ru , bombtattoo.ru;55.779 37.607;beauty
Салон красоты Марии Арнаут;;+7 (985) 217-82-42;ул. Петра Романова, 6, Москва;n579018.yclients.com;55.708 37.681;beauty
Lubov Balayage, салон красоты;;+7 (903) 979-74-30;Кусковская ул., 20А, корп. В, Москва;сложное-окрашивание-волос.рф;55.741 37.786;beauty
Praktika, центр подологии;+7 (243) 524-43-27;+7 (901) 181-11-66, +7 (989) 104-03-04, +7 (906) 063-36-66, +7 (969) 055-66-00, +7 (958) 100-64-12, +7 (999) 906-36-36;Машкова ул., 17, Москва;podopraktika.ru;55.764 37.653;beauty
Цирюльникъ, салон красоты;;+7 (916) 560-02-00;Россия, Москва, поселение Внуковское, улица Лётчика Ульянина, 5;salon-hair.ru , cirulnik.com;55.626 37.307;beauty
Jaine Frost, школа-студия красоты;+7 (499) 390-68-16;+7 (926) 269-33-35;Задонский пр., 22, Москва;jainefrost.ru;55.624 37.754;beauty
Beauty lab Rahmanov;;+7 (977) 501-91-90;Тушинская ул., 17, Москва;n407331.yclients.com , rahmanov.moscow;55.827 37.445;beauty
Точка красоты, салоны красоты;;+7 (977) 619-03-93;7-я Кожуховская ул., 9, Москва;tochkafamily.ru;55.711 37.676;beauty
Amnis SPA, салон;+7 (499) 277-72-11, +7 (499) 277-71-99;;ул. Охотный Ряд, 2, Москва;thelegendofmoscow.com;55.757 37.616;beauty
BEAUTY ISLAND by Bozhochek;;+7 (936) 666-78-68;7-я Кожуховская ул., 9, Москва;dikidi.net;55.711 37.675;beauty
Naily Studio, студия маникюра и красоты;+7 (499) 455-98-43;;Кутузовский просп., 30, Москва;naily.studio , n679127.yclients.com;55.742 37.539;beauty
Воображуля, сеть семейных парикмахерских;+7 (499) 340-43-92;+7 (926) 103-43-49;Алтуфьевское ш., 24, корп. 1, Москва;msk.voobrajulya.ru;55.863 37.585;beauty
Beauty Soul, пространство красоты;;+7 (916) 908-47-77;Пресненская наб., 10, стр. 2, Москва;beautysoul.turbo.site;55.747 37.535;beauty
Маникюр Unique Солнцево;+7 (495) 208-12-15;+7 (980) 095-71-92;Боровское ш., 6, Москва;uniquenails.ru;55.659 37.401;beauty
Lamma Brow;;+7 (905) 597-57-10;Кривоарбатский пер., 12, Москва;;55.748 37.589;beauty
Точка сбора мусора;;+7 (929) 556-04-44;Большая Марфинская ул., 4, корп. 1, Москва;tochkafamily.ru;55.827 37.594;beauty
Продукция для красоты и здоровья;;+7 (977) 998-74-77;Новоясеневский просп., 1, Москва;tochkafamily.ru , spektr-center.ru;55.619 37.509;beauty
Ti nails, студия красоты и ногтевой эстетики;;+7 (904) 567-54-07, +7 (967) 248-46-28;Новокосинская ул., 15, корп. 7, Москва;zoon.ru;55.740 37.852;beauty
Polly Shine;;+7 (929) 937-31-74;Коктебельская ул., 2, корп. 1, Москва;;55.567 37.588;beauty
SL Studio;+7 (495) 260-02-22;+7 (925) 444-51-83;Мичуринский просп., 7, Москва;;55.703 37.510;beauty
Magic beauty, салон красоты;;+7 (915) 109-89-59;Валовая ул., 26, Москва;;55.731 37.628;beauty
Диваж, салон красоты;+7 (495) 462-53-66;+7 (925) 585-98-95;Щёлковское ш., 69, стр. 2, Москва;;55.810 37.795;beauty
Прованс, салон красоты;;+7 (926) 903-27-77;Калужское ш., 108Б, село Вороново;;55.319 37.154;beauty
Перфетто, салон красоты;;+7 (925) 203-31-03, +7 (925) 145-77-27, +7 (965) 330-34-02;Калужское ш., 9А, село Красная Пахра;;55.428 37.274;beauty
Фламинго;;+7 (916) 001-85-88;54, посёлок Щапово;salon-krasoty-flamingo.ru;55.419 37.407;beauty
Vogue, студия красоты;;+7 (985) 358-17-48;Академика Черенкова, 3;;55.469 37.289;beauty
Карина, салон красоты;+7 (495) 722-89-66;+7 (999) 829-38-30, +7 (909) 999-15-16, +7 (903) 722-89-66;Солнечная ул., 9, Троицк;karina-troick.com;55.469 37.290;beauty
НьЮ;;+7 (903) 196-87-14;Троицкий бул., 3, Троицк;;55.468 37.289;beauty
Чио Чио;;+7 (929) 565-88-89, +7 (980) 697-65-38;Солнечная ул., 9, Троицк;kazan.chio-chio.ru , chio-chio.ru;55.469 37.290;beauty
Арти, салон красоты;+7 (499) 951-94-84;+7 (916) 299-26-34, +7 (964) 557-50-05;Троицкий бул., 7, Троицк;артиспа.рф;55.467 37.291;beauty
Babor Beauty, студия красоты;+7 (495) 369-98-53, +7 (495) 988-28-04, +7 (495) 190-73-46;+7 (909) 989-88-11;Сиреневый бул., 5, Троицк;baborspa.ru;55.470 37.296;beauty
Домино, салон красоты;+7 (495) 856-90-97;+7 (965) 367-67-75;Академическая площадь, 1, Троицк;ск-домино.рф , sk-domino.usluga.me;55.485 37.304;beauty
Изумрудный город, SPA-салон;+7 (499) 272-24-45, +7 (495) 851-01-62;+7 (963) 698-68-75;Центральная ул., 12, Троицк;spa-gorod.ru;55.472 37.304;beauty
Черная Кость;;+7 (977) 605-60-77, +7 (963) 976-66-76, +7 (926) 339-29-39, +7 (903) 226-68-86, +7 (968) 811-83-89, +7 (977) 992-23-99, +7 (903) 225-21-21, +7 (995) 902-18-88, +7 (926) 799-02-02;Академическая площадь, 3, Троицк;blackbone.ru;55.484 37.305;beauty
Жемчуг, салон красоты;+7 (495) 201-33-42;+7 (925) 046-85-99, +7 (964) 643-08-97;1, микрорайон Родники, посёлок Знамя Октября;salonrodniki.ru;55.472 37.544;beauty
Марина, салон красоты;+7 (495) 777-53-52;+7 (926) 589-91-49;Радужная ул., 2, Троицк;marina-raduzhnaja-ulitsa.clients.site;55.491 37.312;beauty
Эстетика, салон красоты;+7 (495) 532-61-70;+7 (926) 625-62-77, +7 (981) 713-15-06;Городская ул., 24, Троицк;estetikastudia.ru , mobile.sonline.su;55.492 37.313;beauty
Ольга, салон красоты;;+7 (977) 649-63-31;Москва, поселение Десеновское, улица Дмитрия Рябинкина, 5;;55.506 37.332;beauty
Клеопатра, салон красоты;+7 (499) 394-27-93;;ул. Захарьинские Дворики, 3, Москва;;55.502 37.576;beauty
Лиана, парикмахерская для всей семьи;+7 (499) 232-30-30, +7 (495) 384-94-11;;ул. Брусилова, 27, корп. 1, Москва;salonliana.ru;55.502 37.591;beauty
Жемчужина, студия-салон красоты;;+7 (903) 121-99-39, +7 (926) 793-54-04;ул. Маршала Савицкого, 30, корп. 1, Москва;;55.503 37.598;beauty
Тату-салон;;+7 (977) 903-42-04;Центральная ул., 9, посёлок Птичное;tattoo-tatu-moscow.simdif.com;55.521 37.221;beauty
Мой Силуэт;+7 (499) 132-11-55, +7 (499) 132-11-73;+7 (916) 236-97-56, +7 (915) 333-23-24;Москва, поселение Десеновское, 2-я Нововатутинская улица, 1;my-silhouette.ru;55.516 37.351;beauty
Мой салон, студия бьюти-коворкинга;+7 (495) 642-57-79;+7 (903) 797-00-50, +7 (916) 473-31-34, +7 (909) 689-82-59, +7 (925) 680-89-93, +7 (985) 034-13-77;Москва, поселение Десеновское, 1-я Нововатутинская улица, 3;mysalon.pro;55.517 37.354;beauty
Имидж студия Елены Зябловой;+7 (495) 659-68-60;;посёлок подсобного хозяйства Воскресенское, 39;;55.532 37.447;beauty
Shic&lac;+7 (495) 298-28-98, +7 (495) 323-89-83;+7 (925) 891-50-80, +7 (904) 567-58-05, +7 (977) 778-10-44;Россия, Москва, поселение Воскресенское, Чечёрский проезд, 51;shic-lac.ru , shiclac.ru;55.525 37.518;beauty
For You, студия красоты;;+7 (984) 888-55-44;Центральная ул., 27, посёлок Первомайское;;55.536 37.154;beauty
Студия красоты Анны Ромашкиной;;+7 (963) 963-92-62, +7 (988) 246-45-55;40, корп. 1, посёлок подсобного хозяйства Воскресенское;;55.533 37.451;beauty
Assem, центр косметологии;+7 (495) 025-66-81;+7 (925) 111-75-75, +7 (925) 111-75-55;ул. Александры Монаховой, 94, корп. 3, посёлок Коммунарка;assem-clinic.ru;55.542 37.479;beauty
Завод, барбершоп;+7 (499) 444-22-67;+7 (977) 327-78-87;ул. Александры Монаховой, 90, корп. 1, посёлок Коммунарка;zavod-barber.ru;55.544 37.484;beauty
Молли;;+7 (925) 148-66-68;ул. Александры Монаховой, 92, корп. 2, посёлок Коммунарка;;55.543 37.486;beauty
Восьмое небо, студия красоты;+7 (499) 385-88-58;+7 (964) 642-48-75, +7 (901) 147-91-93, +7 (980) 697-78-05;ул. Александры Монаховой, 96, корп. 2, посёлок Коммунарка;vosmoe-nebo.ru;55.541 37.487;beauty
Ольга, салон красоты;+7 (495) 714-12-36;+7 (919) 772-43-63;ул. Адмирала Лазарева, 58, Москва;;55.541 37.511;beauty
Эльза, салон красоты;;+7 (926) 916-05-45;ул. Потаповская Роща, 18, корп. 2, посёлок Коммунарка;potapova-studio.ru;55.551 37.501;beauty
XXI век, салон красоты;+7 (495) 715-57-81, +7 (495) 715-57-90, +7 (495) 414-33-82;;Южнобутовская ул., 113, Москва;salon21vek.ru;55.534 37.518;beauty
Злата, салон красоты;+7 (499) 375-10-20;+7 (904) 567-57-10, +7 (925) 580-38-65;ул. Адмирала Лазарева, 45, Москва;salonzlata.ru;55.541 37.518;beauty
Beauty, салон красоты;;+7 (968) 636-42-69;Южнобутовская, 91;zoon.ru;55.535 37.522;beauty
Твой стиль, салон-парикмахерская;+7 (495) 714-52-09;;ул. Адмирала Лазарева, 40, Москва;;55.544 37.523;beauty
Александра, парикмахерская;+7 (495) 715-57-72;+7 (977) 495-11-85;Южнобутовская ул., 99, Москва;;55.534 37.521;beauty
Софья;+7 (495) 715-89-36, +7 (495) 476-68-03, +7 (499) 743-69-73;+7 (925) 590-72-17;Южнобутовская ул., 66, Москва;spsofia.ru , salonsofia.ru;55.535 37.525;beauty
Лилами, салон красоты;+7 (495) 715-79-62, +7 (495) 120-07-88, +7 (495) 715-68-09;+7 (926) 940-51-12, +7 (926) 226-32-15;Южнобутовская ул., 61, Москва;lilami.ru;55.536 37.530;beauty
Oldboy barbershop, международная мужская парикмахерская;;+7 (916) 459-68-63;Чечёрский пр., 56, корп. 1, Москва;oldboybarbershop.com;55.533 37.527;beauty
Твой парикмахер, салон красоты;+7 (495) 714-15-63;;Чечёрский пр., 56, корп. 1, Москва;tvoyparik.ru;55.533 37.528;beauty
Beauty Queen;;+7 (905) 763-78-54;Южнобутовская ул., 50, Москва;beauty-queen.bitrix24.site;55.539 37.533;beauty
Восторг, салон-парикмахерская;;+7 (926) 075-72-77;аллея Витте, 2, Москва;;55.550 37.539;beauty
Елена, салон-парикмахерская;+7 (495) 716-29-54;;Венёвская ул., 10, Москва;elena-butovo.ru;55.544 37.547;beauty
Ангел, SPA-салон;+7 (495) 669-56-16;+7 (931) 009-59-32, +7 (915) 294-81-02;Венёвская ул., 6, Москва;spaangel.ru;55.548 37.543;beauty
Салон-парикмахерская;;+7 (904) 567-51-07;бул. Адмирала Ушакова, 2, Москва;salon-parikmaherskaya-na-bulvare-admirala-ushakova-2.ru;55.549 37.554;beauty
Laze, салон красоты;+7 (499) 743-35-03;+7 (929) 575-43-77;Скобелевская ул., 19, корп. 2, Москва;studio-laze.ru;55.548 37.557;beauty
Салон красоты;+7 (495) 717-46-54, +7 (499) 793-08-72;+7 (904) 567-51-34;Скобелевская ул., 23, корп. 6, Москва;salon-skobelevskaya.ru;55.549 37.560;beauty
Simple, салон красоты;;+7 (926) 676-16-85;2-я Мелитопольская ул., 21, корп. 3, Москва;;55.539 37.581;beauty
Спарадай, клиника косметологии и СПА;+7 (495) 220-90-35, +7 (495) 220-90-36, +7 (495) 220-90-39;;Ясеневая ул., 1, корп. 1, д. Сосенки;sparadai.ru;55.567 37.444;beauty
4 Стиля;;+7 (995) 099-56-09;Москва, поселение Сосенское, улица Василия Ощепкова, 6;4-style.ru;55.555 37.467;beauty
Моника, салон красоты;;+7 (968) 626-61-61, +7 (968) 044-42-23, +7 (977) 266-61-16;Лазурная ул., 6, посёлок Коммунарка;salon-krasoty-monika.com;55.569 37.472;beauty
Анна, салон красоты;;+7 (926) 639-77-42;посёлок Коммунарка, 20;anna-kommunarka.ru;55.572 37.474;beauty
Ombre, студия красоты;+7 (495) 969-13-11;+7 (967) 010-71-11;ул. Александры Монаховой, 23, посёлок Коммунарка;ombrebeauty.ru;55.569 37.480;beauty
Familia, салон красоты;+7 (499) 399-38-70;;ул. Липовый Парк, 8, корп. 2, посёлок Коммунарка;salonfamilia.eu , kelisis.wixsite.com;55.570 37.488;beauty
Hair expert, лаборатория красоты;+7 (499) 110-84-78;+7 (926) 710-87-37;ул. Липовый Парк, 7, корп. 2, посёлок Коммунарка;yarkova-expert.ru;55.567 37.490;beauty
Фавори, салон красоты;;+7 (977) 858-29-28;ул. Липовый Парк, 5, корп. 1, посёлок Коммунарка;salonfavori.ru;55.570 37.491;beauty
Семейный досуг, салон красоты;+7 (495) 968-38-99, +7 (495) 104-21-79;+7 (903) 968-38-99;ул. Липовый Парк, 5, корп. 1, посёлок Коммунарка;moisemeinii.ru;55.569 37.492;beauty
Мечты Сбываются;;+7 (925) 734-33-31;Москва, поселение Сосенское, Скандинавский бульвар, 5, корп. 2;project5463418.tilda.ws;55.566 37.500;beauty
Технология, студия красоты;;+7 (926) 346-00-77;ул. Поляны, 5, Москва;;55.557 37.555;beauty
Лета;;+7 (925) 088-11-51;ул. Поляны, 5, Москва;;55.558 37.555;beauty
А-студия, салон красоты;;+7 (909) 666-19-39;ул. Поляны, 5А, корп. 1, Москва;a-studio-msk.ru;55.555 37.555;beauty
Для всей семьи;+7 (495) 133-62-53;+7 (965) 152-54-69;ул. Поляны, 5А, корп. 3, Москва;meconnect.ru;55.555 37.557;beauty
Красивые люди;;+7 (926) 763-48-04;Изюмская ул., 22, корп. 3, Москва;;55.552 37.557;beauty
Lazy Beauty Preventage;+7 (495) 363-87-11;+7 (903) 363-87-11, +7 (985) 787-83-82, +7 (915) 380-07-00;Старокрымская ул., 15, корп. 2, Москва;lazybeauty-butovo.ru;55.557 37.559;beauty
Руками и Сердцем, студия массажа и коррекции фигуры;+7 (495) 255-00-86;;ул. Грина, 40, корп. 1, Москва;ris-massage.ru;55.570 37.566;beauty
Салон красоты LeGloss;+7 (499) 744-10-27;+7 (977) 411-10-27;ул. Грина, 30, Москва;ylink.me;55.568 37.570;beauty
Самая самая, парикмахерская;+7 (495) 659-13-18;+7 (929) 577-00-30;ул. Грина, 28, Москва;samayasamaya.com;55.568 37.571;beauty
Олива;+7 (495) 003-00-23;+7 (926) 805-87-96;ул. Грина, 28, Москва;salonoliva.ru;55.568 37.571;beauty
Кабинет красоты Светланы Гришиной;;+7 (926) 191-61-20;ул. Грина, 18, Москва;salonsharm.ru;55.565 37.580;beauty
Пальчики, ногтевая студия;+7 (495) 980-26-67, +7 (495) 150-41-49;+7 (903) 724-15-34, +7 (967) 480-35-55, +7 (965) 258-87-75, +7 (922) 605-75-73, +7 (964) 500-74-50, +7 (963) 121-33-70, +7 (906) 627-40-58;ул. Грина, 24, Москва;palchiki.com;55.566 37.577;beauty
Территория красоты, кабинет мастера;+7 (495) 011-20-72;+7 (967) 119-18-17, +7 (903) 131-22-81;Коктебельская ул., 4А, Москва;;55.566 37.584;beauty
Ville de beaute, салон красоты;;+7 (909) 675-43-68, +7 (901) 719-87-82;бул. Дмитрия Донского, 6, Москва;mchost.ru;55.569 37.575;beauty
Красивые люди;;+7 (904) 567-66-30, +7 (904) 567-66-28;бул. Дмитрия Донского, 6, Москва;zoon.ru , krasivye-lyudi.ru;55.569 37.575;beauty
Shic&lac;;+7 (904) 567-57-95;Старокачаловская ул., 5А, Москва;shic-lac.ru , shiclac.ru;55.569 37.579;beauty
Каре, салон красоты;;+7 (968) 544-43-33;Старокачаловская ул., 3, корп. 1, Москва;;55.568 37.584;beauty
Элит-студио, салон красоты;+7 (495) 713-89-72, +7 (495) 713-89-81;+7 (926) 679-51-99;Старокачаловская ул., 4, Москва;elit-studio.beauty , elit-studio.com;55.569 37.591;beauty
OldBoy Barbershop;;+7 (916) 491-27-37;Москва, поселение Сосенское, бульвар Веласкеса, 2;oldboybarbershop.com;55.592 37.455;beauty
Студия 21, салон красоты;;+7 (963) 651-12-21;Бачуринская ул., 21, посёлок Коммунарка;salonstudio21.ru;55.574 37.490;beauty
Пион;;+7 (987) 786-78-98;Бачуринская ул., 8А, стр. 1, посёлок Коммунарка;;55.576 37.477;beauty
Астра в Бутово, салон красоты;+7 (495) 665-06-34, +7 (499) 343-12-86;+7 (926) 746-67-73;Куликовская ул., 6, Москва;astra.moscow , astra.salon , astra.luxe;55.574 37.565;beauty
Собея, студия красоты;;+7 (926) 491-15-41;ул. Знаменские Садки, 9, корп. 1, Москва;sobeya.ru;55.573 37.568;beauty
Моджо;+7 (495) 712-44-47;+7 (926) 910-88-28, +7 (966) 666-56-83;ул. Знаменские Садки, 5, корп. 1, Москва;salonmojo.ru;55.572 37.571;beauty
Мишель, салон красоты;+7 (495) 712-17-72;;ул. Знаменские Садки, 3, корп. 1, Москва;;55.572 37.573;beauty
Восторг, маникюр-кафе;;+7 (977) 977-55-01;Старобитцевская ул., 21, корп. 2, Москва;vostorg.info;55.578 37.577;beauty
Облачко, детская парикмахерская;+7 (499) 226-17-15;+7 (985) 944-02-67;бул. Дмитрия Донского, 1, Москва;облачко.com;55.575 37.580;beauty
Maison de charme, студия маникюра;;+7 (903) 240-39-22, +7 (985) 852-65-50;Варшавское ш., 160, корп. 2, Москва;maison-de-charme.ru;55.584 37.592;beauty
Комильфо, салон красоты;+7 (495) 388-05-55;+7 (963) 712-06-20;Варшавское ш., 152, корп. 11, Москва;ckkomilfo.com;55.590 37.597;beauty
Кайман;;+7 (926) 141-12-42;Варшавское ш., 141, корп. 12, Москва;caymanbarber.ru;55.589 37.604;beauty
Авилена, салон красоты;;+7 (930) 992-16-11;Варшавское ш., 141А, корп. 4, Москва;авилена.рф;55.584 37.604;beauty
X-one, салон красоты;;+7 (977) 712-23-00;Варшавское ш., 141, корп. 12, Москва;x-one.moscow;55.589 37.604;beauty
Пикассо, студия красоты;;+7 (926) 441-17-20;Варшавское ш., 141А, корп. 4, Москва;pikasso-studio.ru;55.585 37.604;beauty
Студия красоты;;+7 (901) 257-13-02;Востряковский пр., 7, корп. 2, Москва;studiya-krasoty-v-vostryakovskom-proezde.ru;55.581 37.643;beauty
Нимфа, салон красоты;;+7 (926) 574-44-98, +7 (903) 624-71-43;Медынская ул., 14, корп. 1, Москва;nimfa-style.ru;55.584 37.646;beauty
Borodach, барбершоп;+7 (495) 970-24-71;;Бирюлёвская ул., 43, Москва;borodach-birulevo.ru , birulevo.borodach.com , borodach.com;55.587 37.666;beauty
Шоколад, салон красоты;+7 (495) 669-86-98;+7 (977) 898-36-00;Бирюлёвская ул., 56, стр. 2, Москва;salon-chocolate.com , chocolate-salon.com;55.582 37.669;beauty
Классика, салон красоты и здоровья;+7 (495) 414-48-56, +7 (495) 655-12-87, +7 (495) 329-87-54;+7 (901) 778-20-53;Загорьевская ул., 17, Москва;classicasalon.ru;55.581 37.690;beauty
Стрекоза;;+7 (967) 297-77-99;Бирюлёвская ул., 51, Москва;;55.582 37.672;beauty
Завод, барбершоп;;+7 (966) 666-41-78;Ягодная ул., 8, корп. 1, Москва;zavodbarber.ru , zavod-barber.ru;55.577 37.674;beauty
Даллас;;+7 (926) 413-04-14;Ягодная ул., 8, корп. 1, Москва, Россия;;55.577 37.674;beauty
Бархат, салон красоты;+7 (495) 409-20-13;;Ягодная ул., 4, Москва;;55.578 37.676;beauty
Пальчики;+7 (495) 909-24-50;;бул. Веласкеса, 5, корп. 4;palchiki.com;55.593 37.458;beauty
Теамо, студия красоты;;+7 (991) 311-45-50;Москва, поселение Сосенское, бульвар Веласкеса, 5, корп. 2;n207838.yclients.com;55.593 37.459;beauty
Диагональ, студия красоты;;+7 (915) 258-11-46;Россия, Москва, поселение Сосенское, бульвар Веласкеса, 9, корп. 2;zoon.ru , n487502.yclients.com;55.594 37.462;beauty
Коколоко Бьюти;+7 (495) 374-71-84;;Москва, поселение Сосенское, бульвар Веласкеса, 8;cokoloco.com;55.593 37.462;beauty
Мирадор, салон красоты;+7 (495) 421-46-96, +7 (495) 421-97-66;+7 (985) 890-94-76;Новоясеневский просп., 16, корп. 1, Москва;miradorspa.ru;55.608 37.522;beauty
Шоколад, салон красоты;+7 (495) 227-83-34;+7 (985) 227-83-34, +7 (903) 972-86-17;Литовский бул., 6, корп. 4, Москва;;55.609 37.531;beauty
Стричь да брить;;+7 (915) 048-23-12;Новоясеневский просп., вл7, Москва;tckalita.ru;55.607 37.532;beauty
Пальчики, ногтевая студия;+7 (495) 374-81-40;+7 (925) 100-02-42;Новоясеневский просп., 9, Москва;palchiki.com;55.609 37.537;beauty
Персона, имидж-лаборатория;+7 (495) 488-65-58, +7 (499) 444-54-15;+7 (926) 851-59-52;Новоясеневский просп., 9, Москва;persona-yasenevo.ru;55.609 37.537;beauty
Обыкновенное чудо, салон красоты и фитнеса;+7 (495) 414-39-21, +7 (495) 425-21-00, +7 (495) 426-79-77;+7 (999) 798-01-73;Ясногорская ул., 2, Москва;salonkrasoty-chudo.ru;55.610 37.537;beauty
У Алисы, салон-парикмахерская;+7 (495) 421-53-22;+7 (985) 002-78-88;ул. Паустовского, 8, корп. 3, Москва;salonyalise.com;55.600 37.536;beauty
Студия 38;+7 (495) 427-70-11;;Новоясеневский просп., 38, корп. 1, Москва;stu38dio.ru;55.603 37.545;beauty
Мариса, салон красоты;+7 (495) 425-39-03;+7 (977) 985-39-03;Соловьиный пр., 16А, Москва;;55.606 37.556;beauty
Салон красоты и массажа ИрЛен;+7 (495) 626-29-26, +7 (495) 118-22-76;+7 (980) 697-80-56, +7 (926) 865-74-72;ул. Красного Маяка, 22, корп. 5, Москва;salonirlen.ru;55.611 37.576;beauty
Laser-cleaning, студия;;+7 (985) 951-89-90;Чертановская ул., 66, корп. 1, Москва;laser-cleaning.clients.site;55.596 37.587;beauty
Прайм студия, салон красоты;+7 (495) 627-65-25;;Чертановская ул., 48, корп. 3, Москва;prime-studio.okis.ru , prime-studio.pro;55.607 37.590;beauty
Мой Тай, массажный салон;+7 (499) 226-14-58;;ул. Академика Янгеля, 1, Москва;moy-tai.ru;55.595 37.597;beauty
Велья, салон красоты;+7 (495) 316-06-11, +7 (495) 387-10-11;;Чертановская ул., 45, корп. 1, Москва;veliadmd.ru , veliabeauty.ru;55.607 37.592;beauty
Ваниль, салон красоты;+7 (495) 749-35-39;+7 (903) 549-35-39;Варшавское ш., 152, корп. 4, Москва;vanillesalon.ru;55.593 37.596;beauty
SPA Массаж;;+7 (901) 543-73-16;ул. Академика Янгеля, 3, корп. 2, Москва;spamas.ru , webhost1.ru;55.594 37.596;beauty
Александра, мастерская красоты;+7 (499) 380-61-38, +7 (495) 388-39-63;+7 (916) 746-35-20;Варшавское ш., 152, корп. 1, Москва;;55.593 37.599;beauty
Мак, студия маникюра;+7 (499) 723-22-54, +7 (499) 490-83-74;+7 (985) 865-25-25;Варшавское ш., 135Б, Москва;studiya-mak.ru;55.596 37.603;beauty
Merci, салон красоты;+7 (495) 215-18-86, +7 (495) 212-15-80;+7 (985) 722-26-66;Кировоградская ул., 36, корп. 1, Москва;mercisalon.ru;55.605 37.600;beauty
Салон красоты на Кировоградской;;+7 (977) 459-04-57, +7 (904) 567-58-41;Кировоградская ул., 28, корп. 1, Москва;salon-krasoty-na-kirovogradskoj-ulitse-28-k-1.ru;55.609 37.602;beauty
Primavera, салон красоты;+7 (495) 198-10-80, +7 (495) 478-81-07, +7 (495) 386-95-00;+7 (967) 026-20-26, +7 (968) 590-68-68, +7 (904) 567-50-96, +7 (968) 625-96-14;Варшавское ш., 142, корп. 1, Москва;la-primavera.su;55.608 37.606;beauty
Цветана, салон красоты;+7 (495) 655-79-58, +7 (495) 655-79-60;+7 (999) 966-99-02;Бирюлёвская ул., 1, корп. 2, Москва;salon.cvetana.ru;55.602 37.667;beauty
Виорика-Шарм, студия красоты;+7 (495) 327-00-44;+7 (904) 567-49-36, +7 (925) 212-00-44;Липецкая ул., 22, Москва;viorikasharm.ru , viorika-sharm.ru;55.593 37.672;beauty
Студия красоты;+7 (495) 343-80-54;+7 (966) 343-80-54, +7 (903) 610-76-24;Домодедовская ул., 24, корп. 1, Москва;prk662.skrast.ru;55.608 37.709;beauty
Студия красоты Оксаны Ригель;+7 (495) 220-66-40;;Ореховый бул., 11, корп. 1, Москва;roxica.ru;55.611 37.714;beauty
SugarDream;;+7 (977) 600-57-60, +7 (966) 888-24-06;ул. Генерала Белова, 28, корп. 2, Москва;sugardream-studio.ru;55.604 37.724;beauty
OldBoy Barbershop;+7 (495) 410-70-10;;ул. Генерала Белова, 28, корп. 1, Москва;oldboybarbershop.com;55.605 37.724;beauty
Da-Da;;+7 (925) 615-57-71;ул. Генерала Белова, 43, корп. 2, Москва;ostrov-manikura.jimdo.com , ialady.ru;55.607 37.724;beauty
Элья, салон красоты;+7 (499) 390-02-44;+7 (977) 799-78-02;ул. Генерала Белова, 28, корп. 1, Москва;set-salonov-elya.ru;55.605 37.725;beauty
Beauty N, студия красоты;;+7 (930) 930-48-61, +7 (965) 231-05-69;ул. Генерала Белова, 51, корп. 1А, Москва;beauty-n.moscow;55.605 37.726;beauty
Илья, салон-парикмахерская;+7 (495) 398-24-39, +7 (499) 173-14-80, +7 (495) 399-34-11;;Елецкая ул., 11, корп. 1, Москва;parik-ilia.ru;55.608 37.733;beauty
Стиль, студия красоты;;+7 (926) 327-42-70, +7 (917) 552-92-42;Ясеневая ул., 42, корп. 1, Москва;studiostyle.pro;55.609 37.746;beauty
Акцент;+7 (495) 127-09-10;+7 (926) 690-64-64, +7 (904) 567-03-24, +7 (962) 962-46-48;Воронежская ул., 44, корп. 1А, Москва;dim-studio.ru , aktsentbeauty.ru;55.610 37.747;beauty
Шоколад, студия красоты;;+7 (925) 042-03-02;Гурьевский пр., 25, корп. 1, Москва;studio-chokolad.ru;55.608 37.755;beauty
Бергамо, салон красоты;;+7 (925) 891-43-81;Москва, поселение Внуковское, улица Лётчика Грицевца, 11;bergamosalon.com;55.624 37.309;beauty
Borodach, барбершоп;;+7 (905) 771-66-66;Москва, поселение Внуковское, улица Лётчика Ульянина, 7, корп. Б;solncevopark.borodach.com , borodach.com , salonborodach.ru;55.626 37.311;beauty
Бьюти вайб, салон красоты;;+7 (925) 087-55-55, +7 (906) 086-08-70, +7 (903) 795-44-14, +7 (966) 300-78-25;Москва, поселение Внуковское, бульвар Андрея Тарковского, 1;vibe-beauty.ru;55.630 37.342;beauty
Студия эпиляции EpilExpert Внуково;+7 (495) 150-37-14;+7 (926) 738-52-28;Москва, поселение Внуковское, улица Лётчика Грицевца, 12;epilexpert.ru;55.624 37.313;beauty
Селект;+7 (499) 500-58-47, +7 (499) 550-55-99;;Россия, Москва, поселение Московский, Саларьевская улица, 16, корп. 1;select.msk.ru;55.615 37.408;beauty
Assem, центр косметологии;+7 (495) 025-65-38;;Россия, Москва, поселение Московский, Саларьевская улица, 8, корп. 3;assem-clinic.ru;55.619 37.415;beauty
4 Hands;;+7 (929) 500-30-50;Москва, поселение Московский, Киевское шоссе, 23-й километр, 1;4hands.ru;55.623 37.422;beauty
Lak;;+7 (991) 277-71-08, +7 (937) 369-50-27;3, коттеджный посёлок Новое Румянцево;;55.629 37.456;beauty
Для своих, салон красоты;+7 (495) 424-00-29;+7 (939) 111-07-36, +7 (925) 077-95-87;ул. Академика Варги, 1, Москва;;55.631 37.481;beauty
Виола;+7 (495) 338-74-66, +7 (495) 339-85-61, +7 (495) 429-86-60;;ул. Генерала Тюленева, 29А, Москва;violadent.ru , salonviola.ru;55.617 37.489;beauty
Звезда, Есть вопросы? Задавайте на eхport-basе.ru;;+7 (903) 556-50-11;Новоясеневский просп., 1, корп. 1, Москва;n714892.yclients.com;55.619 37.507;beauty
Милана;;+7 (964) 715-00-88;Новоясеневский просп., 1Б, корп. 2, Москва;милана.записьонлайн.рф;55.618 37.511;beauty
Детали Beauty Lab;;+7 (995) 577-61-94;Профсоюзная ул., 126, корп. 3, Москва;detali-v-konkovo.clients.site;55.631 37.517;beauty
Labestetik;+7 (499) 938-67-53, +7 (495) 426-18-11, +7 (495) 426-82-11;+7 (926) 598-20-19;ул. Айвазовского, 2А, Москва;labestetik.ru;55.619 37.541;beauty
Статус, салон красоты;;+7 (985) 366-45-91;ул. Красного Маяка, 22, корп. 1, Москва;status4you.ru;55.613 37.579;beauty
Красивая история, салон красоты;+7 (495) 315-20-20;+7 (904) 567-47-52;Чертановская ул., 38, корп. 2, Москва;krasivaya-istoriya.com;55.614 37.591;beauty
Галатея, салон красоты;+7 (495) 314-62-63, +7 (495) 104-30-37;;Чертановская ул., 32, стр. 3, Москва;salongalatea.ru;55.619 37.592;beauty
Виктория, салон красоты;+7 (495) 315-27-09;+7 (910) 470-99-77;Кировоградская ул., 24, Москва;;55.614 37.603;beauty
Mascara pro, салон красоты;+7 (499) 647-78-78;+7 (915) 010-87-87;Днепропетровская ул., 2, Москва;studiomascara.ru;55.623 37.603;beauty
Global Spa, салон красоты;;+7 (903) 772-56-38, +7 (929) 978-87-46, +7 (985) 575-48-18;Днепропетровская ул., 2, Москва;global-spa.ru;55.622 37.605;beauty
Велья, салон красоты;+7 (495) 314-59-24;+7 (926) 906-65-51;Кировоградская ул., 22, Москва;velia22.ru , veliadmd.ru , veliabeauty.ru;55.615 37.605;beauty
Инстабар;;+7 (926) 030-44-34, +7 (929) 656-42-04;ул. Красного Маяка, 4, корп. 1, Москва;instabar.clients.site;55.612 37.599;beauty
Меланж, парикмахерская;+7 (495) 136-49-78, +7 (495) 312-60-18;+7 (977) 909-56-90;Чертановская ул., 9, стр. 3, Москва;saloonmelange.ru;55.628 37.600;beauty
Маэстро, парикмахерская;+7 (495) 311-40-18;+7 (904) 567-51-38;Чертановская ул., 7, корп. 1А, Москва;salon-maestro.ru;55.630 37.601;beauty
Hedonism Beauty, салон красоты;;+7 (903) 211-86-85;Кировоградская ул., 13А, Москва;yclients.com;55.613 37.606;beauty
Бьюти коворкинг;;+7 (985) 250-02-64;Днепропетровская ул., 2Б, Москва;indibeauty.ru , n630206.yclients.com;55.622 37.608;beauty
Rosie, салон красоты;+7 (495) 626-22-84, +7 (495) 315-00-77;;Кировоградская ул., 9, корп. 3, Москва;salonrosie.ru;55.625 37.611;beauty
Bigodini, студия парикмахерского искусства;+7 (495) 311-11-10;+7 (966) 341-57-40, +7 (985) 311-11-01;Варшавское ш., 122, Москва;bigodini.ru;55.629 37.616;beauty
Мелисента, салон красоты;+7 (495) 988-26-36, +7 (495) 476-44-81;+7 (985) 974-08-86;Весёлая ул., 3, Москва;salonmelisenta.ru;55.621 37.667;beauty
Krissss. Lashes;;+7 (977) 847-00-34;Солнечная ул., 6, Москва;dikidi.ru;55.623 37.666;beauty
Марина, салон красоты;+7 (499) 725-79-40, +7 (499) 725-79-26;;Шипиловская ул., 1, Москва;marina-spa.ru;55.618 37.697;beauty
Надежда, студия-парикмахерская;+7 (495) 390-57-88;+7 (925) 460-70-04, +7 (926) 460-70-04;ул. Маршала Захарова, 16, корп. 1, Москва;sk2565.skrst.ru;55.621 37.697;beauty
Матильда, груминг-салон;+7 (495) 211-39-23;+7 (985) 211-39-23;Домодедовская ул., 20, корп. 2, Москва;salon-matilda.ru;55.612 37.701;beauty
СОФИЯ, салон красоты;+7 (495) 915-87-44;+7 (925) 297-09-29;Домодедовская ул., 1, корп. 1, Москва;sofia-salon.ru;55.616 37.706;beauty
Виктория;;+7 (977) 658-72-20;ул. Маршала Захарова, 2, Москва;beauty-viktoriya.ru;55.624 37.707;beauty
Элис, студия стиля;+7 (495) 514-06-04;+7 (968) 017-82-61, +7 (968) 442-28-47, +7 (925) 900-45-95, +7 (968) 017-81-61;Ореховый бул., 22А, Москва;elis-studio.ru;55.612 37.732;beauty
Адмира, салон красоты;;+7 (925) 081-00-67;Ореховый бул., 31, Москва;admira-salon.ru;55.614 37.732;beauty
Викентий, салон-парикмахерская;+7 (495) 343-77-75;;Ореховый пр., 11, Москва;barber-shop-1118.business.site;55.625 37.734;beauty
Вик студио, салон красоты;+7 (495) 663-88-43;+7 (965) 221-76-57;Ореховый бул., 33А, Москва;викстудио.рф;55.614 37.734;beauty
Супер Стрижка;;+7 (977) 134-94-54;ул. Мусы Джалиля, 4А, Москва;;55.629 37.741;beauty
Подружки, сеть клиник;+7 (499) 577-02-37;;Ореховый бул., 45, корп. 1, Москва;podruge.ru;55.615 37.743;beauty
Антуриум, салон красоты;+7 (495) 396-21-74;+7 (915) 074-34-65;ул. Мусы Джалиля, 27, корп. 2, стр. 2, Москва;anturium.nethouse.ru;55.619 37.746;beauty
Афродита, парикмахерская;;+7 (929) 930-42-47;Кустанайская ул., 8, корп. 3, Москва;;55.619 37.750;beauty
Gabish, студия маникюра;;+7 (916) 927-42-42;Ключевая ул., 24, корп. 1, Москва;gabish.ru;55.631 37.764;beauty
Маникюр&стрижка, салон красоты;+7 (495) 803-42-46;+7 (985) 803-42-46;улица Самуила Маршака, 22;manikyur-strizhka.ru , meleyost.fun;55.636 37.323;beauty
Модная точка, салон красоты;;+7 (915) 335-33-77;Россия, Москва, поселение Внуковское, улица Самуила Маршака, 18;new.salon-modnaya.ru;55.637 37.326;beauty
Beauty&SPA, салон красоты;+7 (495) 803-38-12;+7 (929) 655-35-55;Москва, поселение Внуковское, улица Самуила Маршака, 15;beautyspa.su;55.637 37.328;beauty
Пальчики, ногтевая студия;+7 (499) 301-71-11;;Москва, поселение Внуковское, улица Бориса Пастернака, 27, корп. 1;palchiki.com;55.637 37.318;beauty
Fresh;+7 (495) 923-97-13;+7 (977) 866-52-12;Москва, поселение Внуковское, улица Самуила Маршака, 24;freshpb.ru;55.636 37.319;beauty
Причесон, парикмахерская;;+7 (915) 426-22-39;Лукинская ул., 9, Москва;;55.644 37.338;beauty
Фитнес-клуб Xfit Федосьино;+7 (495) 419-04-38, +7 (495) 137-06-42;+7 (901) 257-38-49, +7 (909) 962-23-35;ул. Федосьино, 12, Москва;fedosino.xfit.ru , xfit.ru;55.638 37.338;beauty
Beauty zone for you, салон красоты;;+7 (977) 770-29-48;ул. Скульптора Мухиной, 13, Москва;beautyzoneforyou.ru;55.637 37.340;beauty
Салон красоты Наталии Волошиной;+7 (495) 731-81-80, +7 (495) 731-42-45;+7 (985) 970-59-72, +7 (915) 183-58-07;ул. Шолохова, 30, Москва;voloshinan.ru;55.644 37.344;beauty
Элегант, салон красоты;+7 (495) 913-84-24, +7 (495) 733-63-96;;ул. Шолохова, 15, Москва;;55.642 37.345;beauty
Сакура, сеть салонов красоты;+7 (495) 733-09-52;+7 (925) 540-40-05, +7 (985) 161-19-76;ул. Скульптора Мухиной, 8, Москва;;55.641 37.345;beauty
Красофея, салон красоты;+7 (499) 530-38-88;+7 (968) 796-58-58, +7 (904) 567-70-64;ул. Скульптора Мухиной, 5, Москва;krasofeya.ru;55.641 37.346;beauty
Сапфир, салон-парикмахерская;+7 (495) 733-50-00;;Лукинская ул., 5, корп. 1, Москва;salonsapfir.ru;55.646 37.342;beauty
Амстердам, Амстердам СПА;+7 (495) 731-99-93, +7 (495) 433-47-00, +7 (499) 270-58-78, +7 (499) 724-69-94, +7 (499) 120-60-43;+7 (909) 955-08-42, +7 (910) 420-48-20, +7 (925) 552-47-55, +7 (985) 113-17-61, +7 (917) 500-39-99, +7 (999) 348-86-36, +7 (905) 510-23-68, +7 (916) 100-47-33, +7 (916) 616-35-69;ул. Скульптора Мухиной, 4, Москва;amsterdambeauty.ru;55.644 37.348;beauty
Locals, студия красоты;;+7 (901) 188-89-67;Боровское ш., 36, Москва;;55.640 37.354;beauty
Восторг, салон красоты;+7 (495) 241-04-05, +7 (495) 744-77-60, +7 (495) 733-77-60;+7 (977) 875-46-02;Боровское ш., 30, Москва;salon-vostorg-bor30.ru , salonvostorg.ru;55.642 37.357;beauty
Студия красоты Оксаны Кармашкиной;;+7 (904) 568-18-64;Чоботовская ул., 3, корп. 1, Москва;oksanakarmashkina.ru;55.641 37.354;beauty
Виктория, салон красоты и ухода за собой;+7 (495) 782-57-02, +7 (495) 782-53-14, +7 (495) 782-53-10;;Боровское ш., 27, корп. 1, Москва;victoria-centr.ru;55.644 37.366;beauty
Lana-consuelo;+7 (4942) 32-75-25;;Боровское ш., 20, корп. 1, Москва;salon-butterfly.net;55.650 37.368;beauty
Элиза, студия красоты;+7 (499) 737-92-58;+7 (925) 466-79-09;Боровское ш., 18, корп. 2, Москва;;55.650 37.370;beauty
Афродита, салон красоты;+7 (495) 120-35-19, +7 (495) 414-46-03;+7 (916) 129-71-05;Производственная ул., 2, Москва;afrodita-solntsevo.ru , afrodiitasolntsevo-salon.ru;55.650 37.388;beauty
Марафет;+7 (499) 938-63-52;;Производственная ул., 10, корп. 1, Москва;salon1c.ru;55.644 37.387;beauty
Европа;+7 (495) 120-22-45;;Производственная ул., 8, корп. 1, Москва;sk-evropa.ru;55.646 37.387;beauty
Позитано;;+7 (904) 567-69-26;Производственная ул., 12, корп. 1, Москва;pozitano.ru;55.644 37.390;beauty
Il sole, салон красоты;+7 (495) 769-99-79;+7 (985) 769-99-79;Солнцевский просп., 14, Москва;studiosole.ru;55.650 37.406;beauty
Салон красоты Атмосфера красоты;+7 (495) 934-70-73;+7 (901) 590-30-20;ул. Авиаторов, 5, корп. 1, Москва;atmosfera-krasoti.ru;55.640 37.400;beauty
Надежда, салон красоты и здоровья;+7 (495) 435-52-22;+7 (901) 554-21-73;Солнцевский просп., 9, Москва;nadisalon.ru;55.650 37.401;beauty
Олимпия, салон красоты;+7 (495) 198-12-20;+7 (903) 119-80-08;Волынская ул., 10, Москва;olympia-salon.com;55.644 37.411;beauty
Натали, салон красоты;+7 (495) 439-26-02;+7 (985) 586-05-05;ул. Главмосстроя, 4, корп. 1, Москва;natalistyle.moy.su , dubakina.ru;55.651 37.410;beauty
Voda;;+7 (985) 222-88-07;ул. Главмосстроя, 6, Москва;voda-ulitsa-glavmosstroja.clients.site;55.652 37.410;beauty
Персона Lab;+7 (499) 380-78-36, +7 (495) 128-71-21, +7 (499) 348-15-09, +7 (499) 490-79-73, +7 (499) 404-21-03, +7 (499) 286-85-75, +7 (499) 346-72-23, +7 (499) 490-55-08, +7 (499) 403-17-46, +7 (499) 281-65-92;;Москва, поселение Московский, Киевское шоссе, 22-й километр, 6, стр. 1;persona-city.ru;55.634 37.432;beauty
Предрейсовые Осмотры;;+7 (964) 640-04-17;Москва, поселение Московский, Киевское шоссе, 22-й километр, дв4с3;med-line-osmotr.ru;55.636 37.438;beauty
Ликаста Бьюти, центр красоты и здоровья;+7 (499) 749-62-09;+7 (985) 762-78-52, +7 (926) 108-73-44;ул. Академика Анохина, 66, Москва;l-beauty.ru;55.647 37.468;beauty
Афродита, SPA-салон красоты;+7 (495) 744-39-14;+7 (926) 375-76-28, +7 (925) 905-99-75;Ленинский просп., 158, Москва;afrodita-yugozapad.com;55.651 37.483;beauty
Созвездие, салон красоты;+7 (495) 438-57-64;+7 (926) 195-00-28;Ленинский просп., 135, корп. 2, Москва;salon135.pro;55.642 37.478;beauty
Анжелика Суворова;+7 (499) 749-65-07;+7 (965) 211-88-00;Ленинский просп., 123, Москва;asuvorova.ru;55.647 37.479;beauty
Селект, салон красоты;;+7 (926) 211-13-25;ул. Академика Виноградова, 3, корп. 1, Москва;select.msk.ru;55.634 37.483;beauty
Фронзола, салон красоты;;+7 (903) 967-62-62;ул. Академика Виноградова, 9, Москва;zoon.ru;55.634 37.487;beauty
Персона, имидж-лаборатория;+7 (495) 120-55-66, +7 (495) 953-29-16, +7 (812) 509-21-49, +7 (495) 228-02-02;;ул. Островитянова, 6, Москва;persona-ostrov.ru , persona-city.ru;55.645 37.490;beauty
Keune, салон красоты;+7 (499) 726-26-80, +7 (499) 726-26-79;;ул. Островитянова, 9, корп. 2, Москва;salon-keune.ru;55.645 37.498;beauty
Эгоистка;+7 (495) 775-63-12, +7 (499) 724-66-60;+7 (964) 770-62-76, +7 (910) 449-48-20;ул. Островитянова, 19/22, Москва;egoistka-salon.ru , egoistka.su;55.638 37.510;beauty
Каринтия, салон красоты;+7 (495) 935-68-18, +7 (495) 936-30-01;+7 (916) 240-15-55, +7 (903) 296-11-13;ул. Миклухо-Маклая, 18/1, Москва;karintiya.ru;55.645 37.518;beauty
Тортуга, салон красоты;;+7 (977) 754-84-99;Профсоюзная ул., 104, Москва;tortuga.com.ru , legeyco.ru;55.641 37.522;beauty
Familia, салон красоты;;+7 (925) 777-12-81, +7 (909) 913-97-08;ул. Академика Волгина, 15, корп. 3, Москва;salonfamilia.eu;55.650 37.516;beauty
Графиня, салон красоты;+7 (495) 335-82-03;+7 (915) 335-28-56, +7 (903) 180-96-06, +7 (903) 790-59-97;Профсоюзная ул., 104, Москва;grafinyasalon.ru , sk-grafinya-countess.ru;55.642 37.524;beauty
La blanche, ногтевая студия;;+7 (925) 223-69-55;ул. Бутлерова, 12, Москва;lablanche.salon.ms , la-blanche.ru;55.652 37.528;beauty
Стиль, студия-парикмахерская;+7 (499) 724-39-45;+7 (903) 151-51-91;Профсоюзная ул., 96, Москва;salon-stil.ru;55.647 37.528;beauty
Эль-студия, салон красоты;+7 (495) 420-43-00;+7 (926) 188-68-77;ул. Островитянова, 34, корп. 1, Москва;el-studia.ru;55.633 37.525;beauty
Корона;+7 (495) 333-24-20;;Профсоюзная ул., 83, корп. 3, Москва;crown-center.ru;55.645 37.529;beauty
Пальчики, ногтевая студия;+7 (495) 330-55-00;+7 (962) 931-53-12;ул. Миклухо-Маклая, 55, Москва;palchiki.com;55.642 37.532;beauty
Белая пантера, салон красоты;;+7 (968) 477-74-49;ул. Миклухо-Маклая, 34, Москва;belayapanthera.clients.site;55.639 37.532;beauty
Мегаполис, салон красоты;+7 (495) 107-72-22, +7 (495) 101-01-81, +7 (495) 201-50-01, +7 (495) 003-29-99, +7 (495) 015-47-47, +7 (495) 730-28-08, +7 (495) 762-81-28, +7 (495) 648-40-17, +7 (495) 641-81-04, +7 (495) 648-58-91;+7 (977) 529-80-88, +7 (968) 654-44-00;ул. Миклухо-Маклая, 55, Москва;megapolis-beauty.ru , n848373.yclients.com;55.642 37.532;beauty
Элькатэ, салон красоты;+7 (495) 330-09-10, +7 (495) 336-11-11;;ул. Миклухо-Маклая, 53, корп. 1, Москва;elkate.moscow;55.642 37.530;beauty
Элен;+7 (495) 429-57-20;+7 (916) 310-75-05, +7 (926) 898-78-39, +7 (925) 755-63-27;ул. Миклухо-Маклая, 44, Москва;elen-salon.su;55.638 37.542;beauty
Велья, салон красоты;+7 (495) 319-04-90, +7 (495) 319-08-68;+7 (916) 521-85-68;3, корп. Б, Южный административный округ, район Чертаново Северное, микрорайон Северное Чертаново, Москва;veliadmd.ru , veliabeauty.ru;55.640 37.596;beauty
Леге артис, салон красоты;+7 (495) 318-28-30;+7 (904) 567-46-29, +7 (926) 910-78-66;Азовская ул., 24, корп. 2, Москва;salon-legeartis.ru;55.651 37.597;beauty
Де Лоран;+7 (495) 318-73-18;+7 (906) 735-77-75;Балаклавский просп., 20, корп. 1, Москва;deloran.net , de-loran.ru;55.643 37.600;beauty
Мастерская красоты;;+7 (904) 567-58-87, +7 (916) 931-03-03;Балаклавский просп., 16, Москва;;55.642 37.605;beauty
Барбершоп Borodach;;+7 (977) 988-29-41;Балаклавский просп., 5А, Москва;chertanovo.borodach.com;55.641 37.608;beauty
Азбука красоты, салон красоты;+7 (499) 232-71-13;+7 (967) 175-00-52;Балаклавский просп., 12, корп. 3, Москва;azbuka-krasoty.com;55.642 37.608;beauty
Велья, салон красоты;;+7 (991) 570-39-34;Чертановская ул., 1В, корп. 1, Москва;veliadmd.ru , veliabeauty.ru;55.640 37.608;beauty
Маки, салон красоты;+7 (499) 618-19-74, +7 (495) 313-46-43, +7 (495) 212-14-74;+7 (977) 711-36-34, +7 (977) 949-21-55;Балаклавский просп., 3, Москва;makisalon.ru;55.640 37.612;beauty
Сагра, салон красоты;+7 (499) 613-71-88, +7 (495) 316-26-70;+7 (915) 399-49-14;Балаклавский просп., 1, Москва;salon-sagra.ru;55.640 37.615;beauty
Премьера, салон красоты;+7 (495) 971-75-62;+7 (926) 604-27-75;Варшавское ш., 94, Москва;salon-premiere.ru;55.647 37.619;beauty
В стилЕ;+7 (499) 610-61-00;+7 (925) 651-16-51, +7 (925) 610-61-00;Артековская ул., 2, корп. 1, Москва;v-styl-e.ru;55.650 37.613;beauty
Брусника, салон красоты;;+7 (909) 937-91-62;Сумской пр., 2, корп. 6, Москва;brusnicarus.ru , brusnika-sumskoj-proezd.clients.site;55.634 37.614;beauty
Верба, салон красоты;;+7 (923) 684-33-77, +7 (968) 909-72-20;Варшавское ш., 114, корп. 1, Москва;parmod.ru;55.638 37.617;beauty
Grizzly nail, ногтевая студия;+7 (499) 964-48-66;+7 (977) 486-13-62;Пролетарский просп., 25, Москва;dikidi.online;55.636 37.657;beauty
Borodach Мужские стрижки и бритье;;+7 (915) 040-41-90;Кантемировская ул., 39, Москва;borodach.com;55.637 37.661;beauty
Орхидея, студия;+7 (499) 324-30-27;+7 (903) 140-49-68;ул. Москворечье, 31, корп. 1, Москва;zoon.ru , orhideya-salon.obiz.ru;55.645 37.659;beauty
Самая самая, парикмахерская;+7 (495) 655-63-13;+7 (929) 558-23-13;Кантемировская ул., 12, корп. 1, Москва;samayasamaya.com;55.638 37.671;beauty
Милена, салон красоты;+7 (499) 324-80-21, +7 (495) 223-31-58, +7 (495) 371-75-51, +7 (499) 179-50-75;+7 (925) 751-35-64, +7 (929) 555-11-46, +7 (925) 518-06-71;Каширское ш., 60, корп. 1, Москва;salonmilena.ru;55.645 37.672;beauty
Люкс, салон-парикмахерская;+7 (499) 323-57-94;+7 (903) 618-18-41, +7 (904) 568-31-20;ул. Медиков, 12, Москва;lyuks-salon.ru;55.634 37.677;beauty
Малина, студия красоты;+7 (495) 344-99-88;;Каширское ш., 53, корп. 6, Москва;studio-malina.ru;55.640 37.694;beauty
Мастер и Маргарита, салон красоты;+7 (499) 661-64-24;+7 (916) 519-25-55;ул. Борисовские Пруды, 5, корп. 1, Москва;masterimargarita.org;55.636 37.713;beauty
Самая самая, парикмахерская;+7 (495) 349-60-03;+7 (925) 507-62-55;Новочеркасский бул., 5, стр. 2, Москва;samayasamaya.com;55.647 37.720;beauty
Дельфин, салон красоты;+7 (495) 345-30-00, +7 (499) 357-40-81;+7 (985) 683-62-59;Новочеркасский бул., 13, Москва;ylink.me , sk-delphin.narod.ru;55.647 37.724;beauty
Сирень;;+7 (906) 704-24-44;ул. Маршала Голованова, 4А, Москва;siren-studio.ru;55.650 37.725;beauty
Оранжевый рай, салон красоты;+7 (495) 684-56-99, +7 (495) 709-47-76, +7 (495) 951-76-31, +7 (495) 628-69-75, +7 (495) 348-72-01, +7 (499) 249-57-15, +7 (495) 621-10-50, +7 (499) 978-85-08, +7 (495) 790-04-06, +7 (495) 349-73-71;;Новочеркасский бул., 42, Москва;оранжевыйрай.рф , saloon1.ru;55.646 37.737;beauty
Мисс фитнес, женский фитнес-клуб;+7 (495) 374-52-22, +7 (495) 374-68-93, +7 (495) 374-68-92;+7 (967) 279-63-89;Новочеркасский бул., 44, Москва;missfitness.ru;55.646 37.738;beauty
4 сезона, салон красоты;+7 (495) 349-52-93, +7 (499) 755-98-94;+7 (929) 972-52-93;Новочеркасский бул., 46, Москва;salon4seasons.pro;55.646 37.738;beauty
ВиАр, салон красоты;+7 (495) 741-86-65;+7 (925) 623-04-71, +7 (999) 767-95-79, +7 (926) 263-18-54;Новочеркасский бул., 47, Москва;viar-beauty.ru;55.650 37.739;beauty
Студия красоты Евгении Свиридовой;+7 (495) 114-64-58;+7 (967) 077-77-55;ул. Борисовские Пруды, 10, корп. 4, Москва;;55.634 37.740;beauty
Студия маникюра Мария Nailartmary;;+7 (925) 866-34-68;Батайский пр., 59, Москва;nailartmary.ru;55.645 37.742;beauty
Ирис, студия красоты;;+7 (926) 465-43-00, +7 (926) 827-12-78;Люблинская ул., 169, корп. 2, Москва;iriss-salon.ru;55.649 37.745;beauty
S. Lux;+7 (495) 346-46-00, +7 (495) 627-29-93, +7 (495) 627-24-00, +7 (495) 346-46-01, +7 (495) 627-29-44, +7 (495) 611-47-74;;Люблинская ул., 165, корп. 2, Москва;s-lux.moscow , s-lux.ru;55.650 37.746;beauty
Велопарковка KateMagic;+7 (499) 322-19-39, +7 (499) 322-01-00, +7 (499) 322-09-00, +7 (495) 120-30-50;+7 (966) 322-01-10;ул. Борисовские Пруды, 16, корп. 4, Москва;katemagic.ru , katemagic.club;55.634 37.747;beauty
Borodach, барбершоп;+7 (495) 278-11-73;;ул. Борисовские Пруды, 18, корп. 1, Москва;borodach.com , borisovo.borodach.com;55.636 37.751;beauty
Новый стиль, парикмахерская;+7 (495) 342-00-26;+7 (916) 644-92-20;Братеевская ул., 21, корп. 3, Москва;noviy-stil.ru;55.632 37.754;beauty
Крем Воск;;+7 (906) 079-23-66, +7 (977) 270-75-57;ул. Борисовские Пруды, 26, Москва;kremvosk.com , creamwax.ru;55.640 37.758;beauty
Салон красоты;;+7 (916) 028-42-91;Паромная ул., 3, Москва;salon-krasoty-paromnaja.clients.site;55.640 37.761;beauty
Мята, салон красоты;;+7 (916) 788-09-02;Поречная ул., 17/22, Москва;pinterest.ru , salon-myata.me;55.647 37.761;beauty
Анжелика, салон красоты;;+7 (962) 982-09-05;Алма-Атинская ул., 4, Москва;beautyanjelika.ru;55.642 37.768;beauty
Подстригуля, семейная парикмахерская;;+7 (963) 972-74-83, +7 (925) 333-21-01;Поречная ул., 10, Москва;trk-mari.ru;55.650 37.770;beauty
Дива-2000, салон-парикмахерская;+7 (495) 340-23-32;;Братеевская ул., 16, корп. 6, Москва;diva-2000.ru;55.632 37.768;beauty
Европа, салон красоты;+7 (495) 108-71-65;;6-я ул. Новые Сады, 2, Москва;sk-evropa.ru;55.653 37.348;beauty
Borodach, барбершоп;;+7 (985) 518-55-66;Боровское ш., 6, Москва;solncevo.borodach.com , borodach.com;55.659 37.402;beauty
Апрель, салон красоты;;+7 (929) 930-05-30;Солнцевский просп., 6, корп. 1, Москва;dikidi.online;55.654 37.400;beauty
Шарм, студия красоты;+7 (495) 934-51-01;;ул. Богданова, 6, корп. 1, Москва;st-sharm.clients.site;55.655 37.400;beauty
Яблоко, салон красоты;+7 (495) 792-14-70;+7 (906) 732-80-00;ул. Главмосстроя, 7, Москва;salon-yabloko.ru;55.654 37.406;beauty
Шоколад, парикмахерская;+7 (499) 727-69-80;+7 (925) 050-49-96;ул. Главмосстроя, 14, Москва;;55.654 37.408;beauty
Бархатный берег, студия красоты;+7 (499) 727-70-14, +7 (499) 727-70-12;+7 (977) 771-28-54;ул. Главмосстроя, 10, Москва;barh-bereg.ru;55.653 37.409;beauty
Пальчики, ногтевая студия;+7 (495) 025-65-07;+7 (916) 620-76-06;Боровское ш., 2А, корп. 2, Москва;palchiki.com;55.661 37.413;beauty
Бьюти-лайн, салон красоты;+7 (495) 740-07-11;+7 (926) 947-15-34, +7 (926) 903-10-12;Никулинская ул., 27, Москва;blsalon.ru;55.669 37.450;beauty
Borodach, барбершоп;;+7 (977) 376-49-04;Никулинская ул., 27, корп. 1, Москва;nikulinskaja.borodach.com , borodach.com;55.670 37.452;beauty
Тоника, салон красоты;;+7 (915) 424-26-99;Никулинская ул., 23, корп. 1, Москва;salon-tonika.ru;55.668 37.452;beauty
Анри, салон красоты;+7 (499) 667-45-55;+7 (985) 778-12-22;Никулинская ул., 15, корп. 1, Москва;anri.msk.ru;55.668 37.455;beauty
Бьюти Лайн;;+7 (926) 903-10-05;ул. Покрышкина, 9, Москва;blsalon.ru;55.664 37.467;beauty
Нео;+7 (495) 782-55-26;;ул. Покрышкина, 5, Москва;нео-салон.рф;55.665 37.470;beauty
Салон красоты Атланта Бьюти;+7 (529) 357-00-00, +7 (495) 660-92-20;+7 (916) 501-14-82, +7 (910) 441-77-88;ул. Покрышкина, 8, корп. 1, Москва;atlanta-beauty.ru;55.666 37.470;beauty
Шоколад, салон красоты;+7 (495) 430-75-11, +7 (495) 430-07-83;;ул. Академика Анохина, 38, корп. 1, Москва;beauty-shokolad.ru;55.658 37.471;beauty
Twenty, салон красоты;;+7 (977) 859-59-20, +7 (995) 333-15-24;просп. Вернадского, 94, корп. 4, Москва;twentymoscow.ru;55.653 37.472;beauty
Lady`s only beauty salon, салон красоты;;+7 (985) 220-52-92;просп. Вернадского, 94, корп. 5, Москва;ladysonlysalon.ru;55.652 37.472;beauty
Ск7;+7 (495) 191-80-41, +7 (495) 437-83-02;;ул. Академика Анохина, 9, Москва;ck7.ru;55.660 37.473;beauty
ENJOY LUXURY SPA & BEAUTY STUDIO, СПА-салон;+7 (499) 382-88-88;+7 (929) 666-68-68, +7 (965) 366-68-88;просп. Вернадского, 94, корп. 3, Москва;enjoyspa.ru;55.653 37.473;beauty
Delice;+7 (495) 780-89-87, +7 (495) 780-89-97;+7 (916) 704-76-54;просп. Вернадского, 92, Москва;delice-studio.ru;55.655 37.473;beauty
Кудесница;+7 (495) 430-01-01;+7 (915) 477-23-78, +7 (915) 456-07-22;Москва, Западный административный округ, район Тропарёво-Никулино;кудесница-парикмахерская.рф;55.664 37.479;beauty
Пиlки, ногтевая студия;+7 (812-64) 0-00-00, +7 (495) 212-10-21;;просп. Вернадского, 86А, Москва;pilkinail.ru;55.663 37.481;beauty
Графиня, салон красоты;+7 (495) 790-59-97;;просп. Вернадского, 125, Москва;grafinyasalon.ru , nano-prof.ru;55.655 37.482;beauty
Бест;+7 (495) 419-50-05;+7 (929) 989-50-05;просп. Вернадского, 86А, Москва;best-prospekt-vernadskogo.clients.site;55.663 37.481;beauty
Мелодия красоты, салон красоты;;+7 (985) 503-43-69;Ленинский просп., 148, Москва;мелодиякрасоты.рф;55.656 37.494;beauty
Balance Club, центр красоты, здоровья и танца;+7 (499) 325-41-66, +7 (495) 434-05-50;+7 (926) 479-05-50, +7 (977) 479-05-50;просп. Вернадского, 95, корп. 4, Москва;balanceclub.ru;55.665 37.494;beauty
БиоСпаКлиник, многопрофильный медицинский центр;+7 (495) 128-30-84, +7 (495) 781-59-59, +7 (495) 649-63-92;;Ленинский просп., 122, Москва;biospaclinic.ru;55.666 37.511;beauty
Салон красоты Аркадий;;+7 (962) 999-90-90;Ленинский просп., 111, корп. 1, Москва;arkadi777.ru;55.662 37.509;beauty
Фое;+7 (495) 984-63-45, +7 (495) 984-63-46;;Ленинский просп., 126, Москва;salonfoe.ru;55.668 37.510;beauty
Babor, институт красоты;+7 (495) 212-15-05;+7 (980) 890-55-55;Ленинский просп., 103, Москва;babor-leninsky.ru;55.666 37.514;beauty
Жантиль;;+7 (926) 262-48-30;Ленинский просп., 94А, Москва;;55.669 37.516;beauty
Lette;+7 (499) 432-07-77;+7 (985) 879-59-28;Ленинский просп., 99, Москва;lette.salon , lette2014.ru;55.669 37.519;beauty
Престиж, салон красоты;+7 (495) 122-05-51, +7 (499) 500-89-79;+7 (991) 098-42-77, +7 (903) 538-89-94;ул. Академика Челомея, 12/19, Москва;салонпрестиж.рф;55.660 37.523;beauty
МАРАФЕТ, бьюти-бар;+7 (495) 295-40-40;+7 (939) 555-31-40;Ленинский просп., 107, корп. 3, Москва;marafet.msk.ru;55.663 37.517;beauty
Ng, салон красоты;+7 (495) 936-24-30;+7 (968) 327-03-27, +7 (926) 760-73-55;ул. Новаторов, 10, корп. 1, Москва;zoon.ru , ng-salon.ru;55.667 37.522;beauty
Путь к красоте;+7 (495) 989-46-20;+7 (965) 383-87-47, +7 (926) 518-95-50, +7 (966) 666-41-27;ул. Новаторов, 1, Москва;daodemei.com;55.669 37.525;beauty
Wellness SPA, салон красоты;+7 (495) 936-23-06, +7 (495) 935-94-88;;ул. Воронцовские Пруды, 3, Москва;wclub-spa.ru;55.664 37.537;beauty
Воронцовский, дом здоровья;+7 (499) 132-77-17, +7 (499) 783-23-60, +7 (499) 132-54-87;+7 (903) 130-98-28;ул. Академика Пилюгина, 14, корп. 2, Москва;domzv.ru;55.670 37.536;beauty
Студия перманентного макияжа;;+7 (920) 895-69-11;ул. Академика Пилюгина, 12, корп. 2, Москва;pmuselect.ru;55.671 37.539;beauty
Велья, салон красоты;+7 (495) 504-43-00;;ул. Архитектора Власова, 22, Москва;veliadmd.ru , veliabeauty.ru;55.669 37.542;beauty
Ангел;+7 (499) 638-24-80;;Профсоюзная ул., 76, Москва;spa-angel.club;55.661 37.543;beauty
Бест;+7 (495) 542-44-64, +7 (495) 542-44-65, +7 (495) 419-55-19;+7 (903) 194-60-66;Профсоюзная ул., 64, корп. 2, Москва;center.best;55.665 37.548;beauty
Эстел, студия красоты;+7 (495) 718-29-22, +7 (495) 718-29-00;;ул. Намёткина, 9, Москва;studioestel.ru;55.664 37.551;beauty
World Class Spa, сеть салонов красоты;+7 (495) 085-39-12, +7 (495) 085-76-82, +7 (495) 221-62-22, +7 (495) 788-00-00;;ул. Намёткина, 6, корп. 1, Москва;spa.worldclass.ru , worldclass.ru;55.663 37.550;beauty
Sante, студия красоты;+7 (495) 980-08-00;+7 (926) 401-82-52;Херсонская ул., 43, Москва;santesalon.ru;55.659 37.561;beauty
Восьмое желание, студия красоты;+7 (495) 718-79-88, +7 (495) 695-63-55, +7 (495) 718-79-89, +7 (495) 691-20-59;+7 (916) 801-47-32, +7 (916) 801-55-76;Профсоюзная ул., 45А, Москва;8oe.ru;55.667 37.552;beauty
Лена Ленина;;+7 (903) 221-86-24;Профсоюзная ул., 56, Москва;llmanikur.ru , clck.ru;55.670 37.551;beauty
Инжир;;+7 (929) 593-22-26;Профсоюзная ул., 56, Москва;;55.670 37.552;beauty
Сенсави, институт красоты;+7 (495) 228-80-75, +7 (495) 228-80-80;;Профсоюзная ул., 43, корп. 1, Москва;sensavi.ru;55.668 37.553;beauty
Зеркало, центр косметологии и подологии;+7 (495) 718-32-44;+7 (909) 917-40-28;ул. Гарибальди, 36, Москва;centrzerkalo.ru;55.669 37.559;beauty
Borodach, барбершоп;;+7 (916) 213-10-77;Новочерёмушкинская ул., 63, корп. 1, Москва;borodach.com , n124166.yclients.com , cheremushki.borodach.com;55.665 37.567;beauty
4 Hands;;+7 (926) 926-90-77;ул. Каховка, 29А, Москва;4hands.ru;55.656 37.569;beauty
Лето, салон красоты;+7 (495) 332-21-66;;Перекопская ул., 17, корп. 1, Москва;sl-leto.ucoz.org;55.660 37.572;beauty
Стриж;;+7 (916) 448-28-18;ул. Каховка, 16, корп. 3, Москва;strijzuzino.wixsite.com;55.658 37.575;beauty
Эво Тату;+7 (495) 514-35-53;+7 (925) 514-35-53;Севастопольский просп., 28, корп. 3, Москва;evotattoo.ru;55.664 37.576;beauty
ЛАЙТ, салон красоты;+7 (499) 342-44-40;+7 (964) 647-78-40;ул. Цюрупы, 8, Москва;лайтсалон.рф;55.670 37.577;beauty
Норжиль, центр волос;;+7 (965) 410-02-39, +7 (968) 804-14-41, +7 (916) 237-87-07;ул. Цюрупы, 6, Москва;ewparik.com;55.671 37.577;beauty
Медея, салон красоты;+7 (499) 723-84-09;+7 (985) 090-92-23;Севастопольский просп., 61, корп. 1, Москва;medeasalon.ru;55.661 37.578;beauty
Центр эстетической косметологии Mami Beauty Room;;+7 (925) 563-19-16, +7 (904) 567-86-44;ул. Каховка, 19, корп. 1, Москва;zoon.ru;55.654 37.578;beauty
Макси;+7 (495) 796-12-37;;Керченская ул., 8, Москва;;55.656 37.583;beauty
Карамель, имидж-студия;+7 (499) 122-45-50, +7 (499) 122-45-24;+7 (915) 319-15-71;Нахимовский просп., 22, Москва;studio-karamel.ru;55.670 37.587;beauty
Жемчуг Med, салон-клиника красоты;+7 (495) 201-15-40;+7 (909) 660-64-53;Болотниковская ул., 36, корп. 1, Москва;zhemchugmed.ru;55.660 37.591;beauty
Beauty & SPA;;+7 (999) 972-28-56;Нахимовский просп., 20А, Москва;spabeauty-m.ru;55.669 37.592;beauty
Бистро 317, салон красоты;+7 (499) 317-67-00, +7 (499) 317-68-66;;Болотниковская ул., 31, корп. 1, Москва;salon-krasoty-317.clients.site;55.659 37.592;beauty
На Высоте;;+7 (926) 367-54-44, +7 (916) 944-37-77;Болотниковская ул., 36, корп. 6, Москва;salon-volos.ru;55.660 37.594;beauty
Салон красоты Kot Nails;;+7 (904) 568-22-90, +7 (904) 568-22-87;Болотниковская ул., 36, корп. 4, Москва;kot-nails.ru;55.662 37.595;beauty
Студия наращивания ресниц Lashroom;;+7 (977) 331-58-58;Нахимовский просп., 11, корп. 1, Москва;zoon.ru;55.664 37.606;beauty
Руками и Сердцем, студия массажа и коррекции фигуры;;+7 (926) 955-35-86;Симферопольский бул., 17, корп. 1, Москва;ris-massage.ru;55.652 37.606;beauty
Нарцисс;+7 (499) 325-43-53, +7 (499) 110-10-22;+7 (926) 478-44-77;Симферопольский бул., 4А, Москва;salonnarciss.ru;55.660 37.608;beauty
Анна&Ко;+7 (499) 394-73-12;+7 (926) 079-44-00;Артековская ул., 1А, Москва;annako.ru;55.653 37.614;beauty
Пятница, салон красоты;+7 (499) 610-16-31;+7 (904) 567-56-97, +7 (966) 312-85-13;Чонгарский бул., 7/1, Москва;студия-пятница.рф;55.653 37.614;beauty
Пальчики;+7 (499) 613-42-60;+7 (985) 987-69-69;Болотниковская ул., 3, корп. 1, Москва;palchiki.com;55.656 37.616;beauty
Nail service Moscow, салон красоты;;+7 (915) 195-29-99;Варшавское ш., 70, корп. 3, Москва;nail-service-moscow.ru , nail-service-moscow-salon.ru;55.657 37.617;beauty
Фрейя, студия макияжа и дизайна бровей;;+7 (929) 675-59-49, +7 (977) 516-60-87, +7 (926) 887-68-53;Варшавское ш., 87Б, Москва;;55.654 37.621;beauty
Сила Красоты, салон красоты;;+7 (903) 152-22-23, +7 (926) 227-68-88;Варшавское ш., 72, корп. 2, Москва;salonsilakrasoty.ru , dikidi.online;55.657 37.619;beauty
Сагра, салон красоты;+7 (499) 613-45-79;;Варшавское ш., 75, корп. 2, Москва;salon-sagra.ru;55.659 37.621;beauty
Раздевалка, барбершоп;+7 (495) 128-01-51, +7 (495) 488-68-06, +7 (495) 204-29-93, +7 (495) 223-12-13;+7 (909) 165-03-03, +7 (967) 181-91-51, +7 (926) 069-08-20, +7 (909) 666-82-94, +7 (919) 777-94-42, +7 (963) 716-86-66, +7 (966) 032-30-52, +7 (916) 991-46-66, +7 (925) 345-56-17, +7 (925) 435-69-32;Каширское ш., 26, Москва;razdevalka.su , goodman-web.ru;55.653 37.646;beauty
Диамант;;+7 (965) 448-24-04;ул. Академика Миллионщикова, 27, Москва;;55.667 37.648;beauty
Upgrade;;+7 (926) 292-04-66;Люблинская ул., 78, корп. 3, Москва;upgrade-ljublinskaja-ulitsa.clients.site;55.662 37.730;beauty
Baby Charm;;+7 (964) 646-76-76;Люблинская ул., 100, Москва;baby-ch.ru;55.655 37.739;beauty
Beauty Bomb;;+7 (985) 369-81-36, +7 (919) 566-46-46;Люблинская ул., 151, Москва;;55.661 37.742;beauty
Sweet, салон красоты;+7 (495) 649-48-35;+7 (967) 141-87-44, +7 (964) 649-48-35;ул. Верхние Поля, 4, Москва;salonsweet.ru;55.661 37.744;beauty
Мокко, салон красоты;+7 (495) 961-47-22, +7 (495) 347-97-60, +7 (495) 749-43-43, +7 (495) 181-53-34, +7 (495) 445-14-01;+7 (963) 613-28-29, +7 (964) 846-76-97, +7 (901) 961-47-22, +7 (926) 421-43-73, +7 (903) 961-47-22, +7 (903) 549-43-43, +7 (901) 256-44-59;ул. Перерва, 31, Москва;mokko.me , tattooage.ru;55.659 37.745;beauty
Арианна, салон красоты;+7 (495) 787-26-85, +7 (495) 347-26-95;+7 (977) 689-59-18;ул. Перерва, 43, Москва;parik1.ru;55.660 37.748;beauty
Грация;+7 (495) 787-26-00;;ул. Перерва, 39, Москва;gracia-lpg.ru;55.659 37.746;beauty
Нарцисс, салон красоты;+7 (499) 325-33-93;;ул. Перерва, 41, корп. 1, Москва;salonnarciss.ru;55.660 37.747;beauty
4 сезона, салон красоты;;+7 (925) 860-85-69;ул. Перерва, 43, Москва;zoon.ru , 4-sezona-centr.ru , salon-4sezona.ru;55.660 37.748;beauty
Дельфин, салон красоты;;+7 (985) 683-82-59;Мячковский бул., 6, корп. 2, Москва;ylink.me;55.657 37.748;beauty
Микс Бьюти, центр бьюти-коворкинга;;+7 (903) 194-90-90;Новомарьинская ул., 5, корп. 2, Москва;;55.653 37.748;beauty
Парикмахерская, маникюр & педикюр;+7 (495) 760-70-67, +7 (495) 979-08-09;;Братиславская ул., 18, корп. 1, Москва;it-palitra.ru , chudo-apelsinca.ru;55.657 37.760;beauty
Пальчики, ногтевая студия;+7 (495) 345-43-64;;Братиславская ул., 10, Москва;palchiki.com;55.661 37.752;beauty
Грэйс, салон красоты;+7 (499) 784-78-70;+7 (926) 884-27-47;Братиславская ул., 6, Москва;salon-grace.ru;55.664 37.754;beauty
Имидж студия 5, салон красоты;+7 (495) 347-93-30;+7 (915) 002-15-55;Мячковский бул., 5, корп. 1, Москва;imagestudio5.com;55.658 37.753;beauty
Мадам Жу-Жу, салон красоты;+7 (495) 476-40-47, +7 (495) 249-29-49;;Мячковский бул., 3, Москва;madamjuju.ru;55.658 37.753;beauty
Миндаль;;+7 (985) 548-69-98;Братиславская ул., 3, Москва;;55.665 37.755;beauty
Элеганс студио, салон красоты;+7 (495) 359-05-70, +7 (495) 346-93-00;;ул. Верхние Поля, 33, корп. 1, Москва;;55.668 37.757;beauty
Александр Тодчук Studio, Филиал в Марьино;+7 (495) 150-27-88;;Братиславская ул., 26, Москва;todchuk.ru;55.655 37.764;beauty
Самая самая, парикмахерская;+7 (499) 784-17-21, +7 (495) 741-65-31;;ул. Верхние Поля, 35, корп. 4, Москва;samayasamaya.com;55.669 37.757;beauty
Смайл, салон красоты;+7 (495) 358-08-45;+7 (977) 848-08-45;ул. Верхние Поля, 35, корп. 5, Москва;салон-смайл.рф;55.670 37.759;beauty
Персона, имидж-лаборатория;+7 (495) 198-01-55;;Братиславская ул., 15, корп. 1, Москва;persona-bratislavskaya.ru;55.660 37.759;beauty
Solisun, студия красоты;+7 (495) 347-99-49, +7 (495) 703-36-70, +7 (499) 703-36-70;;Братиславская ул., 13, корп. 1, Москва;maryno.solisun.ru;55.661 37.760;beauty
LBSalon;+7 (499) 301-70-65;+7 (926) 477-10-77;Братиславская ул., 18, корп. 1, Москва;lb-salon.ru;55.658 37.760;beauty
Brow & lash;;+7 (968) 784-00-44;Братиславская ул., 13, корп. 1, Москва;;55.661 37.760;beauty
Жантиль, дом красоты;;+7 (902) 469-10-59;Братиславская ул., 15, корп. 1, Москва;gantil.ru;55.659 37.760;beauty
Чудо-Апельсинка;;+7 (916) 244-29-06;Братиславская ул., 18, корп. 1, Москва;it-palitra.ru , chudo-apelsinca.ru;55.657 37.760;beauty
HEADSHOT, барбершоп;;+7 (925) 976-79-27, +7 (925) 951-67-21;ул. Верхние Поля, 32, корп. 1, Москва;lyublino.headshotbarbershop.com , headshotbarbershop.com;55.667 37.760;beauty
Шарм;;+7 (925) 538-32-22;Перервинский бул., 1, Москва;;55.664 37.764;beauty
Самая самая, парикмахерская;+7 (495) 346-93-11;+7 (925) 090-76-56;Братиславская ул., 25, Москва;samayasamaya.com;55.656 37.764;beauty
Эдем, салон красоты;+7 (495) 359-94-78, +7 (495) 359-33-37;+7 (965) 359-33-37;Цимлянская ул., 30, Москва;salon-edem.com;55.669 37.766;beauty
Меланж, салон красоты;+7 (495) 347-89-00;+7 (977) 678-65-00;Братиславская ул., 33, Москва;salonmelange.ru;55.652 37.769;beauty
Парикмахерская №5, салон;+7 (495) 658-57-08;+7 (905) 551-55-03;ул. Верхние Поля, 36, корп. 1, Москва;parik5.ru;55.668 37.764;beauty
Лилия, студия красоты;;+7 (965) 224-14-27;Братиславская ул., 31, корп. 3, Москва;;55.653 37.770;beauty
Галатея, салон красоты;;+7 (999) 846-28-35;Новомарьинская ул., 38, Москва;salongalatea.ru;55.661 37.773;beauty
Рыжая кошка, салон красоты;+7 (495) 658-34-30;+7 (903) 181-85-58, +7 (911) 720-05-18;ул. Маршала Баграмяна, 4, Москва;r-koshka.com;55.669 37.789;beauty
Алла;;+7 (967) 251-01-14;Перервинский бул., 22, корп. 3, Москва;prk622.skrast.ru;55.653 37.772;beauty
Пантера, салон красоты;+7 (495) 658-25-25;;Перервинский бул., 21, корп. 1, Москва;salon-pantera.ru;55.657 37.774;beauty
Империя, студия красоты;;+7 (967) 108-86-39;ул. Верхние Поля, 45, корп. 1, Москва;ylink.me;55.668 37.774;beauty
Глория, салон-парикмахерская;+7 (495) 430-91-56;+7 (905) 536-10-19;4-й Очаковский пер., 4, Москва;spgloriya.ru;55.683 37.454;beauty
Элит!, салон красоты;+7 (499) 662-65-22;+7 (925) 662-65-65;Озёрная ул., 4, корп. 1, Москва;elit-michurino.ru;55.687 37.465;beauty
Алессандро в Фестивале;+7 (495) 243-50-09, +7 (499) 243-31-43, +7 (499) 243-50-09, +7 (495) 775-88-47, +7 (495) 232-03-63, +7 (499) 243-23-09;+7 (916) 389-16-42, +7 (985) 383-72-38, +7 (915) 114-16-52;ул. Мичуринский Проспект, Олимпийская Деревня, 3, корп. 1, Москва;n19161.yclients.com , alessandrogroup.ru;55.678 37.466;beauty
Бюро красивых услуг;+7 (495) 663-55-50, +7 (495) 414-40-92, +7 (495) 789-63-86;;Мичуринский просп., 51, Москва;бюрокрасивыхуслуг.рф;55.686 37.480;beauty
La Lubie;;+7 (915) 204-69-99;ул. Коштоянца, 20, корп. 1, Москва;;55.674 37.478;beauty
Студио Сантэ, салон красоты;+7 (495) 932-77-83, +7 (495) 932-84-74;;ул. Раменки, 31, Москва;studio-sante.obiz.ru;55.689 37.490;beauty
Золотой Мандарин, центр здоровья и красоты;+7 (495) 116-89-05, +7 (495) 308-08-67, +7 (495) 935-14-40, +7 (495) 172-27-90, +7 (495) 153-41-77;+7 (967) 299-57-94;ул. Удальцова, 85А, Москва;goldenmandarin.ru;55.682 37.491;beauty
Олимпия, студия красоты;+7 (499) 726-84-89, +7 (499) 726-84-86, +7 (499) 432-96-69;;ул. Удальцова, 40, Москва;swimgym.ru;55.684 37.493;beauty
Ваниль, салон красоты;+7 (499) 131-16-33, +7 (499) 577-03-52;+7 (925) 406-75-25;ул. Удальцова, 30, Москва;vanillasbeauty.ru , vanilas.ru;55.682 37.494;beauty
Фиолент, салон красоты;+7 (495) 603-74-72, +7 (499) 432-95-71, +7 (495) 416-08-16;+7 (925) 775-02-26, +7 (985) 922-71-91, +7 (963) 604-46-88;просп. Вернадского, 59, Москва;fiolent-club.ru;55.673 37.501;beauty
Гимнастика;+7 (495) 225-23-07, +7 (495) 125-25-70, +7 (495) 476-55-62;+7 (917) 572-15-27;просп. Вернадского, 53, Москва;gymnastika.ru;55.673 37.502;beauty
Студия перманентного макияжа Мэйкап Тату;+7 (495) 185-56-56;+7 (977) 453-44-00;просп. Вернадского, 42, корп. 2, Москва;makeuptattoostudio.ru;55.675 37.499;beauty
ДасКлиник;+7 (495) 136-27-60;;ул. Удальцова, 71, корп. 3, Москва;dasclinic.ru;55.677 37.500;beauty
Гимнастика;;+7 (965) 412-72-75;просп. Вернадского, 53, Москва;studio.gymnastika.ru;55.673 37.502;beauty
Подружки, сеть клиник;;+7 (968) 585-07-16;просп. Вернадского, 41, стр. 1, Москва;podruge.ru;55.674 37.504;beauty
Янтарный, центр молодости и красоты;+7 (495) 626-86-87;+7 (925) 848-38-82;просп. Вернадского, 16, Москва;yantarnyj.ru;55.676 37.504;beauty
Сахар, салон красоты;+7 (3852) 99-73-77, +7 (816) 299-84-48, +7 (831-41) 4-07-68, +7 (383) 359-66-60, +7 (8632) 21-12-00, +7 (8352) 48-04-85, +7 (3842) 24-00-23, +7 (499) 130-58-01, +7 (495) 734-73-00, +7 (495) 725-38-51;+7 (903) 411-82-92, +7 (967) 644-55-44, +7 (962) 759-51-90, +7 (963) 452-02-01, +7 (903) 696-00-22;просп. Вернадского, 14А, Москва;салонсахар.рф;55.678 37.508;beauty
Салон Красоты M. A. Studio;+7 (495) 414-19-56, +7 (495) 968-33-51;+7 (903) 968-33-51;ул. Удальцова, 27, Москва;chudesa-salon.ru , mastudio-salon.ru;55.675 37.510;beauty
Krona;+7 (495) 432-10-33;+7 (977) 445-55-12, +7 (977) 282-33-30;просп. Вернадского, 27, корп. 1, Москва;kronabeauty.ru;55.681 37.519;beauty
Рошаль, салон красоты;;+7 (909) 931-95-95, +7 (904) 567-72-47;Ленинский просп., 95Б, Москва;zoon.ru , roshal-salon.ru;55.673 37.524;beauty
Diva, салон-парикмахерская;+7 (499) 237-33-38, +7 (499) 133-75-00;;ул. Крупской, 15, Москва;diva-spa.com;55.684 37.526;beauty
Алекса, салон красоты;+7 (495) 989-97-00;+7 (909) 964-60-60;Ленинский просп., 86, Москва;click.ru , clck.ru;55.678 37.528;beauty
Пальчики, ногтевая студия;+7 (499) 519-02-66;;Ленинский просп., 91, Москва;palchiki.com;55.676 37.529;beauty
Имидж, студия красоты;+7 (499) 390-04-60;+7 (925) 156-21-90;Ленинский просп., 91, Москва;студия-красоты-имидж.рф;55.676 37.531;beauty
Центр красоты Молекула, SPA, Хамам, Массаж;+7 (495) 121-28-48;+7 (977) 431-12-21;Ленинский просп., 86, Москва;molekulamsk.ru;55.677 37.527;beauty
Paul Mitchell, сеть салонов красоты;+7 (495) 971-26-66, +7 (495) 741-26-14;;Ленинский просп., 85Б, Москва;pmsalon.ru;55.680 37.538;beauty
Хамелеон, студия красоты;+7 (495) 973-06-99;+7 (901) 553-06-99;ул. Гарибальди, 7, Москва;hameleonstudio.ru;55.677 37.538;beauty
Шанталь, салон красоты;+7 (495) 930-88-98, +7 (495) 930-88-81;;Ленинский просп., 74, Москва;;55.684 37.537;beauty
Пальчики, ногтевая студия;+7 (499) 138-00-08;;Ломоносовский просп., 23, Москва;palchiki.com;55.691 37.539;beauty
Тион, парикмахерская;;+7 (916) 666-01-97;ул. Вавилова, 97, Москва;тион.com;55.676 37.541;beauty
Пушкин, салон красоты;+7 (499) 132-04-83;+7 (965) 319-19-19, +7 (925) 358-77-33;ул. Вавилова, 86, Москва;;55.677 37.541;beauty
ЛВ, салон красоты;+7 (499) 132-18-10, +7 (499) 132-89-10;;ул. Вавилова, 95, Москва;salon-lv.ru;55.676 37.542;beauty
Le colon, институт красоты;+7 (495) 938-28-08;;Ломоносовский просп., 14, Москва;lecolon.ru;55.691 37.543;beauty
Wellness-Daily Live, премиум-клуб красоты и здоровья;+7 (495) 960-12-31;+7 (906) 781-42-39, +7 (903) 960-12-31;ул. Гарибальди, 6, корп. 1, Москва;wellness-daily.com;55.676 37.537;beauty
Персона, имидж-лаборатория;+7 (495) 877-30-35;+7 (969) 010-45-40;ул. Гарибальди, 5, корп. 1, Москва;persona-garibaldi.ru;55.678 37.537;beauty
Гараж, барбершоп;+7 (499) 677-67-51, +7 (499) 677-67-41, +7 (499) 677-23-40, +7 (499) 677-68-34;+7 (966) 343-49-55;Ленинский просп., 83, корп. 2, Москва;bs-garage.ru;55.682 37.539;beauty
Baro;+7 (495) 175-15-21;;Ломоносовский просп., 15, Москва;barobeauty.ru;55.689 37.541;beauty
Набэлла, салон красоты;+7 (495) 589-97-85, +7 (495) 729-24-46;+7 (916) 307-60-07;ул. Архитектора Власова, 18, Москва;nabella.ru;55.673 37.544;beauty
Theory of style, салон красоты;+7 (495) 134-70-16;+7 (968) 070-89-39;Ломоносовский просп., 8/73, Москва;theory-style.ru;55.688 37.547;beauty
Персона, имидж-лаборатория;;+7 (915) 453-35-32, +7 (968) 968-22-55;Ленинский просп., 73/8, Москва;personalab-leninskiy.ru;55.689 37.548;beauty
Нарцисс, салон красоты;+7 (499) 938-47-10;;ул. Архитектора Власова, 8, Москва;salonnarciss.ru;55.678 37.548;beauty
Мечты Виктории, салон красоты;+7 (495) 120-72-00, +7 (529) 355-80-00, +7 (499) 233-62-60, +7 (495) 120-71-00;;Ленинский просп., 69, Москва;v-dreams.ru;55.690 37.550;beauty
Татуаж бровей;;+7 (995) 658-55-19, +7 (937) 669-31-63;ул. Вавилова, 81, корп. 1, Москва;;55.679 37.546;beauty
Первая мастерская красоты Натали;+7 (499) 134-60-02;+7 (915) 420-82-26;ул. Вавилова, 91, корп. 1, Москва;1masterskaya-krasoti.ru;55.678 37.547;beauty
Камий Альбан Париж;+7 (499) 134-08-00;;Ломоносовский просп., 7, корп. 1, Москва;albane7.ru;55.687 37.547;beauty
Персона, имидж-лаборатория;+7 (495) 144-50-54;+7 (963) 712-55-11;Ленинский просп., 67, корп. 1, Москва;persona-leninskiy.ru;55.690 37.553;beauty
Serebro, студия красоты;+7 (499) 941-09-07;+7 (977) 503-93-05, +7 (901) 256-58-97;Профсоюзная ул., 25, Москва;serebro-studio.ru , serebro.obiz.ru;55.674 37.561;beauty
Клиника эстетической медицины Beauty Practice;+7 (495) 021-36-43;+7 (904) 567-96-58, +7 (926) 100-66-75;Ленинский просп., 67, корп. 2, Москва;beautypractice.ru;55.690 37.554;beauty
Сахар'ОК;;+7 (925) 573-06-39;ул. Ивана Бабушкина, 17, корп. 2, Москва;;55.684 37.562;beauty
Оранжевый рай, салон красоты;+7 (499) 129-69-55;;ул. Кржижановского, 8, корп. 2, Москва;saloon1.ru;55.681 37.563;beauty
Вилия, центр красоты и здоровья;+7 (499) 125-41-41;+7 (977) 367-71-76;Профсоюзная ул., 20/9, Москва;viliyasalon.clients.site;55.682 37.567;beauty
Дивин, салон красоты;+7 (495) 997-00-29;+7 (916) 829-47-42;Профсоюзная ул., 7/12, Москва;divinsalon.ru;55.684 37.570;beauty
Ybeauty24.ru;;+7 (968) 874-78-48;Новочерёмушкинская ул., 44, корп. 3, Москва;ybeauty24.ru;55.674 37.565;beauty
Сафранс, оздоровительный клуб;+7 (499) 125-15-60;;Профсоюзная ул., 17, корп. 1, Москва;safrance.ucoz.ru;55.679 37.565;beauty
Студия лазерной эпиляции KrasotkaEpil;+7 (499) 686-14-18;;Профсоюзная ул., 13, Москва;krasotkaepil.ru;55.681 37.567;beauty
Elia Grazia;+7 (495) 332-68-23, +7 (495) 410-35-26;+7 (902) 469-11-50;Новочерёмушкинская ул., 44, корп. 2, Москва;elia-grazia.ru;55.674 37.567;beauty
Пальчики;+7 (499) 519-02-55;;ул. Кедрова, 10/16, Москва;palchiki.com;55.685 37.569;beauty
Бьюти Клаб № 9;;+7 (980) 697-74-62, +7 (920) 274-40-91, +7 (980) 697-74-68;Профсоюзная ул., 9, Москва;no9-salon.ru;55.682 37.569;beauty
Uno, салон красоты;+7 (499) 125-63-09;+7 (985) 472-72-80;Профсоюзная ул., 5/9, Москва;uno.salon;55.685 37.572;beauty
ХочуWOW;;+7 (913) 010-84-42;ул. Дмитрия Ульянова, 20, корп. 1, Москва;hochuwow.ru;55.688 37.571;beauty
Beautique;+7 (499) 110-04-77, +7 (499) 125-11-47;+7 (977) 826-59-33;ул. Кедрова, 14, корп. 1, Москва;lotos2.ru;55.684 37.572;beauty
Мега Стиль, салон красоты;+7 (499) 129-21-89, +7 (495) 959-25-45, +7 (495) 680-54-77, +7 (499) 393-32-60, +7 (495) 585-75-37, +7 (495) 959-15-55, +7 (495) 532-35-70;+7 (929) 554-59-91;ул. Кедрова, 13, корп. 1, Москва;1megastyle.ru;55.684 37.572;beauty
Студия Алексея Джураева, салон красоты;;+7 (925) 220-55-02;Новочерёмушкинская ул., 23, Москва;brand-yourself.ru , a-djuraev.ru;55.681 37.579;beauty
Арианна, салон красоты;+7 (499) 126-31-11;;просп. 60-летия Октября, 18, корп. 1, Москва;parik1.ru;55.689 37.574;beauty
Студия красоты;;+7 (993) 366-20-14;просп. 60-летия Октября, 29, корп. 1, Москва;dikidi.net;55.689 37.576;beauty
Lucky group, Салон Вдохновение;+7 (495) 980-12-23;+7 (964) 767-05-08;ул. Кржижановского, 29, корп. 1, Москва;vdoxnovenie.ru;55.675 37.581;beauty
Naturel Studio, салон красоты;+7 (499) 288-20-35;;Новочерёмушкинская ул., 13, Москва;naturel-studio.ru;55.686 37.584;beauty
Лак, студия красоты;+7 (495) 108-56-26;;ул. Дмитрия Ульянова, 36, Москва;lak-sk.ru;55.683 37.585;beauty
Da Vinci spa, салон красоты;+7 (495) 414-18-89, +7 (495) 718-01-91, +7 (495) 877-49-00;+7 (926) 947-17-76;ул. Дмитрия Ульянова, 31, Москва;davincispa.ru;55.685 37.585;beauty
Элен Мастер;+7 (499) 129-36-11;;ул. Дмитрия Ульянова, 36, Москва;elenmaster.ru;55.683 37.585;beauty
Санти, студия красоты;+7 (499) 350-40-71;+7 (958) 100-73-81, +7 (977) 772-12-67;ул. Винокурова, 6, Москва;studiosanti.ru;55.688 37.585;beauty
Салон красоты;;+7 (903) 183-71-08, +7 (915) 330-65-90, +7 (977) 708-33-03;Новочерёмушкинская ул., 11, корп. 2, Москва;moiprofi.ru;55.687 37.585;beauty
В успехе, салон красоты;+7 (499) 127-23-29;+7 (966) 127-22-21;Нагорная ул., 28, корп. 1, Москва;v-uspehe.obiz.ru;55.676 37.598;beauty
Мастерская красоты, г.Москва;;+7 (926) 158-68-03;Электролитный пр., 16, корп. 1, Москва;;55.673 37.612;beauty
OldBoy Barbershop;;+7 (925) 373-43-03;Нагатинская ул., 16, Москва;oldboybarbershop.com;55.679 37.645;beauty
Like a Princess Lashes;;+7 (915) 421-66-55;Нагатинская ул., 16, Москва;;55.679 37.643;beauty
Я по делам, студия;;+7 (906) 770-70-88;Нагатинская ул., 18, Москва;yapodelam.ru;55.678 37.652;beauty
Серебряные ножницы, студия красоты;+7 (499) 612-35-16;;Нагатинская ул., 27, Москва;sn-spa.com , serebryanye-nozhnitsy.ru;55.678 37.654;beauty
Марина, салон красоты;+7 (499) 195-91-30, +7 (499) 725-11-58;+7 (915) 003-30-12, +7 (915) 191-45-51;Высокая ул., 12, Москва;salon-marina.ru;55.680 37.658;beauty
Мужик, барбершоп;;+7 (926) 152-36-36;просп. Андропова, 22, Москва;muzhik-prospekt-andropova.clients.site , w51035.yclients.com;55.683 37.661;beauty
София, салон красоты;+7 (499) 615-89-69, +7 (499) 741-35-98, +7 (499) 616-28-18, +7 (499) 741-11-01;;просп. Андропова, 30, Москва;salon-sofia.ru;55.679 37.662;beauty
Glorious Lux;+7 (495) 978-26-12, +7 (499) 612-72-29, +7 (495) 106-08-63;+7 (926) 612-48-92;просп. Андропова, 38, Москва;gloris-lux.ru;55.674 37.662;beauty
Эль-Си, салон красоты;+7 (499) 922-47-52;+7 (905) 736-79-48;просп. Андропова, 31А, Москва;elle-si.ru;55.675 37.666;beauty
Пять звезд, салон красоты;+7 (495) 972-78-90;+7 (901) 546-78-90;просп. Андропова, 13А, Москва;5zvezd-spb.ru;55.684 37.667;beauty
Жантиль, дом красоты;;+7 (901) 257-45-88;просп. Андропова, 19, Москва;gantil.ru;55.682 37.666;beauty
Эстель, салон красоты;+7 (499) 618-95-66;;Судостроительная ул., 24, Москва;estel.pro;55.683 37.683;beauty
Belle studio, студия красоты;+7 (499) 618-12-81;+7 (916) 285-55-80;Нагатинская наб., 54, стр. 2, Москва;belle-studio.ru;55.688 37.683;beauty
Анна, центр красоты;+7 (499) 431-07-32, +7 (499) 713-75-43;+7 (901) 183-75-43, +7 (988) 113-20-50, +7 (926) 329-78-87, +7 (968) 763-33-54;Судостроительная ул., 42А, Москва;salon-kolomenskaya.ru , kloto8.ru;55.685 37.692;beauty
Счастье есть, салон красоты;+7 (499) 614-10-00, +7 (8352) 45-12-13;+7 (909) 657-36-22;Коломенская ул., 1, Москва;happysalon.ru;55.685 37.707;beauty
Ажур;;+7 (969) 100-44-46, +7 (966) 144-07-27;Корабельная ул., 17, корп. 2, Москва;;55.683 37.698;beauty
Мерси;+7 (499) 371-04-03;;ул. Гурьянова, 30, Москва;hair-merci.ru , surfplaza.ru;55.681 37.716;beauty
Парадиз, студия красоты;+7 (499) 746-42-81;+7 (968) 619-33-55;Шоссейная ул., 39, Москва;salonparadise.ru;55.677 37.724;beauty
Ангелина, салон красоты;+7 (495) 657-37-37;+7 (926) 383-92-99;ул. Гурьянова, 19, корп. 2, Москва;angelina-spa.ru;55.688 37.717;beauty
Школа-студия красоты Дианы Прокопенко;+7 (495) 999-48-10;+7 (926) 814-14-51;ул. Гурьянова, 8, корп. 1, Москва;studia-ladydi.ru;55.690 37.718;beauty
Русалочка, студия красоты;+7 (495) 354-45-38, +7 (495) 353-66-73;+7 (925) 969-06-63, +7 (925) 832-58-71, +7 (916) 501-90-11, +7 (985) 734-43-38;ул. Гурьянова, 31, стр. 2, Москва;rusalon.ru , lux-cosmetic.ru;55.685 37.718;beauty
Волшебница, парикмахерская;;+7 (929) 650-17-35;Кубанская ул., 14, стр. 1, Москва;volshebnitsa-salon.ru;55.684 37.742;beauty
Формула Красоты, салон;+7 (495) 350-16-48, +7 (495) 350-10-66;;просп. 40 лет Октября, 12/10, Москва;;55.680 37.744;beauty
Салон красоты;;+7 (929) 547-77-60, +7 (967) 129-65-05;Краснодонская ул., 39, Москва;zoon.ru;55.675 37.749;beauty
Студия красоты Амели;;+7 (901) 258-47-61, +7 (925) 683-55-38;Белореченская ул., 3, Москва;ameli-centr.ru;55.674 37.769;beauty
Papi, салон красоты;;+7 (925) 596-66-13;ул. Судакова, 27, Москва;dikidi.net;55.673 37.756;beauty
Peach, салон красоты;;+7 (904) 567-41-22, +7 (916) 818-44-44, +7 (999) 095-81-23;Краснодарская ул., 48, Москва;peachbeauty.ru , peach-salon.ru;55.676 37.761;beauty
LS_beautyroom;;+7 (926) 436-06-00, +7 (926) 269-41-77;Тихорецкий бул., 1, корп. 4, Москва;;55.678 37.780;beauty
Блеск;+7 (495) 980-53-04;;Тихорецкий бул., 1, стр. 5, Москва;prk617.skrast.ru;55.675 37.783;beauty
Любава, салон красоты;+7 (495) 706-48-51;+7 (901) 426-85-34;Привольная ул., 57, корп. 1, Москва;;55.684 37.844;beauty
Сакура, салон красоты;+7 (495) 706-53-78, +7 (495) 706-56-61;+7 (925) 726-74-41, +7 (903) 722-62-11;Жулебинский бул., 33, корп. 1, Москва;sakyra.su;55.686 37.845;beauty
Мишель, салон красоты;+7 (495) 704-08-42, +7 (499) 797-21-77, +7 (495) 704-52-00;+7 (904) 567-38-81;Привольная ул., 61, корп. 1, Москва;mishel.pro;55.682 37.846;beauty
Luck Day;;+7 (977) 877-92-72;Жулебинский бул., 36, корп. 1, Москва, Россия;luckday.ru;55.685 37.848;beauty
Мадонна, салон красоты;;+7 (925) 517-96-13, +7 (968) 658-10-11;Жулебинский бул., 25, Москва;madonnastyle.ru;55.689 37.852;beauty
Holiday, салон красоты;+7 (495) 151-08-01;+7 (985) 015-01-08;ул. Авиаконструктора Миля, 3, Москва;salonholiday.ru;55.688 37.853;beauty
Кьяра, салон красоты;+7 (495) 705-56-83;+7 (909) 663-31-43;ул. Авиаконструктора Миля, 14, Москва;kjara-i.ru;55.682 37.856;beauty
Салон-парикмахерская;+7 (495) 706-54-85;+7 (968) 929-54-14, +7 (916) 144-02-38;Жулебинский бул., 30, корп. 1, Москва;chooseyourstyle.ru , salon-style.com;55.689 37.853;beauty
Парикмахерская № 12;;+7 (903) 576-61-50;ул. Генерала Кузнецова, 23, Москва;parikmaherskaya.tilda.ws;55.683 37.854;beauty
Verona, салон красоты;+7 (499) 796-07-77;+7 (903) 199-22-13, +7 (909) 655-38-61;ул. Авиаконструктора Миля, 24, Москва;салонверона.москва;55.679 37.858;beauty
Пальчики, ногтевая студия;+7 (495) 946-46-56, +7 (495) 975-52-25;;ул. Авиаконструктора Миля, 26, Москва;palchiki.com;55.677 37.858;beauty
Азбука Маникюра;+7 (499) 700-05-50;+7 (958) 709-09-05;ул. Генерала Кузнецова, 15, корп. 1, Москва;азбука-маникюра.рф;55.687 37.859;beauty
Парикмахерская 1 класса;+7 (495) 749-64-75;+7 (903) 549-64-75;2-я Вольская ул., 6, Москва;salon1c.ru;55.685 37.922;beauty
Парикмахерская 1 класса;+7 (495) 545-80-63;;1-я Вольская ул., 7, корп. 1, Москва;salon1c.ru;55.683 37.919;beauty
Леда, салон;+7 (499) 211-30-33;+7 (910) 003-30-33;1-я Вольская ул., 18, корп. 2, Москва;salon-leda.ru;55.682 37.923;beauty
Сирень;+7 (495) 227-02-62;+7 (985) 227-02-62;Беловежская ул., 55, Москва;zolotyeruchki.clients.site;55.709 37.393;beauty
Светлица;+7 (495) 735-38-74;+7 (903) 527-09-09;Сколковское ш., 36, Москва;svetlica-zao.ru;55.704 37.401;beauty
Beauty Express;;+7 (926) 672-56-28;Верейская ул., 29, стр. 33, Москва;beautyexpress.studio;55.710 37.441;beauty
Laqve, маникюрное кафе;+7 (495) 220-99-00;+7 (985) 220-99-00;Аминьевское ш., 6, Москва;laqve.ru;55.707 37.457;beauty
Why Not Now;;+7 (916) 231-74-16;Нежинская ул., 8, корп. 1, Москва;ylink.me;55.709 37.470;beauty
GLOW, студия красоты;+7 (495) 434-35-36;+7 (926) 941-90-35, +7 (904) 567-72-17, +7 (985) 281-65-65, +7 (904) 567-72-19;ул. Лобачевского, 118, корп. 2, Москва;zoon.ru , glow-salon.ru;55.694 37.470;beauty
Мишель, салон красоты;+7 (499) 726-09-49, +7 (495) 632-76-16, +7 (495) 632-76-15;+7 (906) 729-33-99, +7 (903) 700-43-35;Матвеевская ул., 16, корп. 1, Москва;mishel-salon.ru;55.703 37.471;beauty
Лица, салон красоты;+7 (495) 449-23-78;+7 (903) 615-28-36, +7 (925) 331-23-78;Нежинская ул., 9, Москва;profsalon.org , maxspa.ru;55.711 37.475;beauty
Лика, салон-парикмахерская;+7 (495) 441-81-17;+7 (985) 479-91-33;Веерная ул., 3, корп. 5, Москва;lika-style.ru;55.706 37.478;beauty
Fashion studio, студия красоты;+7 (495) 441-65-98, +7 (495) 442-06-95, +7 (495) 449-26-14, +7 (495) 449-15-06;+7 (916) 472-01-52;Веерная ул., 30, корп. 2, Москва;fashion-studio.ru;55.710 37.479;beauty
Аракс, салон-парикмахерская;+7 (499) 726-05-28;+7 (915) 409-17-24, +7 (921) 254-67-77;Веерная ул., 3, корп. 2, Москва;;55.708 37.480;beauty
Beauty perfection, центр красоты и здоровья;+7 (495) 734-40-70;+7 (977) 702-94-70;Мичуринский просп., 54, корп. 2, Москва;beautyperfection.ru;55.694 37.489;beauty
Салон красоты Sheikha Beauty lab;;+7 (926) 356-07-00;ул. Столетова, 19, Москва;salon-krasoty-sheikha-beauty.clients.site;55.703 37.497;beauty
Stels, салон красоты;+7 (499) 147-08-80;+7 (968) 443-74-32;Мосфильмовская ул., 88, корп. 2, стр. 7, Москва;stelsbeauty.ru;55.705 37.495;beauty
Таймания;+7 (495) 374-63-65;+7 (926) 930-12-40, +7 (926) 105-59-13, +7 (929) 969-12-39;Мосфильмовская ул., 53, Москва;thaimania-spa.ru;55.705 37.497;beauty
В Раменках, салон красоты;+7 (495) 932-48-11;;Мичуринский просп., 31, корп. 4, Москва;calon-krasoty-v-ramenkah.ru , zoon.ru;55.694 37.497;beauty
Синема, салон красоты;+7 (499) 754-14-40;+7 (991) 609-06-26;Столетова, 11;;55.704 37.500;beauty
AQUASLIM, студия коррекции фигуры под водой;;+7 (962) 720-30-30, +7 (966) 130-11-30;ул. Столетова, 9, Москва;aquaslim.ru;55.704 37.501;beauty
Пальчики, ногтевая студия;+7 (495) 204-90-09;+7 (968) 716-80-69;Мичуринский просп., 16, Москва;palchiki.com;55.703 37.505;beauty
Версаль;;+7 (967) 002-09-02, +7 (958) 100-95-52, +7 (967) 002-09-09;Мичуринский просп., 26, Москва;versalbeauty.ru;55.701 37.502;beauty
Эталон;;+7 (925) 121-09-28;ул. Столетова, 7, корп. 1, Москва;;55.705 37.502;beauty
Asia Beauty Spa, сеть СПА-салонов;+7 (495) 021-82-74, +7 (495) 023-88-85, +7 (495) 023-88-84, +7 (495) 023-88-86, +7 (495) 320-28-60, +7 (495) 021-58-09, +7 (495) 023-88-81, +7 (495) 023-88-82, +7 (495) 023-66-30;+7 (999) 870-82-31;Мичуринский просп., 22, корп. 1, Москва;ab-spa.ru;55.701 37.504;beauty
Ok, центр красоты;+7 (495) 374-87-28, +7 (495) 374-87-38, +7 (495) 734-15-50;;Мичуринский просп., 9, Москва;ok2you.ru , ok-tsentry-krasoty.ru;55.701 37.507;beauty
22, салон красоты;;+7 (985) 694-44-12;Мичуринский просп., 19, корп. 3, Москва;numero22.ru;55.697 37.508;beauty
Релас гранд, салон красоты;+7 (495) 932-79-28, +7 (495) 932-58-01;+7 (904) 567-50-38;Мичуринский просп., 9, корп. 2, Москва;relas-grand.ru;55.701 37.509;beauty
Ma&Mi, студия красоты;+7 (495) 142-29-10;;Ломоносовский просп., 25, корп. 5, Москва;maandmi.ru;55.692 37.531;beauty
Персона, имидж-лаборатория;+7 (495) 989-00-05;+7 (977) 689-00-05, +7 (977) 628-00-05;Ломоносовский просп., 25, корп. 2, Москва;persona-universitet.ru;55.695 37.532;beauty
Роникс-Сервис;+7 (495) 938-20-73, +7 (495) 938-20-46;+7 (901) 259-54-28, +7 (985) 052-10-66, +7 (911) 920-61-09, +7 (985) 217-26-34;Университетский просп., 9, Москва;roniks-salon.ru;55.697 37.550;beauty
Против правил, центр омоложения;+7 (495) 137-21-64, +7 (495) 411-84-85, +7 (499) 137-21-64;+7 (920) 378-00-00, +7 (966) 666-32-73, +7 (926) 001-49-59;Университетский просп., 4, Москва;protivpravil.net;55.697 37.554;beauty
Валентина и К;+7 (499) 137-10-80;+7 (905) 520-91-17;Университетский просп., 1/62, Москва;;55.695 37.555;beauty
Линлайн, клиника косметологии;+7 (343) 224-47-77, +7 (343) 351-73-64, +7 (499) 649-77-84, +7 (499) 137-58-67;;Университетский просп., 4, Москва;linline.ru , linline-clinic.ru;55.697 37.554;beauty
Антураж, студия красоты;;+7 (929) 649-26-26;ул. Губкина, 14, Москва;zoon.ru , anturazh-salon-krasoty.ru;55.693 37.567;beauty
L’care;+7 (499) 137-05-51;+7 (958) 100-67-41, +7 (906) 022-55-66;Ленинский просп., 40, Москва;lcare.ru;55.703 37.571;beauty
Автор, салон красоты;;+7 (925) 548-86-54;Ленинский просп., 45, Москва;n268318.yclients.com;55.702 37.574;beauty
Империя, салон красоты;+7 (499) 723-68-70;+7 (916) 999-05-06;просп. 60-летия Октября, 8, Москва;empire-of-beauty.ru;55.695 37.576;beauty
Grunge, салон красоты;+7 (495) 718-12-13, +7 (495) 718-11-21;;просп. 60-летия Октября, 19, Москва;zoon.ru , granzhe.obiz.ru;55.694 37.578;beauty
Эпилайк, клиника эпиляции и косметологии;+7 (499) 390-32-32;+7 (977) 688-80-93, +7 (929) 553-17-61, +7 (977) 307-88-05;ул. Вавилова, 17, Москва;epilike.ru;55.702 37.581;beauty
СолоСалон;;+7 (967) 085-81-42;Ленинский просп., 37, корп. 1, Москва;solosalon.ru;55.711 37.587;beauty
Конфетти;+7 (495) 231-61-88;+7 (985) 231-61-88, +7 (926) 895-40-17, +7 (926) 895-40-21;ул. Орджоникидзе, 9, корп. 1, Москва;confettipedicure.ru;55.710 37.598;beauty
MAN CITY BARBERS, барбершоп;;+7 (995) 300-50-48;5-й Донской пр., 15, стр. 7, Москва;mancitybarbers.ru;55.705 37.600;beauty
Элен-Та;;+7 (909) 690-56-65, +7 (903) 660-12-68;1-й Рощинский пр., 4, корп. 2, Москва;elenta.ru;55.710 37.605;beauty
ArtLik, студия маникюра;;+7 (963) 659-96-96;ул. Серпуховский Вал, 21, корп. 4, Москва;ylink.me;55.710 37.607;beauty
Pmp organic beauty, салон красоты;+7 (495) 877-46-44, +7 (495) 797-94-27;;ул. Серпуховский Вал, 21, корп. 4, Москва;pmp-studios.com , beauty.pmp-studios.com;55.711 37.608;beauty
Colortrendbar, салон красоты;;+7 (968) 918-09-89;ул. Серпуховский Вал, 21, корп. 1, Москва;colortrendbar.ru;55.711 37.610;beauty
Зазеркалье, центр красоты;+7 (495) 134-22-22, +7 (495) 137-94-93;;Большая Тульская ул., 2, Москва;zer.ru;55.710 37.620;beauty
Лагуна, сеть студий загара;+7 (499) 917-04-74;+7 (929) 653-34-54;Большая Тульская ул., 11, Москва;laguna-sun.ru;55.710 37.624;beauty
Beauty Room;;+7 (929) 622-26-52;Новоданиловская наб., 6, корп. 2, Москва;svo.aero , palmira-bc.ru;55.698 37.625;beauty
Павел Белый;;+7 (985) 760-20-77;ул. Ленинская Слобода, 19, Москва;pavelbely.com , pavelbely.ru;55.708 37.651;beauty
Дила, студия красоты;;+7 (925) 601-61-51, +7 (986) 111-69-99;Автозаводская ул., 23Б, корп. 2, Москва;дила.рф;55.701 37.652;beauty
Кто такая;+7 (499) 348-17-59;+7 (903) 770-99-96;ул. Ленинская Слобода, 26, корп. С, Москва;ktotakaya.pinbox.ru;55.710 37.655;beauty
Пальчики, ногтевая студия;+7 (495) 660-62-04;+7 (999) 346-11-34;3-й Автозаводский пр., 3, Москва;palchiki.com;55.708 37.656;beauty
Kari Beauty Studio;;+7 (925) 174-82-22, +7 (901) 258-29-41;ул. Мастеркова, 4, Москва;;55.709 37.656;beauty
Омсс, салон красоты;;+7 (926) 395-30-29, +7 (925) 755-71-12;ул. Мастеркова, 1, Москва;omss.business.site;55.710 37.660;beauty
The lashes, студия по наращиванию ресниц;+7 (495) 764-76-02;+7 (967) 184-86-28, +7 (985) 433-11-97;Велозаводская ул., 6А, Москва;thelashes.ru;55.712 37.664;beauty
Салон-парикмахерская;;+7 (968) 383-70-70;6-я Кожуховская ул., 13, Москва;;55.707 37.673;beauty
Kazankova Lashes;;+7 (999) 454-61-38, +7 (918) 131-07-49;ул. Трофимова, 15, Москва;perspektiva-st-msk.ru;55.703 37.673;beauty
Острова, салон красоты;+7 (499) 322-05-22, +7 (499) 322-08-22, +7 (499) 322-22-42, +7 (499) 322-11-02, +7 (499) 322-10-22, +7 (499) 322-30-32;+7 (903) 773-99-66, +7 (968) 732-58-58, +7 (968) 903-53-53;5-я Кожуховская ул., 18, корп. 1, Москва;salonostrova.ru;55.705 37.673;beauty
Atmosfera, салон красоты;+7 (495) 677-97-67;+7 (926) 180-65-04, +7 (962) 917-13-33;Южнопортовая ул., 16, Москва;gold-atmosfera.ru;55.707 37.684;beauty
Da-Da;;+7 (925) 327-54-37;Люблинская ул., 4, корп. 1А, Москва;da-da.clients.site;55.709 37.731;beauty
Евгения, студия красоты;+7 (499) 178-54-40;+7 (903) 688-09-80;ул. Юных Ленинцев, 7, Москва;evgenia-beauty.ru;55.700 37.740;beauty
Алёнка, салон-парикмахерская;+7 (495) 935-83-63, +7 (499) 714-51-75;+7 (926) 498-32-71;ул. Чистова, 9/19, Москва;salon-alenka.nethouse.ru;55.697 37.741;beauty
Леонардо, салон красоты;+7 (499) 178-13-93;+7 (925) 854-59-00;к2, Юго-Восточный административный округ, район Кузьминки, Волжский Бульвар квартал 114А, Москва;leo-salon.ru;55.706 37.748;beauty
Салон красоты и СПА Инфинити;+7 (499) 664-71-74;+7 (926) 974-71-74;ул. Чистова, 16, корп. 1, Москва;spa-infinity.ru;55.697 37.745;beauty
Ханар, студия красоты;;+7 (968) 674-28-29, +7 (985) 805-33-25;Окская ул., 1, корп. 1, Москва;b608876.yclients.com;55.712 37.751;beauty
Стиль Нова, салон красоты;+7 (495) 225-63-19;+7 (926) 994-25-52;Окская ул., 1, корп. 1, Москва;stylenova.ru;55.712 37.751;beauty
Nayada beauty pro, салон красоты;;+7 (968) 049-50-60;Жигулёвская ул., 6, корп. 3, Москва;nayada.org;55.711 37.759;beauty
Аллюр, студия красоты;+7 (495) 919-36-76;+7 (901) 546-30-95;Зеленодольская ул., 36, корп. 1, Москва;salonallur.com , s-allure.ru;55.710 37.767;beauty
Классик А;+7 (499) 172-57-76, +7 (720) 001-71-52;+7 (926) 929-96-71, +7 (985) 074-13-54;Зеленодольская ул., 32, корп. 1, Москва;classic-salon.ru , megagroup.ru;55.711 37.769;beauty
Надежда-7;+7 (495) 379-37-24;;Волгоградский просп., 142, Москва;sk2561.skrst.ru;55.702 37.788;beauty
Moon, студия красоты;;+7 (965) 128-77-95, +7 (966) 004-90-80;Ташкентская ул., 25, корп. 1, Москва;;55.700 37.810;beauty
Студия красоты Болецкой;;+7 (926) 320-77-75;к6, Юго-Восточный административный округ, район Выхино-Жулебино, квартал Самаркандский Бульвар 137А, Москва;;55.699 37.818;beauty
Леди-Di;+7 (499) 340-30-84;+7 (904) 567-86-77;Ферганский пр., 10Б, стр. 2, Москва;ledi-di-salon.ru;55.696 37.821;beauty
Эклипс, салон красоты;+7 (499) 755-88-65;+7 (916) 128-10-54;Пронская ул., 8/4, Москва;salon-eclipse.ru;55.700 37.845;beauty
Институт красоты Monlaver;+7 (495) 199-18-88;+7 (964) 640-87-49, +7 (904) 567-84-30;Жулебинский бул., 5, Москва;monlaver.ru;55.699 37.844;beauty
Белиссимо, салон красоты;+7 (499) 165-57-35, +7 (499) 967-85-35, +7 (495) 360-83-37, +7 (499) 967-86-00, +7 (495) 673-16-34, +7 (499) 967-85-19, +7 (499) 967-85-98, +7 (499) 967-85-91;;Лермонтовский просп., 2, корп. 1, Москва;blss.ru;55.704 37.846;beauty
Пальчики, ногтевая студия;;+7 (910) 487-20-70;Лермонтовский просп., 8, корп. 1, Москва;palchiki.com;55.702 37.849;beauty
Престиж;;+7 (925) 058-96-09, +7 (926) 650-39-71;Хвалынский бул., 7/11к1, Москва;;55.697 37.850;beauty
Но-Ко, салон красоты;+7 (495) 701-02-00;+7 (906) 088-19-02;Большая Косинская ул., 16, корп. 1, Москва;hofu.site , zoon.ru , maxspa.ru;55.711 37.854;beauty
Вилсора, салон красоты;;+7 (977) 495-82-38;ул. Дмитриевского, 1, Москва;;55.711 37.881;beauty
Центр семейной стоматологии;+7 (495) 120-29-55, +7 (495) 120-19-95, +7 (495) 785-73-56;+7 (968) 404-04-55;ул. Дмитриевского, 1, Москва;косметология-в-кожухово.рф , family-dental.ru;55.711 37.881;beauty
Мишель, салон красоты;+7 (499) 797-13-77;;ул. Татьяны Макаровой, 8, Москва;mishel.pro;55.712 37.889;beauty
Имидж студия Ю. Г.;;+7 (925) 517-51-05;Святоозёрская ул., 18, Москва;;55.712 37.892;beauty
S. O. V. A.;;+7 (925) 888-08-02;Святоозёрская ул., 24, Москва;sksova.ru;55.711 37.893;beauty
Red line, салон красоты;;+7 (909) 918-18-90, +7 (903) 722-43-55;ул. Дмитриевского, 23, Москва;zoon.ru , red-line.obiz.ru , redlinevip.ru , red-line.pro;55.710 37.897;beauty
Beauty lab, салон красоты;;+7 (925) 111-84-86, +7 (966) 111-88-83;просп. Защитников Москвы, 8, Москва;mskbeautylab.ru;55.700 37.921;beauty
Аура, салон красоты;+7 (499) 674-72-36;+7 (966) 153-33-22;ул. Льва Яшина, 9, Москва;aura-style.ru;55.698 37.925;beauty
Монро, студия красоты;+7 (499) 272-74-45, +7 (499) 405-01-31;;ул. Ухтомского Ополчения, 4, Москва;;55.700 37.926;beauty
BL, центр косметологии;+7 (495) 669-57-50;+7 (905) 533-69-62, +7 (926) 511-00-32;Рождественская ул., 32, Москва;studiobl.ru;55.701 37.927;beauty
Примавера, студия красоты;+7 (495) 668-70-76;+7 (964) 632-03-24;ул. Недорубова, 5, Москва;primavera-nekrasovka.ru;55.700 37.930;beauty
4 Hands;;+7 (985) 768-50-08;Рождественская ул., 31, Москва;4hands.ru;55.705 37.932;beauty
Da vinci, студия красоты;;+7 (929) 920-10-10;просп. Защитников Москвы, 10, Москва;zoon.ru , da-vinci-salon.ru;55.701 37.923;beauty
Нарцисс, салон красоты;+7 (499) 938-50-96;;ул. Льва Яшина, 5, корп. 2, Москва;salonnarciss.ru;55.699 37.924;beauty
Арпи;;+7 (926) 858-99-66;Рождественская ул., 39, Москва;;55.701 37.928;beauty
Студия красоты;+7 (495) 204-92-28;+7 (977) 854-65-26;ул. Недорубова, 10, Москва;beauty-nedorubova.business.site;55.701 37.933;beauty
Афродита, салон-парикмахерская;;+7 (977) 050-95-77;ул. Лавриненко, 3А, Москва;;55.702 37.945;beauty
Лилия, салон красоты;;+7 (965) 410-09-60, +7 (916) 977-77-68;ул. Недорубова, 20, корп. 1, Москва;;55.703 37.935;beauty
Косметология;;+7 (968) 657-00-33, +7 (916) 582-20-10;ул. Липчанского, 6, Москва;asena-cosmetology.tilda.ws;55.704 37.937;beauty
Волшебный мир, салон красоты;+7 (499) 726-72-78;+7 (905) 757-75-78, +7 (904) 567-49-54;ул. Толбухина, 13, корп. 1, Москва;volshebnyj-mir.ru;55.723 37.400;beauty
Кармен;;+7 (903) 539-03-79;ул. Толбухина, 9, корп. 1, Москва;karmen-salon.ru;55.722 37.401;beauty
Арт-Бьюти;+7 (495) 448-33-46;;Беловежская ул., 1, корп. 2, Москва;artbeauty-studio.ru;55.715 37.401;beauty
Студия красоты;;+7 (925) 053-50-03;Можайское ш., 37, Москва;;55.718 37.416;beauty
Дива, студия красоты;+7 (495) 443-30-61;+7 (964) 559-18-23;Можайское ш., 41, корп. 1, Москва;sk-diva.ru;55.717 37.412;beauty
Новый силуэт, центр красоты и здоровья;+7 (495) 448-81-11, +7 (495) 444-40-40;+7 (904) 567-30-81;Можайское ш., 30, Москва;new-siluet.ru;55.720 37.420;beauty
Лица, салон красоты;+7 (495) 728-39-88, +7 (495) 740-95-00, +7 (495) 440-74-28;;Гвардейская ул., 14, Москва;5049400.ru;55.724 37.425;beauty
Апельсин;+7 (495) 417-34-69;+7 (915) 194-50-36;Кунцевская ул., 1, Москва;salon-orange.ru;55.730 37.423;beauty
Borodach, барбершоп;;+7 (926) 880-70-41;Рябиновая ул., 3, корп. 3, Москва;borodach.com;55.718 37.425;beauty
Остера, салон красоты;+7 (495) 417-97-35;+7 (903) 233-92-73;Полоцкая ул., 6, корп. 1, Москва;остера.рф;55.730 37.425;beauty
Benny J.A.Y, салон красоты;;+7 (903) 792-90-88, +7 (967) 088-77-72;Рябиновая ул., 3, корп. 4, Москва;benny-jay.clients.site;55.718 37.427;beauty
5th Avenue;+7 (495) 476-43-47, +7 (495) 978-28-08, +7 (495) 710-99-23;;Можайское ш., 13, Москва;5th-avenue.ru;55.720 37.434;beauty
World Class Spa, сеть салонов красоты;+7 (495) 085-76-38;;ул. Ивана Франко, 16, Москва;spa.worldclass.ru , worldclass.ru;55.728 37.438;beauty
Академия красоты, салон красоты;;+7 (958) 100-28-64, +7 (985) 970-46-00;Можайское ш., 6, корп. 1, Москва;mylazer.ru;55.723 37.439;beauty
N-ergo SPA;+7 (495) 925-25-05, +7 (495) 925-25-22;+7 (910) 450-17-55;Можайское ш., 2В, Москва;n-ergospa.ru , n-ergo.ru;55.726 37.446;beauty
Визави, салон красоты;+7 (495) 440-09-57;;Кутузовский просп., 71, Москва;vizavi98.ru;55.724 37.453;beauty
Мира, салон красоты;+7 (495) 440-32-64, +7 (495) 440-23-62;;ул. Ватутина, 18, корп. 2, Москва;salonmira.ru;55.722 37.452;beauty
Le credo, салон красоты;+7 (499) 233-23-36;+7 (906) 033-36-93;ул. Артамонова, 7, Москва;lecredo.ru , le-credo77.moskvagid24.ru;55.719 37.460;beauty
Марина-Е.А., салон красоты;+7 (499) 445-58-64;;ул. Артамонова, 5, Москва;marinaea.ru;55.719 37.460;beauty
Салон красоты Beauty & Body;+7 (495) 162-20-48;+7 (926) 497-17-33, +7 (919) 727-70-35;Славянский бул., 11, корп. 1, Москва;beautyandbody.ru;55.726 37.466;beauty
Лица, салон красоты;+7 (495) 532-38-00;+7 (929) 953-72-44;Славянский бул., 9, корп. 6, Москва;5049400.ru;55.725 37.467;beauty
Face Class;;+7 (994) 999-05-27, +7 (991) 777-30-40;Кутузовский просп., 57, Москва;faceclassclub.ru;55.728 37.477;beauty
Косметолог в Москве;;+7 (925) 772-89-83, +7 (977) 883-92-97;Минская ул., 1Г, корп. 1, Москва;kosmetolog-plus.ru;55.713 37.501;beauty
Центр ногтевого сервиса № 1;;+7 (926) 983-40-04;Минская ул., 1Г, корп. 4, Москва;center-nails.ru;55.713 37.501;beauty
Режиссер, салон красоты;+7 (499) 783-07-80;+7 (906) 066-05-50;ул. Пырьева, 2, Москва;regisser-salon.ru;55.725 37.528;beauty
Beauty Breeze;+7 (495) 602-02-79, +7 (495) 407-71-36, +7 (495) 602-02-78, +7 (495) 001-37-54;+7 (925) 880-27-41;ул. Пудовкина, 7, Москва;beauty-breeze.ru;55.727 37.528;beauty
Bonus, студия маникюра;;+7 (930) 333-48-51, +7 (991) 788-43-68;Усачёва ул., 62, Москва;bonusnail.ru;55.725 37.562;beauty
Жюли Вернель, салон красоты;;+7 (906) 771-99-75, +7 (903) 539-51-71, +7 (910) 433-11-32, +7 (909) 674-46-91;ул. Хамовнический Вал, 32, Москва;julivernel.ru;55.721 37.565;beauty
Filini, парикмахерская;;+7 (926) 954-46-10, +7 (977) 600-20-18;ул. Ефремова, 20, Москва;filini1.ru;55.722 37.568;beauty
Мильфей, салон красоты;+7 (495) 477-59-02, +7 (495) 477-45-55;+7 (965) 331-01-04;3-я Фрунзенская ул., 19, Москва;milfey.ru;55.723 37.571;beauty
Io beauty gallery, салон красоты;;+7 (985) 787-78-78;ул. Ефремова, 19, корп. 4, Москва;io-salon.ru , iobeautygallery.moscow;55.722 37.569;beauty
Аляска, сеть мужских парикмахерских;+7 (495) 121-24-98, +7 (495) 150-52-25;+7 (901) 752-85-66;Малая Пироговская ул., 13, стр. 1, Москва;alaskaman.ru;55.729 37.570;beauty
Геккон, центр красоты;+7 (495) 154-33-96, +7 (499) 766-82-89;+7 (925) 766-88-75;ул. Хамовнический Вал, 18, Москва;gekkon.moscow;55.719 37.572;beauty
Янгуан, студия китайского массажа;+7 (499) 242-80-65;+7 (916) 096-01-41;ул. Хамовнический Вал, 16, Москва;sun-one.ru;55.718 37.573;beauty
Nowe, салон красоты;+7 (499) 242-47-56, +7 (499) 460-17-69;;Комсомольский просп., 41, Москва;salonnowe.ru;55.721 37.574;beauty
Пальчики, ногтевая студия;+7 (495) 626-87-12;+7 (967) 044-01-46;Комсомольский просп., 36, Москва;palchiki.com;55.723 37.576;beauty
Эмари, салон красоты;+7 (499) 325-35-32, +7 (499) 242-52-70;+7 (985) 245-70-21, +7 (915) 353-41-14;Трубецкая ул., 10, Москва;amary-msk.ru;55.727 37.576;beauty
Инсайт;;+7 (916) 781-86-86;ул. Ефремова, 10с1к4/3, Москва;insight-salon.ru;55.725 37.575;beauty
Портфолио;+7 (499) 242-11-67, +7 (499) 242-20-70;+7 (962) 969-65-70, +7 (916) 026-01-01;3-я Фрунзенская ул., 9, Москва;jukeboxtrio.ru , salon-portfolio.ru;55.721 37.576;beauty
Макропулос лайн, салон красоты;+7 (495) 925-89-36;;Комсомольский просп., 32, Москва;makropulos-line.ru;55.725 37.577;beauty
АСТОРИЯ, студия красоты;;+7 (925) 550-04-48;Комсомольский просп., 35, Москва;astoriya-msk.ru;55.723 37.577;beauty
Эстетика, салон красоты;+7 (495) 783-33-20, +7 (499) 766-84-33, +7 (495) 783-33-22, +7 (499) 766-86-46;+7 (925) 970-66-77;2-я Фрунзенская ул., 12, Москва;salon-estetika.ru;55.724 37.581;beauty
Сенсави, институт красоты;+7 (495) 292-42-94;;Комсомольский просп., 32, корп. 2, Москва;sensavi.ru;55.726 37.579;beauty
Галерея косметики, магазин профессиональной косметики;;+7 (968) 614-20-08;Оболенский пер., 9, корп. 1, Москва;galereja-kosmetiki-obolenskij-pereulok.clients.site , proficosmetics.ru;55.731 37.579;beauty
Mon amie, студия красоты;;+7 (969) 196-55-44;2-я Фрунзенская ул., 10, корп. 2, Москва;;55.725 37.582;beauty
Катерина-Искусница, салон красоты;+7 (499) 242-01-43;;Комсомольский просп., 25, корп. 3, Москва;katerina-iskusnica.ru;55.726 37.583;beauty
Кудряшка You;;+7 (919) 763-44-41;1-я Фрунзенская ул., 5, Москва;kudryashka-you.ru;55.726 37.585;beauty
Luck;+7 (495) 975-94-77;+7 (967) 178-78-74, +7 (978) 752-54-19;Комсомольский просп., 14/1к2, Москва;lucknail.ru , move-seo.ru , sprava.com;55.731 37.590;beauty
Салон лазерной эпиляции Epilat;+7 (499) 255-39-55;;Комсомольский просп., 14/1к2, Москва;best-epilat.ru;55.732 37.590;beauty
Peach, салон красоты;+7 (495) 888-44-88, +7 (495) 818-44-44;+7 (969) 138-70-72;Фрунзенская наб., 18, Москва;peachbeauty.ru;55.730 37.592;beauty
Ягуар, студия красоты;+7 (499) 237-81-05;+7 (902) 469-80-43, +7 (965) 147-86-56;ул. Шаболовка, 30/12, Москва;mchost.ru , stud-jaguar.ru;55.720 37.608;beauty
Mon Caprice;;+7 (999) 003-05-99, +7 (963) 967-56-65, +7 (903) 722-53-30, +7 (903) 130-29-55;ул. Шаболовка, 34, стр. 4, Москва;mon-caprice.ru;55.718 37.608;beauty
HairFashion;;+7 (977) 373-61-64, +7 (909) 999-15-45, +7 (926) 342-93-84;ул. Крымский Вал, 3, стр. 3, Москва;hairfashion.ru;55.729 37.608;beauty
Good Mood, студия красоты;+7 (759) 997-22-60;+7 (991) 222-64-90, +7 (977) 760-68-00;ул. Шаболовка, 10, корп. 1, Москва;good-mood.clients.site;55.723 37.609;beauty
Пальчики, ногтевая студия;+7 (499) 519-04-59;+7 (966) 051-60-27;ул. Шаболовка, 20, Москва;palchiki.com;55.722 37.610;beauty
Помпон, салон красоты;+7 (495) 792-17-23;+7 (903) 790-59-48;ул. Шухова, 18, Москва;salon-pompon.ru;55.717 37.610;beauty
Медичи;+7 (499) 394-07-09;+7 (903) 011-69-49;Мытная ул., 46, стр. 5, Москва;salon-medici.ru;55.721 37.615;beauty
World Class Spa, сеть салонов красоты;+7 (495) 989-70-59, +7 (495) 085-36-47;;Житная ул., 14, стр. 2, Москва;spa.worldclass.ru , worldclass.ru;55.732 37.616;beauty
Арт Пластика;+7 (495) 021-50-55;;ул. Павла Андреева, 28, корп. 7, Москва;art-plastica.ru;55.721 37.618;beauty
ОНА, салон красоты и стиля;+7 (499) 558-39-09, +7 (499) 558-39-59;;Мытная ул., 7, стр. 1, Москва;ellesalon.ru;55.721 37.618;beauty
Валена Моргун;+7 (495) 150-05-10;+7 (926) 565-02-67;Мытная ул., 7, стр. 1, Москва;valenamorgun.ru;55.722 37.619;beauty
Выездной салон красоты Mamma Mia;;+7 (966) 372-98-58;Мытная ул., 7, стр. 1, Москва, Россия;mi-ma.ru;55.722 37.619;beauty
Медицинская одежда Преображение;;+7 (968) 010-27-65, +7 (904) 567-52-79, +7 (901) 469-75-97, +7 (904) 567-52-77;1-й Добрынинский пер., 6, Москва;zoon.ru , beauty-preobrazhenie.ru;55.728 37.620;beauty
Дива;;+7 (925) 403-19-05;Мытная ул., 25, Москва;diva-spa.com;55.716 37.620;beauty
Алекс;;+7 (967) 177-87-57;Люсиновская ул., 36, стр. 1, Москва;studiyaalex.ru;55.723 37.621;beauty
Beauty Code;+7 (499) 394-20-82;+7 (904) 568-67-19, +7 (925) 488-91-01;Люсиновская ул., 36/50, Москва;kodkrasoty.su;55.722 37.622;beauty
Манхэттен маникюр, салон красоты;;+7 (901) 147-71-13, +7 (916) 802-49-43;Люсиновская ул., 68, Москва;манхэттенманикюр.москва;55.716 37.622;beauty
Пальчики, ногтевая студия;+7 (499) 519-05-00, +7 (499) 237-45-51;+7 (906) 748-04-73;Люсиновская ул., 6, Москва;palchiki.com;55.727 37.622;beauty
Cloud Beauty, салон красоты;+7 (495) 722-95-45;+7 (968) 055-57-51;Люсиновская ул., 41, стр. 1, Москва;cloudbeauty.ru , cloud-epil.ru;55.722 37.623;beauty
19.07, студия красоты;+7 (499) 237-07-62;+7 (901) 383-83-50;Люсиновская ул., 41, стр. 1, Москва;studio1907.ru;55.721 37.623;beauty
I like nails, студия маникюра;;+7 (966) 666-43-97, +7 (926) 195-52-45, +7 (999) 887-34-51, +7 (926) 704-11-41, +7 (916) 156-62-86, +7 (916) 156-52-26, +7 (985) 272-69-96;Стремянный пер., 35, Москва;ilike-nails.ru;55.727 37.627;beauty
Арианна, салон красоты;+7 (499) 237-32-69, +7 (499) 237-32-67;+7 (977) 689-59-20;Большая Серпуховская ул., 31, корп. 11, Москва;parik1.ru;55.723 37.627;beauty
Ботаника;;+7 (995) 120-12-20;Пятницкая ул., 71/5с2, Москва;botanica-salon.ru , zoon.ru;55.731 37.627;beauty
Mod`s Hair Paris, салон красоты;+7 (499) 348-92-81, +7 (499) 322-91-45, +7 (499) 113-71-27, +7 (499) 112-30-68;;Валовая ул., 26, Москва;modshairrussia.ru;55.730 37.629;beauty
Friday, салон красоты;;+7 (968) 476-19-88;6-й Монетчиковский пер., 10, стр. 15, Москва;friday-salon.plp7.ru , friday-salon.ru;55.731 37.632;beauty
Bond's Girl Beauty;;+7 (958) 100-72-28;Большая Пионерская ул., 13/6Ас1, Москва;bondsgirl.ru;55.729 37.634;beauty
Персона, имидж-лаборатория;+7 (495) 287-87-09;+7 (966) 116-36-26, +7 (968) 894-25-86;Павелецкая площадь, 2, стр. 3, Москва;persona.expert;55.730 37.636;beauty
Красный лак, студия красоты;;+7 (916) 022-36-23;Дубининская ул., 11, стр. 1, Москва;;55.728 37.638;beauty
Малина;+7 (499) 579-30-09;;Кожевническая ул., 7, стр. 1, Москва;malina-msk.ru;55.730 37.647;beauty
Мега стиль, салон-парикмахерская;;+7 (925) 393-32-60;Кожевническая ул., 16, стр. 1, Москва;1megastyle.ru , mega-nails.ru;55.729 37.647;beauty
Студия красоты;+7 (495) 674-27-10;;ул. Симоновский Вал, 9, Москва;californiasun.ru;55.726 37.664;beauty
Студия перманентного макияжа MakeupTattoo;;+7 (901) 147-75-22;Дербеневская наб., 11, корп. В, Москва;makeuptattoostudio.ru;55.721 37.652;beauty
Quentin barbershop, мужской салон;;+7 (926) 866-36-66;ул. Крутицкий Вал, 28, Москва;quentinbarbershop.ru;55.729 37.663;beauty
Wowvolosy;;+7 (909) 666-01-11, +7 (916) 888-06-66;Саринский пр., 2, Москва;wowvolosy.ru;55.730 37.657;beauty
Сама такая;;+7 (925) 001-11-46;Пересветов пер., 3, Москва;stilistic.ru , samatakaya.ru;55.715 37.663;beauty
Diamonds Plaza;+7 (495) 104-40-87;+7 (993) 353-08-03, +7 (926) 658-99-31, +7 (917) 517-82-56, +7 (966) 888-13-07;ул. Крутицкий Вал, 3, Москва;diamondsplaza.ru;55.730 37.665;beauty
Персона, имидж-лаборатория;+7 (495) 197-66-20;;1-я ул. Машиностроения, 10, Москва;persona-dubrovka.ru;55.714 37.670;beauty
Бьюти-коворкинг Indi. Roxy;+7 (499) 841-01-10;+7 (977) 141-01-10;1-я ул. Машиностроения, 10, Москва;coworking-roxy.ru;55.714 37.672;beauty
РИО, салон красоты;+7 (495) 786-98-12, +7 (495) 125-44-60;+7 (925) 358-02-05, +7 (901) 147-76-26;ул. Крутицкий Вал, 3, корп. 2, Москва;citystyles.ru;55.730 37.667;beauty
Салон красоты Студия 53;+7 (495) 951-98-69;+7 (962) 962-53-53;1-я ул. Машиностроения, 2/7к1, Москва;imidzh-studiya.com;55.714 37.668;beauty
Laser impuls студия лазерной эпиляции;;+7 (926) 568-01-08, +7 (939) 111-85-97;1-я Дубровская ул., 1, корп. 4, Москва;laser-impuls.tilda.ws;55.730 37.670;beauty
Лилия;+7 (495) 676-95-91;+7 (969) 659-13-87, +7 (987) 398-76-24, +7 (999) 656-07-87;Волгоградский просп., 6, Москва;salon-lilia.ru;55.731 37.671;beauty
Roxy, студия красоты;;+7 (967) 109-60-29, +7 (926) 810-18-88;1-я ул. Машиностроения, 10, Москва;salonroxy.ru , dubrovka.salonroxy.ru;55.714 37.671;beauty
Salonme.ru;+7 (495) 266-64-56;+7 (964) 025-05-36;2-я ул. Машиностроения, 7, стр. 2, Москва;salonme.ru;55.712 37.672;beauty
Салон красоты Идеал;;+7 (985) 075-99-27, +7 (909) 681-19-16, +7 (958) 100-61-59;1-я ул. Машиностроения, 10, Москва;салон-идеал.рф;55.714 37.673;beauty
СК Капитель;+7 (499) 322-37-09;;Остаповский пр., 3, стр. 2, Москва;cosmedicus.ru;55.722 37.701;beauty
Леди Ди;+7 (495) 998-74-44;;Рязанский просп., 2, корп. 2, Москва;studia-ladydi.ru;55.730 37.732;beauty
Оранжевый рай, салон красоты;+7 (499) 124-08-11;;Люблинская ул., 9, стр. 3, Москва;оранжевыйрай.рф , saloon1.ru;55.712 37.733;beauty
Альруан, салон-парикмахерская;+7 (499) 173-27-28;+7 (985) 228-44-24;Саратовская ул., 22, Москва;alruan-salon.ru;55.717 37.747;beauty
Джем, студия маникюра;;+7 (968) 751-15-14;Саратовская ул., 22, Москва;;55.717 37.747;beauty
Шарм, салон красоты;+7 (499) 796-49-40;+7 (991) 271-50-90;Саратовская ул., 22, Москва;sharm-saratovskaja-ulitsa.clients.site;55.716 37.747;beauty
Атмосфера 3/13;;+7 (967) 070-03-13;2-й Грайвороновский пр., 44, корп. 1, Москва;;55.725 37.747;beauty
Эстеттика Текстильщики;;+7 (926) 809-77-78;Саратовская ул., 31, Москва;;55.718 37.747;beauty
Светлана, центр красоты;;+7 (916) 416-30-36;ул. Васильцовский Стан, 11, Москва;;55.716 37.753;beauty
Фантазия, студия красоты;+7 (495) 225-66-94;+7 (904) 567-26-15, +7 (916) 174-20-14;Окская ул., 3, корп. 1, Москва;studiofantasia.ru;55.713 37.755;beauty
Релакс;;+7 (916) 444-61-33;ул. Паперника, 9, Москва;relax7.msk.ru;55.721 37.786;beauty
Азбука красоты;+7 (499) 112-41-90;;ул. Михайлова, 33, корп. 1, Москва;azbuka-krasotii.ru;55.724 37.777;beauty
Территория красоты, салон красоты;+7 (499) 755-85-04;+7 (965) 196-14-44, +7 (929) 504-07-01, +7 (925) 070-60-61, +7 (966) 666-37-15;1-я Новокузьминская ул., 3, Москва;terra-style.ru;55.717 37.785;beauty
Эмпайр, студия красоты;+7 (499) 499-08-80, +7 (495) 648-48-22, +7 (499) 784-99-47, +7 (499) 499-18-88, +7 (495) 948-48-22;+7 (964) 728-81-58, +7 (964) 726-81-58;Рязанский просп., 34, корп. 2, Москва;studioempire.ru;55.718 37.786;beauty
Moon;;+7 (980) 697-63-39;1-я Новокузьминская ул., 27/12, Москва;;55.713 37.795;beauty
Лилит;+7 (495) 709-89-18;+7 (926) 828-60-77;1-я Новокузьминская ул., 22, корп. 3, Москва;;55.712 37.793;beauty
Бьюти Лайн, салон красоты;+7 (499) 741-65-41;+7 (925) 517-86-23;Вешняковская ул., 18А, Москва;salon-beautyline.ru;55.723 37.825;beauty
Для всей семьи;;+7 (926) 219-53-65;Вешняковская ул., 24А, Москва;style.yvas.ru;55.720 37.818;beauty
Для всей семьи;;+7 (926) 915-53-98;Вешняковская ул., 39Д, Москва;;55.718 37.828;beauty
Ника, центр красоты;+7 (495) 229-30-06, +7 (499) 721-43-10, +7 (495) 791-92-05;;ул. Руднёвка, 1, Москва;salonnika.ru , centr-nika.ru , linaresse.site;55.716 37.879;beauty
Релакс, салон красоты;;+7 (967) 179-78-78;Святоозёрская ул., 14, Москва;салонрелакс.рф;55.713 37.887;beauty
Самая самая, парикмахерская;+7 (499) 721-21-72;+7 (929) 947-29-60;Святоозёрская ул., 16, Москва;samayasamaya.com;55.713 37.889;beauty
La Belle, салон-парикмахерская;+7 (499) 721-25-01;+7 (967) 129-99-56, +7 (925) 041-22-41;Святоозёрская ул., 18, Москва;labelle2014.ru;55.712 37.891;beauty
Первая леди, клуб красоты;+7 (499) 721-93-34, +7 (495) 532-00-85, +7 (499) 721-97-59;+7 (929) 633-15-14;Святоозёрская ул., 9, Москва;manikur.club;55.713 37.891;beauty
Антея, салон красоты;+7 (495) 417-93-87;;Оршанская ул., 9, Москва;salon-anteya.business.site;55.743 37.403;beauty
Имидж лаб, салон красоты;+7 (495) 416-07-46, +7 (495) 664-32-15;+7 (904) 567-57-36, +7 (929) 653-72-86;ул. Маршала Тимошенко, 17, корп. 1, Москва;zoon.ru , imidg-lab.ru;55.746 37.395;beauty
Арт Стиль;+7 (495) 648-48-94, +7 (499) 141-61-34;+7 (977) 772-26-77;Ярцевская ул., 1, Москва;salonartstyle.ru;55.735 37.406;beauty
Крем воск, салон;;+7 (925) 356-04-79;Ярцевская ул., 19, Москва;creamwax.ru;55.739 37.412;beauty
Модные люди, салон красоты;+7 (495) 412-90-98, +7 (495) 413-24-26, +7 (499) 194-00-14;+7 (925) 076-09-96, +7 (903) 960-70-10, +7 (925) 206-69-06, +7 (925) 206-96-06;Рублёвское ш., 44, корп. 1, Москва;mlsalon.ru;55.752 37.412;beauty
Пальчики, ногтевая студия;+7 (495) 417-00-90;;Ярцевская ул., 22, стр. 1, Москва;palchiki.com;55.739 37.414;beauty
Дебют, салон-парикмахерская;+7 (499) 325-33-06;+7 (910) 492-62-67;Ярцевская ул., 22, стр. 1, Москва;;55.739 37.414;beauty
Звезда;+7 (495) 644-56-58;+7 (985) 644-56-58;Рублёвское ш., 42, корп. 2, Москва;salonzvezda.moscow;55.752 37.415;beauty
Wella, центр красоты;+7 (495) 415-37-25;;Рублёвское ш., 40, корп. 3, Москва;salonryblevka.ru;55.751 37.415;beauty
Парикмахерская №3, салон красоты;;+7 (916) 204-97-74;Ярцевская ул., 22А, корп. 2, Москва;strijka-vsem.ru;55.738 37.415;beauty
Renascence, центр красоты и здоровья;+7 (495) 412-40-40;+7 (904) 568-17-61;Рублёвское ш., 32, Москва;renascence.pro;55.748 37.418;beauty
L. A. Beauty;;+7 (916) 360-00-50;Рублёвское ш., 107, Москва;labeauty-salon.ru;55.744 37.420;beauty
Стиль, салон красоты;;+7 (926) 877-88-77;Ярцевская ул., 25А, Москва;stil-jartsevskaja-ulitsa.clients.site;55.741 37.416;beauty
Евгения, салон-парикмахерская;+7 (495) 417-50-44;+7 (904) 567-50-83;Молодогвардейская ул., 31, корп. 1, Москва;evgeniya-salon.ru;55.733 37.417;beauty
Модный Ракурс, салон красоты;+7 (499) 141-48-88;;Молодогвардейская ул., 15, Москва;modniyrakurs.ru;55.733 37.427;beauty
Витальон, студия красоты;+7 (499) 495-41-50;;Рублёвское ш., 20, корп. 1, Москва;vitalion.su;55.743 37.429;beauty
Антресоль, SPA-клуб;+7 (495) 108-40-33, +7 (495) 617-02-01;;Истринская ул., 8, корп. 3, Москва;antresol-salon.ru;55.736 37.433;beauty
Люкс, салон красоты;;+7 (926) 755-30-40;Рублёвское ш., 16, корп. 3, Москва;salonlux.umi.ru;55.741 37.436;beauty
Mahash Natural Day SPA;+7 (499) 951-95-03, +7 (499) 995-03-63;+7 (926) 965-60-07, +7 (903) 126-85-78;Молодогвардейская ул., 4, корп. 1, Москва;mahash.ru;55.734 37.438;beauty
Элемент СПА;;+7 (977) 734-38-81;Молодогвардейская ул., 8, корп. 1, Москва;element-spa.ru;55.736 37.439;beauty
Студия коррекции фигуры Izi;;+7 (968) 711-33-73;Рублёвское ш., 10, Москва;izi-studio.ru;55.739 37.441;beauty
Алекс Стиль;+7 (499) 146-70-74, +7 (499) 146-02-33;;Малая Филёвская ул., 68, Москва;alex-stil.ru;55.732 37.449;beauty
Красивые люди, салон красоты;;+7 (965) 198-30-20, +7 (985) 728-45-88, +7 (985) 879-17-79, +7 (985) 786-00-44;Кастанаевская ул., 41, Москва;krasiviepeople.ru;55.733 37.468;beauty
Мегги, салон красоты;+7 (499) 144-14-52, +7 (499) 144-97-80;+7 (903) 722-55-82, +7 (904) 567-28-14;Минская ул., 5, Москва;meggi.ru;55.735 37.486;beauty
Эстетика, студия красоты;+7 (499) 146-07-16;;Минская ул., 12, Москва;esthetic-salon.ru;55.736 37.487;beauty
Sandler&Модное место, салон красоты;+7 (499) 144-76-30;+7 (919) 250-45-10, +7 (916) 935-19-40;Большая Филёвская ул., 37, корп. 1, Москва;modnoemesto.com;55.742 37.479;beauty
Дежавю, салон;+7 (495) 502-66-03;+7 (925) 502-66-03, +7 (926) 340-58-65;Сеславинская ул., 16, корп. 2, Москва;manikiyre.ru;55.744 37.495;beauty
Borodach, барбершоп;;+7 (926) 549-38-99;ул. Барклая, 12, Москва;bagrationovskaya.borodach.com , borodach.com;55.745 37.499;beauty
La Biosthetique;+7 (499) 142-71-22, +7 (499) 142-71-28;;Большая Филёвская ул., 19/18к2, Москва;labiosthetique-studio.ru , 1gb.ru , partner.1gb.ru;55.747 37.496;beauty
Студия красоты Hati;;+7 (965) 254-96-66;Сеславинская ул., 16, корп. 1, Москва;mst.link;55.744 37.496;beauty
Sunny House;+7 (499) 714-90-30;+7 (968) 009-47-67;ул. Барклая, 7, корп. 1, Москва;sunny-house.org;55.740 37.502;beauty
Beauty Queen, студия по наращиванию ресниц;+7 (499) 390-16-40, +7 (495) 744-67-70;+7 (926) 127-69-70, +7 (969) 188-40-40, +7 (916) 061-65-88;ул. 1812 года, 1, Москва;beautyqueen.su;55.735 37.523;beauty
Beau rivage, косметологический центр;+7 (499) 148-12-57;+7 (926) 117-15-58;Кутузовский пр., 4, Москва;laser-1.ru , beau-rivage.ru;55.740 37.524;beauty
First Spa, СПА-салон;+7 (499) 148-56-59, +7 (499) 753-02-25, +7 (499) 148-99-22;+7 (916) 513-44-13, +7 (904) 567-13-62;площадь Победы, 2, корп. 3, Москва;firstspa.ru;55.738 37.521;beauty
OkayWakeUp;+7 (499) 372-37-24;+7 (968) 621-32-60;ул. 1812 года, 3, Москва;okaywakeup.ru;55.736 37.523;beauty
Мед Эстетик;+7 (495) 969-29-89, +7 (812) 389-29-25, +7 (495) 744-65-43;+7 (913) 112-96-64, +7 (985) 795-11-59, +7 (925) 886-62-24, +7 (903) 960-56-78;Кутузовский просп., 45, Москва;estetic-med.com , beautylizer.ru , med-estetikk.ru;55.737 37.524;beauty
Cezanne, салон красоты;+7 (499) 148-58-76;+7 (917) 588-58-76;Кутузовский просп., 45, Москва;cezannebeauty.ru , salon1c.ru;55.737 37.525;beauty
Пальчики, ногтевая студия;+7 (499) 519-00-26;;Кутузовский просп., 43, Москва;palchiki.com;55.738 37.528;beauty
Подружки, сеть клиник;+7 (499) 577-04-51;;Кутузовский просп., 34, стр. 14, Москва;podruge.ru;55.740 37.530;beauty
Skin art, клиника косметологии;+7 (495) 230-52-39;+7 (910) 409-20-50;Пресненская наб., 12, Москва;skinart.ru;55.750 37.538;beauty
Кип Лукин;+7 (499) 350-80-50;+7 (968) 861-53-93, +7 (985) 546-42-45;Пресненская наб., 8, стр. 1, Москва;keeplooking.ru;55.747 37.539;beauty
Мильфей, салон красоты;+7 (495) 477-52-16, +7 (495) 988-98-11;;Пресненская наб., 8, стр. 1, Москва;milfey.ru;55.747 37.539;beauty
beautick, салон красоты;+7 (499) 249-25-45, +7 (499) 444-92-16, +7 (499) 325-47-93, +7 (499) 249-12-70;+7 (965) 154-44-70, +7 (985) 417-98-05;Кутузовский просп., 33, Москва;beautick.ru;55.741 37.540;beauty
L`oreal professionnel, центр красоты;+7 (495) 114-63-66, +7 (499) 249-14-84, +7 (499) 249-12-35;+7 (926) 503-50-64;Кутузовский просп., 26, корп. 1, Москва;lorealcenter.ru;55.744 37.543;beauty
Оранжевый рай, салон красоты;+7 (499) 249-95-39;;Кутузовский просп., 24, Москва;оранжевыйрай.рф , saloon1.ru;55.745 37.543;beauty
Кристал Эстетика;+7 (495) 120-07-57;;ул. Дунаевского, 4, Москва;crystalestetica.ru;55.743 37.545;beauty
Geya;+7 (499) 249-67-55, +7 (499) 249-62-45;+7 (968) 642-52-27;Кутузовский просп., 27, Москва;salon-gea.ru;55.743 37.545;beauty
Салон красоты Ирины Барановой;+7 (495) 730-23-50;;наб. Тараса Шевченко, 23А, Москва;baranova.ru;55.746 37.546;beauty
Ю, студия красоты;+7 (495) 792-12-15;;Можайский пер., 3, Москва;sk-u.ru;55.740 37.547;beauty
Пальчики, ногтевая студия;+7 (499) 519-03-88;;ул. Можайский Вал, 1, Москва;palchiki.com;55.746 37.558;beauty
Амелия;;+7 (903) 585-75-75, +7 (925) 237-83-63;Кутузовский просп., 9, корп. 1, Москва, Россия;;55.749 37.562;beauty
Панда, студия красоты;+7 (495) 449-76-80, +7 (495) 109-38-08;+7 (926) 925-16-21;Брянская ул., 2, Москва;;55.744 37.563;beauty
Локонова;+7 (495) 125-44-90;+7 (985) 509-15-90;Бережковская наб., 12, Москва;lokonova.ru;55.739 37.565;beauty
Symmetry, студия красоты;+7 (499) 240-20-55;+7 (925) 156-39-68, +7 (939) 111-90-63;Бережковская наб., 12, Москва;allsymmetry.ru;55.739 37.565;beauty
Nail cocktail, салон красоты;;+7 (968) 003-41-03, +7 (925) 737-62-67, +7 (926) 535-28-70;Большая Дорогомиловская ул., 6, Москва;nailcocktail.ru;55.746 37.570;beauty
Get ready, салон красоты;;+7 (967) 207-97-97, +7 (965) 165-25-25;Кутузовский просп., 1/7, Москва;getreadybeauty.ru;55.750 37.571;beauty
Марлен, салон красоты;+7 (499) 243-79-29, +7 (499) 347-29-32, +7 (499) 243-79-32;;наб. Тараса Шевченко, 3, корп. 3, Москва;salonmarlen.ru;55.748 37.569;beauty
Твоя история, салон красоты;+7 (499) 340-22-62, +7 (499) 248-72-59, +7 (495) 323-95-03;;Саввинская наб., 3, Москва;tvoya-istoriya.ru , yourstorysalon.ru;55.738 37.571;beauty
Паскаль Тессье;+7 (495) 228-00-90;+7 (966) 193-08-03;Смоленская наб., 12/31, Москва;studio-pascal.ru;55.752 37.576;beauty
Плющ, салон красоты;+7 (495) 789-08-00;;ул. Плющиха, 37, Москва;n576342.yclients.com;55.741 37.577;beauty
Face time, салон красоты;+7 (495) 118-33-65;;Проточный пер., 11, Москва;face-time.ru;55.750 37.579;beauty
Inhype beauty zone, салон красоты;;+7 (906) 030-34-00, +7 (903) 013-11-15, +7 (985) 466-11-11, +7 (906) 030-02-33;1-й Смоленский пер., 21, Москва;inhype-beauty.ru;55.749 37.579;beauty
Челси, клуб красоты;+7 (495) 968-50-56;+7 (901) 147-91-98, +7 (985) 278-18-18;1-й Смоленский пер., 21, Москва;chelseabeautyclub.ru;55.750 37.579;beauty
Эпилсити, центр косметологии и эпиляции;+7 (495) 721-84-24;+7 (929) 961-03-37;ул. Плющиха, 13, Москва;epilcity.ru , salon-lanet.ru;55.744 37.579;beauty
Территория стиля Неотерик 1, салон красоты;+7 (499) 701-98-98;+7 (905) 721-77-56;1-й Смоленский пер., 21, Москва;neoteric.ru;55.749 37.580;beauty
Штраус, салон красоты;+7 (495) 287-92-38;+7 (968) 761-17-39;1-й Неопалимовский пер., 8, Москва;straussalon.ru;55.741 37.581;beauty
Салон красоты;;+7 (902) 469-16-88;ул. Плющиха, 42, стр. 1, Москва;plyuschiha-42.ru;55.741 37.575;beauty
Шати студио, салон красоты;+7 (499) 248-22-25, +7 (499) 248-54-46;+7 (968) 742-33-23;4-й Ростовский пер., 2, стр. 2, Москва;shati-studio.com;55.743 37.578;beauty
Азия Бьюти СПА;+7 (495) 023-88-83;;Смоленская ул., 8, Москва;ab-spa.ru;55.746 37.581;beauty
Legend City;;+7 (939) 555-60-42;Смоленская площадь, 5, Москва;;55.748 37.581;beauty
Малена, салон красоты;+7 (499) 246-75-00, +7 (499) 766-45-46;+7 (991) 311-92-84, +7 (999) 349-95-92;Большая Пироговская ул., 5, Москва;malena.ru;55.736 37.581;beauty
Британа, студия красоты;+7 (499) 248-24-82;+7 (929) 964-60-92;ул. Бурденко, 14Б, Москва;studia-britana.ru;55.739 37.582;beauty
Нео, студия красоты;+7 (499) 241-91-00, +7 (499) 241-55-05;+7 (929) 579-99-76;пер. Сивцев Вражек, 44/28, Москва;studia-neo.ru;55.747 37.586;beauty
5 Стихий;+7 (495) 115-65-57;;Глазовский пер., 5, Москва, Россия;5stihy.ru;55.744 37.587;beauty
Парикмахерский проект Бублик;;+7 (926) 915-49-15;Плотников пер., 1, Москва;mosbublik.ru;55.744 37.588;beauty
Белый сад, центр красоты и здоровья;+7 (499) 500-00-51, +7 (499) 795-95-95;+7 (962) 912-84-77;Зубовский пр., 1, Москва;belysad.ru;55.736 37.588;beauty
Салон красоты Ирины Вассерман;;+7 (985) 764-21-44;Большой Николопесковский пер., 6, Москва;irinawasserman.ru;55.750 37.591;beauty
Острова, салон красоты;+7 (499) 322-02-01, +7 (499) 938-69-87;;Комсомольский просп., 5/2, Москва;park.salonostrova.ru , salonostrova.ru;55.732 37.593;beauty
Mood Makers, студия красоты;;+7 (925) 850-12-12;Кропоткинский пер., 9-11, Москва;n52145.yclients.com , moodmakers.clients.site;55.738 37.592;beauty
Студия по уходу за бровями Mood Beauty room;;+7 (964) 641-46-18;Малый Николопесковский пер., 8, Москва;zoon.ru , mood-beauty-room.ru;55.751 37.592;beauty
BestBody;;+7 (985) 729-68-61;Зубовский бул., вл13с1, Москва;bestbody.moscow;55.736 37.592;beauty
Студия образа Mohito;;+7 (903) 674-34-74, +7 (916) 455-78-09;Малый Николопесковский пер., 4, Москва;;55.750 37.593;beauty
Нова;;+7 (985) 234-18-62;Малый Николопесковский пер., 4, Москва;;55.751 37.593;beauty
На Арбате;+7 (499) 277-07-85, +7 (499) 241-97-34;+7 (926) 145-68-35;ул. Арбат, 20, Москва;arbat-22.ru;55.750 37.593;beauty
Confidens, салон красоты;+7 (495) 609-90-29;;Большой Афанасьевский пер., 41, Москва;confidens.msk.ru;55.750 37.597;beauty
Кэп, барбершоп;;+7 (925) 218-55-50;улица Арбат, 6/2;n119502.yclients.com , cap-barbershop.ru;55.752 37.597;beauty
Delux Thai Spa, СПА-салон тайского массажа;;+7 (939) 111-60-95, +7 (916) 781-93-33;Фрунзенская наб., 4, Москва;deluxthaispa.ru;55.734 37.596;beauty
Стиль, центр красоты и здоровья;+7 (499) 678-02-57, +7 (499) 246-34-68;;Турчанинов пер., 3, стр. 1, Москва;ckiz.ru;55.737 37.596;beauty
Долорес;+7 (495) 697-04-50, +7 (495) 697-94-96, +7 (495) 690-51-37;;Большой Афанасьевский пер., 12, стр. 1, Москва;dolores.ru;55.747 37.597;beauty
Салон Красоты Face Time;+7 (495) 414-37-75;;Всеволожский пер., 5, Москва;face-time.ru;55.743 37.598;beauty
Бароn, салон красоты;+7 (495) 626-87-11, +7 (495) 626-87-10, +7 (495) 637-47-10;+7 (915) 435-55-55;Пожарский пер., 11, Москва;baron-salon.ru;55.741 37.602;beauty
Beauty bar 8/1, салон красоты;;+7 (909) 627-00-29;Филипповский пер., 8, стр. 1, Москва;;55.748 37.598;beauty
Салон красоты;+7 (495) 691-66-12, +7 (495) 691-66-69;;Филипповский пер., 18, Москва;itvm.ru;55.750 37.599;beauty
Ю'Бьюти;;+7 (910) 429-55-52;Гоголевский бул., 29, Москва;u-beauty.ru;55.750 37.600;beauty
Клиника косметологии Ольги Мороз;+7 (495) 055-77-00, +7 (495) 108-42-40, +7 (495) 135-40-90;+7 (903) 796-21-44;Гоголевский бул., 3, Москва;olga-moroz.ru;55.745 37.601;beauty
Face Fit;+7 (495) 414-27-64, +7 (495) 971-07-00;+7 (901) 256-64-85, +7 (977) 113-56-09, +7 (910) 427-07-28;Коробейников пер., 1, Москва;myfacefit.ru;55.737 37.601;beauty
Bond`s girl, студия маникюра;;+7 (958) 100-07-19;ул. Остоженка, 7, стр. 1, Москва;bondsgirl.ru;55.742 37.602;beauty
Бьюти-коворкинг Nordic. Arbat;+7 (495) 104-59-00;+7 (929) 620-20-92;ул. Знаменка, 13, стр. 4, Москва;nordic-arbat.ru;55.750 37.605;beauty
Берсень, салон красоты;+7 (495) 959-31-47, +7 (495) 414-42-08, +7 (495) 959-36-95;;ул. Серафимовича, 2, Москва;zoon.ru , bersen-salon.ru;55.744 37.613;beauty
В Копернике;+7 (495) 648-94-94, +7 (499) 688-81-22;;ул. Большая Якиманка, 22, корп. 3, Москва;spaklinika.ru;55.738 37.613;beauty
Космос;+7 (499) 110-75-12, +7 (495) 295-99-88, +7 (499) 288-17-48;+7 (917) 500-99-00, +7 (926) 802-92-59;1-й Спасоналивковский пер., 19, Москва;kosmostyt.ru;55.733 37.614;beauty
Студия Локон;+7 (499) 230-09-99, +7 (495) 778-63-51, +7 (495) 971-26-36;+7 (916) 559-44-57;Бродников пер., 10, корп. 2, Москва;studio-lokon.ru;55.737 37.616;beauty
Redken;;+7 (916) 993-33-02, +7 (915) 247-54-70;ул. Большая Полянка, 3/9, Москва;practice.com;55.742 37.617;beauty
The nails, студия красоты;;+7 (939) 111-92-63, +7 (915) 050-51-20;ул. Большая Полянка, 43, стр. 3, Москва;salon-krasoty-the-nails.clients.site;55.734 37.620;beauty
Злата;+7 (499) 404-13-24;+7 (915) 157-55-76, +7 (977) 491-61-38;ул. Большая Полянка, 51А/9, Москва;zlatast.ru;55.732 37.621;beauty
Younique, салон красоты;+7 (495) 223-00-42;+7 (916) 149-49-85;Лаврушинский пер., 11, корп. 1, Москва;younique.moscow;55.742 37.621;beauty
Бьюти Босс;;+7 (925) 472-58-25;Пыжёвский пер., 5, стр. 1, Москва;bbsalon.ru;55.739 37.622;beauty
Borgia - Alla. Di. studio;;+7 (977) 328-62-27, +7 (958) 100-63-01;ул. Большая Ордынка, 38, стр. 1, Москва;alladistudio.ru;55.737 37.624;beauty
Мили;;+7 (917) 508-98-08;ул. Большая Ордынка, 51, Москва;mili-krasota.taplink.ws;55.734 37.625;beauty
Нюдбар;+7 (495) 968-51-81;+7 (969) 051-51-81;ул. Большая Ордынка, 31/12с1, Москва;nudebar.ru;55.738 37.625;beauty
Sapphire, центр красоты;+7 (499) 709-73-42, +7 (499) 130-83-05;+7 (964) 996-88-88, +7 (904) 567-57-05;ул. Большая Ордынка, 17, стр. 1, Москва;lazerepilmoscow.ru;55.743 37.625;beauty
Face Cult;;+7 (977) 600-03-63;ул. Малая Ордынка, 19, Москва;facecult.ru;55.737 37.626;beauty
S-tet;;+7 (985) 056-57-58, +7 (985) 887-83-83, +7 (916) 807-83-83, +7 (916) 593-83-83;Пятницкая ул., 6/1с1, Москва;salonstet.ru;55.745 37.627;beauty
Расцветай;;+7 (901) 523-00-35;Пятницкая ул., 6/1, Москва;moscow.rastsvetay.ru;55.744 37.627;beauty
Персона, имидж-лаборатория;+7 (499) 350-45-87;;Пятницкая ул., 18, стр. 3, Москва;persona-pyatnitckaya.ru;55.742 37.628;beauty
Персона, имидж-лаборатория;+7 (495) 150-60-77;;Климентовский пер., 6, Москва;persona-klimenti.ru;55.741 37.630;beauty
Институт красоты на Арбате, клиника;+7 (495) 212-92-99, +7 (495) 212-90-98;;Овчинниковская наб., 8А, Москва;institut-krasoty.ru , ik-arbat.ru;55.746 37.629;beauty
Салон красоты Надежды Кривошеевой;;+7 (910) 417-11-16;Пятницкая ул., 43, стр. 3, Москва;nksalon.ru;55.737 37.629;beauty
Пальчики, ногтевая студия;+7 (495) 951-34-56, +7 (499) 519-02-99;;Большой Овчинниковский пер., 12, стр. 1, Москва;palchiki.com;55.744 37.631;beauty
Guinot, центр косметологии;+7 (812) 571-12-07, +7 (357) 054-10-18, +7 (812) 200-50-15, +7 (307) 692-36-33, +7 (812-61) 2-89-12;+7 (905) 598-38-78;Большая Татарская ул., 7, корп. 1, Москва;guinot-salon.ru;55.742 37.634;beauty
Wall Street, мужская парикмахерская;+7 (495) 230-21-19, +7 (495) 118-29-50;+7 (985) 964-03-67;Большая Татарская ул., 7, корп. 2, Москва;w-street.ru;55.742 37.634;beauty
Elysion, центр красоты;+7 (499) 558-57-15, +7 (495) 114-55-85;+7 (915) 114-55-00;Большая Татарская ул., 7, корп. 1, Москва;elysion.center;55.742 37.634;beauty
Brow Up;;+7 (904) 567-44-70;Новокузнецкая ул., 24, стр. 3, Москва;browup.ru;55.735 37.632;beauty
HairWoman;;+7 (985) 906-76-04, +7 (926) 277-63-27, +7 (901) 469-44-62;5-й Монетчиковский пер., 8/10, Москва;hairwoman.ru;55.733 37.632;beauty
La Vita, салон красоты;+7 (495) 953-72-33;+7 (905) 599-99-57;Озерковский пер., 11, Москва;salonlavita.ru;55.740 37.634;beauty
Тайский массаж и Спа- SenSip;+7 (499) 917-01-48;+7 (991) 098-30-93, +7 (926) 087-21-27, +7 (925) 391-98-31;Большая Татарская ул., 44, Москва;sensip.ru;55.737 37.635;beauty
Татумания, тату салон;+7 (495) 449-71-56, +7 (495) 640-20-40;;ул. Бахрушина, 13, Москва;tattooz.ru;55.736 37.637;beauty
Нола, центр красоты;+7 (499) 238-87-87, +7 (495) 959-20-95;+7 (991) 332-69-77;Татарская ул., 14, Москва;nola.ru;55.734 37.638;beauty
Алемдар;;+7 (917) 599-89-26;Руновский пер., 5, стр. 1, Москва;;55.743 37.635;beauty
Кожа, лифтинг-студия;;+7 (977) 760-07-99, +7 (904) 567-05-11;ул. Зацепский Вал, 5, Москва;lifting-skin.site , arn.su;55.733 37.641;beauty
Весна;;+7 (901) 147-94-65;Озерковская наб., 44, Москва;;55.736 37.639;beauty
Оранжевый рай;+7 (495) 951-76-37;;Озерковская наб., 48/50с1, Москва;оранжевыйрай.рф , saloon1.ru;55.736 37.639;beauty
Natural Curls;;+7 (968) 713-60-17, +7 (903) 535-81-18;Садовническая наб., 69, Москва;ncurly.com;55.739 37.640;beauty
Angel&co;;+7 (926) 458-95-69;Садовническая наб., 69, Москва;angel-co.ru;55.738 37.640;beauty
Dve.Ledi;;+7 (985) 867-47-07;ул. Солянка, 15, Москва;zoon.ru;55.751 37.642;beauty
Моника, салон красоты;+7 (495) 915-57-39;+7 (929) 948-88-07, +7 (903) 729-88-64;2-й Котельнический пер., 5, Москва;;55.744 37.648;beauty
Студия красоты фабрика Красивых Лиц;;+7 (916) 828-63-08;Гончарная ул., 27/6, Москва;beautyfabrica.ru;55.742 37.650;beauty
Студия красоты Павла Самодурова;+7 (495) 921-14-93, +7 (495) 921-02-80;;Яузская ул., 8, стр. 2, Москва;samodurov.studio;55.747 37.647;beauty
Этисэль, центр красоты и здоровья;+7 (495) 149-08-89;+7 (916) 809-47-11;Верхняя Радищевская ул., 4, стр. 1, Москва;etisel.ru;55.745 37.648;beauty
T. Room;;+7 (939) 999-86-32;1-й Гончарный пер., 7, Москва;dikidi.net;55.740 37.650;beauty
Студия красоты Натальи Белкиной;+7 (495) 917-58-88;+7 (909) 902-14-16;Тессинский пер., 5, стр. 1, Москва;salonbelkina.ru;55.751 37.651;beauty
Эстетика Нейл;;+7 (999) 964-63-34;ул. Земляной Вал, 68/18с5, Москва;;55.745 37.654;beauty
Coolstylelook, парикмахерская;+7 (495) 795-93-55;+7 (905) 758-52-20;Серебряническая наб., 27, Москва;;55.750 37.652;beauty
Bond's Girl Beauty;;+7 (958) 100-04-81;Таганская площадь, 86/1с1, Москва;bondsgirl.ru;55.742 37.653;beauty
I like nails, студия маникюра;;+7 (901) 147-73-95;ул. Александра Солженицына, 1/5, Москва;ilike-nails.ru;55.742 37.655;beauty
Бостон;;+7 (985) 300-25-11;ул. Александра Солженицына, 1/5, Москва;barbershopboston.ru;55.742 37.655;beauty
Косметологическая клиника Таганка бьюти;;+7 (916) 315-30-30;Большой Дровяной пер., 8, стр. 1, Москва;tagankabeauty.ru;55.744 37.657;beauty
El Lashes, студия наращивания ресниц;;+7 (966) 309-55-53;Большой Дровяной пер., 8, стр. 1, Москва;el-lashes.plp7.ru;55.744 37.657;beauty
Seleriti style, студия красоты;+7 (495) 585-10-64;+7 (929) 653-99-33, +7 (929) 654-22-44, +7 (901) 256-49-24;Новоспасский пер., 3, корп. 2, Москва;selebriti-studio.ru;55.733 37.657;beauty
Touch;;+7 (991) 222-75-36;Малый Дровяной пер., 6, Москва;ylink.me;55.746 37.658;beauty
Браво;+7 (495) 196-63-17;+7 (991) 404-79-95;Большой Дровяной пер., 14, стр. 3, Москва;tsentr-massazha1.ru , bravo.taplink.ws;55.745 37.658;beauty
Ред. Территория красоты;+7 (499) 450-52-92;+7 (903) 958-36-96;Марксистская ул., 1, корп. 1, Москва;redtk.ru;55.740 37.658;beauty
Реформа, клиника косметологии;+7 (499) 127-82-83, +7 (499) 707-09-09, +7 (495) 241-65-60, +7 (343) 302-29-08, +7 (495) 266-79-33;;Пестовский пер., 5, Москва;refforma.ru;55.746 37.659;beauty
Premium Beauty, салон красоты;+7 (495) 915-37-37;+7 (968) 597-86-87;ул. Станиславского, 11, Москва;premium-beauty.ru;55.745 37.660;beauty
Стайл, салон красоты;+7 (495) 915-56-36;+7 (968) 808-89-68, +7 (930) 999-80-73;Николоямская ул., 44/18, Москва;stail-salon.ru;55.747 37.660;beauty
O-laser;+7 (495) 241-30-50, +7 (495) 414-37-08;+7 (926) 490-33-98;Марксистская ул., 20, стр. 5, Москва;o-laser.ru;55.739 37.659;beauty
Beauty Zone;;+7 (964) 624-97-77;ул. Александра Солженицына, 20, Москва;;55.743 37.661;beauty
Эллада, салон-парикмахерская;+7 (495) 912-18-33;;Товарищеский пер., 7, стр. 1, Москва;salon-ellada.ru;55.742 37.661;beauty
Красота Шаг за Шагом;;+7 (925) 888-86-64;Марксистская ул., 3, стр. 3, Москва;beautystepbystep.ru;55.739 37.662;beauty
Агапе;+7 (495) 152-73-46, +7 (495) 120-05-30;+7 (901) 256-48-79, +7 (926) 102-52-01;Динамовская ул., 10, корп. 1, Москва;agapebeauty.ru;55.732 37.662;beauty
Франт, мужская парикмахерская;+7 (495) 191-43-85, +7 (499) 686-11-24;+7 (926) 157-67-35;Таганская ул., 30/2, Москва;clck.ru , b-frant.ru;55.739 37.664;beauty
Бэлль, салон красоты;+7 (495) 190-79-04, +7 (495) 676-06-39, +7 (495) 772-45-20;+7 (925) 772-45-20;Динамовская ул., 1А, Москва;;55.732 37.664;beauty
Ananas Base;;+7 (939) 111-76-24, +7 (925) 367-22-26;Марксистская ул., 34, корп. 4, Москва;ananas-base.ru;55.736 37.663;beauty
Пальчики;+7 (495) 790-26-26;+7 (903) 790-26-26;Таганская ул., 19, Москва;palchiki.com;55.740 37.663;beauty
Гамма красоты, салон-парикмахерская;+7 (491) 250-60-49, +7 (482) 277-03-32, +7 (491) 250-49-49, +7 (482) 255-30-18, +7 (495) 108-44-53, +7 (495) 911-66-66, +7 (482) 278-45-00;+7 (903) 631-71-75, +7 (920) 950-49-49, +7 (930) 877-88-88, +7 (916) 016-40-99, +7 (905) 607-48-38, +7 (920) 182-60-00, +7 (926) 908-42-29, +7 (985) 226-43-10, +7 (920) 197-23-39, +7 (917) 877-77-10;Таганская ул., 31/22, Москва;gammakrasoty77.ru;55.740 37.671;beauty
Новый стиль, студия красоты;+7 (495) 678-49-06;+7 (903) 626-83-98;Библиотечная ул., 15/8, Москва;;55.745 37.673;beauty
Берри, центр косметологии и здоровья;+7 (495) 678-05-58, +7 (499) 991-02-54;+7 (926) 513-94-88;Нижегородская ул., 1А, Москва;berry-beauty.ru;55.739 37.675;beauty
Мозаика, студия красоты;+7 (495) 678-58-34;+7 (916) 485-65-06;ул. Сергия Радонежского, 8, Москва;salonmozaika.ru;55.746 37.676;beauty
Пальчики, ногтевая студия;;+7 (999) 893-80-57;ул. Рогожский Вал, 7, Москва;palchiki.com;55.743 37.678;beauty
Три заставы, салон красоты;+7 (495) 678-85-49;+7 (964) 627-85-49;Нижегородская ул., 5, Москва;trizastavy.ru;55.739 37.678;beauty
Танагра;;+7 (901) 147-94-17;Нижегородская ул., 2, корп. 1, Москва;;55.738 37.674;beauty
Pion, ногтевая студия;;+7 (905) 740-41-53;ул. Рогожский Вал, 6, корп. 2, Москва;l1212.ru;55.743 37.674;beauty
Bogovanails studio, ногтевая студия;;+7 (964) 582-15-15;Ковров пер., 4, корп. 2, Москва;bogovanails.plp7.ru;55.741 37.680;beauty
Августина, салон красоты;+7 (495) 671-18-03, +7 (495) 671-42-52, +7 (495) 671-45-48, +7 (495) 671-09-80;+7 (915) 301-54-52, +7 (915) 323-76-67, +7 (916) 875-00-46, +7 (925) 320-01-30;Новорогожская ул., 15, Москва;salon-augustina.ru;55.742 37.683;beauty
Cuteam, бьюти-коворкинг;;+7 (939) 555-21-06;ш. Энтузиастов, 3, корп. 1, Москва;cuteam.ru;55.748 37.690;beauty
Koltsova Nails, ногтевая студия;;+7 (925) 098-68-40;ул. Золоторожский Вал, 11, стр. 21, Москва;;55.750 37.703;beauty
Арианна;+7 (495) 362-25-69;;ш. Энтузиастов, 22/18, Москва;parik1.ru;55.750 37.718;beauty
Kokoi, студия красоты;+7 (495) 142-51-40;+7 (977) 643-53-62;ул. Плеханова, 17, стр. 7, Москва;kokoi.ru;55.748 37.764;beauty
Нарцисс, салон красоты;+7 (499) 577-00-62;;Перовская ул., 25, Москва;salonnarciss.ru;55.747 37.770;beauty
Дежавю;+7 (495) 306-00-42;+7 (929) 942-49-44;ул. Плеханова, 18, корп. 4, Москва;bs-dejavu.ru;55.744 37.766;beauty
Фортуна, салон красоты;;+7 (904) 567-91-76, +7 (965) 409-82-82;Перовская ул., 22, корп. 1, Москва;fortuna-style.ru;55.746 37.768;beauty
ЭЛИТ, салон красоты;;+7 (977) 128-77-70;Перовская ул., 26, корп. 1, Москва;elite-perovskaja-ulitsa.clients.site;55.746 37.772;beauty
Шоколад, салон красоты и барбершоп;+7 (495) 306-61-86;+7 (916) 786-42-22, +7 (916) 690-30-10;1-я Владимирская ул., 43, Москва;shokolad-perovo.ru , skperovo.ru;55.748 37.781;beauty
Кудесница, сеть парикмахерских;;+7 (904) 567-68-27;Зелёный просп., 22, Москва;кудесница-парикмахерская.рф;55.751 37.789;beauty
Формат, салон-парикмахерская;+7 (495) 306-24-59;;Перовская ул., 51, Москва;prk467.skrast.ru;55.746 37.790;beauty
Далена, салон красоты;;+7 (968) 404-11-20;Перовская ул., 66, корп. 3, Москва;;55.743 37.799;beauty
Фреш, салон красоты;;+7 (926) 206-51-15;Перовская ул., 66, корп. 4, Москва;freshperovo.ru;55.744 37.799;beauty
Ви'Стель;+7 (495) 743-66-00;+7 (985) 197-94-00;Перовская ул., 66, корп. 6, Москва;7436600.ru;55.744 37.803;beauty
Чувство стиля, салон красоты;+7 (499) 992-78-48, +7 (499) 992-78-47;;Перовская ул., 66, корп. 8, Москва;chuvstvo-stilya.ru;55.744 37.806;beauty
Вереск, салон-парикмахерская эконом-класса;;+7 (926) 848-81-80;Зелёный просп., 60/35, Москва;salon-novogireevo.ru;55.749 37.818;beauty
Дефиле, салон красоты;+7 (495) 301-42-11, +7 (495) 301-45-11;+7 (904) 567-54-11;Союзный просп., 22, Москва;skdefile.ru;55.748 37.820;beauty
Алиса, салон красоты;+7 (499) 647-50-43, +7 (495) 302-80-14;+7 (926) 038-96-14;Свободный просп., 37, корп. 2, Москва;alisa-salon.com;55.748 37.818;beauty
Грация, салон красоты;+7 (495) 744-69-07, +7 (495) 532-03-25, +7 (495) 517-58-93;+7 (925) 517-58-93, +7 (926) 675-46-74, +7 (963) 722-10-25;Зелёный просп., 66, корп. 2, Москва;gracya-salon.ru;55.750 37.823;beauty
Парадиз, салон-парикмахерская;+7 (495) 918-62-40;+7 (965) 429-44-20;Реутовская ул., 10Б, Москва;;55.738 37.835;beauty
Русак, барбершоп;+7 (495) 702-88-90;+7 (968) 424-46-00, +7 (965) 217-26-27, +7 (966) 372-32-32;Новокосинская ул., 19, Москва;rusakbarber.ru;55.740 37.859;beauty
Ева Силуэт, студия красоты;+7 (495) 702-10-10;+7 (926) 397-23-95, +7 (904) 567-03-80;Новокосинская ул., 13, корп. 3, Москва;eva-siluet.ru;55.737 37.852;beauty
Софи, салон красоты;+7 (495) 701-60-58;;Новокосинская ул., 17, корп. 7, Москва;salonsofi-novokosino.ru;55.740 37.853;beauty
Black & White, студия красоты;+7 (495) 702-66-90;;Новокосинская ул., 11, корп. 1, Москва;bw-salon.ru;55.735 37.854;beauty
Лагуна студия;;+7 (903) 500-28-78;Новокосинская ул., 8, корп. 2, Москва;dikidi.online;55.733 37.857;beauty
Тревизо, салон красоты;+7 (495) 703-90-38, +7 (495) 703-70-77;+7 (925) 035-83-02;Новокосинская ул., 10, корп. 3, Москва;salontreviso.ru;55.733 37.858;beauty
Шок шоколад, студия красоты;;+7 (985) 455-20-06;Новокосинская ул., 14, корп. 3, Москва;;55.738 37.859;beauty
Арт-Студио, салон красоты;;+7 (904) 567-63-26, +7 (903) 540-04-03, +7 (903) 232-39-00;Суздальская ул., 28, Москва;art-studiopro.ru , art-studio-centr.ru;55.743 37.863;beauty
Цирюльник;;+7 (925) 767-60-01, +7 (925) 565-89-53, +7 (968) 625-24-17;Суздальская ул., 26, корп. 3, Москва;salon-hair.ru , cirulnik.su;55.744 37.862;beauty
Семейный, салон красоты;+7 (495) 449-70-51, +7 (495) 702-55-50;+7 (968) 702-55-50;Новокосинская ул., 47, Москва;salonsemeinii.ru;55.744 37.874;beauty
Салон Хна - Henna Lab;+7 (495) 799-90-84, +7 (495) 799-90-65, +7 (495) 988-18-25;;Рублёвское ш., 52А, Москва;peterhenna.com;55.756 37.402;beauty
TipTop Beauty, студия красоты;+7 (499) 455-76-25;+7 (985) 114-43-11;Осенняя ул., 14, Москва;zoon.ru , salon-krasoty-tiptop.clients.site;55.764 37.406;beauty
Carte Blanche;;+7 (904) 567-67-91;Крылатская ул., 45, корп. 1, Москва;carte-blanche-salon.ru;55.770 37.398;beauty
Пальчики, ногтевая студия;+7 (495) 409-01-16;;Осенний бул., 7, корп. 2, Москва;palchiki.com;55.758 37.406;beauty
Britva, барбершоп;;+7 (901) 760-63-92;Осенний бул., 15, Москва;krilatskoe.britvabarber.ru , britvabarber.ru;55.761 37.407;beauty
Флэмп, салон красоты;+7 (495) 412-59-08, +7 (495) 414-57-34;+7 (916) 525-34-36;ул. Крылатские Холмы, 47, Москва;flemp.ru;55.763 37.413;beauty
Анна, салон красоты;+7 (495) 970-25-04;+7 (985) 970-25-04;ул. Крылатские Холмы, 37, Москва;svedebel.wixsite.com , svedebel.wixsite.com/salonanna , dikidi.net;55.760 37.420;beauty
82, салон красоты;;+7 (958) 100-39-94, +7 (965) 382-22-28;ул. Крылатские Холмы, 32, корп. 2, Москва;b211246.yclients.com , salon-krasoty-82.ru;55.765 37.412;beauty
Расческа, салон красоты;+7 (495) 642-58-12, +7 (495) 412-81-66;+7 (925) 526-72-30, +7 (980) 697-86-38;ул. Крылатские Холмы, 35, корп. 2, Москва;salon-rascheska.ru;55.759 37.419;beauty
Как Бьюти;;+7 (968) 674-33-77;ул. Крылатские Холмы, 37, Москва;kak-beauty.com;55.760 37.419;beauty
Центр Ручная Пластика;+7 (495) 729-19-01;+7 (903) 729-19-01;Островной пр., 8, Москва;ruchnaya-plastika.ru;55.759 37.451;beauty
Метеор, барбершоп;;+7 (985) 862-47-36;ул. Народного Ополчения, 11, Москва;barbermeteor.ru;55.772 37.474;beauty
Салон красоты Лазер Студия;+7 (495) 738-70-52;+7 (926) 725-44-44;Филёвский бул., 10, Москва;studio-fili.ru;55.764 37.488;beauty
World Class Spa, сеть салонов красоты;+7 (495) 236-87-11, +7 (495) 085-78-32;;ул. Демьяна Бедного, 4, корп. 2, Москва;spa.worldclass.ru , worldclass.ru;55.770 37.490;beauty
Манхеттен, салон красоты;+7 (495) 205-57-77;+7 (991) 971-47-76;Береговой пр., 5, корп. 3, Москва;manhattan-msk.ru;55.755 37.508;beauty
Круа, центр красоты и косметологии;+7 (495) 409-90-95;;Шелепихинская наб., 34, корп. 2, Москва;krya-beauty.ru , krua-beauty.ru;55.764 37.508;beauty
Сеть салонов красоты на Высоте;;+7 (985) 346-57-55;1-й Магистральный тупик, 5А, Москва;salon-volos.ru;55.766 37.532;beauty
World Class Spa, сеть салонов красоты;+7 (495) 989-51-29, +7 (495) 023-01-89;;ул. Сергея Макеева, 9, стр. 5, Москва;spa.worldclass.ru , worldclass.ru;55.761 37.549;beauty
Харизма, салон;+7 (499) 795-17-17, +7 (495) 707-27-77;;Шмитовский пр., 16, стр. 1, Москва;harizma-spa.ru;55.758 37.549;beauty
TheLashBar, студия красоты;;+7 (916) 926-08-18;2-я Звенигородская ул., 13, стр. 15, Москва;thelashbar.ru;55.763 37.554;beauty
Окситания, студия красоты;+7 (495) 755-10-23, +7 (495) 755-10-24;+7 (903) 755-10-24;Ходынская ул., 8, Москва;oksitania.ru;55.770 37.561;beauty
Бродвей;;+7 (926) 196-41-46, +7 (925) 029-25-54, +7 (901) 347-69-07, +7 (926) 330-18-58;ул. 1905 года, 1, Москва;broadwayballet.ru , tatuage.org;55.758 37.558;beauty
Buro beauty, салон красоты;+7 (498) 602-03-01, +7 (499) 302-39-01, +7 (499) 302-39-02, +7 (812-70) 2-07-20, +7 (499) 302-39-03, +7 (495) 653-85-63;+7 (967) 051-21-92, +7 (967) 051-21-93, +7 (981) 702-07-20, +7 (967) 051-21-94;Рочдельская ул., 15, стр. 7, Москва;burobeautysalon.ru;55.757 37.560;beauty
Деважан, салон красоты;+7 (499) 253-26-00, +7 (499) 253-49-08;+7 (916) 197-07-99;ул. Пресненский Вал, 5, Москва;devajan.ru;55.767 37.564;beauty
Эни дэй, салон красоты;+7 (499) 530-42-24;;ул. Климашкина, 21, Москва;anyday-moscow.ru;55.768 37.566;beauty
Сахар, салон красоты;+7 (343) 344-60-30, +7 (8432) 58-54-00, +7 (3832) 48-40-56, +7 (4732) 28-50-05, +7 (3912) 72-82-94, +7 (812) 982-77-97, +7 (4872) 71-72-27;;ул. Красная Пресня, 29, Москва;салонсахар.рф;55.762 37.564;beauty
СПА на Пресне, салон красоты;+7 (499) 255-01-15, +7 (499) 253-54-49, +7 (499) 253-86-90;+7 (963) 711-15-61;Столярный пер., 7, стр. 1, Москва;spanapresne.ru;55.764 37.566;beauty
Moon, студия красоты;;+7 (909) 150-70-80, +7 (905) 739-51-51;ул. Пресненский Вал, 14, корп. 4, Москва;dikidi.online;55.766 37.568;beauty
Дом Davines;+7 (495) 646-82-68, +7 (499) 795-97-70;;Расторгуевский пер., 3А, Москва;davines.ru;55.765 37.568;beauty
Тут стригут, салон красоты;;+7 (999) 444-18-39, +7 (969) 777-06-25, +7 (939) 900-37-46, +7 (903) 579-87-99;Расторгуевский пер., 1, Москва;tutstrigut.ru;55.765 37.570;beauty
Пальчики, ногтевая студия;+7 (495) 605-88-31;+7 (916) 841-36-31;ул. Красная Пресня, 13, Москва;palchiki.com;55.761 37.571;beauty
World Class Spa, сеть салонов красоты;+7 (495) 085-78-37, +7 (495) 431-16-74;;ул. Климашкина, 17, стр. 2, Москва;spa.worldclass.ru , worldclass.ru;55.767 37.568;beauty
Салон красоты;;+7 (906) 022-00-44;Столярный пер., 3, корп. 13, Москва;dikidi.net;55.764 37.568;beauty
Encanto, центр косметологии;;+7 (994) 444-66-88, +7 (925) 064-80-86;ул. Пресненский Вал, 14, корп. 1, Москва;encanto-center.ru;55.767 37.569;beauty
Ayvazzovsky studio;;+7 (967) 191-01-71;ул. Заморёнова, 9, стр. 1, Москва;ayvazzovsky.com;55.760 37.572;beauty
Nowe, салон красоты;;+7 (926) 091-55-99;ул. Новый Арбат, 27, Москва;salonnowe.ru;55.752 37.579;beauty
Дом красоты;;+7 (926) 819-28-52, +7 (926) 241-32-81, +7 (964) 641-26-05;Конюшковская ул., 28, Москва;dom-krasoty.ru;55.759 37.579;beauty
Гамма, центр эстетики волос;+7 (495) 782-53-88, +7 (499) 766-24-88;+7 (926) 443-98-80;Средний Тишинский пер., 10, Москва;haircenters.ru;55.770 37.579;beauty
Grig, студия красоты;;+7 (915) 232-31-20, +7 (980) 697-68-71;ул. Новый Арбат, 34, стр. 1, Москва;grig-salon.ru;55.753 37.579;beauty
Miroslava, салон красоты;;+7 (926) 603-72-40;ул. Новый Арбат, 34, стр. 1, Москва;salonmiroslava.ru;55.753 37.579;beauty
На Большой Грузинской, салон красоты;+7 (499) 254-19-66, +7 (499) 253-49-51, +7 (499) 254-00-69;+7 (985) 192-47-29, +7 (926) 251-61-00;Большая Грузинская ул., 36, стр. 3, Москва;salonbg36.ru , salon-bg36.ru;55.768 37.580;beauty
Натаниэль, центр красоты и здоровья;+7 (495) 792-64-14;+7 (925) 772-83-40, +7 (904) 568-22-59, +7 (925) 772-07-19;Большая Грузинская ул., 39, Москва;salonnataniel.ru;55.771 37.582;beauty
Aldo Coppola;+7 (495) 258-87-79;;Новинский бул., 31, Москва;aldocoppola.ru;55.758 37.582;beauty
Hair sekta, концептуальный салон красоты;;+7 (939) 111-57-28, +7 (925) 444-47-25;Новинский бул., 12, Москва;hairsekta-moscow.ru;55.753 37.584;beauty
Салон красоты;+7 (495) 609-90-38;+7 (925) 229-09-49;Новинский бул., 12, Москва;salonarbat.business.site;55.753 37.584;beauty
Meraki, студия красоты;+7 (491) 625-75-05;+7 (985) 887-79-10, +7 (916) 918-91-15, +7 (926) 883-30-96;Васильевская ул., 4, Москва;meraki.ru;55.771 37.587;beauty
Вай Тай, салон тайского массажа и СПА;+7 (843) 203-94-55;+7 (925) 542-13-07;ул. Красина, 9, стр. 2, Москва;n408174.yclients.com , waithaispa.ru;55.767 37.588;beauty
Darling. Nevermind, студия косметологии и загара;+7 (495) 740-06-08;+7 (989) 740-06-08;ул. Новый Арбат, 19, Москва;darlingnevermind.com;55.752 37.589;beauty
Bagdasarini, салон красоты;+7 (495) 720-07-27;;ул. Спиридоновка, 19, Москва;bagdasarini.com;55.762 37.591;beauty
Пальчики, ногтевая студия;+7 (499) 519-00-17;+7 (906) 095-24-12;ул. Красина, 7, стр. 1, Москва;palchiki.com;55.767 37.588;beauty
В тренде, салон красоты;;+7 (901) 256-63-49, +7 (909) 685-15-15;ул. Большая Молчановка, 34, стр. 2, Москва;trendysalon.ru;55.754 37.588;beauty
N-boutique, бутик красоты;;+7 (967) 203-45-72;Садовая-Кудринская ул., 32, стр. 2, Москва;n-boutique.ru , widget.universe-soft.ru;55.765 37.590;beauty
Peach;;+7 (969) 138-70-73;Малый Патриарший пер., 7, Москва;peachbeauty.ru;55.764 37.591;beauty
Экспат;+7 (495) 650-37-49;+7 (906) 780-74-37, +7 (906) 780-97-74;Малый Патриарший пер., 5, стр. 2, Москва;expatsalon.ru;55.763 37.591;beauty
Мир эпиляции;+7 (495) 363-70-62, +7 (495) 414-21-06;+7 (964) 645-12-33, +7 (926) 561-26-02;Большая Садовая ул., 3, стр. 7, Москва;kosmetologiya-mayakovskaya.ru;55.768 37.591;beauty
Sakurami, салон красоты;+7 (495) 778-67-27;+7 (901) 578-67-27;Малая Бронная ул., 32, Москва;sakurami.ru , bronnaya.sakurami.ru , sakurami.com;55.764 37.593;beauty
MILK, студия красоты;+7 (499) 390-12-25, +7 (499) 938-82-14;;Скатертный пер., 17, Москва;studio-milk.ru;55.756 37.594;beauty
Студия 12;+7 (495) 691-57-33;+7 (926) 758-00-12;ул. Новый Арбат, 12/15, Москва;12studio-arbat.ru;55.753 37.593;beauty
Fijie, институт красоты;+7 (495) 694-20-45;;Малый Козихинский пер., 3, Москва;fijie.org;55.764 37.594;beauty
511 beauty space, студия;;+7 (925) 611-15-11;3-я Тверская-Ямская ул., 13, Москва;;55.772 37.596;beauty
Виватон;+7 (495) 786-82-60, +7 (495) 688-84-38;;Большая Садовая ул., 10, Москва;salon-vivaton.ru;55.767 37.594;beauty
ЭстетМед;;+7 (925) 725-90-34, +7 (925) 431-54-16, +7 (926) 999-01-89;ул. Новый Арбат, 11, стр. 1, Москва;aesthetemed.com;55.752 37.595;beauty
Just Body;+7 (495) 146-65-55;;Спиридоньевский пер., 10А, Москва;;55.763 37.596;beauty
Маяк, салон красоты;;+7 (925) 517-50-31, +7 (926) 376-58-78, +7 (939) 555-69-80;Тверская ул., 29, корп. 2, Москва;salonmayak.ru;55.768 37.596;beauty
На Маяковской, центр красоты;+7 (495) 664-52-53;+7 (903) 720-84-42, +7 (963) 762-52-53;3-я Тверская-Ямская ул., 10, Москва;freshsalon.ru , freshsalon.su;55.772 37.597;beauty
AltoSenso;+7 (495) 785-50-85, +7 (495) 785-05-73, +7 (495) 785-05-85, +7 (495) 785-09-05;+7 (985) 021-14-41;Тверской бул., 5, Москва;altosenso.ru;55.759 37.598;beauty
Лазерная эпиляция;;+7 (925) 929-50-00, +7 (926) 912-50-00, +7 (977) 708-40-32;Садовая-Триумфальная ул., 6, Москва;lottz-cosmetology.ru;55.770 37.599;beauty
Birdie, салон-парикмахерская;+7 (495) 509-24-46;+7 (929) 698-96-42, +7 (925) 509-24-46, +7 (926) 343-69-09, +7 (925) 302-36-73, +7 (925) 576-79-70;Большая Бронная ул., 17, Москва;ptichka.me;55.763 37.600;beauty
Девичник;+7 (495) 223-46-43;+7 (995) 905-60-82;Сытинский тупик, 1, стр. 4, Москва;devichnik.online;55.764 37.600;beauty
Персона, имидж-лаборатория;+7 (495) 690-29-98;+7 (965) 437-72-23;Никитский бул., 12, Москва;persona-arbat.ru;55.756 37.600;beauty
La Bonte - Ла Бонт;+7 (495) 724-93-22;+7 (903) 724-93-22, +7 (903) 666-91-88;Никитский бул., 12, Москва;labonte.ru;55.755 37.601;beauty
Пальчики;+7 (499) 519-04-11;+7 (965) 135-21-86;Большой Палашёвский пер., 14/7, Москва;palchiki.com;55.765 37.601;beauty
Mute, городские парикмахерские;+7 (499) 755-67-76;;Старопименовский пер., 4, стр. 1, Москва;mute.moscow;55.768 37.601;beauty
Чёрная Кость;;+7 (967) 177-15-15, +7 (995) 301-31-11, +7 (966) 176-45-45, +7 (962) 961-75-75, +7 (916) 006-22-22, +7 (968) 709-29-39;Садовая-Триумфальная ул., 12/14с1, Москва;blackbone.ru;55.771 37.601;beauty
Selena Nails;;+7 (985) 153-86-71;Садовая-Триумфальная ул., 12/14с1, Москва;zoon.ru , selena-nails.clients.site;55.771 37.601;beauty
Лето;+7 (495) 414-25-65;;Калашный пер., 4, Москва;l-e-t-o.ru;55.754 37.602;beauty
BrushMeBar, салон красоты;;+7 (929) 574-90-00, +7 (926) 141-03-68;Вознесенский пер., 7, Москва;zoon.ru , brushmebar.ru;55.758 37.604;beauty
AestheteMed, оздоровительный центр;;+7 (925) 557-78-54, +7 (925) 571-78-32;Пушкинская площадь, 3, Москва;aesthetemed.com;55.766 37.605;beauty
Восточный Экспресс, СПА-клуб;+7 (495) 230-52-77, +7 (495) 966-71-02, +7 (495) 933-71-02;+7 (967) 173-43-49;Большой Кисловский пер., 9, Москва;orientspa.ru;55.755 37.606;beauty
Инфанта, студия-парикмахерская;+7 (499) 553-00-52;+7 (906) 776-11-60;ул. Малая Дмитровка, 8, стр. 1, Москва;infanta-salon.ru;55.768 37.607;beauty
Романов, центр красоты и здоровья;+7 (495) 629-03-90, +7 (499) 444-14-29;+7 (968) 885-54-45;Романов пер., 5, Москва;romanov5.ru;55.754 37.608;beauty
Салон красоты R-Legend;+7 (499) 938-68-15, +7 (499) 922-85-43;+7 (938) 697-22-67, +7 (926) 191-53-51;Брюсов пер., 8-10с1, Москва;r-legend.com;55.760 37.608;beauty
Вишня, маникюрный салон;;+7 (926) 524-16-97, +7 (903) 247-69-74;Страстной бул., 4, стр. 2, Москва;vishnya.taplink.ws , widget.sonline.su;55.765 37.608;beauty
Парикмахерская Freckles;;+7 (965) 306-30-66;Газетный пер., 13, Москва;freckles.studio;55.759 37.609;beauty
Whipsy Underground Beauty;;+7 (958) 100-89-01, +7 (926) 454-30-30;Тверская ул., 12, стр. 8, Москва;whipsy.ru;55.764 37.609;beauty
Be my guest, салон красоты;;+7 (966) 328-56-08;Тверская ул., 12, стр. 9, Москва;bmg.salon;55.763 37.609;beauty
World Class Spa, сеть салонов красоты;+7 (495) 431-98-50, +7 (495) 085-78-43;;Романов пер., 4, стр. 2, Москва;spa.worldclass.ru , worldclass.ru;55.755 37.610;beauty
Daviani beauty & SPA, премиум салон красоты;;+7 (999) 888-88-22, +7 (930) 333-46-21;Трубная площадь, 2, Москва;daviani.ru;55.766 37.622;beauty
CarloBay;+7 (495) 650-23-15, +7 (495) 150-36-20;+7 (967) 232-60-60, +7 (977) 576-36-55;ул. Петровка, 27, Москва;sokolniki.carlobay.ru , carlobay.ru;55.768 37.613;beauty
Cut Cut Cut;;+7 (929) 964-52-58;ул. Большая Дмитровка, 7/5с3, Москва;cutcutcut.ru;55.761 37.613;beauty
Пальчики, ногтевая студия;+7 (499) 519-00-67;+7 (968) 791-71-75;ул. Большая Дмитровка, 16, корп. 1, Москва;palchiki.com;55.762 37.614;beauty
Красивая жизнь;+7 (495) 645-19-39;+7 (904) 567-51-10;Малый Каретный пер., 11, Москва;nice-life.ru;55.771 37.615;beauty
Крапива;+7 (495) 975-94-86;+7 (985) 995-56-37;Крапивенский пер., 2, Москва;krapiva-studio.ru;55.766 37.617;beauty
Необыкновенный, салон красоты;+7 (495) 780-31-22, +7 (499) 678-05-92;;Цветной бул., 13, стр. 2, Москва;unique-beauty.ru , unique-hotel.ru , neobyknovennyj-salon.ru;55.771 37.619;beauty
Петр I, отель;+7 (495) 191-19-02, +7 (495) 729-35-56;+7 (977) 993-19-02;Неглинная ул., 17, стр. 1, Москва;hotel-peter1.ru;55.764 37.620;beauty
Культура маникюра Ани Хилькевич, студия красоты;+7 (495) 877-30-70, +7 (495) 230-26-24, +7 (495) 877-30-67, +7 (495) 877-31-95;;Цветной бул., 15, стр. 1, Москва;kulturamanicura.ru;55.771 37.620;beauty
Аэстетика;+7 (495) 258-71-49;;Неглинная ул., 14, стр. 1А, Москва;salonaesthetica.ru;55.764 37.620;beauty
Белый сад, центр красоты и здоровья;;+7 (903) 962-58-79;Театральный пр., 2, Центральный административный округ, Тверской район, Москва;belysad.ru;55.759 37.622;beauty
Кип Лукин;;+7 (967) 299-98-89;Петровский бул., 23, Москва;keeplooking.ru;55.768 37.620;beauty
Карамель;;+7 (916) 216-69-38;Нижний Кисельный пер., 4, Москва;epilsaloncaramel.ru;55.765 37.622;beauty
Бьюти-коворкинг Вы Прекрасны!;;+7 (925) 800-00-22;Россия, Москва, Красная площадь;выпрекрасны.рф;55.753 37.623;beauty
Hair-room;;+7 (915) 006-76-79, +7 (958) 577-81-42;Цветной бул., 26, стр. 1, Москва;hairroom.su;55.771 37.623;beauty
Ice face, студия эстетической косметологии;+7 (499) 673-43-78;+7 (985) 466-60-08, +7 (985) 694-33-99, +7 (903) 001-15-59;Цветной бул., 26, стр. 1, Москва;ice-face.ru;55.771 37.623;beauty
Goar Avetisyan, школа красоты;+7 (495) 797-62-48;+7 (929) 585-54-07, +7 (926) 364-17-80, +7 (926) 043-59-99;Никольская ул., 10, Москва;goarbeauty.com , goaronline.com , goaravetisyan.ru;55.758 37.624;beauty
S. Club;+7 (495) 608-01-32;+7 (910) 084-46-24, +7 (926) 203-41-40;Цветной бул., 24, корп. 2, Москва;sclub.moscow;55.771 37.623;beauty
М. Э. М.;;+7 (905) 797-39-33, +7 (984) 333-24-16;ул. Рождественка, 5/7с1, Москва;beautysalonmem.ru , mem-studio.ru;55.761 37.623;beauty
Slowmo beauty&cosmetology, салон красоты;+7 (495) 514-11-70;+7 (903) 534-76-86;Цветной бул., 2, Москва;slowmosalon.com , n1beauty.com;55.768 37.624;beauty
Lumerika;+7 (499) 110-05-70, +7 (499) 325-47-49;+7 (901) 183-57-27;Никольская ул., 10, Москва;lumerika.ru;55.758 37.624;beauty
Xella, клиника эстетической медицины;+7 (499) 110-54-29;+7 (926) 574-20-09;Печатников пер., 12, Москва;xella.clinic;55.767 37.627;beauty
Пальчики;+7 (499) 519-01-88;+7 (964) 500-74-51;Большой Сухаревский пер., 6, Москва;palchiki.com;55.770 37.627;beauty
Гримерка, имидж-студия;;+7 (999) 868-95-70, +7 (925) 642-31-60;Большой Головин пер., 16, Москва;;55.769 37.629;beauty
Wow laser;;+7 (901) 330-30-11;Большой Кисельный пер., 14, стр. 1, Москва;wow-laser.ru;55.765 37.628;beauty
Сахар;+7 (495) 647-96-51;+7 (962) 826-66-60;ул. Большая Лубянка, 13/16с1, Москва;marlencomfort.ru , saharprocomfort.ru;55.764 37.629;beauty
Ваниль;+7 (495) 623-97-44;+7 (985) 231-95-72;Большой Златоустинский пер., 2/8с1, Москва;cosmofy.ru;55.759 37.630;beauty
Салон красоты KudinovaLab;;+7 (904) 567-78-24, +7 (904) 567-78-22;ул. Сретенка, 27, стр. 1, Москва;kudinovalab-salon.ru;55.771 37.632;beauty
Салон красоты Азбука красоты;;+7 (915) 037-02-12;Милютинский пер., 19/4с1, Москва;lifestylemsk.ru , tweb.link;55.766 37.632;beauty
Александра;;+7 (968) 545-22-77, +7 (925) 718-42-91, +7 (968) 875-75-88;ул. Маросейка, 2/15с1, Москва;aleksandra-centr.ru;55.757 37.633;beauty
Дольче Клиник;+7 (495) 226-12-45;+7 (985) 226-12-45;Луков пер., 4, Москва;dolceclinic.ru;55.768 37.633;beauty
Студия SPA и Массажа Могу себе позволить;;+7 (906) 090-98-76, +7 (906) 090-35-55;Сретенский бул., 6/1с1, Москва;mspmoscow.ru;55.766 37.633;beauty
Nailon Studio;+7 (495) 120-18-03;+7 (901) 257-02-69;Сретенский бул., 6/1с1, Москва;nailonstudio.ru;55.766 37.634;beauty
Лайт;+7 (495) 628-61-33, +7 (495) 628-01-63;;ул. Маросейка, 9/2с6, Москва;light-svet.ru;55.758 37.634;beauty
Арианна, салон красоты;+7 (495) 607-60-17;;Ананьевский пер., 5, стр. 12, Москва;parik1.ru;55.772 37.634;beauty
Бьянка Люкс;+7 (495) 607-05-88, +7 (495) 607-01-85;;Даев пер., 2, Москва;bianca-lux.ru;55.770 37.634;beauty
Handmade Beauty Bar;;+7 (958) 581-28-83;Ащеулов пер., 9, Москва;menu4.abrikosik.ru;55.768 37.635;beauty
ЯСалон;;+7 (916) 284-46-88;ул. Маросейка, 6-8с1, Москва;ясалон.рф , нарастить-волосы-москва.рф;55.757 37.634;beauty
Merge, салон красоты;;+7 (969) 066-09-09;Мясницкая ул., 17, стр. 2, Москва;masters-app.ru;55.764 37.635;beauty
Тайное место, парикмахерская;;+7 (968) 700-72-27;Мясницкая ул., 17, стр. 2, Москва;tainoemestomoscow.ru;55.764 37.635;beauty
Nordic. Rent, бьюти-коворкинг;+7 (499) 325-31-58, +7 (499) 229-22-97;+7 (993) 201-84-62;Большой Спасоглинищевский пер., 6/1, Москва;nordic.rent;55.756 37.635;beauty
Сплетница;+7 (495) 623-70-38;+7 (903) 724-77-88;Банковский пер., 1, Москва;spletnitca.com;55.762 37.635;beauty
10&10, клуб красоты;+7 (495) 625-72-27, +7 (495) 108-26-16;+7 (968) 818-17-17;Кривоколенный пер., 14, стр. 1, Москва;10and10.ru;55.762 37.637;beauty
Персона, имидж-лаборатория;+7 (495) 744-68-32;+7 (929) 682-23-58;Даев пер., 14, Москва;daev14.persona.ru;55.770 37.637;beauty
Роял медик, центр аппаратной косметологии и здоровья;;+7 (985) 815-81-12;ул. Забелина, 3, стр. 3, Москва;royalmedic.ru;55.755 37.637;beauty
Центр косметологии ЭпилСити;+7 (495) 401-70-20, +7 (495) 241-83-54;+7 (926) 327-93-19;ул. Солянка, 1/2, Москва;epilcity.ru , salon-lanet.ru;55.754 37.638;beauty
Mascara;;+7 (910) 447-87-87;ул. Солянка, 1/2к2, Москва;studiomascara.ru;55.754 37.638;beauty
EpilLaser;;+7 (926) 434-44-91;ул. Покровка, 1/13/6с2, Москва;epillaseraft.ru;55.759 37.639;beauty
Kitty Lashes;;+7 (977) 825-79-33, +7 (977) 825-79-38;ул. Покровка, 1/13/6с2, Москва;kitty-lashes.ru;55.759 37.639;beauty
S-tet, салон;;+7 (916) 246-66-36;Мясницкая ул., 32, стр. 1, Москва;salonstet.ru;55.765 37.639;beauty
Оранжевый рай;+7 (495) 656-43-16, +7 (495) 628-47-02;;ул. Солянка, 1/2с2, Москва;оранжевыйрай.рф , saloon1.ru;55.754 37.639;beauty
Центр эстетической медицины Елены Ильчук;;+7 (965) 420-03-00, +7 (966) 110-00-40;Даев пер., 31, стр. 2, Москва;clinic-ilchuk.ru;55.770 37.640;beauty
Камерный салон красоты Sobolev +;;+7 (905) 505-67-37;Уланский пер., 21, стр. 1, Москва;sobolevsalon.com;55.770 37.641;beauty
Девочки, салон красоты;+7 (495) 624-76-56;+7 (968) 455-88-33;Потаповский пер., 5, стр. 2, Москва;devochki.clients.site;55.762 37.641;beauty
Dream. Nails. Moscow;;+7 (985) 629-40-40;Малый Ивановский пер., 7-9с1, Москва;;55.754 37.641;beauty
Пальчики;+7 (499) 519-03-22;+7 (964) 530-01-61;ул. Покровка, 7/9-11к1, Москва;palchiki.com;55.759 37.642;beauty
Щегол;;+7 (900) 197-77-97, +7 (985) 722-03-86;Мясницкая ул., 47, Москва;schegol-barbershop.ru;55.769 37.644;beauty
Lis Blanc, салон красоты;;+7 (926) 333-31-38;ул. Жуковского, 4, стр. 3, Москва;lisblanc.ru;55.763 37.644;beauty
Изумруд, салон красоты;+7 (495) 607-99-12;+7 (962) 937-98-75;Садовая-Спасская ул., 11/1, Москва;izumrud-beauty.com;55.771 37.646;beauty
ФитоСпа, студия красоты;+7 (495) 648-80-46;+7 (964) 642-30-46, +7 (904) 568-25-39;ул. Чаплыгина, 6, Москва;hspa.ru;55.764 37.646;beauty
Шоколад, студия красоты;+7 (495) 664-36-22, +7 (495) 625-50-00, +7 (495) 625-11-11;+7 (925) 664-36-22;ул. Чаплыгина, 10, Москва;shoko-lad.ru;55.763 37.647;beauty
Genere mio, салон красоты;+7 (499) 391-11-28, +7 (499) 391-24-69;;ул. Жуковского, 4, стр. 1, Москва;generemio.ru;55.763 37.645;beauty
Карина;;+7 (962) 910-00-12;Чистопрудный бул., 15, стр. 2, Москва;karinasalonkrasoti.wixsite.com;55.762 37.645;beauty
Галатея;;+7 (916) 137-16-94, +7 (916) 082-54-17;Покровский бул., 8, стр. 2А, Москва;bmssalon.ru;55.757 37.646;beauty
Линлайн;+7 (495) 374-59-99;;Садовая-Спасская ул., 19/1, Москва;linline.ru;55.770 37.647;beauty
Виртуаль;+7 (495) 632-23-66;+7 (985) 764-16-91, +7 (916) 793-77-79, +7 (916) 212-78-80, +7 (903) 755-75-16;ул. Покровка, 27, Москва;vir2all.ru;55.760 37.648;beauty
Scissors studio, студия красоты;;+7 (926) 729-79-89, +7 (926) 071-71-63;Большой Козловский пер., 11, стр. 4, Москва;studio.scissors.group;55.766 37.648;beauty
Анет;;+7 (916) 550-83-23, +7 (985) 100-50-10, +7 (985) 536-22-91;ул. Чаплыгина, 13/2, Москва;anetsalon.com;55.762 37.649;beauty
Бублик, парикмахерская;;+7 (925) 915-59-15;ул. Покровка, 31, стр. 1, Москва;mosbublik.ru;55.761 37.650;beauty
Fabula;;+7 (991) 206-24-34;Фурманный пер., 18, Москва;fabula-furmannyj-pereulok.clients.site;55.765 37.652;beauty
Пальчики;+7 (499) 519-02-44;+7 (964) 500-74-48;Садовая-Черногрязская ул., 16-18с1, Москва;palchiki.com;55.765 37.654;beauty
Александр Уткин;+7 (499) 380-81-89, +7 (499) 391-89-19;;Садовая-Черногрязская ул., 20/28, Москва;alexanderutkin.ru;55.764 37.655;beauty
Juli Beauty Bar;;+7 (926) 603-40-87;Подсосенский пер., 23, стр. 4, Москва;;55.755 37.655;beauty
Салон красоты Сандлер;;+7 (980) 697-67-26;Новая Басманная ул., 9, стр. 6, Москва;sandler.su;55.771 37.655;beauty
Beauty lounge Lavender;;+7 (985) 894-96-32;ул. Земляной Вал, 36, стр. 2, Москва;moiprofi.ru , lavender-beauty-lounge-msk.business.site;55.756 37.656;beauty
Milk;+7 (495) 210-65-65;+7 (985) 210-65-65;Малый Казённый пер., 16, Москва;milk-salon.ru;55.761 37.655;beauty
Колорист Дана Ловрен;;+7 (925) 069-64-15;ул. Земляной Вал, 36, стр. 2, Москва;dana-lovren.turbo.site;55.756 37.656;beauty
Enzo Барбершоп;;+7 (906) 808-06-05;Садовая-Черногрязская ул., 13/3с1, Москва;masters-app.ru;55.765 37.656;beauty
Leal club, студия красоты;+7 (499) 381-40-84;+7 (926) 005-53-92, +7 (965) 224-20-93, +7 (968) 718-71-09;ул. Земляной Вал, 24/32, Москва;leal-club.plp7.ru;55.758 37.656;beauty
Invisible Retouch;+7 (499) 990-18-87;+7 (903) 136-67-20;ул. Земляной Вал, 39/1с1, Москва;inviret.ru;55.755 37.658;beauty
Beauty Space;;+7 (968) 069-23-58;ул. Земляной Вал, 27, стр. 1, Москва;dikidi.online;55.759 37.658;beauty
World Class Spa, сеть салонов красоты;+7 (495) 156-07-82;;ул. Земляной Вал, 9, Москва;spa.worldclass.ru , worldclass.ru;55.762 37.658;beauty
Brow up&make up, салон;;+7 (966) 163-95-42;ул. Земляной Вал, 33, Москва;browup.ru;55.757 37.659;beauty
Peng touch bar, студия красоты;+7 (495) 668-86-09;+7 (985) 873-54-23, +7 (904) 567-62-76;Нижний Сусальный пер., 5, стр. 13, Москва;zoon.ru , touch-up-bar-peng.ru , peng-salon.ru;55.758 37.664;beauty
Authentica club;+7 (495) 987-38-72, +7 (495) 640-99-89, +7 (462) 600-02-15, +7 (495) 987-38-71;+7 (904) 567-64-51, +7 (925) 382-08-15;4-й Сыромятнический пер., 1/8с6, Москва;authentica.ru;55.756 37.665;beauty
Dajmur;;+7 (925) 366-67-55;Новорязанская ул., 26, стр. 1, Москва;dajmur.ru;55.772 37.666;beauty
Beauty Laser, студия эпиляции;+7 (495) 008-59-47;+7 (964) 592-59-49;Новая Басманная ул., 28, стр. 2, Москва;beauty-laser-msk.ru;55.769 37.667;beauty
Пальчики;+7 (499) 519-01-55;+7 (965) 135-20-83;Новорязанская ул., 36, Москва;palchiki.com;55.771 37.670;beauty
Центр красоты Милан на Бауманской;+7 (499) 325-38-26, +7 (499) 261-33-89, +7 (499) 264-45-86;;Денисовский пер., 22, Москва;salonmilan.ru;55.767 37.675;beauty
Самая самая, парикмахерская;+7 (499) 267-64-34;+7 (926) 212-13-22;Плетешковский пер., 8, стр. 2, Москва;samayasamaya.com;55.770 37.675;beauty
Хаир Стар;;+7 (910) 325-16-28;Бауманская ул., 58/25с16, Москва;;55.768 37.678;beauty
Стиль;+7 (495) 362-67-61;+7 (968) 945-59-71;Самокатная ул., 3/8кА, Москва;salon-style.tilda.ws;55.757 37.682;beauty
Массажбар #1, салон;+7 (495) 767-33-55;+7 (926) 229-22-75;Наличная ул., 3, Москва;massagebar.ru;55.765 37.704;beauty
Verona, студия красоты;+7 (495) 517-33-46;+7 (925) 517-33-46;ул. Лефортовский Вал, 7Г, стр. 4, Москва;studio-verona.ru;55.759 37.704;beauty
Фауст, студия красоты;+7 (495) 978-50-84;+7 (901) 517-50-84;Энергетическая ул., 7, Москва;faust-salon.ru;55.758 37.713;beauty
Энерджи;;+7 (910) 485-99-25;Энергетическая ул., 18, Москва;;55.758 37.712;beauty
Орфей, салон красоты;+7 (495) 362-12-42;+7 (985) 362-12-42;Авиамоторная ул., 11, корп. 1, Москва;orfey.su;55.761 37.713;beauty
Все цвета;;+7 (991) 222-65-94, +7 (915) 481-58-85;ш. Энтузиастов, 19, Москва;vsetsveta.com , vsetsveta.ru;55.754 37.724;beauty
Мон Пари, салон красоты;+7 (495) 765-97-07;+7 (985) 765-97-07;просп. Будённого, 26, корп. 1, Москва;mon-pari.ru;55.764 37.731;beauty
Важная птица, студия красоты и здоровья;+7 (499) 785-36-48;+7 (969) 039-30-33;8-я ул. Соколиной Горы, 8, корп. 2, Москва;;55.767 37.735;beauty
Кудесница, салон-парикмахерская;+7 (495) 365-73-04;;5-я ул. Соколиной Горы, 19, корп. 2, Москва;кудесница-парикмахерская.рф;55.764 37.737;beauty
Звезда, студия красоты;;+7 (967) 267-00-77, +7 (904) 567-97-15;просп. Будённого, 51, корп. 5, Москва;zvezda-bs.ru;55.759 37.739;beauty
Lovely;;+7 (916) 974-43-13;ш. Энтузиастов, 33Л, Москва;;55.759 37.755;beauty
Аквамарин Lab Лаборатория Имиджа;+7 (495) 785-99-75;+7 (926) 374-91-39, +7 (915) 289-18-08;ул. Плеханова, 4, стр. 3, Москва;studio.studio-akvamarin.ru , studio-akvamarin.ru;55.756 37.757;beauty
BRITVA barbershop;;+7 (903) 773-47-75;ш. Энтузиастов, 60, корп. 1, Москва;britvabarber.ru , perovo.britvabarber.ru;55.762 37.775;beauty
Елена;;+7 (926) 738-93-47, +7 (925) 712-69-34;1-я Владимирская ул., 31, Москва;salon.elena.tilda.ws;55.752 37.779;beauty
Профиль;+7 (495) 672-02-63;;3-я Владимирская ул., 16, Москва;salon-profil.ru;55.760 37.787;beauty
Март, салон красоты;+7 (495) 766-43-42;+7 (985) 766-43-42;Мартеновская ул., 15, Москва;project496686.tilda.ws;55.755 37.804;beauty
Noiz, салон красоты;;+7 (915) 189-85-96;Зелёный просп., 34, Москва;noiz.clients.site;55.753 37.802;beauty
Студия эстетики тела;;+7 (967) 101-86-00;Зелёный просп., 34, Москва;estetikatelalpg.ru;55.753 37.802;beauty
Колибри, салон красоты;;+7 (909) 666-63-29, +7 (909) 169-16-93;Федеративный просп., 9, корп. 2, Москва;colibribeautyzone.tilda.ws;55.758 37.802;beauty
Визит, салон красоты;+7 (495) 305-47-10;+7 (917) 588-24-44, +7 (916) 347-54-42;Федеративный просп., 16, корп. 1, Москва;sk-vizit.ru , skvizit.ru;55.756 37.807;beauty
Астэра;+7 (495) 770-14-14, +7 (495) 301-20-91;;Зелёный просп., 54А, Москва;spa-astera.ru;55.752 37.813;beauty
Мастер-фен, салон красоты;+7 (495) 301-80-46;+7 (926) 817-32-02, +7 (916) 964-48-26;Сапёрный пр., 6, корп. 1, Москва;;55.756 37.824;beauty
Виктория, парикмахерская;+7 (495) 918-97-03;;Сапёрный пр., 13, Москва;;55.757 37.826;beauty
Перфект;;+7 (925) 547-47-57;Свободный просп., 9В, Москва;perfect-salon.com;55.765 37.825;beauty
Монро;;+7 (917) 557-00-21;ул. Молостовых, 4, корп. 4, Москва;;55.764 37.832;beauty
Кристина, салон красоты;;+7 (969) 283-57-60, +7 (903) 136-31-44;наб. Новикова-Прибоя, 5, корп. 2, Москва;adminsalon.ru , kris-salon.ru , msk.kris-salon.ru;55.785 37.448;beauty
Lili-Beauty, салон красоты;+7 (495) 947-77-07;;просп. Маршала Жукова, 59, Москва;lili-beauty.ru;55.777 37.459;beauty
Карре Руж, студия красоты;+7 (495) 942-01-91, +7 (495) 942-00-20;;ул. Маршала Тухачевского, 51, Москва;carre-rouge.ru;55.785 37.460;beauty
Глянец, имидж-студия;+7 (499) 940-89-33, +7 (495) 150-60-07, +7 (495) 753-79-97, +7 (495) 942-13-23;+7 (905) 720-80-30, +7 (905) 753-79-97;ул. Маршала Тухачевского, 51, Москва;studio-glianec.ru;55.785 37.461;beauty
Else Style;+7 (495) 609-65-27, +7 (495) 234-44-44, +7 (495) 637-68-33, +7 (495) 609-65-99;;ул. Маршала Тухачевского, 49, Москва;elsestyle.ru;55.785 37.464;beauty
Мтв, салон красоты;+7 (499) 199-22-23;+7 (926) 947-30-86, +7 (902) 469-26-10;Карамышевская наб., 48, корп. 1, Москва;mtvsalon.ru;55.773 37.464;beauty
Beautier Studio;;+7 (995) 333-48-27;просп. Маршала Жукова, 49, Москва;salon1c.ru;55.776 37.465;beauty
Клевер, салон красоты;+7 (499) 401-77-88;+7 (968) 365-73-10, +7 (904) 568-13-24;ул. Саляма Адиля, 2, корп. 1, Москва;kleversalon.ru;55.774 37.468;beauty
Тимирязев Laboratories, салон красоты;;+7 (905) 511-11-90;бул. Генерала Карбышева, 13А, Москва;timiryazevlab.ru;55.781 37.469;beauty
Салон красоты ЭстетиКа;;+7 (904) 568-33-19;бул. Генерала Карбышева, 13, корп. 1, Москва;beauty-estetika.ru;55.781 37.470;beauty
Else style, салон красоты;+7 (495) 152-81-73;;ул. Маршала Тухачевского, 37/21, Москва;elsestyle.ru;55.784 37.471;beauty
Вико, студия красоты;+7 (495) 947-33-20;+7 (977) 963-83-05;ул. Берзарина, 23, Москва;studio-viko.ru;55.788 37.472;beauty
Персона, имидж-лаборатория;+7 (495) 877-41-60, +7 (495) 256-41-66, +7 (899) 205-58-96;;ул. Мнёвники, 23, Москва;mnevniki.persona-love.ru;55.774 37.478;beauty
Цитрус, оздоровительный центр;;+7 (967) 204-34-34, +7 (985) 812-08-55, +7 (915) 128-78-80;бул. Генерала Карбышева, 16, Москва;цитрусцентр.рф;55.781 37.472;beauty
Maxstyle, центр косметологии и красоты;+7 (499) 401-01-31;+7 (933) 777-53-53;просп. Маршала Жукова, 43, корп. 5, Москва;maxstylecenter.ru;55.774 37.472;beauty
Vetro, салон красоты;;+7 (966) 120-22-22;ул. Народного Ополчения, 34, стр. 1, Москва;studija-krasoty-vetro.clients.site;55.786 37.485;beauty
Салон красоты Nativa beauty bar;;+7 (901) 258-54-93, +7 (925) 201-77-70;ул. Мнёвники, 11, Москва;nativa.beauty;55.773 37.487;beauty
Эпилайк;+7 (499) 116-57-19, +7 (499) 112-28-63;;ул. Народного Ополчения, 42, корп. 1, Москва;epilike.ru;55.791 37.489;beauty
Аура эстетики, салон красоты;+7 (495) 971-02-81, +7 (171) 424-88-17;+7 (901) 547-62-81, +7 (916) 458-45-44;ул. Народного Ополчения, 42, корп. 3, Москва;aura-msk.ru , lazernayaepilyaciya.ru , center-zdorovye.ru;55.791 37.490;beauty
Студия красоты Дмитрий Вуйчак;;+7 (925) 399-30-50;просп. Маршала Жукова, 19, корп. 1, Москва;vuychak.net;55.775 37.491;beauty
Мари, салон красоты;+7 (499) 946-28-97;+7 (903) 547-20-08;ул. Мнёвники, 7, корп. 1, Москва;sk-mari.ru;55.772 37.491;beauty
Chi-chi, студия эпиляции, коррекции фигуры и косметологии;;+7 (925) 903-05-05, +7 (917) 282-59-29;3-я Хорошёвская ул., 21, корп. 2, Москва;chichilaser.ru;55.785 37.496;beauty
Александр Тодчук Studio, Филиал на Полежаевской;+7 (495) 150-27-82;;Хорошёвское ш., 80, Москва;todchuk.ru;55.778 37.523;beauty
Студия наращивания ресниц Алены Судаковой;;+7 (968) 499-88-68;Хорошёвское ш., 82, корп. 1, Москва;aslh.ru;55.778 37.520;beauty
Aval Clinic, клиника эстетической медицины;+7 (499) 110-51-55, +7 (495) 120-58-57;+7 (925) 506-69-10, +7 (903) 591-66-88;ул. Гризодубовой, 4, корп. 3, Москва;avalclinic.ru;55.784 37.523;beauty
Супернова, бьюти-салон;+7 (499) 728-00-88;+7 (915) 150-77-66;Ходынский бул., 20А, Москва;supernova-beauty.ru;55.790 37.524;beauty
Legend City;+7 (499) 113-94-80;;Ходынский бул., 4, Москва;legend-city.ru;55.791 37.529;beauty
Пиlки;;+7 (916) 266-81-94;Ходынский бул., 4, Москва;pilkinail.ru;55.791 37.529;beauty
iBeauty;;+7 (910) 439-08-86;2-й Хорошёвский пр., 9, корп. 2, Москва;ibeauty.one;55.774 37.531;beauty
EVITA, EVITA Studio of Beauty;;+7 (916) 633-28-73;ул. Гризодубовой, 2, Москва;evitastudio.ru;55.783 37.532;beauty
Алессандро, салон-парикмахерская;;+7 (962) 369-51-44, +7 (915) 221-69-75;2-й Хорошёвский пр., 7, стр. 17, Москва;alessandrogroup.ru;55.773 37.533;beauty
Brow&go;;+7 (925) 800-25-81;ул. Авиаконструктора Микояна, 10, Москва;browgo.ru , browgo.com;55.790 37.534;beauty
Гардиан, салон мужских стрижек;;+7 (925) 417-70-77, +7 (925) 062-24-44;ул. Полины Осипенко, 8, Москва;guardianbarber.ru;55.780 37.536;beauty
Акварель, салон красоты;+7 (495) 941-00-71;+7 (916) 557-77-28;Хорошёвское ш., 50, корп. 1, Москва;salonaquarel.ru;55.777 37.534;beauty
Аланюр, центр бытовых услуг;+7 (495) 945-74-43;+7 (903) 724-57-67;1-й Хорошёвский пр., 6, Москва;salon-vm.ru;55.777 37.548;beauty
Paul Mitchell, сеть салонов красоты;+7 (495) 728-38-53, +7 (495) 728-35-88;;Ленинградский просп., 37, корп. 9, Москва;pmsalon.ru;55.791 37.548;beauty
Пальчики, ногтевая студия;+7 (495) 945-79-67;+7 (965) 102-10-14;Беговая ул., 13, Москва;palchiki.com;55.781 37.557;beauty
Brothers, барбершоп;+7 (495) 369-69-53, +7 (495) 476-48-94;;Ленинградский просп., 31А, стр. 1, Москва;barberbros.ru;55.784 37.560;beauty
Триумф, салон красоты;+7 (495) 150-06-85, +7 (495) 150-18-96, +7 (495) 120-06-38, +7 (495) 150-02-87, +7 (495) 150-06-93;+7 (991) 940-88-20;Ленинградский просп., 36, Москва;zoon.ru , salontriumph.ru;55.792 37.561;beauty
FaceLaboratory;;+7 (926) 733-35-44;Ленинградский просп., 36, стр. 39, Москва;facelaboratory.ru;55.790 37.567;beauty
Лавсония, салон красоты;+7 (495) 260-16-18;+7 (916) 682-84-80, +7 (984) 333-10-74;ул. Расковой, 1, Москва;lavsonia.ru;55.786 37.570;beauty
Амариллис, студия красоты;+7 (495) 766-23-53;+7 (985) 766-23-53;Ленинградский просп., 15, стр. 35, Москва;amaril.ru;55.781 37.570;beauty
Agency beauty studio;;+7 (966) 111-26-66;Ленинградский просп., 15, стр. 9, Москва;ylink.me;55.781 37.571;beauty
Тринити, клиника персональной косметологии;+7 (495) 108-72-96;;Ленинградский просп., 15, стр. 2, Москва;trinity-med.ru;55.782 37.572;beauty
Natali Beauty Club, салон красоты;;+7 (985) 880-45-27, +7 (903) 725-45-77;Скаковая ул., 34, корп. 1, Москва;saloon.oilydepil.ru;55.778 37.573;beauty
Философия стиля, салон красоты;+7 (495) 612-15-39;+7 (925) 171-88-88, +7 (915) 171-88-88;Ленинградский просп., 10, Москва;ph-style.ru;55.780 37.580;beauty
Studio fruits SPA, салон красоты;;+7 (985) 059-06-84;Ленинградский просп., 7, стр. 1, Москва;ylink.me;55.780 37.576;beauty
Paul Mitchell, салон красоты;;+7 (926) 908-13-33;3-я ул. Ямского Поля, 9, корп. 3, Москва;;55.781 37.580;beauty
Ляг. Спиной;+7 (495) 215-10-55;+7 (989) 575-83-27;Ленинградский просп., 1, Москва;;55.778 37.581;beauty
Моментальный загар MoreZagara;;+7 (916) 569-26-34;1-я Брестская ул., 66, Москва;morezagara.ru;55.776 37.585;beauty
Сахар, салон красоты;+7 (4012) 33-66-09, +7 (3512) 16-08-55, +7 (495) 724-38-51, +7 (499) 394-14-51;+7 (966) 180-93-92, +7 (993) 320-20-30, +7 (905) 997-97-67;2-я Брестская ул., 46, стр. 1, Москва;салонсахар.рф , saharsalon.ru;55.774 37.585;beauty
World Class Spa, сеть салонов красоты;+7 (495) 085-78-91;;Большая Грузинская ул., 69, Москва;spa.worldclass.ru , worldclass.ru;55.774 37.586;beauty
БиоСпаКлиник, многопрофильный медицинский центр;+7 (499) 288-77-29, +7 (495) 152-69-78, +7 (499) 288-77-18;;1-я Брестская ул., 35, Москва;biospaclinic.ru;55.773 37.588;beauty
Ланна Камилина;+7 (499) 250-07-00;+7 (985) 471-06-69;1-я Тверская-Ямская ул., 19, Москва;;55.774 37.588;beauty
Амальфи, студия маникюра и красоты;+7 (495) 132-00-03, +7 (495) 230-52-94;+7 (968) 509-22-00, +7 (901) 259-31-74;ул. Александра Невского, 19-25, Москва;amalfibeauty.ru;55.777 37.590;beauty
Водородпомогает.рф;+7 (495) 197-67-99;+7 (995) 345-15-85;1-я Тверская-Ямская ул., 11, Москва;водородпомогает.рф;55.773 37.591;beauty
Y.A.Clinic;+7 (499) 973-26-90;+7 (977) 900-33-03;ул. Бутырский Вал, 68, стр. 3, Москва;yuriananov.com;55.789 37.590;beauty
Пальчики, ногтевая студия;+7 (499) 519-02-88;+7 (903) 798-25-86;ул. Александра Невского, 1, Москва;palchiki.com;55.776 37.592;beauty
Нирвана, салон красоты;+7 (499) 250-57-01, +7 (499) 250-89-45;;ул. Александра Невского, 1, Москва;nirvana-salon.ru;55.775 37.592;beauty
Малинка;+7 (499) 250-99-48;+7 (926) 750-08-38;3-я Тверская-Ямская ул., 21/23, Москва;salonmalinka.ru;55.772 37.595;beauty
Эпи-Хэппи;;+7 (925) 768-78-58, +7 (958) 100-14-89;Новолесная ул., 1/49, Москва;;55.782 37.591;beauty
Face time, салон красоты;+7 (495) 414-34-76;;Лесная ул., 20, стр. 9, Москва;face-time.ru;55.779 37.592;beauty
Fly, студия красоты;+7 (495) 609-24-06;+7 (926) 547-39-47;Новослободская ул., 62, корп. 19, Москва;;55.792 37.592;beauty
Ликс Nail;+7 (495) 419-95-41;+7 (964) 398-01-29, +7 (931) 106-11-55;2-я Тверская-Ямская ул., 26, Москва;msk.liksnail.ru;55.772 37.594;beauty
Франт, мужская парикмахерская;+7 (499) 686-11-43;+7 (926) 735-42-92, +7 (985) 226-76-76, +7 (925) 500-22-11, +7 (909) 155-36-44;4-я Тверская-Ямская ул., 13, Москва;b-frant.ru , clck.ru;55.772 37.597;beauty
Прана;+7 (499) 978-39-22;+7 (916) 409-28-41, +7 (906) 701-14-57;Новослободская ул., 50/1с2, Москва;salon-prana.ru;55.787 37.595;beauty
Leonid Romanov hair, салон;;+7 (917) 580-00-40;1-я Миусская ул., 20, стр. 5, Москва;leonidromanov.com;55.780 37.595;beauty
Эпилсити, центр косметологии и эпиляции;+7 (495) 979-42-79;+7 (929) 963-12-94;Новослободская ул., 62, корп. 15, Москва;epilcity.ru , salon-lanet.ru;55.792 37.595;beauty
Кудряшка You, салон для кудрявых волос;;+7 (985) 968-77-00;ул. Фадеева, 7, стр. 2, Москва;kudryashka-you.ru;55.775 37.597;beauty
Салон перемен Облако Красоты;+7 (499) 755-77-15;+7 (925) 578-03-23;Тихвинская ул., 39, Москва;salonoblako.ru;55.791 37.599;beauty
Seven Heaven, салон красоты;;+7 (996) 997-77-96;ул. Чаянова, 24, Москва;seven-heaven.ru;55.778 37.599;beauty
Мария Китаева, студия красоты;+7 (499) 250-13-78;+7 (901) 259-63-87, +7 (916) 813-27-81;ул. Фадеева, 6, стр. 2, Москва;mariakitaeva.ru;55.775 37.598;beauty
Beauty Space;+7 (495) 920-09-87;;1-й Тверской-Ямской пер., 14, Москва;beautyspace.studio;55.773 37.598;beauty
Nails Up;+7 (499) 325-49-55;+7 (910) 488-51-13, +7 (985) 908-98-52;Новослободская ул., 20, стр. 4, Москва;nails-up-mend.clients.site;55.782 37.599;beauty
Оранжевый рай;+7 (499) 704-68-14, +7 (499) 972-32-19;;Весковский пер., 6/39, Москва;оранжевыйрай.рф , saloon1.ru;55.779 37.600;beauty
ОКС;;+7 (916) 528-03-32, +7 (985) 763-50-41, +7 (903) 763-50-41;ул. Палиха, 9, Москва;estilosalon.ru;55.785 37.600;beauty
Rosie, салон красоты;;+7 (965) 180-83-28;Новосущёвская ул., 15, Москва;salonrosie.ru;55.791 37.604;beauty
Сон, бьюти-бар;+7 (495) 127-75-80;+7 (925) 193-55-51;Селезнёвская ул., 4, Москва;n253038.yclients.com , son-beautybar.tilda.ws;55.780 37.604;beauty
Mishkabarber;;+7 (999) 987-28-83, +7 (967) 119-78-77;Долгоруковская ул., 29, Москва;mishkabarber.clients.site;55.777 37.602;beauty
Студия по наращиванию волос;;+7 (926) 415-18-05, +7 (926) 287-27-83;ул. Сущёвский Вал, 16, стр. 6, Москва;yanahair.ru;55.792 37.602;beauty
Альта-студия, салон красоты;+7 (499) 973-51-16, +7 (499) 978-67-59;;Долгоруковская ул., 38, стр. 1, Москва;alta-studio.ru;55.778 37.603;beauty
Aldo Coppola Accademia;+7 (495) 783-07-03, +7 (495) 445-00-21;+7 (903) 165-01-38;Краснопролетарская ул., 7, Москва;gocoppola.ru , accademia.aldocoppola.ru;55.775 37.607;beauty
Диас;;+7 (967) 082-28-35;Краснопролетарская ул., 16, стр. 1, Москва;dikidi.net;55.778 37.607;beauty
Студия маникюра A. S Nails;;+7 (905) 573-43-73;Селезнёвская ул., 22, Москва;dikidi.ru , zoon.ru , as-nails.ru;55.780 37.607;beauty
Beauty club, косметологическая клиника;+7 (495) 161-61-93, +7 (495) 226-99-77;+7 (985) 226-99-77;ул. Советской Армии, 15, Москва;profbeautyclub.ru;55.791 37.616;beauty
Баллирано, центр эстетики и косметологии;+7 (495) 625-42-53;+7 (903) 205-19-99;1-й Волконский пер., 15, Москва;ballirano.com;55.775 37.617;beauty
Гладкое Тело;+7 (495) 145-86-85;+7 (980) 944-44-43;2-й Волконский пер., 14, Москва;gladkoetelo.ru;55.775 37.619;beauty
Shape IT!;;+7 (965) 200-50-90, +7 (965) 200-60-90;Цветной бул., 25, стр. 11, Москва;shapeitstudio.ru;55.773 37.620;beauty
Кларте;+7 (495) 681-12-31;+7 (905) 533-44-45, +7 (925) 771-53-41;ул. Дурова, 3/13, Москва;spa-clarte.ru , mdcentre.ru;55.781 37.620;beauty
Солянка, СПА-салон;+7 (499) 379-19-89, +7 (499) 993-17-79;+7 (965) 166-16-69;Троицкая ул., 7, стр. 5, Москва;spasolyanka.ru;55.775 37.622;beauty
Эльза, студия красоты;+7 (495) 506-92-56, +7 (495) 681-71-12, +7 (495) 471-40-62;+7 (925) 506-92-56, +7 (926) 324-53-39, +7 (909) 950-06-06;Трифоновская ул., 49, Москва;studia-elza.ru;55.789 37.628;beauty
Студия красоты Тимура Бегичева;+7 (495) 608-79-20, +7 (495) 506-92-43;+7 (925) 506-92-43;Малая Сухаревская площадь, 1, стр. 1, Москва;begichev.ru;55.774 37.627;beauty
DragonFly, тату-салон;+7 (495) 230-20-77, +7 (495) 607-30-77;+7 (911) 132-84-54, +7 (985) 773-23-82;ул. Гиляровского, 1, стр. 1, Москва;dragonfly-studio.ru , dragonflystudio.ru;55.774 37.630;beauty
Студия красоты Юлии Дуровой;;+7 (916) 619-46-33;просп. Мира, 21, стр. 1, Москва;durovastyle.ru;55.779 37.632;beauty
Оранжевый рай, салон красоты;+7 (495) 684-75-99;;ул. Гиляровского, 50, Москва;оранжевыйрай.рф , saloon1.ru;55.785 37.633;beauty
Borodach, барбершоп;;+7 (977) 337-20-10;ул. Гиляровского, 48, Москва;pmira.borodach.com , borodach.com;55.785 37.633;beauty
Александр Тодчук Studio, Филиал на проспекте Мира;+7 (495) 150-27-84;;просп. Мира, 79, Москва;todchuk.ru;55.791 37.634;beauty
МЦ Доктор Лазер, медицинский центр косметологии;+7 (499) 110-75-55;+7 (926) 702-72-20, +7 (925) 820-00-20;просп. Мира, 26, стр. 4, Москва;dlaser.ru;55.777 37.634;beauty
Клиника эстетической медицины Лазурь;+7 (495) 197-88-55;;Протопоповский пер., 17, стр. 5, Москва;lazure.ru;55.781 37.637;beauty
Пальчики;+7 (499) 519-00-11;+7 (906) 748-02-35;Грохольский пер., 13, стр. 1, Москва;palchiki.com;55.777 37.639;beauty
Пафос, салон красоты;;+7 (967) 001-21-30;Большой Балканский пер., 5, Москва;;55.779 37.642;beauty
BeautyBar 1, студия красоты;;+7 (905) 770-67-72;Большая Переяславская ул., 5, корп. 1, Москва;beautybar1.ru;55.782 37.642;beauty
Салон красоты Архитектура;;+7 (915) 131-86-86, +7 (939) 555-48-12;Протопоповский пер., 40, Москва;;55.780 37.644;beauty
Маяк, парикмахерская;;+7 (903) 763-22-09;Верхняя Красносельская ул., 10, Москва;mayakbbn.ru;55.784 37.661;beauty
Bar brow, студия взгляда;+7 (499) 288-07-89;;Верхняя Красносельская ул., 3А, Москва;barbrow.ru;55.785 37.666;beauty
Салон красоты M&m;;+7 (905) 800-34-34, +7 (901) 259-37-61;Краснопрудная ул., 22-24, Москва;ylink.me;55.778 37.664;beauty
Салон красоты Светланы Рублёвой;;+7 (905) 526-00-30;Верхняя Красносельская ул., 17А, стр. 1Б, Москва;;55.783 37.665;beauty
Милан, центр красоты и здоровья;+7 (499) 325-43-90, +7 (499) 264-45-97;;1-й Красносельский пер., 3, Москва;salonmilan.ru;55.783 37.668;beauty
Салон для кудрявых Ice Curly;;+7 (985) 226-85-85;Нижняя Красносельская ул., 15/17, Москва;icecurly.ru;55.777 37.670;beauty
Oldboy barbershop, международная мужская парикмахерская;;+7 (967) 100-60-70, +7 (906) 755-02-20;Маленковская ул., 7, Москва;oldboybarbershop.com;55.790 37.673;beauty
Nails.team, студия красоты;;+7 (915) 025-43-34, +7 (903) 282-14-78, +7 (968) 521-20-40;Спартаковский пер., 2, стр. 1, Москва;;55.778 37.672;beauty
Лайкон;+7 (495) 149-93-39;+7 (985) 019-98-59, +7 (977) 593-12-13, +7 (925) 116-81-05;Нижняя Красносельская ул., 35, стр. 49, Москва;lyconbeauty.ru;55.775 37.672;beauty
Face & Body;;+7 (926) 881-77-06;Нижняя Красносельская ул., 35, стр. 49, Москва;face-body-moscow.clients.site;55.775 37.672;beauty
Beauty balance studio, студия наращивания ресниц;;+7 (925) 022-02-03;Спартаковский пер., 2, стр. 1, Москва;beautybalancestudio.ru;55.779 37.673;beauty
Titania lashes, студия наращивания ресниц;;+7 (903) 722-32-06;Нижняя Красносельская ул., 35, стр. 48, Москва;yclients.com , titanialashes.ru;55.775 37.673;beauty
Tveretinov Studio;;+7 (977) 918-08-51;Нижняя Красносельская ул., 35, стр. 50, Москва;ylink.me;55.775 37.675;beauty
Verba Beauty Salon;;+7 (929) 662-77-32;ул. Сокольническая Слободка, 10, Москва;verba-beauty-salon.clients.site;55.790 37.675;beauty
Пальчики, ногтевая студия;+7 (499) 519-01-33;+7 (967) 189-82-55;Русаковская ул., 25, стр. 1, Москва;palchiki.com;55.787 37.677;beauty
Арт&Ист;+7 (499) 261-93-43;+7 (925) 064-99-20, +7 (926) 874-93-31;Спартаковская ул., 17, Москва;salon-art-east.ru;55.773 37.677;beauty
Сокол;+7 (499) 264-48-66;+7 (926) 629-85-09;Русаковская ул., 29, Москва;sokol1.clients.site;55.788 37.677;beauty
Сюжет, салон красоты;+7 (495) 755-62-69;+7 (985) 991-00-23;Русаковская ул., 31, Москва;salonsujet.ru;55.788 37.678;beauty
Салон Красоты Афина;+7 (499) 261-48-59;+7 (901) 147-96-19, +7 (916) 872-75-74;Бауманская ул., 33/2с1, Москва;salon-afina.ru;55.773 37.679;beauty
Салон красоты 77;+7 (495) 265-08-83;+7 (980) 000-77-33;ул. Фридриха Энгельса, 7-21, Москва;77-salon.ru , zoon.ru;55.772 37.682;beauty
Borodach, барбершоп;;+7 (926) 153-08-92;ул. Фридриха Энгельса, 23, стр. 4, Москва;baumanskaja.borodach.com , borodach.com;55.773 37.684;beauty
Вектор Эстетики, салон красоты;;+7 (968) 040-62-90, +7 (980) 697-76-81, +7 (968) 030-62-90, +7 (926) 528-88-62;Рубцовская наб., 2, корп. 2, Москва;vectoresteticy.ru , dikidi.net;55.774 37.696;beauty
Кружева, студия красоты;+7 (499) 346-80-56, +7 (499) 346-89-17, +7 (695) 187-48-68, +7 (499) 346-87-58, +7 (495) 134-37-24, +7 (499) 346-86-73, +7 (499) 346-86-43, +7 (495) 241-25-49;+7 (965) 187-48-68;Большая Семёновская ул., 16, Москва;krujevakosa.ru , manikur.krujevakosa.ru , кружева.рф;55.782 37.704;beauty
Family;;+7 (968) 988-88-70;Семёновская наб., 3/1к5, Москва;salonfamilybeauty.ru;55.779 37.705;beauty
Sun dan, салон красоты;+7 (495) 510-00-27;+7 (901) 517-20-56;Медовый пер., 6, Москва;sun-dan.ru;55.783 37.712;beauty
Studio Zoloto;;+7 (926) 993-40-50;Золотая ул., 11, Москва;;55.780 37.711;beauty
Бьюти Тайм;;+7 (939) 111-50-23, +7 (926) 936-10-35;Золотая ул., 11, Москва;mst.link;55.779 37.712;beauty
Салон красоты Ангелины Мартиросовой;;+7 (916) 309-40-34, +7 (968) 935-25-96;Измайловское ш., 6, Москва;angelina-martirosova.ru;55.779 37.722;beauty
Gribovanails;;+7 (915) 049-66-03;Ткацкая ул., 5, стр. 7, Москва;;55.786 37.721;beauty
Студия татуажа Галины Танаевой;;+7 (925) 517-38-63, +7 (909) 913-40-08;Семёновская площадь, 7, корп. 17А, Москва;artatoo.ru;55.784 37.722;beauty
Todes;+7 (495) 505-00-13;;Семёновская площадь, 7, корп. 17А, Москва;salon-todes.ru;55.784 37.722;beauty
Эстель;+7 (499) 187-28-63, +7 (499) 323-16-11, +7 (499) 390-81-36, +7 (495) 675-14-54, +7 (499) 343-27-12, +7 (499) 166-00-69, +7 (499) 612-07-26;+7 (985) 917-55-50, +7 (916) 220-09-86, +7 (915) 143-44-88, +7 (905) 580-82-15, +7 (916) 463-77-32, +7 (910) 444-50-20;Щербаковская ул., 16, Москва;ekonombeauty.ru;55.782 37.725;beauty
Соколиная гора, салон красоты;;+7 (985) 093-55-22;просп. Будённого, 19, Москва;zoon.ru , sokolinaya-gora-salon.ru;55.773 37.726;beauty
Виктория;;+7 (925) 577-96-07;Измайловское ш., 71, стр. 8, Москва;viktoria-club.ru;55.790 37.748;beauty
Ника, студия красоты и здоровья;+7 (495) 366-82-62, +7 (495) 724-36-09;+7 (903) 724-36-09;Щербаковская ул., 41А, Москва;salonizumrud.ru;55.783 37.733;beauty
Контраст, салон красоты;;+7 (926) 264-71-09;Щербаковская ул., 40, Москва;salon-kontrast.ru;55.782 37.734;beauty
Натаниэль, центр красоты и здоровья;;+7 (904) 568-22-69;Мироновская ул., 18, Москва;salonnataniel.ru;55.787 37.734;beauty
Дом Бранге, салон красоты;+7 (495) 505-43-35;+7 (903) 500-00-67, +7 (925) 505-43-35;Борисовская ул., 4, Москва;dombrange.ru;55.785 37.737;beauty
Миллениум имидж;;+7 (916) 973-03-30;Измайловское ш., 71, корп. 2Б, Москва;;55.789 37.748;beauty
Светлана, парикмахерская;+7 (499) 165-16-42;+7 (965) 256-90-99;Первомайская ул., 7, Москва;beauty-svetlana.ru;55.791 37.774;beauty
МСК, парикмахерская;;+7 (968) 512-50-50;3-я Парковая ул., 7/17, Москва;zoon.ru;55.791 37.784;beauty
Виктория-Н, салон красоты;+7 (495) 300-09-00;+7 (925) 883-36-78;Магнитогорская ул., 1, Москва;salon-krasoty.litera-ru.ru;55.773 37.821;beauty
Студия Лик маникюр, пилинги, чистка лица Ивановское;+7 (495) 142-31-04;+7 (926) 966-31-04;ш. Энтузиастов, 53, Москва;studia-lik.ru;55.774 37.826;beauty
Айрис Бьюти;+7 (495) 266-62-82;+7 (985) 745-83-96;ш. Энтузиастов, 53, Москва;;55.774 37.826;beauty
Весёлый Роджер, барбершоп;+7 (495) 266-65-60;+7 (929) 561-59-99;Челябинская ул., 19, корп. 4, Москва;eyw.me;55.780 37.829;beauty
Ботокс-Лайф;;+7 (939) 111-80-42, +7 (985) 490-00-03;ул. Кулакова, 20, стр. 1А, Москва;botox.life;55.805 37.392;beauty
Марисабель;+7 (495) 517-72-20;+7 (908) 066-58-08;ул. Кулакова, 20, стр. 1Л, Москва;адвокатчелябинск.рф , марисабель.рф;55.805 37.393;beauty
Beauty Studio Elena Khachatryan;;+7 (984) 333-42-08;Строгинский бул., 4, Москва;;55.804 37.397;beauty
Стильно, салон красоты;+7 (495) 750-34-07;+7 (926) 312-12-66, +7 (936) 666-50-08;Строгинский бул., 14, корп. 3, Москва;salonstilno.ru , stilno-salon.ru;55.803 37.400;beauty
Леди-шик, салон красоты;;+7 (926) 528-88-09, +7 (985) 920-50-73;Таллинская ул., 13, корп. 4, Москва;strogino-salon.ru;55.801 37.400;beauty
Весна, салон-парикмахерская;;+7 (905) 706-33-25;Таллинская ул., 13, корп. 1, Москва;vesnastrogino.ru;55.800 37.401;beauty
Персона, имидж-лаборатория;+7 (495) 757-70-00;+7 (904) 567-04-26, +7 (985) 914-03-27;ул. Твардовского, 12, корп. 3, Москва;personatvardovka.ru;55.793 37.401;beauty
BeautyLine, салон красоты;+7 (495) 757-07-05;+7 (991) 104-11-49, +7 (911) 104-11-49;Таллинская ул., 16, корп. 1, Москва;beautylinesalon.ru;55.799 37.402;beauty
Созвездие, салон красоты;+7 (495) 756-13-33;+7 (915) 125-64-31;ул. Твардовского, 19, корп. 2, Москва;sozvezdiesalon.ru;55.796 37.402;beauty
Студия 14, салон красоты;;+7 (904) 567-58-23, +7 (977) 273-21-52;ул. Твардовского, 14, корп. 1, Москва;studiya-14.ru;55.794 37.404;beauty
Красивые люди, салон красоты;;+7 (939) 555-20-49;Строгинский бул., 26, корп. 2, Москва;krasiviepeople.ru;55.802 37.406;beauty
Пальчики, ногтевая студия;+7 (495) 750-29-60;+7 (977) 625-03-70, +7 (915) 489-24-61;Строгинский бул., 23, Москва;palchiki.com;55.804 37.408;beauty
Я люблю, студия красоты;;+7 (985) 240-33-11;ул. Маршала Катукова, 24, корп. 5, Москва;studiyalublu.ru;55.803 37.413;beauty
Дримленд, салон красоты;+7 (495) 758-72-07;+7 (985) 220-50-09;ул. Маршала Катукова, 24, корп. 5, Москва;zoon.ru , dreamland-salon.ru;55.803 37.413;beauty
your SPAce, бьюти-салон;+7 (499) 325-41-87, +7 (495) 323-60-68, +7 (499) 110-54-89;+7 (926) 018-36-17;Авиационная ул., 79Б, Москва;yourspace.ru;55.808 37.448;beauty
Барбер 0+, семейный салон красоты;+7 (499) 110-06-12;+7 (909) 984-66-44;ул. Маршала Катукова, 24, корп. 1, Москва;barber.ru;55.805 37.415;beauty
Орнатэ, центр косметологии;+7 (499) 110-84-35, +7 (499) 110-84-39, +7 (499) 110-84-67;;Авиационная ул., 63, Москва;ornate-center.ru;55.809 37.455;beauty
Кабинет коррекции фигуры;;+7 (977) 403-82-05;ул. Гамалеи, 23, корп. 1, Москва;;55.802 37.456;beauty
На высоте;;+7 (905) 593-80-79;ул. Рогова, 12к2С1, Москва;salon-navisote.ru;55.797 37.460;beauty
Малена, салон красоты;+7 (495) 229-98-10, +7 (495) 229-98-11;;Щукинская ул., 42, Москва;malena.ru;55.810 37.464;beauty
Шоколад, салон красоты;;+7 (916) 274-13-66, +7 (962) 902-63-63, +7 (904) 567-75-91;ул. Маршала Василевского, 17, Москва;beauty-shokolad.ru;55.809 37.463;beauty
Спа-мир;+7 (495) 651-91-51;+7 (916) 802-22-62;Щукинская ул., 2, Москва;fsauna.ru;55.809 37.482;beauty
Персона, имидж-лаборатория;+7 (495) 877-43-02;+7 (926) 107-03-88;ул. Маршала Конева, 12, Москва;persona-koneva.ru;55.796 37.486;beauty
Keune, студия красоты;+7 (499) 199-22-08;+7 (985) 444-93-04;ул. Маршала Конева, 5, Москва;keune-studio.com;55.798 37.491;beauty
Салон красоты АртКреатив;+7 (495) 225-99-27;+7 (904) 567-00-69;Дубосековская ул., 7, Москва;salon-artcreative.com;55.811 37.498;beauty
Модные люди, салон красоты;+7 (499) 194-00-15;;ул. Маршала Рыбалко, 3, Москва;mlsalon.ru;55.796 37.495;beauty
Студия красоты Алексея Лихачева;+7 (499) 673-42-33;+7 (966) 172-64-21, +7 (904) 567-58-27;ул. Маршала Рыбалко, 2, корп. 3, Москва;;55.799 37.495;beauty
Infinito, салон красоты;;+7 (926) 797-76-79;ул. Маршала Рыбалко, 2, корп. 3, Москва;;55.799 37.495;beauty
Пальчики, ногтевая студия;+7 (495) 139-89-84;+7 (965) 216-34-91;ул. Маршала Бирюзова, 10, корп. 1, Москва;palchiki.com;55.793 37.496;beauty
Арианна, салон красоты;+7 (499) 195-92-20, +7 (499) 198-64-77, +7 (499) 195-92-18;;ул. Маршала Бирюзова, 8, корп. 1, Москва;parik1.ru;55.792 37.496;beauty
Марафет;;+7 (905) 780-31-99;ул. Маршала Рыбалко, 2, корп. 6, Москва;studio-marafet.ru;55.798 37.496;beauty
Персона, имидж-лаборатория;+7 (495) 123-33-17;;Волоколамское ш., 3, Москва;persona-sokol.ru;55.807 37.502;beauty
La femme, центр красоты и здоровья;+7 (499) 728-00-98, +7 (495) 656-18-17, +7 (495) 656-18-19, +7 (499) 943-88-35;;ул. Панфилова, 4, корп. 2, Москва;lafemme-spa.ru;55.801 37.498;beauty
Роанголи;;+7 (925) 218-18-18, +7 (925) 217-17-17;ул. Врубеля, 8, Москва;роанголи.рф;55.806 37.500;beauty
Информация взята с eхport-basе.ru;;;;;;beauty
Милана;;+7 (985) 745-77-70;Волоколамское ш., 3, Москва;студия-милана.рф;55.807 37.503;beauty
Nails Sokol, студия;;+7 (925) 014-57-43, +7 (967) 166-58-83;Ленинградское ш., 3, стр. 1, Москва;nails-sokol.ru , blesknail.ru;55.809 37.505;beauty
Галерея красоты, салон красоты;+7 (499) 270-00-00;+7 (916) 170-10-10;ул. Алабяна, 13, корп. 1, Москва;galereya-krasoti.ru;55.799 37.505;beauty
La violette, салон красоты;+7 (499) 198-02-23;+7 (958) 100-79-01, +7 (925) 597-65-35;ул. Алабяна, 13, корп. 2, Москва;laviolette.ru;55.799 37.506;beauty
Салон Красоты Макота;;+7 (925) 433-66-65, +7 (980) 697-62-76;Балтийская ул., 5, Москва;makota.ru;55.808 37.510;beauty
John Paul Mitchell Systems - российское представительство;+7 (495) 280-02-20, +7 (495) 122-22-14;+7 (915) 291-22-38;ул. Викторенко, 5, стр. 1, Москва;zoon.ru , pmschool.ru , paulmitchell.ru;55.799 37.530;beauty
Мята;;+7 (916) 585-51-41;Ленинградский просп., 75, корп. 1А, Москва;;55.804 37.513;beauty
Пальчики;+7 (495) 225-80-27;+7 (925) 241-06-37;Ленинградский просп., 71, корп. Д, Москва;palchiki.com;55.804 37.515;beauty
World Class Spa, сеть салонов красоты;+7 (495) 085-80-34;;Чапаевский пер., 3, Москва;spa.worldclass.ru , worldclass.ru;55.798 37.520;beauty
Art De Lux, салон красоты;+7 (495) 255-11-25;;Чапаевский пер., 3, Москва;art-de-lux.ru;55.798 37.520;beauty
Крем, салон красоты;+7 (499) 158-00-55;+7 (985) 299-00-15, +7 (985) 528-83-17;Чапаевский пер., 12, корп. 2, Москва;kremmos.ru;55.799 37.519;beauty
Seawigs;;+7 (925) 748-83-65, +7 (925) 517-69-19, +7 (906) 777-76-59, +7 (925) 771-51-67;пр. Аэропорта, 8, стр. 2, Москва;seawigs.ru;55.797 37.522;beauty
Дэвиль;+7 (495) 601-24-35, +7 (495) 601-24-34;;ул. Лизы Чайкиной, 5, Москва;de-vil.ru;55.805 37.525;beauty
Вангвардиста, студия красоты;+7 (499) 753-86-86;+7 (964) 793-96-56;ул. Авиаконструктора Микояна, 14, корп. 2, Москва;wangvardista.ru;55.794 37.528;beauty
Салон красоты Бьюти-бар Фиолет;;+7 (977) 173-99-96;Часовая ул., 13, Москва;fiolet-centr.ru;55.808 37.528;beauty
Салон красоты Анны Кан;+7 (499) 155-83-19;+7 (915) 091-49-60;Часовая ул., 18, стр. 3, Москва;аннакан.рф;55.809 37.529;beauty
Лагуна, сеть студий загара;;+7 (926) 655-21-85;Ленинградский просп., 62А, Москва;laguna-sun.ru;55.802 37.532;beauty
Студия красоты;+7 (495) 120-42-40;;ул. Усиевича, 1, Москва;econom-studio.com , beaty-studio.ru;55.804 37.533;beauty
Коза, ногтевая студия;;+7 (926) 700-02-65, +7 (925) 180-02-65;ул. Черняховского, 19, Москва;cosa-nails.clients.site , ноготочечная.рф;55.809 37.538;beauty
Элегант;+7 (499) 152-92-00, +7 (499) 155-93-71;+7 (926) 246-75-19, +7 (916) 110-19-11, +7 (903) 671-29-50, +7 (926) 378-89-65;Красноармейская ул., 32, Москва;salonelegantvip.ru;55.802 37.540;beauty
Мастерская красоты;+7 (499) 530-17-82;;Ленинградский просп., 50, Москва;;55.797 37.543;beauty
Дали, студия красоты;+7 (495) 146-40-46;;ул. Академика Ильюшина, 4, корп. 1, Москва;dali.to;55.803 37.539;beauty
Красота неземная, салон красоты;+7 (499) 505-59-59;+7 (917) 578-72-72, +7 (901) 147-73-97;Кочновский пр., 4, корп. 1, Москва;krasotanezemnaya.ru;55.807 37.544;beauty
Евгения М, салон красоты;;+7 (926) 083-07-07, +7 (968) 088-88-30, +7 (983) 669-99-29;Планетная ул., 27, Москва;evgeniya-m.ru , b299447.yclients.com;55.802 37.546;beauty
Студия Красоты;+7 (495) 476-40-48;;Планетная ул., 27, Москва;econom-studio.com , beaty-studio.ru;55.802 37.545;beauty
Glow & go, салон красоты;+7 (499) 110-06-05;+7 (985) 364-60-50, +7 (919) 999-99-30;Кочновский пр., 4, корп. 2, Москва;glowgo.ru;55.807 37.546;beauty
Lips&Brows;;+7 (939) 999-60-32, +7 (968) 791-97-97;Эльдорадовский пер., 7, Москва;lipsbrows.clients.site;55.800 37.548;beauty
Beautyroom, салон красоты;+7 (495) 656-06-73;;ул. Верхняя Масловка, 29, Москва;btroom.ru;55.799 37.557;beauty
Студия красоты Виктора Гончаренко;+7 (495) 665-81-83;+7 (925) 723-13-45;ул. 8 Марта, 8, стр. 3, Северный административный округ, Москва;;55.803 37.556;beauty
Оранжевый рай, салон красоты;+7 (495) 612-56-78, +7 (495) 656-08-68;;ул. Верхняя Масловка, 27, корп. 1, Москва;оранжевыйрай.рф , saloon1.ru;55.798 37.558;beauty
Анжелика, салон красоты;;+7 (909) 629-26-66, +7 (925) 595-26-66;Петровско-Разумовский пр., 24, корп. 5, Москва;anzhela.satom.ru , anzhelahairstyles.wixsite.com;55.804 37.565;beauty
Ирис, салон красоты;+7 (495) 612-44-45;+7 (925) 725-40-02;Мирской пер., 8, корп. 1, Москва;beauty-salon-12637.business.site;55.798 37.565;beauty
Весна, салон-парикмахерская;;+7 (926) 195-77-00, +7 (926) 895-29-29, +7 (915) 126-00-33;Петровско-Разумовский пр., 22, корп. 6, Москва;vesna-b.ru;55.800 37.566;beauty
Elestra, салон красоты;;+7 (925) 506-54-95;ул. Костякова, 1, Москва;prodagavolos.ru;55.810 37.574;beauty
Мишель, салон красоты;+7 (499) 798-42-55;;Бутырская ул., 97, Москва;mishelsalon.ru , butyrskaya.mishelsalon.ru;55.808 37.580;beauty
Клеопатра;+7 (495) 507-72-73, +7 (495) 685-18-36;+7 (925) 507-72-73, +7 (925) 685-18-36;Башиловская ул., 10, Москва;salon-cleopatra.ru;55.797 37.577;beauty
Paul Mitchell, сеть салонов красоты;+7 (495) 142-53-80, +7 (495) 142-53-70, +7 (499) 642-45-76;;Вятская ул., 27, стр. 3, Москва;pmsalon.ru;55.797 37.582;beauty
V & K beauty, салон красоты;;+7 (906) 777-71-09;Бутырская ул., 53, корп. 1, Москва;;55.801 37.583;beauty
Mone, академия;;+7 (916) 350-50-38;Большая Новодмитровская ул., 36, стр. 1, Москва;n117929.yclients.com , salonmone.ru;55.804 37.586;beauty
Malina-fashion, салон красоты;+7 (495) 517-35-30;+7 (925) 517-35-30;Большая Новодмитровская ул., 14, стр. 1, Москва;malina-fashion.ru;55.800 37.586;beauty
4 Hands;;+7 (916) 748-20-70;Новодмитровская ул., 2, корп. 2, Москва;4hands.ru;55.805 37.591;beauty
Shear union, студия красоты;;+7 (915) 437-45-45;Новодмитровская ул., 2, корп. 4, Москва;ylink.me;55.804 37.591;beauty
Имидж;+7 (499) 978-32-80;+7 (910) 423-59-54, +7 (916) 932-35-31;ул. Сущёвский Вал, 14/22к7, Москва;imidgsalon.ru;55.792 37.601;beauty
Персона Марьина Роща;+7 (495) 197-89-10;+7 (909) 655-76-22;ул. Сущёвский Вал, 14/22к1, Москва;persona-mr.ru;55.792 37.602;beauty
Armoule Beauty, салон красоты;;+7 (929) 512-33-30;ул. Сущёвский Вал, 43, стр. 2, Москва;armoulebeauty.su , zoon.ru;55.794 37.610;beauty
Малина;;+7 (926) 839-04-05;ул. Сущёвский Вал, 67, Москва;;55.793 37.623;beauty
Эйфория, студия красоты;+7 (495) 656-23-21;+7 (904) 568-22-56, +7 (966) 010-20-05;Октябрьская ул., 69, Москва;euforia-salon.ru;55.794 37.612;beauty
Фиеста, салон красоты;+7 (495) 619-35-23;+7 (901) 539-20-93;Старомарьинское ш., 6, корп. 1, Москва;salon-fiesta.ru;55.803 37.613;beauty
Салон красоты;+7 (495) 618-85-69;+7 (968) 435-58-58;Шереметьевская ул., 37, корп. 1, Москва;;55.807 37.615;beauty
4 Hands;;+7 (936) 000-55-05;Шереметьевская ул., 6, корп. 1, Москва;4hands.ru;55.795 37.617;beauty
Марафет, студия стиля;+7 (495) 684-88-88;+7 (939) 555-16-30;2-я ул. Марьиной Рощи, 14, Москва;studio-marafet.ru;55.797 37.619;beauty
Леди х, салон красоты;+7 (495) 631-04-68;+7 (916) 302-11-14;2-я ул. Марьиной Рощи, 10/14, Москва;salon-ladyx.ru;55.795 37.619;beauty
Glukoza, салон эпиляции;+7 (499) 350-63-14, +7 (499) 495-17-84;;просп. Мира, 95, стр. 1, Москва;glukoza.su;55.808 37.636;beauty
4 Hands;;+7 (916) 542-85-51;просп. Мира, 95, стр. 1, Москва;4hands.ru;55.808 37.636;beauty
Мицар, салон красоты;+7 (495) 687-62-25;+7 (978) 994-53-54, +7 (915) 281-03-01, +7 (910) 455-79-45, +7 (991) 126-44-65;просп. Мира, 108, Москва;salon-mitsar.ru , flyboardpro.ru;55.804 37.638;beauty
Пальчики, ногтевая студия;+7 (499) 519-01-44;+7 (903) 195-31-48;просп. Мира, 99, Москва;palchiki.com;55.811 37.637;beauty
Praktika beauty, лаборатория красоты;;+7 (962) 944-40-47;просп. Мира, 102, стр. 30, Москва;praktika-beauty.ru;55.800 37.638;beauty
Амплуа, салон красоты;;+7 (926) 014-20-10, +7 (925) 062-43-53;просп. Мира, 110/2, Москва;seeyour.info;55.805 37.639;beauty
Бьянка люкс;+7 (495) 687-71-94;+7 (968) 560-77-33;Новоалексеевская ул., 2/110, Москва;bianca-kudri.ru;55.806 37.639;beauty
Санрэйн, салон красоты;+7 (495) 745-80-09, +7 (495) 745-57-45;+7 (926) 947-26-24;Зубарев пер., 15, корп. 1, Москва;sunrain-salon.ru;55.811 37.642;beauty
Система Аксиом;+7 (495) 132-35-07;+7 (985) 294-02-57;Маломосковская ул., 22, стр. 1, Москва;akciomasystem.ru;55.812 37.653;beauty
Эффект стайлс;+7 (495) 686-24-16, +7 (495) 683-33-35;;1-й Рижский пер., 1/2, Москва;effekt-style.ru , vopros2org.ru , effekt-style.tt34.ru;55.811 37.656;beauty
Пальчики, ногтевая студия;+7 (499) 500-34-34;+7 (968) 424-43-42;Преображенская ул., 2, корп. 1, Москва;palchiki.com;55.795 37.708;beauty
Золотое яблоко, центр красоты и здоровья;+7 (495) 120-87-78, +7 (499) 785-63-71, +7 (499) 785-63-72;+7 (926) 785-63-71, +7 (904) 567-45-86;Преображенская площадь, 6, Москва;zolotoe-yabloko.ru;55.794 37.710;beauty
Life beauty & spa, студия;;+7 (969) 008-88-78;Краснобогатырская ул., 90, стр. 2, Москва;clck.ru;55.801 37.709;beauty
Clips tips, салон красоты;+7 (499) 490-00-00, +7 (499) 938-42-93;;Краснобогатырская ул., 90, стр. 1, Москва;clipstips.ru;55.799 37.711;beauty
4 Hands;;+7 (915) 105-62-27, +7 (916) 105-62-27;Большая Черкизовская ул., 3, корп. 2, Москва;4hands.me , 4hands.ru;55.798 37.717;beauty
Массаж SPA;;+7 (901) 401-26-63, +7 (977) 414-76-56;Большая Черкизовская ул., 3, корп. 2, Москва;n637829.yclients.com;55.798 37.717;beauty
Династия, центр красоты;+7 (499) 161-52-21, +7 (499) 161-00-88;+7 (916) 120-64-65, +7 (916) 930-36-83;Большая Черкизовская ул., 6, Москва;salon-dynasty.ru;55.796 37.720;beauty
Лилия-Арт, салон красоты;+7 (499) 162-10-14;+7 (977) 100-00-14;Халтуринская ул., 19, Москва;lilia-art.ru;55.805 37.725;beauty
Салон красоты ЭмТи;+7 (499) 162-15-32;+7 (926) 383-08-01;ул. Хромова, 7/1к1, Москва;emti-salon.ru , zoon.ru;55.801 37.720;beauty
Империя Цвета, центр красоты;+7 (495) 964-14-48;+7 (903) 755-14-48, +7 (903) 743-14-48;Большая Черкизовская ул., 5, корп. 1, Москва;imcolor.ru;55.797 37.721;beauty
Мирадор, салон красоты;+7 (495) 589-95-72, +7 (499) 168-20-41;;Открытое ш., 2, корп. 12, Москва;miradorspa.ru;55.807 37.727;beauty
Салон красоты;;+7 (901) 521-65-11, +7 (968) 485-73-70;Большая Черкизовская ул., 26, корп. 5, Москва;cheap-price.ru;55.796 37.738;beauty
A. Beauty;;+7 (977) 732-75-36;Амурская ул., 1А, корп. 1, Москва;;55.808 37.758;beauty
Армас;;+7 (901) 331-11-01;Измайловский пр., 5А, Москва;armasbarbershop.ru;55.796 37.765;beauty
Папа, мама, я, салон-парикмахерская;+7 (499) 165-01-11;;Измайловская площадь, 8, Москва;;55.794 37.776;beauty
Натаниэль, центр красоты и здоровья;;+7 (904) 568-19-07;3-я Парковая ул., 61, Москва;salonnataniel.ru;55.807 37.781;beauty
Нейл Профи, салон экспресс-маникюра;+7 (284) 977-72-47;+7 (999) 910-58-90;3-я Парковая ул., 24, Москва;izm-nail.ru;55.795 37.783;beauty
Пальчики, ногтевая студия;;+7 (903) 795-53-53;Первомайская ул., 42, Москва;palchiki.com;55.792 37.786;beauty
Александр Тодчук Studio, Филиал в Измайлово;+7 (495) 150-27-86;;Первомайская ул., 42, Москва;todchuk.ru;55.792 37.788;beauty
Дарья, салон красоты;+7 (495) 290-35-05;+7 (915) 335-43-48, +7 (916) 214-50-72;5-я Парковая ул., 46, Москва;daria5park.ru;55.800 37.788;beauty
My Place;;+7 (926) 209-53-66, +7 (904) 568-23-72, +7 (904) 568-23-74, +7 (926) 908-80-76;Измайловский бул., 11/31, Москва;myplace-beautycoffee-bar.ru , b624356.yclients.com;55.797 37.787;beauty
Green Lime;+7 (499) 367-66-81, +7 (499) 367-66-18;+7 (916) 726-45-36;Первомайская ул., 51/23, Москва;greenlime.ru;55.793 37.791;beauty
Салон красоты;+7 (499) 748-20-72;+7 (926) 607-28-47;Сиреневый бул., 21, Москва;nic.ru , multisalon.ru;55.803 37.791;beauty
Салон красоты Хорошая парикмахерская;;+7 (966) 095-00-30, +7 (904) 567-59-13, +7 (904) 567-59-11;Первомайская ул., 69, Москва;zoon.ru , horoshaya-salon.ru;55.793 37.797;beauty
Стайл;+7 (495) 465-18-16, +7 (495) 465-34-30;;Верхняя Первомайская ул., 36, Москва;salonkrasotu.ru;55.799 37.798;beauty
Африка, студия красоты;+7 (495) 972-59-56, +7 (495) 133-60-25, +7 (495) 746-59-56;;Первомайская ул., 89, Москва;afrika-salon.ru;55.794 37.805;beauty
Mако, салон красоты;;+7 (929) 989-70-20;10-я Парковая ул., 17, Москва;zoon.ru , n455786.yclients.com , mako-salon.ru;55.799 37.802;beauty
На 11-ой;+7 (495) 465-46-98;;11-я Парковая ул., 14, Москва;;55.792 37.806;beauty
Магдалина, салон красоты;+7 (495) 468-05-34;+7 (968) 948-05-34, +7 (999) 444-70-51;15-я Парковая ул., 54, Москва;smagdalina.ru;55.810 37.817;beauty
Классика, салон красоты и здоровья;+7 (495) 465-09-25, +7 (495) 465-01-06;+7 (916) 536-97-99;Измайловский бул., 67, корп. 1, Москва;классика-стиль.рф;55.797 37.815;beauty
Махаон;;+7 (901) 712-21-01;Щёлковское ш., 82, корп. 1, Москва, Россия;;55.811 37.816;beauty
Леал-люкс;+7 (495) 410-34-37;+7 (985) 410-34-37;16-я Парковая ул., 27, Москва;leluks.ru;55.801 37.829;beauty
Ажур, салон красоты;+7 (495) 544-23-61;+7 (938) 879-10-46, +7 (916) 835-73-31, +7 (917) 546-20-00;ул. Рословка, 4, Москва;ajour-salon.ru;55.831 37.358;beauty
Вдохновение;+7 (495) 750-49-16;+7 (965) 169-22-72;ул. Исаковского, 6, корп. 1, Москва;salon-vdohnovenie.ru;55.818 37.402;beauty
Сдм-Фитнес, фитнес-клуб;+7 (495) 780-35-65;;Волоколамское ш., 73, Москва;sdm-fitnes.ru;55.824 37.429;beauty
Пальчики;+7 (495) 223-71-72;;Волоколамское ш., 71, корп. 4, Москва;palchiki.com;55.817 37.432;beauty
Borodach, барбершоп;;+7 (977) 133-00-10;пр. Стратонавтов, 11, корп. 1, Москва;borodach.com , tushinskaja.borodach.com;55.827 37.436;beauty
Маникюрные принадлежности;;+7 (906) 713-93-63;Тушинская ул., 17, Москва;prazdnik-tc.ru;55.827 37.445;beauty
Enjoy Beauty Studio, студия красоты;;+7 (965) 104-42-38;Вишнёвая ул., 9, корп. 1, Москва;yclients.com , n18834.yclients.com;55.831 37.446;beauty
Миостиль;+7 (495) 411-49-00;+7 (903) 293-87-15;Тушинская ул., 12, Москва;mio-style.ru;55.827 37.448;beauty
Соседка, салон красоты;+7 (495) 490-66-13;+7 (926) 902-43-66;Большая Набережная ул., 1, Москва;salonsosedka.ru , sosedka.ucoz.ru;55.823 37.453;beauty
Кудряшка Сью, салон красоты;+7 (495) 491-55-41;+7 (916) 207-67-98, +7 (910) 470-83-25;ул. Свободы, 14, Москва;kudryashka-syu.ru , curly-sue.ru;55.831 37.454;beauty
Lime, салон красоты;;+7 (903) 202-66-99, +7 (904) 567-48-15, +7 (926) 332-04-20;Ленинградское ш., 15, Москва;lime-salon.ru;55.820 37.494;beauty
Дом красоты Runway Beauty;+7 (495) 108-57-43, +7 (495) 677-98-88;;Ленинградское ш., 16А, Москва;rwbeauty.ru;55.824 37.496;beauty
Face fit, студия лифтинг-массажа лица;;+7 (901) 256-64-95;Ленинградское ш., 16А, стр. 1, Москва;myfacefit.ru;55.822 37.498;beauty
Оазис, салон красоты;+7 (495) 725-12-00;+7 (903) 725-12-00, +7 (962) 971-44-00;4-й Новоподмосковный пер., 4, Москва;salonoazis.ru , salonoazis.jimdo.com;55.822 37.503;beauty
Пальчики, ногтевая студия;+7 (499) 969-84-64;;Ленинградское ш., 8, корп. 2, Москва;palchiki.com;55.817 37.500;beauty
Прана, центр йоги;+7 (495) 721-23-02, +7 (495) 617-02-04, +7 (495) 617-02-03, +7 (812) 570-74-87;+7 (977) 442-03-34, +7 (968) 413-68-87, +7 (977) 974-20-39, +7 (911) 838-31-14;Старопетровский пр., 1, стр. 2, Москва;4yoga.ru , pranayogany.ru , pranayoga.ru;55.824 37.500;beauty
Студия красоты Марины Леоновой;+7 (499) 333-32-36;+7 (905) 518-39-97, +7 (965) 144-65-75;Нарвская ул., 1А, корп. 2, Москва;;55.830 37.502;beauty
V, салон красоты;+7 (499) 159-05-68;+7 (965) 110-13-12;2-й Новоподмосковный пер., 8, Москва;salon-v.ru;55.819 37.510;beauty
Салон красоты;;+7 (903) 130-39-55;ул. Зои и Александра Космодемьянских, 7, корп. 1, Москва;vksalon.ru;55.821 37.508;beauty
Цех, завод красоты;+7 (495) 409-11-11;;6-й Новоподмосковный пер., 10, Москва;zk-tseh.ru;55.824 37.513;beauty
Семейный, салон красоты;+7 (499) 156-17-57, +7 (499) 156-17-56;+7 (904) 567-68-22, +7 (929) 901-33-15, +7 (926) 156-17-08;ул. Клары Цеткин, 29, Москва;ikstrim.ru;55.825 37.515;beauty
Дарья, студия красоты;+7 (499) 156-14-26;+7 (999) 866-14-26;Большая Академическая ул., 6, корп. 1, Москва;darja-bolshaja-akademicheskaja-ulitsa.clients.site , dariasalon.ru , dariaskv.ru;55.818 37.524;beauty
Нестэль, салон красоты;+7 (495) 708-61-61, +7 (495) 708-22-33;+7 (963) 648-00-04;Большая Академическая ул., 15, корп. 1, Москва;salon-nestel.ru;55.823 37.527;beauty
Академия красоты, салон;+7 (499) 755-84-62, +7 (496) 415-09-00;+7 (915) 210-71-17, +7 (926) 941-70-97;Тимирязевская ул., 16, Москва;akademy-of-beauty.ru;55.814 37.566;beauty
Шарм, салон красоты;+7 (495) 506-01-96, +7 (495) 611-36-66;+7 (916) 654-76-66;Тимирязевская ул., 10/12, Москва;sharmstudiya.ru;55.813 37.568;beauty
Маникюр - педикюр;+7 (499) 976-11-44, +7 (499) 976-60-31;+7 (967) 026-15-18, +7 (967) 087-30-25;Дмитровское ш., 39, корп. 1, Москва;nails.studio39.ru;55.831 37.569;beauty
Sugar oks nails;;+7 (967) 036-58-64;Дмитровское ш., 27, корп. 1, Москва;;55.826 37.571;beauty
Премьер Эстетик, клиника эстетической медицины;+7 (495) 120-14-82;;Дмитровское ш., 13, Москва;premierclinica.ru;55.817 37.572;beauty
На Дмитровском, салон красоты;+7 (499) 977-69-11, +7 (499) 977-78-81;+7 (915) 357-43-11;Дмитровское ш., 29, корп. 1, Москва;s-nadmitrovskom.ru;55.829 37.572;beauty
Метаморфози, центр красоты;+7 (495) 150-77-17, +7 (499) 110-32-60;;Дмитровское ш., 13А, Москва;meta-morfozi.ru , метаморфози.рф;55.819 37.574;beauty
Салон красоты Любови Сердцевой;+7 (499) 490-46-15;+7 (903) 245-51-25, +7 (926) 919-70-35;ул. Яблочкова, 21А, Москва;profsalon.org , maxspa.ru;55.819 37.578;beauty
Комильфо, салон красоты;;+7 (903) 792-43-10, +7 (929) 904-11-80, +7 (903) 109-64-54;ул. Милашенкова, 12Б, Москва;komilfo.business.site;55.828 37.584;beauty
Бриз, салон красоты;;+7 (977) 863-82-00;ул. Фонвизина, 7, Москва;salonbriz.taplink.ws , tilda.cc , salon-briz.ru;55.820 37.584;beauty
Примавера, салон красоты;+7 (495) 618-20-95;+7 (977) 172-96-50;ул. Академика Комарова, 6, Москва;salonprimavera.ru;55.831 37.592;beauty
Салон красоты и барбершоп Стиль Арт;;+7 (901) 469-45-12;ул. Руставели, 13/12к1, Москва;stilartsalon.ru;55.813 37.595;beauty
Арианна;+7 (495) 618-41-12;+7 (977) 689-59-14;ул. Руставели, 13/12к1, Москва;parik1.ru;55.813 37.595;beauty
Фламинго, салон красоты;+7 (499) 239-13-37;+7 (965) 374-71-13;ул. Академика Комарова, 3, корп. 2, Москва;flamingo.msk.ru;55.828 37.595;beauty
Worldorganic;;+7 (952) 776-69-06, +7 (903) 776-82-09;ул. Руставели, 19, Москва;worldorganic.ru;55.815 37.599;beauty
Lounge, студия красоты;+7 (495) 215-11-13;+7 (926) 116-24-89;Ботаническая ул., 19, корп. 1, Москва;salon-lounge.ru;55.828 37.600;beauty
Лаунж;;+7 (915) 467-80-57;Ботаническая ул., 19, корп. 1, Москва;salon-lounge.ru;55.828 37.600;beauty
Миндаль, салон красоты;;+7 (901) 746-11-61;Огородный пр., 16, стр. 17, Москва;mindal-butyrskaya.tilda.ws;55.815 37.601;beauty
Borodach, барбершоп;+7 (495) 297-10-20;;1-я Останкинская ул., 23, Москва;borodach.com , ostankino.borodach.com , n244151.yclients.com;55.824 37.622;beauty
Хэир Директ, салон красоты;+7 (499) 904-15-11;+7 (906) 086-32-96;Хованская ул., 6, Москва;ecosystemstudio.ru;55.827 37.623;beauty
Орлана-XXI;+7 (495) 682-28-35;+7 (925) 055-09-85;ул. Академика Королёва, 5, Москва;orlana21.ru;55.821 37.628;beauty
Русь;;+7 (906) 755-65-85;ул. Цандера, 7, корп. 2А, Москва;;55.818 37.630;beauty
Студия красоты;+7 (495) 637-91-50;+7 (904) 567-39-82, +7 (909) 905-25-87;1-я Останкинская ул., 53, Москва;salon-krasoty-na-metro-vdnh.ru;55.824 37.632;beauty
Юлия;;+7 (903) 707-32-52;просп. Мира, 122, Москва;;55.813 37.639;beauty
La mela, салон красоты;+7 (499) 750-22-42;+7 (967) 001-06-50;просп. Мира, 124, корп. 12, Москва;la-mela.ru;55.815 37.640;beauty
Веста;;+7 (903) 575-37-36;просп. Мира, 150, Москва;pricheskavesta.ru;55.822 37.647;beauty
Студия лазерной эпиляции KrasotkaEpil;;+7 (995) 506-34-64;просп. Мира, 150, Москва;krasotkaepil.ru;55.822 37.647;beauty
Фукко, салон красоты;+7 (499) 750-23-57, +7 (495) 617-67-91;+7 (985) 267-39-20, +7 (985) 231-68-28;Ярославская ул., 8, корп. 4, Москва;salon-fukko.ru;55.817 37.648;beauty
Нарцисс;+7 (499) 325-44-36;;ул. Бориса Галушкина, 3, корп. 1, Москва;salonnarciss.ru;55.826 37.651;beauty
Азалия, салон красоты;;+7 (925) 220-33-72, +7 (926) 095-83-13;ул. Космонавтов, 9, Москва;azaliasalon.ru;55.822 37.657;beauty
Каролина;;+7 (925) 825-03-45;ул. Бориса Галушкина, 18, Москва;karo-lina.ru;55.822 37.656;beauty
Healthy Looks, студия красоты;+7 (495) 755-33-15;+7 (903) 755-33-15;Погонный пр., 3А, корп. 6, Москва;healthylooks.ru;55.820 37.702;beauty
Лос Айленд;+7 (495) 151-86-88;+7 (977) 641-89-69;Погонный пр., 3А, корп. 4, Москва;losisland.ru;55.821 37.703;beauty
Мирадор, салон красоты;+7 (495) 228-87-02;;Детская ул., 19, Москва;miradorspa.ru;55.813 37.717;beauty
Симпатия, салон красоты;+7 (495) 134-22-31;+7 (929) 522-34-39;Открытое ш., 23, корп. 4, Москва;sksimpatya.ru , simpatya.com;55.825 37.751;beauty
Салон красоты на Уральской улице;+7 (499) 990-12-23;+7 (925) 898-17-93;Уральская ул., 6, корп. 1, Москва;salon-krasoty-na-uralskoj-ulitse-6-k-1.ru;55.815 37.799;beauty
Красота. Москва;+7 (499) 380-80-12;;Уральская ул., 6, корп. 1, Москва;красота.москва;55.814 37.799;beauty
Имидж, салон красоты;+7 (495) 469-07-60;;Алтайская ул., 4, Москва;;55.819 37.803;beauty
LInail Academy, студия маникюра;;+7 (926) 308-99-98;Курганская ул., 3, Москва;masters-app.ru;55.829 37.810;beauty
ИП Острецова Н. М.;;+7 (906) 051-46-03;Уральская ул., 23, корп. 3, Москва;golyanovo-salon.ru;55.825 37.804;beauty
Мила, парикмахерская;;+7 (968) 546-33-88, +7 (905) 543-71-45;Алтайская ул., 33/7, Москва;beauty-salon-25186.business.site;55.821 37.833;beauty
Ренишаль;+7 (495) 794-08-58;+7 (985) 425-93-62;3-й Митинский пер., 7, Москва;renishal.ru;55.846 37.347;beauty
Paul Mitchell, специализированный салон красоты;+7 (495) 759-88-00;+7 (926) 281-89-80;ул. Барышиха, 19, Москва;;55.844 37.349;beauty
Чио чио, японская экспресс-парикмахерская;;+7 (925) 937-42-45, +7 (950) 717-00-99;Митинская ул., 39, Москва;kazan.chio-chio.ru , chio-chio.ru;55.849 37.354;beauty
Люкс;;+7 (916) 301-94-48;Митинская ул., 43, Москва;;55.850 37.353;beauty
Жениаль;+7 (495) 759-65-00;;ул. Генерала Белобородова, 9, Москва;jenial.ru;55.837 37.354;beauty
Ваш стиль, салoн красоты;+7 (495) 752-11-60, +7 (495) 752-30-11, +7 (495) 944-09-09, +7 (495) 754-00-00;;ул. Генерала Белобородова, 16, корп. 1, Москва;vashstile.ru;55.835 37.356;beauty
Салон-парикмахерская Город;;+7 (939) 555-34-68;Дубравная ул., 36, Москва;zoon.ru , gorod-salon.ru;55.846 37.357;beauty
Пальчики, ногтевая студия;+7 (495) 133-16-93;;Митинская ул., 44, Москва;palchiki.com;55.848 37.357;beauty
Идеал, салон красоты;+7 (495) 752-46-87;+7 (967) 234-74-00;Пятницкое ш., 31, Москва;idealmitino.ru;55.852 37.363;beauty
Парикмахерская-24 часа;+7 (495) 754-04-04;+7 (985) 915-04-04;Митинская ул., 31, Москва;parikmaher-24.ru;55.847 37.357;beauty
Just beauty studio, салон красоты;+7 (495) 786-30-15;;Пятницкое ш., 29, корп. 5, Москва;jb-studio.ru;55.851 37.359;beauty
Салон красоты;+7 (495) 754-47-01;;Дубравная ул., 41, корп. 2, Москва;sk300.skrst.ru;55.842 37.359;beauty
Персона, имидж-лаборатория;+7 (495) 751-39-36;+7 (903) 241-09-64;Митинская ул., 36, корп. 2, Москва;kovcheg.persona.ru;55.847 37.362;beauty
Лилия, салон красоты;+7 (495) 751-51-01, +7 (495) 922-91-80;+7 (985) 922-91-80;Пятницкое ш., 27, корп. 1, Москва;;55.849 37.363;beauty
Benny J.A.Y, салон красоты;;+7 (925) 162-00-74;Митинская ул., 28, Москва;;55.845 37.367;beauty
Ласточка, модный салон;;+7 (925) 219-98-12;Пятницкое ш., 21, Москва;ms-lastochka.ru;55.847 37.371;beauty
Модерн;;+7 (977) 300-90-08;Митинская ул., 17, Москва;;55.842 37.368;beauty
Ай Бьюти;;+7 (910) 425-99-51;Митинская ул., 26, Москва;widget.sonline.su;55.843 37.370;beauty
Меланж;+7 (495) 642-27-51;;Митинская ул., 28, корп. 3, Москва;melangemitino.tilda.ws;55.846 37.371;beauty
Мой Ангел;+7 (495) 922-55-08;;Митинская ул., 28, корп. 5, Москва;;55.844 37.371;beauty
Атмосфера, салон-студия красоты;+7 (495) 744-68-74;+7 (916) 001-70-10;Митинская ул., 10, Москва;allmitino.ru;55.840 37.378;beauty
Лето, студия красоты;;+7 (977) 586-56-46;Пятницкое ш., 15, Москва;n478008.yclients.com , studio-leto-mitino.clients.site;55.842 37.379;beauty
Сова;;+7 (903) 766-11-02;Митинская ул., 28, корп. 3, Москва;sovasalon.ru;55.846 37.372;beauty
Верона;+7 (495) 754-00-96, +7 (495) 794-39-31;;Митинская ул., 28, корп. 4, Москва;verona-beauty.ru;55.845 37.373;beauty
Остров красоты Симада, салон красоты;+7 (495) 877-37-23, +7 (495) 759-66-66, +7 (495) 947-77-87, +7 (495) 925-12-11;+7 (977) 347-77-87;Пятницкое ш., 9, Москва;simada.ru , mitino.simada.ru;55.840 37.385;beauty
Wella, салон красоты;+7 (499) 493-41-35;+7 (963) 659-86-26;бул. Яна Райниса, 41, Москва;wellacity.ru;55.850 37.411;beauty
Ашера, центр красоты;+7 (495) 949-91-38;+7 (915) 240-78-40, +7 (904) 567-51-44;бул. Яна Райниса, 14, корп. 1, Москва;ashera.moscow;55.849 37.420;beauty
Пчёлка, парикмахерская;+7 (499) 729-51-19;+7 (906) 032-50-91;Нелидовская ул., 18, Москва;салонпчелка.рф;55.847 37.437;beauty
Арианна, салон красоты;+7 (499) 740-76-76;;Сходненская ул., 37, Москва;parik1.ru;55.849 37.439;beauty
Милена;;+7 (985) 163-32-44;Сходненская ул., 44/17, Москва;;55.846 37.440;beauty
Центр Косметологии;;+7 (985) 233-44-95, +7 (926) 144-65-44;Нелидовская ул., 17/44, Москва;electro.epilasion.ru;55.846 37.440;beauty
Седьмое небо;;+7 (905) 560-67-67;Новопоселковая ул., 6, корп. 217, Москва;;55.838 37.442;beauty
Салон Красоты на Вишнёвой 13;+7 (495) 491-11-11;;Вишнёвая ул., 13, Москва;4911111.ru;55.835 37.447;beauty
Эл. Эн. Beauty Club, салон красоты;+7 (495) 150-20-61, +7 (499) 938-92-66;;Химкинский бул., 21, Москва;beauty-elen.ru;55.849 37.443;beauty
Ариэль, салон красоты;;+7 (995) 655-11-00;Химкинский бул., 19, корп. 3, Москва;;55.850 37.445;beauty
Жантиль, дом красоты;;+7 (905) 575-09-10;Химкинский бул., 17, Москва;gantil.ru;55.850 37.447;beauty
BRITVA, барбершоп;;+7 (995) 099-50-09;ул. Свободы, 23, Москва;tushinskaya.britvabarber.ru , britvabarber.ru;55.834 37.453;beauty
Студия Свободы;;+7 (904) 567-76-64;ул. Свободы, 39, стр. 1, Москва;zoon.ru , svobody-salon.ru;55.841 37.455;beauty
Салон красоты Nicole;+7 (495) 766-74-95;;Головинское ш., 1А, Москва;salonnicole.ru , nicole-salon.ru;55.840 37.488;beauty
Маргарита;;+7 (909) 986-00-99;Пулковская ул., 4, корп. 1, Москва;;55.844 37.485;beauty
ЛАРИАЛ, студия маникюра и педикюра;;+7 (925) 532-69-64;Головинское ш., 4, Москва;ns353.salonkr.ru , larial.ru;55.839 37.490;beauty
8 Красок, студия маникюра;;+7 (905) 733-52-83, +7 (905) 555-50-19;Кронштадтский бул., 7, Москва;;55.841 37.487;beauty
Феи красоты, косметический салон;;+7 (965) 236-46-46;ул. Адмирала Макарова, 37, корп. 1, Москва;salon-krasoty-vodniy-stadion.ru;55.837 37.488;beauty
Else style, салон красоты;+7 (495) 152-81-74;;ул. Адмирала Макарова, 6, стр. 13, Москва;elsestyle.ru;55.836 37.490;beauty
OldBoy Barbershop;;+7 (926) 266-88-22;Головинское ш., 7, Москва;oldboybarbershop.com;55.840 37.493;beauty
Фридом Водный;;+7 (977) 529-68-08, +7 (985) 385-99-42, +7 (926) 819-67-04;Головинское ш., 10Б, Москва;freedom-bcw.ru;55.836 37.497;beauty
А.Y. Style, салон красоты;;+7 (963) 684-46-65;Смольная ул., 5, Москва;aystyle.com.ru;55.846 37.498;beauty
Образ, салон красоты;;+7 (985) 305-41-45;Кронштадтский бул., 37Б, стр. 3, Москва;easyweek.ru , eyw.me;55.848 37.506;beauty
Персона lab, салон красоты;+7 (495) 846-76-47;+7 (904) 568-18-32;Кронштадтский бул., 47, Москва;persona-vodniy.ru , vodniy.persona.ru;55.852 37.511;beauty
Chic&charme, салон красоты;+7 (495) 669-94-77;+7 (930) 944-77-26;Соболевский пр., 22, стр. 1, Москва;;55.834 37.523;beauty
Гармония, салон;+7 (499) 154-60-31;+7 (906) 077-79-69;3-й Михалковский пер., 15, корп. 1, Москва;garmoniya-beauty.ru , zoon.ru;55.835 37.526;beauty
Грация, салон красоты;;+7 (906) 018-60-60;3-й Михалковский пер., 15, корп. 1, Москва;salon-gracia.tilda.ws , gracia-salon.ru;55.835 37.526;beauty
Твой стиль, салон-парикмахерская;+7 (495) 708-81-45;;Михалковская ул., 26, корп. 1, Москва;salon-yourstyle.ru;55.840 37.528;beauty
Философия совершенства, центр красоты и здоровья;+7 (499) 250-37-67, +7 (499) 153-00-03, +7 (495) 318-00-11, +7 (499) 577-02-66, +7 (499) 110-80-36;+7 (966) 050-15-54;бул. Матроса Железняка, 31, корп. 1, Москва;filsov.ru;55.837 37.530;beauty
Borodach, барбершоп;;+7 (915) 067-55-39;бул. Матроса Железняка, 33, корп. 1, Москва;borodach.com , koptevo.borodach.com;55.837 37.531;beauty
ЕВ.РО, салон красоты;+7 (495) 708-80-90, +7 (495) 708-80-96;;Большая Академическая ул., 49, корп. 1, Москва;salon-evro.com;55.836 37.537;beauty
Мика, салон красоты;;+7 (968) 988-14-82, +7 (905) 785-20-20;Михалковская ул., 4, Москва;mika-mihalkovskaja-ulitsa.clients.site;55.837 37.538;beauty
Город, салон-парикмахерская;+7 (495) 374-72-93, +7 (499) 154-24-25;+7 (929) 641-05-72;Михалковская ул., 2, Москва;;55.837 37.539;beauty
Элетто;;+7 (977) 766-62-56;Дмитровское ш., 46, корп. 1, Москва;parikmakherskaya-na-dmitrovke.ru;55.844 37.570;beauty
Бьюти СА, салон красоты;;+7 (968) 642-77-33;Нововладыкинский пр., 1, корп. 4, Москва;beauty-sa.ru;55.851 37.575;beauty
Borodach, барбершоп;+7 (499) 430-03-10;;Нововладыкинский пр., 1, корп. 2, Москва;vladikino.borodach.com , borodach.com;55.851 37.579;beauty
BRITVA, барбершоп;;+7 (901) 722-94-92;Лазоревый пр., 1, Москва;botanicheskiy-sad.britvabarber.ru , britvabarber.ru;55.848 37.639;beauty
Nuel, центр красоты;+7 (495) 369-39-39;+7 (929) 585-33-33;Лазоревый пр., 5, корп. 1, Москва;nuel.ru;55.848 37.635;beauty
Пальчики, ногтевая студия;;+7 (903) 592-00-77;Лазоревый пр., 5, корп. 4, Москва;palchiki.com;55.848 37.637;beauty
White crystal, студия красоты;;+7 (925) 521-02-04;Сельскохозяйственная ул., 16, корп. 1, Москва;white-crystal.ru;55.837 37.644;beauty
Салон красоты;;+7 (916) 987-40-22;ул. Докукина, 8, корп. 1, Москва;наращивание-ногтей.рус;55.838 37.655;beauty
Стиль жизни by Dominika;+7 (499) 750-21-11;+7 (915) 328-08-05;просп. Мира, 188Б, корп. 1, Москва;dn-style.ru;55.835 37.658;beauty
Эвелин, салон красоты;+7 (499) 187-10-66;+7 (916) 748-40-05, +7 (926) 659-38-27;Ростокинская ул., 1, Москва;s-evelin.ru;55.836 37.659;beauty
The whites, студия красоты;+7 (495) 191-85-13, +7 (495) 134-01-01;+7 (916) 495-37-38;ул. Бажова, 8, Москва;whites.club;55.834 37.663;beauty
Галатея, салон красоты;;+7 (926) 907-67-57;Будайский пр., 1, Москва;goo.gl;55.835 37.665;beauty
Вуаля, салон красоты;+7 (495) 602-89-38, +7 (499) 394-57-87, +7 (499) 391-48-88, +7 (499) 187-01-51, +7 (499) 187-24-74;;Будайский пр., 7, корп. 1, Москва;salonvualya.ru;55.836 37.667;beauty
Семья, центр раннего развития;+7 (495) 759-55-51, +7 (495) 754-78-78;+7 (977) 767-55-51;Ангелов пер., 8, Москва;club7ya.ru;55.854 37.346;beauty
Domino, салон красоты;+7 (495) 752-36-93;+7 (977) 143-31-22;ул. Барышиха, 44, корп. 1, Москва;;55.857 37.344;beauty
Ксения, салон красоты;+7 (495) 944-21-20, +7 (495) 754-22-02, +7 (495) 754-30-04, +7 (495) 944-35-11;;Пятницкое ш., 36, корп. 1, Москва;salon-ksenia.ru;55.855 37.363;beauty
Лилия, салон красоты;+7 (498) 303-16-74, +7 (495) 480-02-52, +7 (495) 949-83-96, +7 (499) 902-39-89;+7 (926) 434-44-51, +7 (926) 176-38-58, +7 (926) 244-12-92, +7 (916) 016-53-63;Центральная ул., 19, Северо-Западный административный округ, район Митино, посёлок Новобратцевский, Москва;liliyasalon.ru;55.852 37.384;beauty
Радужная феерия, экспресс-кофейня;+7 (495) 161-77-27;+7 (926) 197-77-27;Муравская ул., 38, корп. 2, Москва;n642652.yclients.com;55.862 37.373;beauty
Линия Вита, салон красоты;+7 (499) 444-04-02, +7 (499) 938-41-66;+7 (906) 769-70-41;ул. Вилиса Лациса, 27, корп. 1, Москва;l-vita.ru;55.861 37.418;beauty
Ксения, салон красоты;+7 (495) 944-21-10;;Туристская ул., 27, корп. 1, Москва;salon-ksenia.ru , ksenias.ru;55.856 37.420;beauty
Фурор, салон красоты;+7 (499) 938-93-15, +7 (495) 128-27-89;+7 (906) 722-74-74;Туристская ул., 20, корп. 1, Москва;furor.salon;55.857 37.422;beauty
Loreal, салон красоты;+7 (495) 944-13-40;+7 (916) 587-70-20, +7 (904) 567-48-24;Планерная ул., 3, корп. 6, Москва;miss-luxi.ru;55.861 37.427;beauty
Респект, салон красоты;+7 (495) 695-55-70;+7 (903) 722-00-93;ул. Героев Панфиловцев, 13, корп. 3, Москва;salon-respect.ru;55.856 37.429;beauty
Любава, салон-парикмахерская;+7 (499) 762-28-07;;Туристская ул., 10, корп. 1, Москва;lubawa.ru;55.852 37.429;beauty
Laesto, салон красоты;+7 (495) 215-00-27;;ул. Вилиса Лациса, 3, корп. 1, Москва;laesto.ru;55.865 37.431;beauty
Триумф, салон красоты;+7 (812) 644-65-07, +7 (499) 713-24-22;+7 (901) 183-24-22;Планерная ул., 7, Москва;nickolspb.ru , salontriumph.ru , nickol.kz , nickol.ru;55.862 37.435;beauty
Био Стим;+7 (495) 409-88-55;;Химкинский бул., 14, корп. 2, Москва;biosteam.ru;55.853 37.446;beauty
N-Студия;;+7 (909) 956-40-09, +7 (985) 282-98-82;Ленинградское ш., 126, Москва;н-студия.рф;55.869 37.462;beauty
Анастасия, салон красоты;;+7 (985) 560-38-80;Ленинградское ш., 130, корп. 1, Москва;anastasiya-salon.ru;55.870 37.463;beauty
OldBoy Barbershop;;+7 (985) 577-97-80;Ленинградское ш., 120, корп. 3, Москва;oldboybarbershop.com;55.868 37.464;beauty
Восьмёрочка;;+7 (977) 155-91-98;Беломорская ул., 1, Москва;salon8.ru;55.864 37.469;beauty
Borodach, барбершоп;;+7 (977) 547-40-05;Фестивальная ул., 11, Москва;borodach.com , rechnoyvokzal.borodach.com;55.856 37.475;beauty
Пальчики, ногтевая студия;+7 (495) 204-17-47, +7 (495) 540-40-21;+7 (925) 737-25-57;Беломорская ул., 26, Москва;palchiki.com;55.865 37.476;beauty
Beauty Club, студия красоты;;+7 (915) 128-95-15, +7 (995) 100-84-10;Фестивальная ул., 2Б, Москва;manicure-club.ru;55.855 37.478;beauty
4 Hands;;+7 (916) 270-45-05;Беломорская ул., 16А, Москва;4hands.ru;55.863 37.471;beauty
Фламинго-99;+7 (499) 457-24-93;;Фестивальная ул., 13, корп. 3, Москва;flamingo-9977.moskvagid24.ru;55.857 37.475;beauty
Прим-бизнес, салон красоты;+7 (499) 457-93-61;;Смольная ул., 35, стр. 1, Москва;salonpb.ru;55.861 37.481;beauty
Салон-парикмахерская;+7 (495) 960-60-78;;ул. Дыбенко, 16, корп. 1, Москва;zoon.ru , salon-parikmaherskaja-ulitsa-dybenko.clients.site;55.871 37.485;beauty
Sova, салон красоты;+7 (495) 798-66-44, +7 (495) 648-31-18, +7 (495) 740-87-24, +7 (495) 707-87-30;+7 (925) 701-87-24, +7 (903) 556-75-75;ул. Лавочкина, 40/49, Москва;beautysova.ru;55.860 37.490;beauty
Стиль, салон красоты;+7 (495) 455-20-42;+7 (926) 881-06-74;Клинская ул., 12, Москва;sk41.skrst.ru , salonstil7.ru;55.869 37.496;beauty
Ирис, студия красоты;+7 (495) 571-12-87, +7 (499) 767-12-43, +7 (495) 793-95-25;+7 (977) 354-31-89, +7 (977) 454-80-11;Зеленоградская ул., 17, Москва;msk.salon-pricheska.ru , salon-pricheska.ru;55.871 37.501;beauty
Максим, салон-парикмахерская;;+7 (965) 240-93-94, +7 (905) 755-62-06;Флотская ул., 50, Москва;;55.854 37.502;beauty
Пчелка, салон-парикмахерская;+7 (495) 454-15-22;+7 (909) 988-47-30;Фестивальная ул., 28, стр. 1, Москва;abeille-salon.ru;55.861 37.503;beauty
Салон красоты Леди-М;+7 (495) 455-27-59, +7 (499) 688-91-55, +7 (495) 601-50-97;+7 (966) 666-46-32, +7 (977) 807-99-88;Петрозаводская ул., 11, корп. 1, Москва;lady-m.ru;55.866 37.494;beauty
Римские каникулы, салон красоты;;+7 (925) 042-51-13;Клинская ул., 10, корп. 1, Москва;zoon.ru;55.870 37.496;beauty
Формула красоты, салон-парикмахерская;+7 (495) 451-00-08;;Фестивальная ул., 63, корп. 3, Москва;formulafest.jimdo.com;55.863 37.497;beauty
Ваш стиль, салон-парикмахерская;+7 (499) 747-06-87;+7 (965) 347-09-32;Фестивальная ул., 22, корп. 1, Москва;vash-stil-centr.ru;55.860 37.500;beauty
Салон парикмахерская;;+7 (968) 522-76-79, +7 (977) 688-14-66;Фестивальная ул., 22, корп. 2, Москва;salon-parikmaherskaja-festivalnaja-ulitsa.clients.site;55.859 37.500;beauty
Олир-студио, салон красоты;+7 (495) 454-05-31;+7 (915) 453-37-80;Флотская ул., 13, корп. 3, стр. 1, Москва;olir.ru;55.856 37.503;beauty
Энигма, салон красоты;+7 (495) 456-14-26, +7 (495) 453-24-72;+7 (909) 969-09-69;Флотская ул., 27, Москва;salon-enigma.ru;55.862 37.515;beauty
Слава;+7 (495) 908-71-48, +7 (495) 476-44-02;;Кронштадтский бул., 47, Москва;slava-kronshtadtskij-bulvar.clients.site;55.852 37.512;beauty
Иноа;+7 (499) 213-03-06, +7 (499) 488-00-88;+7 (915) 388-38-38, +7 (916) 309-03-06;Коровинское ш., 3А, корп. 1, Москва;inoacentr.ru;55.867 37.541;beauty
Ок!;+7 (495) 220-14-01;;Селигерская ул., 26, корп. 1, Москва;ok2you.ru;55.869 37.550;beauty
Borodach, барбершоп;+7 (499) 673-42-41;;Селигерская ул., 26, корп. 1, Москва;borodach.com , salonborodach.ru , n101957.yclients.com , seligerskaja.borodach.com , beskudnikovo.salonborodach.ru;55.869 37.550;beauty
Briz De Mer, салон красоты;+7 (499) 767-46-10;+7 (966) 326-42-22;Дубнинская ул., 39, Москва;;55.868 37.563;beauty
ARTI, салон красоты;+7 (499) 488-46-70;+7 (903) 583-31-21;Бескудниковский бул., 21, корп. 2, Москва;artisalon.ru;55.867 37.557;beauty
Euphoria Beauty Studio, студия красоты;;+7 (901) 358-58-02, +7 (977) 439-01-05;Бескудниковский бул., 13, Москва;dikidi.net;55.864 37.559;beauty
Beverly Hills;;+7 (977) 352-98-77, +7 (926) 138-10-87;Дмитровское ш., 73, стр. 1, Москва;;55.857 37.559;beauty
Esd;+7 (495) 198-15-03;;Бескудниковский бул., 13, Москва;esdstudio.ru;55.864 37.559;beauty
Пальчики, ногтевая студия;;+7 (967) 202-63-53;Бескудниковский бул., 3, Москва;palchiki.com;55.859 37.561;beauty
Кармен, студия красоты;;+7 (965) 181-08-65;Алтуфьевское ш., 8, Москва;salon-karmen.ru;55.853 37.586;beauty
Эвелина, салон красоты;;+7 (926) 604-47-76;Алтуфьевское ш., 24, Москва;evelina77-4.moskvagid24.ru;55.862 37.586;beauty
Бьюти Спейс;;+7 (915) 352-66-22;Алтуфьевское ш., 18А, Москва;beautyspace.clients.site;55.858 37.585;beauty
Панорама, центр красоты и здоровья;+7 (499) 202-01-01;+7 (977) 959-70-94, +7 (967) 151-62-72;ул. Римского-Корсакова, 4, Москва;salonpanorama.ru;55.870 37.592;beauty
Нарцисс, салон красоты;+7 (499) 201-73-11;+7 (985) 492-58-15, +7 (903) 196-38-00;Каргопольская ул., 13, корп. 1, Москва;beauty-narciss.ru;55.864 37.592;beauty
Русак, барбершоп;;+7 (925) 686-30-83;Каргопольская ул., 18, стр. 1, Москва;rusakbarber.ru;55.864 37.594;beauty
Он и она, салон красоты;+7 (499) 904-10-57;+7 (926) 445-55-45, +7 (904) 568-32-51;ул. Санникова, 13, Москва;oniona-beauty.ru;55.862 37.599;beauty
Эмили, центр красоты;;+7 (985) 123-99-52, +7 (916) 261-04-92;ул. Санникова, 17, Москва;center-emili.ru;55.864 37.600;beauty
Лаурус, салон красоты;+7 (499) 907-01-66;+7 (903) 190-15-06;ул. Декабристов, 10, корп. 2, Москва;laurus-studio.ru;55.866 37.599;beauty
Пальчики, ногтевая студия;;+7 (903) 178-17-81;Северный бул., 2, Москва;palchiki.com;55.865 37.607;beauty
Ок!, центр красоты;;+7 (901) 256-78-20;ул. Бестужевых, 27А, Москва;ok2you.ru;55.870 37.613;beauty
Клео, салон красоты;+7 (499) 904-17-22;;Юрловский пр., 11, Москва;kleomsk.ru;55.867 37.624;beauty
Панорама;;+7 (915) 351-11-50;ул. Декабристов, 38, корп. 1, Москва;;55.860 37.617;beauty
Ногти Люкс;+7 (495) 516-40-48;+7 (916) 470-14-60;ул. Мусоргского, 3, Москва;nogtilux.ru;55.863 37.619;beauty
Грин лак, студия красоты;;+7 (977) 333-40-49;Олонецкая ул., 4, Москва;;55.853 37.621;beauty
Салон красоты The moment now;;+7 (915) 109-98-98;Сельскохозяйственная ул., 35, Москва;themomentnow.ru;55.853 37.625;beauty
Лотос, салон красоты;;+7 (966) 666-43-65, +7 (985) 501-04-92;пр. Дежнёва, 23, Москва;beautysalonlotos.clients.site;55.870 37.637;beauty
МАРЭ, салон красоты;;+7 (905) 542-62-32;Игарский пр., 8, Москва;salon-marais.ru;55.858 37.645;beauty
Цветение красоты, центр стилистики и косметологии;+7 (499) 661-76-61;+7 (963) 621-16-21;Заповедная ул., 18, корп. 2, Москва;cvk-salon.ru;55.868 37.639;beauty
Borodach, барбершоп;;+7 (925) 458-70-73;Снежная ул., 16, корп. 6, Москва;borodach.com , sviblovo.borodach.com;55.852 37.646;beauty
Натаниэль, центр красоты и здоровья;+7 (499) 181-74-05;+7 (904) 568-19-06;Снежная ул., 17, корп. 2, Москва;salonnataniel.ru;55.853 37.647;beauty
Кристина, салон красоты;+7 (495) 656-67-77;;Снежная ул., 17, корп. 2, Москва;kristina2012.ru;55.854 37.648;beauty
Свиблово;+7 (499) 181-76-86;+7 (968) 445-86-64;Снежная ул., 19, корп. 2, Москва;;55.854 37.649;beauty
Orange, салон красоты;+7 (495) 476-64-15, +7 (495) 151-89-33;+7 (967) 046-98-95;Снежная ул., 27, корп. 1, Москва;beauty-orange.ru;55.856 37.652;beauty
Ника, салон-парикмахерская;+7 (499) 189-23-30;+7 (905) 515-99-11, +7 (905) 750-70-20;Берингов пр., 3, Москва;;55.856 37.658;beauty
Каре, салон красоты;+7 (495) 799-51-11, +7 (499) 180-32-56;+7 (985) 413-33-11;ул. Менжинского, 23, корп. 1, Москва;salonbest1.ru;55.870 37.659;beauty
Е. В. А.;+7 (495) 471-97-17;+7 (962) 369-48-83;ул. Менжинского, 38, корп. 1, стр. 2, Москва;;55.871 37.661;beauty
La'rus;;+7 (985) 475-85-15;Енисейская ул., 15, Москва;la-rus.ru;55.867 37.662;beauty
Эвелина, салон красоты;;+7 (926) 603-97-57, +7 (985) 362-28-18;Радужная ул., 9, корп. 1, Москва;;55.859 37.667;beauty
Пространство красоты;;+7 (991) 702-11-21;ул. Лётчика Бабушкина, 32, корп. 3, Москва;prostranstvo-krasoty.tilda.ws;55.871 37.677;beauty
Fashion Sun, салон красоты;+7 (495) 627-63-27;+7 (925) 731-26-27;ул. Дудинка, 1, Москва;fashion-sun.ru;55.862 37.688;beauty
Аида, клиника медицинской косметологии;+7 (495) 415-82-85, +7 (495) 691-10-15, +7 (499) 188-10-89, +7 (499) 130-10-53, +7 (495) 691-22-54;+7 (925) 099-09-69, +7 (903) 130-10-53;Ярославское ш., 22, корп. 2, Москва;aidaclinic.ru , aida.ru , vdnh.aida.ru;55.856 37.685;beauty
AstraLux;+7 (499) 393-31-65;+7 (985) 778-20-88;ул. Дудинка, 3, Москва;astralux.clients.site;55.862 37.688;beauty
Лотос, салон красоты и тай-SPA;+7 (495) 913-41-41, +7 (495) 666-22-11, +7 (495) 913-41-21;+7 (985) 364-04-14, +7 (926) 266-22-11, +7 (985) 226-41-00;Ландышевая ул., 12, Москва;thai-lotos.ru;55.885 37.391;beauty
Misce. Da. Signa;;+7 (991) 955-20-80;Воротынская ул., 16, Москва;;55.890 37.391;beauty
Персона Куркино;+7 (495) 256-40-66, +7 (495) 118-41-74;+7 (977) 986-90-30;Новокуркинское ш., 1, Москва;personalabkurkino.ru;55.885 37.408;beauty
Чик-Чик, детская парикмахерская;+7 (495) 726-31-60;+7 (916) 267-31-95;Правобережная ул., 1Б, Москва;tchiktchik.su;55.881 37.449;beauty
Прованс, студия красоты;;+7 (977) 099-75-39, +7 (985) 456-10-45, +7 (985) 237-32-34;ул. Дыбенко, 36, корп. 4, Москва;provansstudia.ru;55.877 37.486;beauty
Ами;;+7 (985) 588-94-95, +7 (966) 666-47-82;Базовская ул., 15, корп. 6, Москва;amisalon.ru;55.880 37.510;beauty
Ананас, студия красоты;;+7 (926) 009-60-50;Ангарская ул., 28, корп. 2, Москва;studiaananas.clients.site , n294870.yclients.com;55.878 37.522;beauty
Викинг;;+7 (925) 898-10-56;Талдомская ул., 17, корп. 1, Москва;viking-taldomskaja-ulitsa.clients.site , widget.sonline.su;55.874 37.523;beauty
Стилиссимо, салон красоты и здоровья;+7 (495) 707-30-05;+7 (910) 496-35-05;Талдомская ул., 17, корп. 1, Москва;salonstilissimo.ru;55.874 37.523;beauty
Фавор, салон красоты;+7 (499) 905-03-65;+7 (967) 173-48-47;Коровинское ш., 23, корп. 2, Москва;salonfavor.ru;55.876 37.524;beauty
Багира, салон красоты;+7 (499) 975-08-71, +7 (499) 905-17-52;+7 (968) 920-29-20, +7 (985) 920-84-20;Коровинское ш., 19, корп. 1, Москва;bagira-superlux.ru;55.876 37.525;beauty
365, студия красоты;;+7 (962) 365-44-77, +7 (966) 365-44-77;Дмитровское ш., 107А, корп. 3, Москва;;55.878 37.538;beauty
By beauty, студия красоты;;+7 (925) 745-45-65, +7 (901) 147-91-02, +7 (966) 067-52-52;Дмитровское ш., 107А, корп. 2, Москва;by-beauty.ru , bybeauty.ru;55.879 37.538;beauty
Аквариум;+7 (495) 767-73-00;+7 (916) 772-30-29, +7 (985) 767-73-00;ул. 800-летия Москвы, вл14с1, Москва;салонаквариум.рф;55.878 37.548;beauty
Яблоко, салон красоты;+7 (499) 487-87-12;+7 (925) 358-90-98;Дмитровское ш., 96, корп. 5, Москва;salon-yabloko.ru , salonapple.ru;55.876 37.550;beauty
Валерия, салон красоты;;+7 (967) 297-44-73, +7 (977) 444-75-52;Бескудниковский пр., 2, корп. 2, Москва;salonvalery.ru;55.875 37.551;beauty
Profi Hands, салон красоты;;+7 (901) 380-00-37;ул. 800-летия Москвы, 18, Москва;студия-маникюра.москва;55.879 37.553;beauty
Наращивание ресниц;;+7 (915) 363-15-44;ул. 800-летия Москвы, 18, Москва;moscow-lash.ru;55.879 37.553;beauty
Велюр, центр красоты;+7 (499) 900-07-89;+7 (985) 436-00-40, +7 (985) 184-11-66;ул. 800-летия Москвы, 11, Москва;salon-velour.com;55.881 37.565;beauty
Вэл, студия красоты;;+7 (977) 119-29-99;Инженерная ул., 1, Москва;widget.sonline.su;55.879 37.583;beauty
Лотос;+7 (499) 902-50-54;+7 (968) 823-93-32;Алтуфьевское ш., 56Г, Москва;lotos-moveo.ru , salonlokonov.ru;55.880 37.587;beauty
Devi, салон красоты;;+7 (901) 147-96-89, +7 (926) 047-16-40;Высоковольтный пр., 1, корп. 2, Москва;devi.clients.site , b504573.yclients.com;55.874 37.589;beauty
Та самая, парикмахерская;+7 (499) 901-83-18;+7 (916) 878-16-16;Костромская ул., 16, Москва;ta-samaya.com;55.884 37.598;beauty
Салон красоты;;+7 (901) 908-05-40;Высоковольтный пр., 1, корп. 3, Москва, Россия;dikidi.net;55.873 37.592;beauty
Ok, центр красоты;;+7 (901) 259-25-83;Костромская ул., 18А, Москва;ok2you.ru;55.885 37.599;beauty
Николь;+7 (499) 499-55-80, +7 (495) 499-55-80;+7 (985) 875-40-91, +7 (985) 874-40-91;Костромская ул., 17, Москва;nikole-bibirevo.ru;55.885 37.601;beauty
Море Эмоций, салон красоты;+7 (499) 473-60-00;+7 (925) 482-82-40, +7 (980) 180-50-65, +7 (985) 045-60-63;ул. Молодцова, 29, корп. 2, Москва;moreemociy.ru;55.879 37.625;beauty
Эвелина, салон красоты;;+7 (968) 436-40-03, +7 (929) 938-34-04;ул. Молодцова, 23, корп. 2, Москва;;55.877 37.628;beauty
Wella beauty room;;+7 (969) 161-20-20;Полярная ул., 22, Москва;;55.880 37.638;beauty
Студия красоты Инны Медведевой;+7 (495) 201-68-88;+7 (966) 666-82-06, +7 (926) 008-10-50, +7 (926) 008-20-40;Полярная ул., 12, Москва;innamedvedeva.ru;55.876 37.639;beauty
Удача⁴;;+7 (966) 124-41-56, +7 (926) 404-25-74;Полярная ул., 27, корп. 4, Москва;dikidi.net;55.883 37.635;beauty
Raizbar;;+7 (999) 999-77-21;Полярная ул., 27, корп. 4, Москва;mst.link;55.883 37.635;beauty
Лакшери, салон красоты;+7 (499) 473-34-86;+7 (963) 661-78-16;пр. Шокальского, 19, Москва;backstage.team;55.879 37.645;beauty
Персона, имидж-лаборатория;+7 (495) 488-68-92, +7 (495) 681-47-09;+7 (905) 546-44-17, +7 (916) 233-45-55, +7 (967) 254-61-81, +7 (926) 896-98-11;пр. Шокальского, 25, корп. 2, Москва;lab-persona.ru , persona.ru;55.881 37.645;beauty
Весна, центр красоты;;+7 (977) 256-15-15;ул. Грекова, 11, Москва;vesna.beauty;55.892 37.661;beauty
Visage, салон красоты;+7 (499) 760-41-07;+7 (925) 058-26-56;ул. Грекова, 5, Москва;salon-visage.ru , visage-medvedkovo.clients.site;55.890 37.661;beauty
Идеалюкс;+7 (499) 478-03-01;;ул. Грекова, 4, Москва;idealyuks-salon.ru , axelname.ru;55.886 37.662;beauty
Бабушкинские бани;+7 (495) 472-05-66, +7 (495) 472-71-67;;Староватутинский пр., 5, стр. 2, Москва;daiparku.ru;55.874 37.673;beauty
Зебра, фитнес-клуб;+7 (495) 669-51-50, +7 (495) 182-01-01, +7 (495) 212-17-70, +7 (499) 444-06-78, +7 (495) 090-39-93, +7 (495) 150-66-76, +7 (495) 150-37-17, +7 (495) 150-37-70, +7 (495) 175-25-55;;Широкая ул., 30, Москва;fitnes.ru , medvedkovo.fitnes.ru;55.886 37.678;beauty
Borodach, барбершоп;;+7 (966) 130-37-37;ул. Лётчика Бабушкина, 39, корп. 3, Москва;borodach.com , babushkinskaya.borodach.com;55.875 37.678;beauty
Hello! Nails;;+7 (985) 517-07-07;Широкая ул., 30, корп. 1, Москва;hellonails.ru;55.887 37.679;beauty
Юнона-св, салон-парикмахерская;+7 (499) 184-19-54;+7 (916) 210-93-53;Тайнинская ул., 16, корп. 1, Москва;salon-svao.ru;55.881 37.685;beauty
Скарлетт, студия красоты;+7 (499) 325-52-83, +7 (499) 184-78-07;+7 (963) 999-82-86;Тайнинская ул., 19, Москва;scarlett-studio.ru;55.886 37.685;beauty
Стиль;+7 (495) 475-63-19;+7 (967) 109-10-72;Стартовая ул., 35, Москва;стиль-плюс.рф;55.886 37.689;beauty
Be better, студия красоты;;+7 (925) 563-25-32;Таёжная ул., 1, Москва;dikidi.online;55.881 37.701;beauty
Фитлэнд, фитнес-клуб;+7 (495) 474-82-94;;ул. Малыгина, 3, стр. 2, Москва;fitland.su;55.878 37.700;beauty
Престиж, салон красоты;+7 (499) 760-46-49;+7 (916) 716-03-02;Челюскинская ул., 9, Москва;zoon.ru;55.882 37.705;beauty
Стиль успеха, салон красоты;+7 (495) 721-51-09;;Анадырский пр., 63А, Москва;стильуспеха.рф , stiluspeha.ru;55.880 37.709;beauty
Эстетик Хаус, салон красоты;+7 (499) 188-02-83;+7 (925) 441-25-42, +7 (905) 581-34-19;ул. Проходчиков, 5, Москва;aesthetic-house.ru;55.873 37.718;beauty
Альтера;+7 (495) 532-80-60;;Ярославское ш., 146, корп. 1, Москва;al-tera.ru;55.878 37.730;beauty
Grace, студия красоты;+7 (495) 937-57-70;+7 (903) 216-89-22;Соколово-Мещерская ул., 29, Москва;studio-grace.ru;55.906 37.385;beauty
Шоколад, салон красоты;+7 (495) 720-90-13;+7 (903) 142-46-33, +7 (903) 720-90-13;Соколово-Мещерская ул., 36, Москва;msk-shokolad.ru , msk-salon.com;55.906 37.388;beauty
Красивые люди, салон красоты;;+7 (966) 666-71-72, +7 (916) 365-89-99;Новокуркинское ш., 45, Москва;sk-krasivyeludi.ru;55.904 37.388;beauty
Бьюти 5, салон красоты;;+7 (961) 777-86-86, +7 (915) 324-49-69, +7 (977) 943-46-16, +7 (985) 564-79-64;Новокуркинское ш., 51, Москва;tatoopro.clients.site , tatoo.pro , widget.sonline.su;55.910 37.389;beauty
Primae, центр эстетики;+7 (495) 231-23-88;+7 (985) 765-23-01;Родионовская ул., 12, Москва;primae.ru;55.894 37.390;beauty
Версаль, салон красоты;+7 (499) 504-68-89, +7 (499) 478-91-40;+7 (904) 567-21-43, +7 (909) 650-12-12, +7 (967) 042-02-02;Новокуркинское ш., 25, корп. 1, Москва;zoon.ru , versale.ru;55.899 37.397;beauty
Метелица, медицинский центр косметологии;+7 (495) 777-07-31, +7 (495) 241-14-22;;Родионовская ул., 2, корп. 1, Москва;metelicakurkino.ru;55.895 37.400;beauty
Милена, студия-парикмахерская;+7 (495) 486-70-86;;Лобненская ул., 12, корп. 2, Москва;;55.893 37.526;beauty
Анюта, салон-парикмахерская;+7 (499) 908-67-22;+7 (903) 125-55-38;Псковская ул., 2, корп. 1, Москва;salonkrasoti-msk.com;55.901 37.554;beauty
Салон-парикмахерская Эвелина;;+7 (926) 604-46-36;Абрамцевская ул., 4, корп. 2, Москва;;55.893 37.574;beauty
Мастер Лик, салон красоты;+7 (495) 230-28-14, +7 (495) 108-45-26;+7 (916) 999-99-76;Алтуфьевское ш., 97, Москва;master-lik.ru;55.903 37.586;beauty
Lucky, салон маникюра;;+7 (925) 884-62-42;Алтуфьевское ш., 84, Москва;dikidi.net , dikidi.ru;55.896 37.588;beauty
Вуаля, салон красоты;+7 (499) 209-06-92;;Алтуфьевское ш., 92, Москва;salonvualya.ru;55.901 37.588;beauty
Мир красоты, салон;+7 (495) 150-19-84;+7 (917) 547-84-73;Алтуфьевское ш., 78, Москва;salon-mir-krasoti.ru;55.892 37.589;beauty
Нур, салон красоты;;+7 (926) 011-02-02;Абрамцевская ул., 30, стр. 6, Москва;;55.906 37.576;beauty
Ирина, салон-парикмахерская;+7 (499) 206-22-50;+7 (985) 256-81-60;Шенкурский пр., 6, Москва;;55.893 37.592;beauty
4 Hands;;+7 (966) 007-13-26;ул. Лескова, 14, Москва;4hands.ru;55.897 37.605;beauty
Дуэт, салон красоты;+7 (499) 479-39-42;+7 (958) 820-70-62;Студёный пр., 20, Москва;;55.893 37.664;beauty
Лайм, студия красоты;;+7 (999) 350-81-25;Дмитровское ш., 165Е, корп. 9, Москва;widget.sonline.su;55.926 37.540;beauty
Рио, салон красоты;;+7 (939) 000-09-90;Дмитровское ш., 165Е, корп. 14, Москва;centr-rio.ru , zoon.ru;55.929 37.544;beauty
Искусство красоты, салон;;+7 (915) 210-82-62, +7 (966) 378-15-15;Дмитровское ш., 165Е, корп. 7, Москва;;55.927 37.545;beauty
Xenya vog, салон красоты;;+7 (916) 930-91-80, +7 (977) 167-36-52, +7 (910) 418-32-36, +7 (939) 111-59-78;бул. Академика Ландау, 1, Москва;n608177.yclients.com , xenya-vog.clients.site;55.920 37.550;beauty
Фиеста;+7 (499) 403-17-72, +7 (499) 403-17-87;+7 (969) 109-05-05, +7 (926) 118-05-05, +7 (969) 106-05-05, +7 (969) 118-05-05;9-я Северная линия, 25, корп. 3, Москва;fiestaspa.ru , fiestafam.ru;55.933 37.554;beauty
Chicago;+7 (499) 502-54-23;+7 (905) 562-09-06;Павловская ул., 6, Москва;chicago-s.ru;55.719 37.626;beauty
Салон красоты;;+7 (977) 755-71-76;Бескудниковский бул., 30, корп. 3, Москва;;55.870 37.558;beauty
LaserCare;;+7 (903) 553-43-43;Нежинская ул., 5, стр. 1, Москва;lasercare.ru;55.716 37.475;beauty
Зефир;;+7 (963) 991-01-71, +7 (903) 011-32-33, +7 (963) 921-01-01;Варшавское ш., 33, Москва;zefirnails.ru;55.692 37.623;beauty
Марафет;+7 (495) 723-25-61;+7 (903) 723-25-61;Братиславская ул., 33, Москва;marafet.su;55.652 37.770;beauty
Маникюр и Стрижка;;+7 (985) 118-68-42;Россия, Москва, поселение Внуковское, улица Самуила Маршака, 22;manikyur-strizhka.ru , meleyost.fun;55.636 37.323;beauty
Барбер Константин;;+7 (926) 388-98-90;Серебряный пер., 5, Москва;konstantin.business.site;55.751 37.593;beauty
Westars beauty, студия красоты;+7 (495) 797-72-25;+7 (966) 666-78-34, +7 (903) 797-72-25;ул. Новый Арбат, 32, Москва;westars-beauty.ru;55.753 37.581;beauty
Оптимисты, салон красоты;;+7 (999) 099-82-22;1-я Миусская ул., 2, стр. 1, Москва;optimists-beauty.ru;55.779 37.598;beauty
Лори, салон красоты;;+7 (926) 662-38-32, +7 (926) 929-66-33;6-я Парковая ул., 9, Москва;salon-lori.ru;55.790 37.791;beauty
Амели, салон-парикмахерская;;+7 (926) 761-12-34;Синельниковская ул., 47, Москва;ameliecolorist.clients.site , salonamelie.clients.site;55.542 37.572;beauty
Геометрия красоты, студия красоты;;+7 (985) 914-48-55;Новослободская ул., 48, Москва;geometriyakrasoty.ru;55.786 37.596;beauty
M. E. G. Студия Красоты;;+7 (984) 333-29-74, +7 (929) 929-29-37;ул. Александры Монаховой, 5, корп. 3, посёлок Коммунарка;megstudio.ru;55.575 37.474;beauty
Articoli Salon & Spa, салон красоты;+7 (495) 258-33-35, +7 (495) 970-00-20, +7 (495) 995-88-99;;Неглинная ул., 13, Москва;boscofamily.ru , bosco.ru;55.763 37.620;beauty
Максон;;+7 (977) 546-55-64;3-я Хорошёвская ул., 21А, Москва;maxson-nail.ru;55.786 37.499;beauty
Графиня;+7 (499) 381-77-87;;Покровская ул., 33/23, Москва;;55.706 37.920;beauty
Бородач;+7 (499) 390-63-37;+7 (926) 943-00-98;Митинская ул., 52, Москва;borodach.com;55.853 37.354;beauty
Шарм;;+7 (909) 984-34-57;Булатниковский пр., 14, корп. 6, Москва;sk406.skrst.ru;55.581 37.657;beauty
Пальчики, ногтевая студия;+7 (499) 969-84-89;+7 (965) 135-21-87;ул. Черняховского, 7, Москва;palchiki.com;55.804 37.534;beauty
Bella vita, салон красоты;+7 (495) 794-40-77;;Пятницкое ш., 37, Москва;megagroup.ru , salonbellavita.ru;55.854 37.359;beauty
Элиза, салон-парикмахерская;+7 (499) 408-50-75;+7 (962) 983-12-34, +7 (966) 351-12-84, +7 (977) 167-64-78;Ангарская ул., 6, Москва;eliza-salon.simdif.com;55.871 37.513;beauty
Vivat, студия красоты;+7 (495) 303-86-50, +7 (495) 301-55-66;+7 (985) 915-60-83;Напольный пр., 6А, Москва;vivatclub.ru;55.758 37.823;beauty
