Лазика, ресторан;+7 (495) 592-50-55, +7 (499) 390-62-14;+7 (926) 717-37-99, +7 (925) 071-56-60, +7 (925) 338-50-39;49А, стр. 1, село Вороново;voronovo-club.ru;55.318 37.155;cafe
ПапаМарка, кафе;;+7 (925) 049-99-11, +7 (968) 865-72-76;Евгения Родионова, 1;papamarka.ru;55.384 37.361;cafe
Фишерикс;+7 (495) 646-07-18;;Россия, Москва, поселение Щаповское, улица Евгения Родионова, вл19;fisherix.ru;55.373 37.352;cafe
Тандыр, кафе;;+7 (915) 333-47-47;Калужское шоссе 47 км, вл6а;kafe-tandir47km.ru;55.409 37.251;cafe
Пельменчик, кафе;;+7 (977) 882-74-12, +7 (977) 882-74-13;31, рабочий посёлок Киевский;;55.429 36.863;cafe
Birilli, боулинг;+7 (495) 201-72-79;;Молодёжная ул., 2, рабочий посёлок Киевский;birilli.ru;55.417 36.871;cafe
Костин двор, конеферма;;+7 (977) 901-39-24, +7 (977) 335-77-78;деревня Сенькино-Секерино, 156а;kostin-dvor.ru;55.428 37.138;cafe
Гринклаб;;+7 (977) 811-81-97;46, посёлок Шишкин Лес;greenklub.ru;55.417 37.192;cafe
Золотой Сазан;+7 (495) 220-36-65, +7 (495) 790-02-82, +7 (495) 755-39-43, +7 (495) 995-52-75, +7 (495) 782-23-34, +7 (495) 782-44-86, +7 (495) 782-82-51;+7 (916) 035-41-13;Калужское шоссе, 47-й километр;goldsazan.ru;55.417 37.247;cafe
Моремания, кафе-магазин;+7 (495) 150-05-51;;Калужское шоссе 45 км, 1 ст7;moremania.su;55.430 37.277;cafe
Техас;;+7 (916) 227-77-72, +7 (926) 415-91-31;Лиственная ул., 2, д. Руднево;rudnevo-pizza.ru;55.434 36.959;cafe
Шахерезада, чайхана;;+7 (925) 194-99-99, +7 (906) 001-88-88;17, стр. 1, посёлок Ерино;timeweb.com , tweb.link;55.450 37.528;cafe
Red Cafe, кафе;;+7 (967) 091-10-01, +7 (925) 814-16-21, +7 (916) 688-19-79;Киевское шоссе 57 км, вл1;;55.471 36.931;cafe
KFC;+7 (495) 240-84-24;;Калужское шоссе, 42-й километр, 6, Троицк;yandexpriority.onelink.me , kfc.ru;55.455 37.290;cafe
Синий Секач;;+7 (916) 589-00-99;Калужское шоссе, 41-й километр, 12, Троицк;;55.458 37.295;cafe
Загляни, Генацвале!, кафе-пекарня;+7 (495) 120-08-87;;Калужское шоссе 41 км, 10;загляни-генацвале.рф , shoti-puri.ru;55.459 37.296;cafe
Лавка Кулинара ем&ем;+7 (499) 713-66-80;+7 (925) 876-30-60, +7 (925) 837-40-50, +7 (926) 721-08-00, +7 (901) 183-66-80;Калужское ш., 20, Троицк;емем.рф;55.469 37.304;cafe
Метелица;+7 (499) 325-41-57, +7 (499) 499-49-11;+7 (985) 333-13-38;Сиреневый бул., 3, Троицк;cafe-metelica.ru;55.469 37.295;cafe
Коффеана;;+7 (916) 008-76-92;Калужское шоссе, 41-й километр, 10, Троицк;coffeana.ru;55.459 37.296;cafe
Шаурмалоп, кафе;;+7 (926) 474-05-47, +7 (925) 474-70-77;Сиреневый бул., 1, Троицк;шаурмалоп.рф;55.468 37.297;cafe
Pizzamegapolis;;+7 (967) 255-15-15, +7 (916) 204-51-51, +7 (903) 157-11-55;3, микрорайон Родники, посёлок Знамя Октября;;55.470 37.545;cafe
Форест вью, кофейня;;+7 (903) 145-98-95;ул. Полковника Милиции Курочкина, 19, микрорайон В, Троицк;forest-view.business.site;55.487 37.296;cafe
Kiko, японское кафе;+7 (495) 532-87-12, +7 (495) 532-87-13;+7 (926) 094-62-64;микрорайон В, 37а;kikokafe.ru;55.487 37.307;cafe
Чемпион;;+7 (903) 586-28-80;Октябрьский просп., 16Б, Троицк;project2771836.turbo.site;55.477 37.299;cafe
Wаверма;;+7 (926) 754-08-00;Академическая площадь, 5, Троицк;шаурмалоп.рф;55.485 37.306;cafe
Bear Burgers;;+7 (916) 009-92-42;Академическая площадь, 5, Троицк;bear-burgers.ru;55.485 37.306;cafe
Загородный клуб;;+7 (903) 590-99-91;Соловьиная, вл84;elizarovo.club;55.505 37.158;cafe
Sunakku;;+7 (999) 800-75-05;Городская ул., вл6, Троицк;sunakku.ru;55.493 37.321;cafe
Чарли, кафе;;+7 (909) 932-16-59;Калужское шоссе 41 км, 10;sushi-na-dom.com;55.458 37.296;cafe
Billy`s band centre, караоке-бар;;+7 (925) 319-64-00, +7 (985) 125-00-25, +7 (980) 000-11-33;Яковлевская, 1а;bb-club.moscow , billys-band.ru;55.507 37.369;cafe
Кафе;;+7 (985) 822-20-12, +7 (985) 287-87-58;Троицкая ул., 1А, село Остафьево;ostafyevomuseum.ru;55.496 37.503;cafe
Ванильное небо;+7 (499) 750-04-75, +7 (495) 367-12-87, +7 (495) 367-12-86;;Троицкая ул., 49, село Остафьево;vnebo.vip;55.503 37.517;cafe
Trattoria Siesta, кафе;;+7 (926) 554-11-94, +7 (929) 990-79-97;ул. Маршала Савицкого, 7, Москва;trattoriasiesta.ru;55.507 37.585;cafe
Бонкафе;;+7 (925) 328-06-02;ул. Захарьинские Дворики, 1, корп. 1, Москва;bonkafe.clients.site;55.504 37.576;cafe
Удобный;;+7 (909) 965-08-80, +7 (934) 000-50-70;Симферопольское ш., 17, стр. 2, Щербинка;;55.494 37.581;cafe
Фуд-корт;+7 (495) 161-93-39;+7 (995) 788-52-51, +7 (906) 733-03-31;ул. Маршала Савицкого, 7, Москва;southarena.ru;55.506 37.586;cafe
Суши Токио, суши-бар;;+7 (967) 087-88-87, +7 (968) 087-88-87;Школьная ул., 1А, д. Горчаково;gortokyo.com;55.521 37.217;cafe
Fantasy, служба доставки готовых блюд;+7 (495) 532-20-70, +7 (495) 532-36-30;;Россия, Москва, поселение Десеновское, Нововатутинский проспект, 13;vatutinki.sushifantasy.ru , sushifantasy.ru;55.520 37.348;cafe
Peri, ресторан;+7 (495) 740-25-32, +7 (495) 185-08-38;+7 (926) 896-83-13, +7 (925) 234-07-00;Москва, поселение Десеновское, 6-я Нововатутинская улица, 2;peri.restaurant;55.514 37.351;cafe
Суши wok, магазин суши;+7 (499) 754-44-44;;Москва, поселение Десеновское, 6-я Нововатутинская улица, 1;;55.515 37.352;cafe
Алло! Пицца, сеть пиццерий;+7 (495) 172-49-35;;Россия, Москва, поселение Десеновское, 3-я Нововатутинская улица, 11;allopizza.su;55.519 37.346;cafe
Манты дома;;+7 (916) 541-70-00;Россия, Москва, поселение Десеновское, 6-я Нововатутинская улица, 3;mantidoma.ru;55.515 37.354;cafe
Ланч панч, кафе-магазин;;+7 (926) 371-35-93;Россия, Москва, поселение Десеновское, 1-я Нововатутинская улица, 5;;55.519 37.356;cafe
Я люблю гриль, кафе;;+7 (965) 247-55-77, +7 (963) 679-55-50;Россия, Москва, поселение Десеновское, 1-я Нововатутинская улица, 5;ilovegril.ru;55.519 37.356;cafe
Hungry wolf bar, кафе-бар;;+7 (925) 011-37-47, +7 (910) 081-75-55;1-я Нововатутинская улица, 1;hwbar.ru;55.515 37.357;cafe
Хинкали-Gали!;;+7 (980) 463-61-30, +7 (985) 128-03-40, +7 (925) 564-66-82, +7 (926) 958-89-78, +7 (926) 066-72-21, +7 (917) 544-99-31, +7 (926) 133-76-74, +7 (916) 869-80-69, +7 (915) 146-00-68, +7 (917) 544-88-79;Москва, поселение Десёновское, Футбольная улица, 17;hinkaligali.ru;55.514 37.372;cafe
Здрасте;;+7 (966) 338-18-81;Москва, поселение Десеновское, 1-я Нововатутинская улица, 5;zdrastecafe.ru;55.519 37.354;cafe
Вкусно ем;;+7 (977) 994-20-12;Россия, Москва, поселение Десеновское, 1-я Нововатутинская улица, 5;;55.520 37.354;cafe
Stopexpress;;+7 (925) 912-80-62;Рябиновая ул., вл17с1, д. Десна;stopexpress.ru;55.526 37.387;cafe
Десна, кафе-пекарня;;+7 (977) 141-00-88, +7 (965) 295-08-64;Центральная ул., 135, д. Десна;;55.529 37.388;cafe
Roll-n-Beer – Pub & Cafe;+7 (495) 764-81-14;;39, посёлок подсобного хозяйства Воскресенское;roll-n-beer.com;55.532 37.447;cafe
Солёная карамель, семейное кафе;;+7 (999) 963-87-15;Чечёрский проезд, 122 к1;me-menu.com , me-menu.ru;55.525 37.515;cafe
Нияма, японский ресторан;+7 (495) 132-04-44;+7 (968) 529-63-10;Москва, поселение Воскресенское, Чечёрский проезд, 51;niyama.ru;55.525 37.517;cafe
Доннерия, кафе грузинской кухни;+7 (495) 968-33-80;+7 (965) 309-44-89;Москва, поселение Воскресенское, Чечёрский проезд, 51;vanovaso.ru;55.525 37.517;cafe
KFC, ресторан быстрого обслуживания;+7 (495) 981-27-94;;Москва, поселение Воскресенское, Чечёрский проезд, 51;kfc.ru;55.525 37.518;cafe
ShashlikButovo1, кафе;;+7 (969) 197-55-57, +7 (910) 013-93-93;Чечёрский проезд, 25;shashlikbutovo1.ru;55.530 37.528;cafe
Бургер Клаб;+7 (495) 740-22-44;+7 (910) 005-31-04;Россия, Москва, поселение Воскресенское, Чечёрский проезд, 51;burgerclub.com , burgerclub.ru;55.525 37.518;cafe
Шоколадница;;+7 (926) 640-79-82;Москва, поселение Воскресенское, Чечёрский проезд, 51;shoko.ru;55.525 37.518;cafe
Апрель, семейный ресторан;;+7 (977) 806-05-50;ул. Семёна Гордого, 1, д. Ивановское;aprelrest.ru;55.545 37.155;cafe
Batumi домашняя грузинская кухня;+7 (495) 120-20-62;+7 (968) 068-20-20;Рабочая ул., 6Б, посёлок Первомайское;batumi-food.ru;55.539 37.154;cafe
Орэо;;+7 (936) 621-75-88, +7 (901) 469-52-10;ул. Семёна Гордого, 3, д. Ивановское;salonoreo.ru;55.545 37.154;cafe
Kitchen, семейное кафе;;+7 (929) 558-78-88, +7 (925) 388-55-58, +7 (925) 759-00-10, +7 (926) 020-06-60, +7 (926) 021-08-80, +7 (926) 102-07-72, +7 (926) 109-01-10, +7 (926) 124-05-50, +7 (926) 146-02-20, +7 (926) 147-03-30;Александры Монаховой улица, 88 к1;cafe-kitchen.ru;55.544 37.487;cafe
Буханка, пекарня;;+7 (962) 918-26-60;ул. Александры Монаховой, 90, корп. 3, посёлок Коммунарка;buhanka.ru;55.543 37.482;cafe
5+, хинкальная;;+7 (924) 160-70-07, +7 (991) 951-24-14, +7 (977) 408-70-75;ул. Александры Монаховой, 90, корп. 2, посёлок Коммунарка;khinkalnaya5plus.ru;55.544 37.482;cafe
О! Суши;+7 (499) 490-10-00;;ул. Александры Монаховой, 98, корп. 3, посёлок Коммунарка;osushi.su , kom.osushi.su;55.540 37.483;cafe
Здрасте кофе, кофейня;;+7 (996) 864-76-41;ул. Александры Монаховой, 90, корп. 1, посёлок Коммунарка;zdrastecafe.ru;55.543 37.484;cafe
Пират пицца, пиццерия;+7 (495) 215-21-21;+7 (926) 905-07-34;ул. Александры Монаховой, 98, корп. 1, посёлок Коммунарка;pizzapirat.ru;55.541 37.485;cafe
Моя Хинкальная, кафе;;+7 (977) 571-08-77;ул. Александры Монаховой, 98, корп. 1, посёлок Коммунарка;мояхинкальная.рф;55.541 37.485;cafe
Алиса, семейное лофт-кафе;;+7 (919) 993-17-78;ул. Александры Монаховой, 96, корп. 2, посёлок Коммунарка;alisa-loft-cafe.ru;55.541 37.486;cafe
Место, кафе;;+7 (995) 001-43-03;ул. Александры Монаховой, 96, корп. 2, посёлок Коммунарка;;55.541 37.486;cafe
Zen sushi, кафе быстрого обслуживания;+7 (499) 348-19-68;;ул. Александры Монаховой, 88, корп. 1, посёлок Коммунарка;zen-cafe.ru;55.544 37.487;cafe
Китчен;;+7 (926) 779-07-70;ул. Александры Монаховой, 88, корп. 1, посёлок Коммунарка;cafe-kitchen.ru;55.544 37.487;cafe
Киносам;+7 (495) 517-87-67;;ул. Александры Монаховой, 92, корп. 1, посёлок Коммунарка;kinosam.com;55.543 37.488;cafe
Азбука вкуса, супермаркет;+7 (495) 223-02-44, +7 (495) 504-34-78, +7 (495) 504-34-87, +7 (495) 223-02-00;;ул. Академика Понтрягина, 14, Москва;;55.533 37.498;cafe
Пиццерия FullFox - Неаполитанская пицца;+7 (495) 646-09-96;;Россия, Москва, поселение Сосенское, улица Александры Монаховой, 95, корп. 3;fullfox.pizza;55.542 37.492;cafe
Sergio pizza, кафе-пиццерия;+7 (496-54) 9-70-70, +7 (495) 221-92-22;+7 (925) 230-30-30, +7 (965) 131-33-33, +7 (925) 500-55-00;ул. Потаповская Роща, 4, корп. 2, посёлок Коммунарка;sergiopizza.ru;55.546 37.495;cafe
Алло! Пицца, сеть пиццерий;+7 (495) 172-58-03;;СНТ Гавриково-1, 265а;allopizza.su;55.544 37.509;cafe
Песок да щебень, компания;;+7 (958) 578-04-25, +7 (903) 186-24-43, +7 (906) 099-03-47;ул. Адмирала Руднева, 4, Москва;pesok-da-sheben.ru;55.544 37.526;cafe
Чашка, бар;+7 (495) 714-57-18, +7 (495) 714-10-81;+7 (916) 190-33-26, +7 (926) 680-13-06;ул. Академика Семёнова, 3, Москва;chashkafe.ru;55.543 37.512;cafe
The мясо, кафе быстрого питания;;+7 (920) 685-85-85, +7 (985) 677-55-55;Южнобутовская ул., 70, Москва;grillzheldor.ru , the-myaso-butovo.ru;55.535 37.522;cafe
Кафе Чайхана Дюшес;+7 (499) 347-03-39, +7 (495) 220-99-88, +7 (495) 789-36-56, +7 (499) 325-54-08, +7 (499) 444-36-07;+7 (987) 192-98-11, +7 (985) 220-99-88;Бартеневская ул., 39, Москва;dushes-cafe.ru;55.548 37.523;cafe
Сеть поминальных залов;+7 (495) 792-61-66, +7 (495) 799-39-11;+7 (965) 317-34-84;ул. Академика Семёнова, 3, Москва;napominki.ru;55.543 37.512;cafe
44-чашма, чайхана;;+7 (903) 236-30-11;Южнобутовская ул., 97, Москва;chaihona44chashma.business.site;55.534 37.521;cafe
Зелёный мыс, ресторан;+7 (495) 714-31-09;+7 (905) 798-13-60, +7 (925) 142-65-38;Южнобутовская ул., 75, Москва;zelenyy-mys.ru;55.535 37.526;cafe
Италония, ресторан;+7 (495) 714-66-66, +7 (495) 714-44-44;;Южнобутовская ул., 69, Москва;италония.рф;55.535 37.528;cafe
Пепела, кафе;+7 (499) 940-62-17;+7 (906) 038-63-33;Чечёрский пр., 52, корп. 1, Москва;cafe-pepela.ru;55.534 37.530;cafe
Матча суши&bento, магазин суши;;+7 (929) 936-60-27;Венёвская ул., 6, Москва;matchasushi.ru;55.548 37.544;cafe
Бакинские вечера, ресторан;+7 (495) 648-44-33, +7 (499) 343-26-42;;ул. Адмирала Лазарева, 24, Москва;bakinskie-vechera.ru;55.547 37.533;cafe
Кампания, крафтовый бар;;+7 (985) 940-32-02;Южнобутовская ул., 44, Москва;;55.539 37.536;cafe
KFC, ресторан быстрого обслуживания;;+7 (963) 630-49-73;Венёвская ул., 6, Москва;kfc.ru;55.548 37.543;cafe
Изи паб, кафе-бар;+7 (495) 777-39-54;;Венёвская ул., 6, Москва;easy-pub.ru , easypub.ru;55.548 37.544;cafe
Глостер;;+7 (985) 184-90-90;бул. Адмирала Ушакова, 12, Москва;glosterbar.ru;55.548 37.551;cafe
Полная кружка, пивной бар;+7 (499) 940-63-09, +7 (495) 347-98-29, +7 (499) 940-47-76, +7 (495) 676-05-89, +7 (499) 530-52-51;;бульвар Адмирала Ушакова, 5;polnayakruzhka.ru;55.547 37.553;cafe
Шоколадница, кофейня;;+7 (915) 473-99-17;Скобелевская ул., 14, Москва;shoko.ru;55.549 37.554;cafe
Маленькая пекарня Журавлевых;;+7 (977) 889-94-18, +7 (977) 939-80-94, +7 (925) 619-72-65;Скобелевская ул., 20, Москва;littlebakery.ru;55.547 37.555;cafe
Baza;;+7 (936) 777-97-27;Россия, Москва, поселение Марушкинское, квартал № 165;baza-pizzagrill.ru;55.568 37.234;cafe
Tennis.ru, кафе;+7 (495) 150-55-99;+7 (903) 556-44-44;Малая Летовская ул., 8, д. Летово;tennis.ru;55.570 37.410;cafe
SomeMeat, мясной ресторан;+7 (495) 105-11-11;;Сосновая ул., 1Б, д. Сосенки;somemeat.rest;55.568 37.447;cafe
Florentini city, ресторан;+7 (495) 201-26-01;+7 (926) 325-53-53;Сосновая ул., 3Б, д. Сосенки;florentinicafe.ru;55.570 37.449;cafe
Сунакку, кафе быстрого питания;;+7 (966) 161-61-63, +7 (985) 798-65-41;Сосновая ул., 6, д. Сосенки;sunakku.ru;55.572 37.452;cafe
ЛавШаш;;+7 (906) 555-87-87;Россия, Москва, поселение Сосенское, квартал № 50;lavshash.com , лавшаш.рф;55.565 37.445;cafe
Таверна на Дубровке, ресторан;+7 (495) 761-14-24;+7 (965) 153-51-11, +7 (985) 761-14-24, +7 (915) 156-51-11;деревня Сосенки, 25в;taverna-nd.ru;55.566 37.445;cafe
Bbs, ресторан-бар японской кухни;;+7 (968) 525-52-51, +7 (926) 277-52-51;Лазурная, 10;foodpicasso.com;55.568 37.472;cafe
Территория десертов, кондитерская мастерская;;+7 (977) 100-00-95;Ясная ул., 1, посёлок Коммунарка;territoria-desertov.ru , clck.ru;55.570 37.476;cafe
Мед, кафе;;+7 (977) 386-21-80;ул. Сосенский Стан, 17, посёлок Коммунарка;medcaffe.ru;55.565 37.476;cafe
Seoul station, лаундж-кафе;+7 (495) 792-49-24;+7 (925) 999-09-00;Москва, поселение Сосенское, проспект Магеллана, 3;seoulstation.ru;55.590 37.446;cafe
Макитория;+7 (495) 786-01-26;;ул. Липовый Парк, 11, посёлок Коммунарка;;55.566 37.486;cafe
Термос, семейное кафе;;+7 (903) 713-81-38;ул. Липовый Парк, 7, посёлок Коммунарка;;55.569 37.491;cafe
БарБирШоп;;+7 (985) 927-28-38;Лазурная ул., 10, посёлок Коммунарка;foodpicasso.com;55.568 37.472;cafe
СуперСуши. Клаб;;+7 (910) 445-63-40;9А, посёлок Коммунарка;supersushi.club;55.571 37.476;cafe
Al parco bistro, кафе;;+7 (999) 663-39-94;ул. Липовый Парк, 10А, посёлок Коммунарка;alparco.ru;55.568 37.486;cafe
Буханка, пекарня;;+7 (903) 513-71-48;ул. Липовый Парк, 8, корп. 2, посёлок Коммунарка;buhanka.ru;55.570 37.488;cafe
Липа Бар, гастробар;+7 (495) 925-16-72;+7 (985) 925-16-72;ул. Липовый Парк, 8, корп. 2, посёлок Коммунарка;lipabar.ru;55.570 37.488;cafe
Сова;;+7 (968) 079-86-99;ул. Липовый Парк, 6, посёлок Коммунарка;;55.570 37.490;cafe
Кера, кафе-хинкальная;;+7 (926) 174-21-12;ул. Липовый Парк, 5, корп. 1, посёлок Коммунарка;cafekera.ru;55.569 37.491;cafe
Max, бургер-бар;;+7 (916) 000-88-25;Россия, Москва, поселение Сосенское, Скандинавский бульвар, 6;maxburgerbar.ru;55.567 37.497;cafe
Чвени, хинкальная;;+7 (977) 338-72-27;ул. Липовый Парк, 4, корп. 1, посёлок Коммунарка;chveni.ru;55.570 37.492;cafe
Soletto family restaurant;+7 (495) 545-05-50;+7 (991) 102-21-99;ул. Липовый Парк, 4, корп. 3, посёлок Коммунарка;solettorest.ru;55.571 37.492;cafe
Proxima cafe&bar;;+7 (968) 954-44-49, +7 (968) 945-55-51;ул. Липовый Парк, 5, корп. 1, посёлок Коммунарка, Россия;;55.570 37.493;cafe
Шаурма&бургер, кафе быстрого питания;;+7 (906) 774-16-18, +7 (916) 198-74-78, +7 (995) 509-64-39, +7 (925) 722-92-12, +7 (985) 095-11-20, +7 (999) 444-61-09;ул. Липовый Парк, 5, корп. 1, посёлок Коммунарка;shaurmaburger.com;55.569 37.493;cafe
Mix cafe, фитнес-кафе;+7 (499) 333-40-40;;ул. Липовый Парк, 2А, посёлок Коммунарка;cafemix.ru , shalecafe.ru;55.571 37.493;cafe
PhoBo, кафе вьетнамской кухни;+7 (495) 124-81-30, +7 (495) 215-11-99;;ул. Александры Монаховой, 61, стр. 1, посёлок Коммунарка;phobo.cafe;55.557 37.494;cafe
Richman Lounge, центр паровых коктейлей;;+7 (968) 404-17-17, +7 (965) 404-41-41;Москва, поселение Сосенское, Скандинавский бульвар, 5, корп. 2;richmanlounge.ru;55.565 37.500;cafe
Июль, гастробар;;+7 (995) 150-07-70, +7 (985) 639-07-07;ул. Поляны, 5, Москва;julygastro.ru;55.557 37.554;cafe
Zамания, семейный парк приключений;+7 (495) 191-01-15, +7 (495) 191-45-09, +7 (495) 120-40-68, +7 (495) 150-37-35;;ул. Поляны, 8, Москва;zamania.ru;55.566 37.556;cafe
Cofefest, кофейня;+7 (495) 212-10-59;;Куликовская ул., 1Б, Москва;cofefest.ru;55.572 37.565;cafe
Meatgrinder;+7 (495) 984-26-77, +7 (495) 118-29-47;+7 (939) 841-88-06;ул. Грина, 11, Москва;meat-grinder.ru;55.568 37.567;cafe
Буханка;;+7 (906) 033-17-04;ул. Поляны, 5А, корп. 1, Москва;buhanka.ru;55.555 37.555;cafe
Буханка, пекарня;;+7 (909) 670-50-30, +7 (925) 688-61-19;ул. Поляны, 5, Москва;buhanka.ru;55.558 37.555;cafe
Пицца & Суши;;+7 (926) 822-22-33;ул. Поляны, 5, Москва;pitstsasushi.clients.site;55.558 37.555;cafe
Красный чай, кафе;;+7 (909) 164-98-33, +7 (977) 891-21-05;ул. Поляны, 5, Москва;krasnychai.wixsite.com;55.559 37.555;cafe
Il casinaro pizzeria;;+7 (995) 113-69-42;ул. Поляны, 5А, корп. 1, Москва;ilcasinaropizza.ru;55.556 37.555;cafe
Здрасте, кофейня;;+7 (916) 777-42-20;ул. Поляны, 5А, корп. 1, Москва;zdrastecafe.ru;55.555 37.556;cafe
Восточный пекарь;;+7 (919) 950-08-00;ул. Поляны, 8, Москва;hlebs.ru;55.565 37.557;cafe
СУШИ СЕТ;+7 (495) 150-55-22;+7 (977) 875-48-41;ул. Знаменские Садки, 1Б, Москва;setsushi.ru , clck.ru;55.571 37.574;cafe
Кахетия, хинкальная;+7 (495) 714-99-54;+7 (925) 808-08-07;Коктебельская ул., 4А, Москва;kahetia.cafe;55.566 37.584;cafe
KFC, ресторан быстрого обслуживания;;+7 (963) 630-54-15;бул. Дмитрия Донского, 2, корп. 1, Москва;kfc.ru;55.570 37.576;cafe
Ля фантази, кулинария;+7 (711) 601-60-71, +7 (495) 374-75-10;+7 (926) 967-48-29, +7 (916) 279-16-24;бул. Дмитрия Донского, 2, корп. 1, Москва;lafantasi.ru;55.570 37.576;cafe
АндерСон, семейное кафе-кондитерская;+7 (495) 739-49-79, +7 (495) 221-93-63;+7 (903) 726-63-40;Феодосийская ул., 7, корп. 3, Москва;cafe-anderson.ru;55.561 37.577;cafe
KFC;;+7 (936) 666-96-73;Старокачаловская ул., 5А, Москва;kfc.ru;55.570 37.579;cafe
Cofix;;+7 (926) 069-58-47, +7 (977) 914-77-49;Старокачаловская ул., 5А, Москва;cofix.ru , cofix.global;55.570 37.579;cafe
Пронто;+7 (495) 505-57-57;+7 (926) 907-18-58;Старокачаловская ул., 1Б, Москва;pronto24.ru , pronto-pizza.ru;55.569 37.586;cafe
Суши бар Базаролл;+7 (495) 143-15-60;+7 (901) 545-60-85, +7 (901) 545-85-60;Россия, Москва, поселение Сосенское, проспект Магеллана, 2;bazaroll.ru;55.591 37.448;cafe
Мичурин;+7 (495) 998-02-02;;Садовая ул., 1, корп. 1, д. Зимёнки, коттеджный посёлок Антоновка;michurinrest.com;55.573 37.392;cafe
Алло! Пицца, сеть пиццерий;+7 (495) 587-40-77, +7 (495) 260-02-41;;Москва, поселение Сосенское, улица Сервантеса, 3, корп. 1;allopizza.su;55.591 37.453;cafe
Бильбао;;+7 (929) 670-22-22;Россия, Москва, поселение Сосенское, бульвар Веласкеса, 1, корп. 1;bilbao.cafe;55.592 37.454;cafe
Бистро Хинкальная;;+7 (977) 600-07-99;Россия, Москва, поселение Сосенское, бульвар Веласкеса, 4;;55.591 37.458;cafe
The best burgers, кафе;;+7 (987) 944-36-99, +7 (996) 970-87-66, +7 (937) 069-06-35;Бачуринская ул., 11А, корп. 2, посёлок Коммунарка;thebestburger.ru;55.578 37.483;cafe
БДД паб;;+7 (985) 988-02-74;ул. Знаменские Садки, 1А, Москва;bddpub.ru;55.572 37.575;cafe
Vse-em, кафе быстрого питания;+7 (495) 090-22-33;;бул. Дмитрия Донского, 1, Москва;vse-em.ru;55.575 37.580;cafe
Рум21;;+7 (967) 190-23-76;Варшавское ш., 168, Москва;room-21.qr-cafe.ru;55.583 37.581;cafe
Дружба;;+7 (915) 082-24-35;Варшавское ш., 170Г, Москва;cafe-druzba.business.site;55.579 37.590;cafe
Шоколадница, кофейня;;+7 (915) 473-96-87;Варшавское ш., 160, Москва;shoko.ru;55.583 37.595;cafe
KFC, ресторан быстрого обслуживания;;+7 (929) 937-18-69, +7 (963) 630-88-25;Варшавское ш., 160, Москва;kfc.ru;55.583 37.596;cafe
Crazy tuna & Crazy beef & Crazy pizza, кафе;;+7 (965) 185-05-55;Варшавское ш., 141, корп. 7, Москва;crazy-tuna.ru;55.590 37.601;cafe
Zen sushi, кафе быстрого обслуживания;+7 (499) 348-17-28;;Варшавское ш., 141, корп. 10, Москва;zen-cafe.ru;55.589 37.602;cafe
Кафе;;+7 (903) 255-54-15, +7 (977) 863-97-31;Варшавское ш., 145, корп. 8, Москва;zavtraki-obedy-uzhiny.ru;55.579 37.603;cafe
Вкусняшка, кафе-столовая;;+7 (906) 775-21-69;ул. Подольских Курсантов, 34, стр. 2, Москва;vcusnyashka.ru;55.588 37.633;cafe
Шамкир;;+7 (926) 184-69-89, +7 (926) 365-23-23;Востряковский пр., 23, корп. 2, стр. 2, Москва;;55.575 37.656;cafe
Халва, чайхана;;+7 (967) 035-10-10;Михневская ул., 9А, Москва;;55.583 37.663;cafe
Шарманка, кафе-бар;;+7 (909) 988-38-48;Бирюлёвская ул., 31А, Москва;кафе-шарманка.рф;55.591 37.664;cafe
KFC, ресторан быстрого обслуживания;+7 (495) 023-02-94;;Бирюлёвская ул., 43, Москва;yandexpriority.onelink.me , kfc.ru;55.586 37.666;cafe
Хинкальная;;+7 (929) 603-29-91;Внуково аэропорт, терминал А;khinkalnaya-vnukovo.ru;55.603 37.283;cafe
Oriental Express, кафе-бар;+7 (499) 749-04-19, +7 (495) 436-72-19;;Внуково аэропорт, терминал А;;55.606 37.286;cafe
Му-Му;+7 (495) 781-87-81, +7 (499) 678-42-20;+7 (977) 676-16-50;2-я Рейсовая ул., 2, корп. 5, посёлок Внуково;cafemumu.ru;55.603 37.283;cafe
Му-Му;;+7 (985) 641-11-02;Россия, Москва, Аэропорт Внуково;cafemumu.ru;55.603 37.283;cafe
Лепим и варим;+7 (495) 436-62-89;;2-я Рейсовая ул., 2, корп. 5, посёлок Внуково;lepimivarim.ru;55.603 37.283;cafe
Сабрина, кафе;;+7 (985) 864-79-52;Аэрофлотская улица, 2Б;;55.610 37.292;cafe
Шоколадница;;+7 (985) 369-92-12, +7 (910) 495-53-27, +7 (985) 369-99-41;2-я Рейсовая ул., 2, корп. 5, посёлок Внуково;shoko.ru;55.607 37.284;cafe
Оазис;+7 (495) 436-45-38;+7 (926) 610-00-94, +7 (926) 157-42-82;вл1, д. Лапшинка;oazis-vnukovo.ru;55.609 37.328;cafe
Кофемания;+7 (499) 495-15-82, +7 (499) 495-40-67, +7 (499) 495-15-27, +7 (499) 495-44-01, +7 (499) 495-15-58, +7 (499) 495-15-54, +7 (499) 495-44-69, +7 (499) 495-15-61, +7 (499) 495-40-32, +7 (499) 495-44-37;;вл8Ак4, д. Лапшинка;coffeemania.ru , pressdirect.ru;55.609 37.335;cafe
Мидийное место, кафе;+7 (477) 520-90-62, +7 (441) 823-05-92;+7 (926) 277-46-42;деревня Лапшинка, 30/1в;midiynoe-mesto.ru;55.612 37.339;cafe
Bluefin;+7 (495) 225-54-31, +7 (495) 445-02-60, +7 (495) 730-99-00;;30/1В, д. Лапшинка;bluefin.moscow , bluefin-vnukovo.ru;55.612 37.338;cafe
Поминальная трапеза, кафе;;+7 (985) 766-86-00, +7 (967) 081-56-02;Москва, поселение Сосенское, квартал № 4, Хованское Северное кладбище, 1;pominkicafe.ru;55.608 37.454;cafe
Мята Lounge;;+7 (926) 700-78-88;Россия, Москва, поселение Сосенское, бульвар Веласкеса, 5, корп. 1;myataofficial.com;55.593 37.459;cafe
Хинкальная Экспресс;+7 (495) 276-15-00;+7 (903) 196-59-99;Москва, поселение Сосенское, Калужское шоссе, 22-й километр, 10;kafekhinkalnaya.ru;55.601 37.471;cafe
Самарканд;;+7 (967) 007-02-02;Москва, поселение Сосенское, Калужское шоссе, 22-й километр, 10;samarkandrest.ru;55.601 37.472;cafe
Шоколадница;;+7 (968) 738-10-30;Москва, поселение Сосенское, Калужское шоссе, 21-й километр;shoko.ru;55.603 37.490;cafe
Cofix;;+7 (903) 201-49-35;Москва, поселение Сосенское, Калужское шоссе, 21-й километр, с1;cofix.ru , cofix.global;55.605 37.490;cafe
Sbarro, пиццерия;;+7 (999) 970-35-97, +7 (999) 829-66-13;Калужское шоссе 21 км, 1;sbarro-pizza.ru;55.604 37.491;cafe
Хорошие Знакомые, кафе;+7 (495) 979-99-86, +7 (495) 427-73-55;+7 (901) 510-22-86;пр. Одоевского, 2А, Москва;banket-kafe.ru;55.604 37.503;cafe
Воккер;+7 (495) 698-60-69;;Россия, Москва, поселение Мосрентген, Калужское шоссе, 21-й километр, с1;mega.ru , wokker.ru;55.604 37.491;cafe
Gagawa;;+7 (964) 509-04-52;Москва, поселение Сосенское, Калужское шоссе, 21-й километр, с1;gagawa.ru;55.604 37.491;cafe
Ploveberry;+7 (499) 650-86-31, +7 (495) 230-00-13, +7 (495) 995-14-93, +7 (495) 995-41-89, +7 (495) 540-83-23, +7 (495) 980-80-86;+7 (965) 518-38-07, +7 (903) 938-64-62, +7 (967) 370-94-65;Россия, Москва, поселение Мосрентген, Калужское шоссе, 21-й километр, с1;ploveberry.ru;55.604 37.491;cafe
Швили;+7 (495) 980-77-97;+7 (914) 275-65-85, +7 (903) 720-71-48, +7 (964) 508-34-88, +7 (964) 508-10-30;Москва, поселение Сосенское, Калужское шоссе, 21-й километр, с1;mega.ru , shvilibistro.ru;55.604 37.491;cafe
Cinnabon;+7 (499) 579-88-30, +7 (499) 430-01-07;+7 (926) 712-33-77, +7 (965) 317-70-01;МКАД, 41-й километр, с1, Москва;cinnabonrussia.com;55.603 37.491;cafe
Udc;+7 (499) 408-43-30, +7 (495) 268-09-99;;МКАД, 41-й километр, с1, Москва;upsidedowncake.ru;55.604 37.491;cafe
Баскин Роббинс;+7 (495) 967-37-00, +7 (495) 967-37-01;;МКАД, 41-й километр, с1, Москва;baskinrobbins.ru;55.604 37.492;cafe
Мясо & Рыба;+7 (495) 236-13-00, +7 (495) 995-12-01;;МКАД, 41-й километр, с1, Москва;meat-and-fish.ru;55.603 37.492;cafe
Menza;+7 (495) 225-59-99, +7 (495) 502-76-47, +7 (495) 277-20-35, +7 (499) 277-20-35, +7 (499) 269-64-44, +7 (499) 426-00-24, +7 (495) 737-81-38;+7 (925) 048-86-33, +7 (925) 194-60-98;Россия, Москва, поселение Мосрентген, Калужское шоссе, 21-й километр, с1;menza-cafe.ru;55.603 37.492;cafe
KFC;;+7 (925) 005-10-58;МКАД, 41-й километр, с1, Москва;kfc.ru;55.603 37.492;cafe
VASILCHUKÍ Chaihona №1;+7 (495) 234-02-34, +7 (495) 234-02-33;;Россия, Москва, поселение Мосрентген, Калужское шоссе, 21-й километр, с1;chaihona.ru;55.604 37.492;cafe
Osteria Mario;+7 (495) 790-70-90;+7 (968) 681-14-21;МКАД, 41-й километр, с1, Москва;osteriamario.ru;55.604 37.492;cafe
Причёскин, детская парикмахерская;+7 (499) 110-45-85;;Голубинская ул., 16, Москва;pricheskin.ru;55.598 37.527;cafe
KFC Авто;;+7 (966) 168-40-76;МКАД, 38-й километр, 6А, стр. 1, Москва;kfc.ru;55.597 37.512;cafe
Cofix, кофейня фиксированной цены;;+7 (963) 664-13-78;Новоясеневский просп., 7, Москва;cofix.ru , cofix.global;55.608 37.533;cafe
Burger club, кафе быстрого питания;;+7 (985) 630-62-60;Новоясеневский просп., 7, Москва;burgerclub.com , burgerclub.ru;55.607 37.533;cafe
KFC, ресторан быстрого обслуживания;+7 (495) 737-54-15;;Новоясеневский просп., 7, Москва;yandexpriority.onelink.me , tckalita.ru , kfc.ru;55.608 37.533;cafe
Шоколадница;;+7 (915) 492-54-88;Новоясеневский просп., 7, Москва;shoko.ru;55.607 37.533;cafe
Кунак, кафе татарской кухни;+7 (499) 394-46-77;+7 (926) 140-72-37, +7 (926) 276-81-35;Тарусская ул., 10, Москва;cafekunak.ru;55.610 37.534;cafe
KFC, ресторан быстрого обслуживания;+7 (499) 963-81-85;;Новоясеневский просп., 11, Москва;yandexpriority.onelink.me , kfc.ru;55.606 37.536;cafe
АндерСон, семейное кафе-кондитерская;+7 (495) 510-55-50, +7 (108) 374-42-86, +7 (495) 255-73-60, +7 (4852) 20-52-80, +7 (4732) 51-64-99, +7 (495) 292-73-24, +7 (8312) 17-17-15, +7 (499) 400-56-70, +7 (394) 181-77-59;+7 (929) 503-08-48, +7 (925) 833-25-17, +7 (925) 184-39-72, +7 (991) 530-62-62, +7 (985) 432-00-34, +7 (916) 321-16-16, +7 (985) 822-24-49, +7 (909) 649-87-19, +7 (985) 780-05-50, +7 (930) 274-17-55;Новоясеневский просп., 11, Москва;cafe-anderson.ru;55.606 37.536;cafe
Surf coffee × shine, экспресс-кофейня;;+7 (966) 026-53-46;Новоясеневский просп., 11, Москва;surfcoffee.ru;55.607 37.536;cafe
Pho street, вьетнамское кафе;;+7 (962) 992-98-98;Новоясеневский просп., 11, Москва;phostreet.cafe;55.607 37.536;cafe
Алло! Пицца, сеть пиццерий;+7 (495) 260-02-35;;Голубинская ул., 28, Москва;allopizza.su;55.595 37.542;cafe
МосКальян;+7 (499) 490-69-69;+7 (995) 922-32-08, +7 (903) 127-27-77;Ясногорская ул., 7А, Москва;mos-lounge.ru , mosfranchise.com;55.609 37.537;cafe
Max Bakery;+7 (495) 668-80-00;+7 (901) 341-00-02;Новоясеневский просп., 34/2, Москва;maxbakery.ru;55.603 37.541;cafe
Маяк;+7 (495) 151-99-88, +7 (495) 777-75-40;+7 (969) 349-38-65, +7 (991) 777-75-40;ул. Красного Маяка, 22, корп. 5, Москва;fitparkclub.ru;55.611 37.576;cafe
KFC, ресторан быстрого обслуживания;+7 (495) 788-57-28;;Варшавское ш., 152А, Москва;kfc.ru;55.595 37.599;cafe
Японский пёс, суши-лавка;+7 (499) 653-75-90;;ул. Академика Янгеля, 6, корп. 1, Москва;japdog.ru;55.596 37.592;cafe
Алло! Пицца, сеть пиццерий;+7 (495) 260-02-53;;Чертановская ул., 47, корп. 2, Москва;allopizza.su;55.604 37.593;cafe
Профессор Пуф;+7 (495) 414-21-64;+7 (985) 522-00-31;ул. Академика Янгеля, 1, корп. 1, Москва;professorpuf.ru , puffranchise.ru;55.594 37.598;cafe
Маковка, пекарня;;+7 (925) 271-44-32, +7 (926) 901-20-12;ул. Академика Янгеля, 2, Москва;p-makovka.ru , makovka.pro;55.596 37.599;cafe
Кап Энд Кап;+7 (495) 477-56-48;;Кировоградская ул., 23А, корп. 1, Москва;;55.600 37.601;cafe
Франклинс бургер, бургерная;+7 (499) 150-70-80;+7 (916) 052-39-86;Кировоградская ул., 13А, Москва;franklins.ru;55.611 37.607;cafe
Лале Султан, кафе-бар;;+7 (901) 256-78-03, +7 (925) 888-78-42, +7 (925) 550-55-62;Россошанский пр., 2А, Москва;zoon.ru , lale-sultan-rest.ru;55.600 37.607;cafe
Вьеткафе, кафе вьетнамской кухни;+7 (499) 250-91-91, +7 (499) 125-15-58;+7 (966) 099-50-94, +7 (925) 079-78-63, +7 (926) 469-68-04, +7 (925) 456-34-54;Кировоградская улица, 13а;vietcafe.com;55.611 37.608;cafe
Шоколадница, кофейня;+7 (499) 650-86-45;+7 (915) 130-56-49;Варшавское ш., 140, Москва;shoko.ru;55.612 37.608;cafe
Говяdина;+7 (495) 025-02-24;;Варшавское ш., 140, стр. 3, Москва;govyadinarestaurant.ru , govyadinarest.ru;55.611 37.608;cafe
2man, центр паровых коктейлей;;+7 (985) 803-07-03;Россошанский пр., 3, Москва;2manhookah.ru;55.601 37.609;cafe
Cofix, кофейня фиксированной цены;+7 (495) 287-42-68;+7 (926) 012-29-28, +7 (925) 626-23-28;ул. Красного Маяка, 2Б, Москва;cofix.ru , cofix.global;55.611 37.607;cafe
KFC;+7 (499) 650-86-72, +7 (499) 963-81-52;;Варшавское ш., 140, стр. 6, Москва;kfc-russia.ru , yandexpriority.onelink.me , kfc.ru;55.613 37.605;cafe
Gagawa;;+7 (903) 562-35-10;Варшавское ш., 140, Москва;gagawa.ru;55.611 37.607;cafe
ВьетКафе;;+7 (925) 077-82-36;Варшавское ш., 140, Москва;vietcafe.com;55.611 37.608;cafe
Батони;+7 (499) 713-86-30, +7 (499) 978-84-73, +7 (495) 968-06-99, +7 (499) 755-15-14, +7 (499) 653-65-30;+7 (968) 610-50-73, +7 (968) 369-90-69, +7 (968) 369-90-72, +7 (968) 369-90-71;Варшавское ш., 140, Москва;batoni-kafe.ru;55.611 37.608;cafe
VASILCHUKÍ Chaihona №1;+7 (495) 449-76-01;;Варшавское ш., 140, стр. 1, Москва;chaihona.ru;55.611 37.608;cafe
Севилья;+7 (495) 196-99-83;+7 (964) 787-44-33, +7 (968) 787-44-33;Россошанский пр., 3, Москва;sevillacafe.ru;55.601 37.609;cafe
Столовая - буфетъ;;+7 (916) 555-91-16, +7 (901) 332-32-93, +7 (916) 285-92-90;ул. Подольских Курсантов, 5, Москва;veles-bufet.ru;55.612 37.618;cafe
KFC, ресторан быстрого обслуживания;+7 (495) 106-33-94;;Бирюлёвская ул., 26А, Москва;kfc.ru;55.595 37.663;cafe
Мята Lounge, центр паровых коктейлей;;+7 (967) 224-48-00;Липецкая ул., 2, корп. 7, Москва;tsaritsino.myataofficial.com , myataofficial.com;55.611 37.663;cafe
Пикник;;+7 (925) 429-70-29, +7 (906) 765-55-53;Дендропарковая ул., 37, Москва;piknik-fili.ru;55.593 37.679;cafe
Эгриси, кафе;+7 (495) 343-42-47;;Шипиловский пр., 39, корп. 1, Москва;egrisicafe.com;55.612 37.696;cafe
Пекарня на Районе;;+7 (926) 587-64-86, +7 (915) 160-06-97;Домодедовская ул., 13, Москва;local-bakery.ru;55.610 37.710;cafe
Домино'с Пицца;+7 (495) 478-88-24, +7 (495) 240-83-82, +7 (495) 478-88-78, +7 (495) 478-88-89, +7 (495) 900-01-65, +7 (495) 478-88-59, +7 (495) 478-88-98, +7 (495) 900-01-07, +7 (495) 478-88-56, +7 (495) 478-88-62;;Ореховый бул., 9, Москва;dominospizza.ru;55.610 37.710;cafe
Bravos;;+7 (968) 373-86-65;Домодедовская ул., 28, Москва;;55.605 37.712;cafe
Шоколадница, кофейня;;+7 (916) 814-93-24;Ореховый бул., 14, корп. 3, Москва;shoko.ru;55.610 37.720;cafe
Ялла;+7 (499) 435-89-43, +7 (495) 799-34-37, +7 (499) 567-00-25;+7 (968) 850-80-90, +7 (903) 799-34-37;ул. Генерала Белова, 18Б, Москва;yalla.rest , chaihona18.ru;55.609 37.723;cafe
Деликадесса, кафе-ресторан;;+7 (925) 212-08-05;Котельническая набережная, 1/15 к А;delicadessa.ru;55.746 37.642;cafe
Симфония вкуса, магазин-кафе;;+7 (916) 495-90-99, +7 (977) 507-25-65;Каширское шоссе, 65 к1;;55.601 37.725;cafe
Баскин Роббинс;;+7 (909) 663-63-51;Ореховый бул., 14, корп. 3, Москва;baskinrobbins.ru;55.610 37.720;cafe
KFC, ресторан быстрого обслуживания;+7 (495) 198-09-45;;Ореховый бул., 14, корп. 3, Москва;kfc-russia.ru , yandexpriority.onelink.me , kfc.ru;55.610 37.720;cafe
Теремок, ресторан быстрого питания;+7 (812) 363-23-32, +7 (812) 244-66-00, +7 (495) 642-97-28, +7 (495) 956-27-30, +7 (495) 736-93-94;+7 (989) 198-13-97, +7 (916) 272-84-78, +7 (918) 020-75-58;Ореховый бул., 14, корп. 3, Москва;;55.610 37.720;cafe
Роллофф, кафе;+7 (495) 226-66-91, +7 (495) 669-69-69, +7 (495) 003-02-99, +7 (499) 391-05-94;+7 (985) 264-11-11, +7 (926) 026-44-44;Каширское ш., 142, корп. 1, стр. 5, Москва;rolloff.ru;55.598 37.723;cafe
Фаринари;+7 (495) 970-24-42;;Каширское ш., 65, корп. 3, Москва;farinari.ru;55.599 37.726;cafe
Хайям lounge, кафе;;+7 (967) 088-73-77;Ясеневая ул., 19, корп. 1, Москва;hayamcafe.nethouse.ru;55.603 37.730;cafe
Kuzina, кондитерская;+7 (3832) 09-18-25, +7 (3832) 09-37-41, +7 (3832) 09-20-37, +7 (3832) 09-11-67, +7 (495) 230-72-88, +7 (3832) 09-12-48, +7 (3832) 09-21-89, +7 (3832) 09-23-81, +7 (3832) 09-24-46, +7 (3832) 09-08-43;+7 (926) 155-01-03, +7 (924) 360-06-39, +7 (924) 360-06-87, +7 (996) 937-01-81, +7 (983) 142-64-40;Воронежская ул., 16, Москва;kuzina.ru;55.610 37.732;cafe
Mocco lounge, кафе-бар;;+7 (985) 999-10-74;Ясеневая ул., 29, Москва;moccolounge.ru;55.605 37.737;cafe
Здрасте кофе, кофейня;;+7 (999) 179-79-79;Ясеневая ул., 12, корп. 5, Москва;zdrastecafe.ru;55.603 37.733;cafe
Free&co, кафе быстрого питания;+7 (499) 444-58-34, +7 (499) 653-89-51, +7 (499) 110-82-47;;Воронежская ул., 44, корп. 1А, Москва;freecompany.org;55.610 37.746;cafe
Лига шашлыков, шашлычная;;+7 (967) 061-00-66, +7 (916) 829-29-82, +7 (965) 227-27-72;Гурьевский пр., 21, корп. 1, Москва;liga-shashlykov.ru;55.607 37.753;cafe
Gyumri, кафе;;+7 (925) 832-66-88, +7 (926) 626-25-86, +7 (926) 495-70-70;Базовая улица, 2;cafe-gyumri.ru;55.614 37.262;cafe
Унимэ суши;+7 (499) 322-06-72;;Россия, Москва, поселение Внуковское, Омская улица, 7А;unimesushi.ru , vnukovo.unimesushi.ru;55.616 37.263;cafe
Тока пицца, служба доставки пиццы;+7 (495) 212-13-83;;Центральная ул., 27, посёлок Внуково;tokapizza.ru;55.619 37.275;cafe
Мама миа, гастропаб;;+7 (966) 014-90-30;Москва, поселение Внуковское, улица Лётчика Ульянина, 2;mamamiapub.ru;55.625 37.304;cafe
Около тебя, кофейня;;+7 (985) 555-18-07;Москва, поселение Внуковское, улица Лётчика Ульянина, 6;;55.625 37.310;cafe
Palm tree coffee, кофейня;;+7 (925) 889-56-57;Россия, Москва, поселение Внуковское, улица Лётчика Ульянина, 7, корп. Б;palmtreecoffee.ru;55.626 37.311;cafe
Макаронкафе;+7 (495) 663-50-43;;Москва, поселение Внуковское, улица Лётчика Ульянина, 7кА;;55.626 37.310;cafe
Бейрут, кафе быстрого питания;;+7 (988) 835-16-88, +7 (985) 164-77-66;Москва, поселение Внуковское, улица Лётчика Грицевца, 12;;55.624 37.313;cafe
Uninn hotel, Гостиница Uninn hotel Vnukovo;;+7 (916) 432-07-06, +7 (967) 204-32-57;деревня Рассказовка, 1г;9238.hoteels.ru;55.630 37.323;cafe
Public craft and coffee;+7 (495) 231-60-39;+7 (910) 460-32-00, +7 (985) 231-60-39;Россия, Москва, поселение Московский, Саларьевская улица, 14, корп. 2;fire-fish.ru;55.618 37.410;cafe
Teika boom by Ksenia Borodina, активити-парк;+7 (843) 500-52-26, +7 (495) 445-05-18;;Киевское шоссе 23 км, 1;teikaboom.ru;55.624 37.423;cafe
Тода Пицца;;+7 (901) 147-75-64;Россия, Москва, поселение Московский, Саларьевская улица, 11;todapizza.ru;55.616 37.415;cafe
Кофикс;;+7 (977) 306-93-76;Москва, поселение Московский, Киевское шоссе, 23-й километр, 1;cofix.ru;55.624 37.422;cafe
Cvc;;+7 (906) 714-70-12;Россия, Москва, поселение Московский, Киевское шоссе, 23-й километр, 1;;55.625 37.422;cafe
Krispy Kreme;+7 (495) 668-80-40;+7 (985) 206-00-07, +7 (985) 481-22-55;Москва, поселение Московский, Киевское шоссе, 23-й километр, 1;;55.625 37.422;cafe
Dragon Mixology Bar;;+7 (985) 358-58-11, +7 (999) 555-32-94, +7 (995) 658-81-23;Россия, Москва, поселение Московский, Киевское шоссе, 23-й километр, 1;dragonbubble.ru;55.625 37.423;cafe
Гастромаркет Саларис;;+7 (916) 370-55-27, +7 (977) 994-15-52, +7 (977) 971-41-47;Москва, поселение Московский, Киевское шоссе, 23-й километр, 1;gastro.market;55.622 37.423;cafe
Bowl Family;;+7 (909) 697-70-70, +7 (985) 967-78-65;Россия, Москва, поселение Московский, Киевское шоссе, 23-й километр, 1;bowlfamily.ru;55.622 37.423;cafe
BB&Burgers;;+7 (963) 715-74-48;Москва, поселение Московский, Киевское шоссе, 23-й километр, 1;bbburgers.ru;55.622 37.423;cafe
PitaPita;+7 (495) 160-00-13;+7 (999) 813-90-95;Москва, поселение Московский, Киевское шоссе, 23-й километр, 1;pitapita.ru;55.622 37.423;cafe
Мясоroob;+7 (383) 304-94-46, +7 (383) 304-84-34, +7 (383) 383-24-32;;Москва, поселение Московский, Киевское шоссе, 23-й километр, 1;myasoroob.ru , msk.myasoroob.ru;55.625 37.423;cafe
У камина, кафе;+7 (495) 088-54-42;+7 (965) 181-35-45, +7 (915) 181-35-35;70-й квартал, пав К1-11;kafeukamina.ru;55.628 37.438;cafe
Армянский дом, кафе;;+7 (965) 346-77-11, +7 (967) 077-83-63, +7 (967) 077-93-63;Новая 1-я, ст1;;55.624 37.440;cafe
Армянский дом;;+7 (903) 774-88-22;1-я Новая ул., 1А, д. Саларьево;;55.625 37.440;cafe
Coffee Point;;+7 (916) 042-81-91;20, посёлок завода Мосрентген;coffeep.ru;55.618 37.472;cafe
Хинкальная;+7 (495) 339-34-66;;ул. Академика Варги, 8, корп. 1, Москва;gg-group.ru , kafekhinkalnaya.ru;55.630 37.474;cafe
Verona, гостиница;+7 (495) 587-26-96, +7 (495) 587-26-00, +7 (499) 608-12-15;+7 (905) 522-89-11;Генерала Тюленева, 12 ст1;verona-hotel.ru;55.615 37.491;cafe
Stopexpress;;+7 (929) 900-50-45;ул. Генерала Тюленева, 14, стр. 1, Москва;stopexpress.ru;55.614 37.491;cafe
Atletic food, магазин спортивного питания;+7 (495) 258-32-18;+7 (966) 351-71-66, +7 (964) 704-16-78;Новоясеневский просп., 1, Москва;atletic-food.ru;55.620 37.510;cafe
Шоколадница, кофейня;;+7 (916) 079-33-51;Профсоюзная ул., 129А, Москва;shoko.ru;55.619 37.507;cafe
KFC, ресторан быстрого обслуживания;+7 (495) 987-14-20;;Профсоюзная ул., 129А, Москва;kfc.ru;55.619 37.507;cafe
Мэри, банкетный зал;;+7 (926) 035-79-13;Профсоюзная ул., 152, корп. 2, стр. 2, Москва;;55.623 37.506;cafe
One price coffee, экспресс-кофейня;+7 (495) 015-31-50;+7 (977) 330-98-45;Новоясеневский просп., 1, Москва;onepricecoffee.com;55.620 37.508;cafe
Eurospar, супермаркет;+7 (8312) 20-07-22;;Новоясеневский просп., 1, Москва;myspar.ru;55.620 37.510;cafe
Алло! Пицца, сеть пиццерий;+7 (495) 186-57-07;;Профсоюзная ул., 140, Москва;allopizza.su;55.627 37.511;cafe
Бургер Клаб;;+7 (965) 400-70-70;Новоясеневский просп., 1Г, Москва;burgerclub.ru;55.619 37.507;cafe
Гамбринус, сеть ресторанов;+7 (495) 128-02-45, +7 (499) 380-87-77;;Профсоюзная ул., 142, корп. 1, Москва;gambrinus.ru;55.625 37.509;cafe
Самарканд;;+7 (929) 509-70-70;Новоясеневский просп., 1, стр. 4, Москва;samarkandrest.ru;55.619 37.510;cafe
Top Auto, автосалон;+7 (495) 185-13-13;;Новоясеневский просп., 3А, стр. 2, Москва;a-ca.ru;55.614 37.514;cafe
Кафе-Бар Гранат;;+7 (969) 050-96-61;Профсоюзная ул., 128, корп. 1, Москва, Россия;;55.631 37.515;cafe
Фермерс пицца, пиццерия;;+7 (916) 823-37-73, +7 (916) 550-92-89;Профсоюзная ул., 128, корп. 1, Москва;fermerspizza.ru;55.631 37.515;cafe
COMME A PARIS, французская пекарня-кондитерская;;+7 (910) 452-05-08, +7 (916) 335-88-60, +7 (916) 066-34-69;Профсоюзная ул., 126, корп. 3, Москва;commeaparis.ru;55.630 37.516;cafe
Небеса, кафе;;+7 (985) 465-30-70, +7 (903) 249-13-41;Профсоюзная ул., 126, корп. 2, Москва;nebesa-cafe.ru;55.631 37.517;cafe
Пловбокс;+7 (495) 991-57-20;;Профсоюзная ул., 126, корп. 3, Москва;plovbox.ru;55.630 37.517;cafe
Моремания, кафе-магазин;;+7 (906) 741-04-81;Профсоюзная ул., 126, корп. 3, Москва;moremania.su;55.630 37.517;cafe
Солнце Плаза, ресторан;+7 (495) 797-08-38;+7 (903) 797-08-38;Чертановская ул., 40, корп. 1, Москва;solnceplaza.ru;55.613 37.592;cafe
Чертаново, кафе-кондитерская;+7 (495) 314-26-34, +7 (495) 314-50-10;+7 (926) 103-68-32;Чертановская ул., 32, стр. 3, Москва;tort-panfilov.com;55.619 37.592;cafe
Гусар, кафе;;+7 (909) 169-08-36;Чертановская ул., 32, стр. 6, Москва;;55.619 37.593;cafe
Fanzone, бар;+7 (495) 109-01-18;;Кировоградская улица, 24а;fanzonebar.ru;55.612 37.603;cafe
Мск lounge, лаундж-бар;+7 (495) 998-20-22, +7 (4732) 75-88-83, +7 (495) 997-94-54, +7 (495) 233-36-68, +7 (495) 991-89-49, +7 (495) 144-95-91, +7 (495) 765-27-22, +7 (495) 774-48-00, +7 (495) 997-06-05, +7 (495) 999-42-12;;Кировоградская ул., 24А, Москва;mskofficial.ru;55.612 37.603;cafe
KFC, ресторан быстрого обслуживания;+7 (495) 106-34-06;;Кировоградская ул., 24А, Москва;yandexpriority.onelink.me , kfc.ru;55.612 37.603;cafe
KFC, ресторан быстрого обслуживания;;+7 (926) 900-82-52;Кировоградская ул., 14, Москва;yandexpriority.onelink.me , kfc.ru;55.623 37.606;cafe
Мисти парк;+7 (499) 283-85-86;+7 (968) 650-87-87;Чертановская ул., 20соор3, Москва;mistyparkmsk.ru;55.624 37.594;cafe
Зандукели, арт-кафе;;+7 (963) 696-55-03, +7 (906) 729-88-99;Чертановская ул., 9, стр. 4, Москва;cafezandukeli.ru;55.630 37.600;cafe
Беру! Шашлык;;+7 (926) 007-99-90, +7 (958) 111-75-28;Чертановская ул., 9, стр. 3, Москва;берушашлык.рф;55.629 37.601;cafe
Шоколадница, кофейня;;+7 (915) 474-00-96;Кировоградская ул., 14, Москва;shoko.ru;55.622 37.607;cafe
Cofix, кофейня фиксированной цены;;+7 (929) 566-52-30;Варшавское ш., 140, Москва;cofix.ru , cofix.global;55.612 37.607;cafe
Хинкальный дом, кафе;+7 (499) 444-08-85;+7 (925) 859-29-75, +7 (925) 450-77-00;Варшавское ш., 132, стр. 9, Москва;xinkalny-dom.ru , khinkalniy-dom.ru;55.621 37.610;cafe
Эль кафе, кофейня;;+7 (909) 944-11-22;Варшавское ш., 129, корп. 2, стр. 6, Москва;el-cafe.ru;55.613 37.612;cafe
Foodstep, столовая;+7 (495) 766-29-00, +7 (495) 642-29-00;;Варшавское ш., 125, стр. 1, Москва;obedru.ru;55.628 37.621;cafe
Cofix;;+7 (977) 580-74-33;Пролетарский просп., вл30, Москва;cofix.ru , cofix.global;55.631 37.659;cafe
Шашлычный двор № 1;+7 (499) 608-88-00, +7 (4862) 25-50-05;;Кавказский бул., вл29с1, Москва;шашлычныйдвор-1.рф;55.629 37.665;cafe
KFC, ресторан быстрого обслуживания;;+7 (916) 079-28-50;Луганская ул., 10, Москва;yandexpriority.onelink.me , kfc.ru;55.622 37.668;cafe
АндерСон, семейное кафе-кондитерская;;+7 (909) 646-36-01;ул. Тюрина, 1, Москва;cafe-anderson.ru;55.619 37.673;cafe
Pizzamento, неаполитанская пиццерия;;+7 (985) 002-45-45, +7 (985) 450-45-45, +7 (968) 920-45-45, +7 (965) 380-45-45, +7 (906) 060-30-70;ул. Тюрина, 1, Москва;pizzamento.ru;55.618 37.673;cafe
Меркато, итальянское кафе;+7 (499) 408-04-60, +7 (495) 155-10-05, +7 (495) 928-14-33, +7 (499) 408-37-05;+7 (925) 713-99-18, +7 (926) 401-81-79;ул. Тюрина, 1, Москва;cafemercato.ru;55.618 37.673;cafe
Кафе на Каспийской;+7 (495) 765-22-22;+7 (985) 765-22-22;Каспийская улица, 28;autocomplex28.ru;55.623 37.674;cafe
Coffee King;;+7 (985) 232-10-00, +7 (926) 198-68-97;Луганская ул., 12Б, Москва;coffee-king.clients.site;55.622 37.668;cafe
Домашняя Кухня Dетали;;+7 (915) 170-44-00;Каспийская ул., 28, Москва;autocomplex28.ru;55.623 37.674;cafe
Оазис, ресторан;+7 (495) 321-44-33;+7 (925) 113-57-67;Каспийская ул., 20, корп. 1, Москва;ресторан-оазис.рф;55.626 37.676;cafe
Кофишенская, кафе;+7 (495) 343-15-10;+7 (915) 007-28-28, +7 (926) 023-17-71, +7 (925) 772-51-10;Дольская ул., 10, стр. 3, Южный административный округ, район Орехово-Борисово Северное, Москва;usadba-tsaritsyno.ru;55.618 37.682;cafe
Ореховый бульвар, кафе;;+7 (916) 675-07-07, +7 (985) 729-07-07;Шипиловский проезд, вл39 ст2;obulvar.ru;55.613 37.696;cafe
Stopexpress;;+7 (929) 900-63-68;Шипиловский пр., 29, Москва;stopexpress.ru;55.616 37.695;cafe
Парадайз, банкетный зал;+7 (495) 780-00-06;+7 (968) 688-98-88, +7 (905) 595-16-61;ул. Маршала Захарова, 6, корп. 1, Москва;banquet-paradise.ru;55.624 37.705;cafe
Моремания, кафе-магазин;;+7 (903) 722-30-88, +7 (903) 682-19-26, +7 (925) 701-49-29, +7 (916) 517-10-05, +7 (968) 825-90-20, +7 (903) 171-52-83, +7 (960) 724-39-55;Каширское ш., 80, Москва;moremania.su , moremania.info;55.624 37.710;cafe
Атмосфера, батутный центр;+7 (499) 650-86-91, +7 (495) 374-84-34, +7 (3452) 39-33-03, +7 (495) 136-65-35, +7 (495) 933-65-35, +7 (495) 477-44-97, +7 (495) 969-18-14, +7 (495) 230-22-89;;Каширское шоссе, 61 к2;atmosferapark.ru;55.622 37.713;cafe
Cinnabon, кафе-пекарня;;+7 (915) 198-90-19;Каширское ш., 61Г, Москва;cinnabonrussia.com;55.621 37.713;cafe
Udc;+7 (499) 390-09-12;;Каширское ш., 61Г, Москва;upsidedowncake.ru;55.622 37.713;cafe
Ho Chu Pho;+7 (701) 730-76-92;+7 (991) 788-88-15, +7 (901) 535-06-83, +7 (915) 136-09-90;Каширское ш., 61Г, Москва;phoinmoscow.ru;55.622 37.713;cafe
Мясо&Рыба;+7 (495) 730-55-02;;Каширское ш., 61Г, Москва;meat-and-fish.ru , myaso-ryba.ru;55.621 37.714;cafe
Cofix;;+7 (925) 423-77-31;Каширское ш., 61Г, Москва;cofix.ru , cofix.global;55.621 37.714;cafe
Ваби Саби;+7 (495) 755-65-65;+7 (925) 386-46-12, +7 (926) 834-52-13, +7 (925) 300-41-64;Каширское ш., 61Г, Москва;vabisabi.ru;55.621 37.714;cafe
Шоколадница;;+7 (925) 227-76-27;Каширское ш., 61Г, Москва;shoko.ru;55.621 37.714;cafe
Funky World;+7 (495) 922-35-35, +7 (495) 252-05-67, +7 (499) 957-80-05, +7 (495) 220-30-55;+7 (985) 922-35-35;Каширское ш., 61Г, Москва;funky-world.ru;55.621 37.715;cafe
Пиццбург, пиццерия;+7 (495) 393-94-54;+7 (916) 393-94-54;ул. Генерала Белова, 29А, Москва;pizzburg.su;55.615 37.721;cafe
Efir Lounge, центр паровых коктейлей;+7 (495) 222-16-14, +7 (499) 322-89-54, +7 (495) 133-46-27;;ул. Генерала Белова, 29, Москва;efir-lounge.ru , efirlounge.ru;55.615 37.721;cafe
Алло! Пицца, сеть пиццерий;+7 (499) 730-50-55, +7 (495) 730-61-11;+7 (991) 400-67-87;Шипиловская ул., 25, Москва;allopizza.su;55.622 37.726;cafe
KFC, ресторан быстрого обслуживания;+7 (495) 021-11-83;;Борисовский пр., вл46А, Москва;kfc.ru;55.614 37.730;cafe
Куманек, кафе;+7 (495) 393-55-09;;Ореховый бул., 15, Москва;куманек.рф;55.613 37.720;cafe
Кофикс;;+7 (967) 299-34-80;Ореховый бул., 22А, Москва;cofix.ru , cofix.global;55.612 37.732;cafe
Лига, бильярдный клуб;+7 (495) 395-77-76;+7 (925) 347-14-20;Мусы Джалиля, 4 к6;ligabilliard.business.site;55.629 37.741;cafe
Арамье, пекарня-кулинария;+7 (495) 646-70-30, +7 (499) 399-40-70;;ул. Мусы Джалиля, 20, Москва;арамье.рф;55.623 37.742;cafe
Три финика, чайхана;;+7 (926) 898-70-00, +7 (999) 675-51-90;Шипиловская ул., 41, корп. 3, Москва;trifinika.ru;55.622 37.739;cafe
KFC, ресторан быстрого обслуживания;;+7 (963) 630-50-15;Ореховый бул., 45, корп. 1, Москва;yandexpriority.onelink.me , kfc.ru;55.614 37.744;cafe
Вкус Востока, кафе-бар;+7 (499) 725-44-04;;Задонский пр., 16, Москва;vkys-vostoka.ru;55.626 37.749;cafe
Coffee way;+7 (488) 120-75-86, +7 (4742) 55-10-06;+7 (915) 558-76-86, +7 (977) 777-30-35, +7 (910) 254-62-28;Кустанайская ул., 6, Москва;onepricecoffee.com , coffeeway.ru;55.620 37.753;cafe
Траттория XII, ресторан;+7 (499) 213-37-71;+7 (999) 111-22-33;Москва, поселение Внуковское, улица Бориса Пастернака, 12;trattoria12.ru;55.638 37.317;cafe
Food Place, кафе;+7 (499) 350-77-20;;улица Бориса Пастернака, 17;foodplace-cafe.ru;55.638 37.326;cafe
Вкуснохаус, служба доставки еды;+7 (495) 543-50-50;+7 (925) 543-50-50;Москва, поселение Внуковское, улица Бориса Пастернака, 17;vkusnohouse.ru;55.638 37.326;cafe
Буханка, пекарня;;+7 (916) 685-00-83, +7 (962) 918-37-00;Москва, поселение Внуковское, улица Бориса Пастернака, 13;buhanka.ru;55.639 37.327;cafe
Буханка;;+7 (985) 919-14-84;Россия, Москва, поселение Внуковское, улица Самуила Маршака, 23к1;buhanka.ru;55.634 37.320;cafe
Улитка;;+7 (999) 276-37-40;Москва, поселение Внуковское, улица Бориса Пастернака, 27к1;;55.637 37.317;cafe
Coffee Gang;;+7 (999) 354-47-28, +7 (915) 346-00-04, +7 (916) 579-59-49;Москва, поселение Внуковское, улица Самуила Маршака, 23к1;;55.634 37.320;cafe
Буханка Пекарня;;+7 (985) 004-60-27;Москва, поселение Внуковское, улица Самуила Маршака, 22;buhanka.ru;55.636 37.322;cafe
Vzernax;;+7 (977) 977-92-87;Россия, Москва, поселение Внуковское, улица Самуила Маршака, 19;vzernax.ru;55.635 37.323;cafe
Мичуринский;+7 (495) 776-51-15;+7 (985) 710-55-10, +7 (985) 776-51-15;ул. Энгельса, 8Ю, посёлок ДСК Мичуринец;sweethotel.ru;55.648 37.329;cafe
La basilica, итальянское кафе;+7 (495) 960-50-68, +7 (495) 790-83-89;;Москва, поселение Внуковское, улица Анны Ахматовой, 10;labasilico.ru;55.637 37.333;cafe
Солнцевский замок, ресторан;;+7 (966) 444-48-04, +7 (925) 022-49-13;Лукинская ул., 17, Москва;солнцевский-замок.рф;55.641 37.334;cafe
Тбилиссимо, кафе-хинкальная;+7 (495) 374-72-57;+7 (926) 755-86-66, +7 (985) 907-66-66, +7 (985) 686-66-36, +7 (916) 113-12-12;ул. Скульптора Мухиной, 13, Москва;грузинскаякухня.рф;55.637 37.340;cafe
Стамбул, ресторан;;+7 (925) 353-71-17;ул. Скульптора Мухиной, 11, Москва;stambul-hall.ru;55.638 37.340;cafe
Алло! Пицца, сеть пиццерий;;+7 (925) 001-98-99;Боровское ш., 50, Москва;allopizza.su;55.636 37.348;cafe
Буркина фасоль, кафе-кулинария;+7 (499) 253-87-80, +7 (499) 137-49-40;+7 (977) 864-65-78, +7 (968) 606-95-09;Россия, Москва, поселение Внуковское, улица Анны Ахматовой, 11, корп. 1;burkina-fasol.ru;55.634 37.333;cafe
Арго;;+7 (916) 565-57-03, +7 (926) 971-29-22;ул. Федосьино, 4, Москва;;55.636 37.342;cafe
Штолле, кафе-пироговая;+7 (812) 328-12-21, +7 (495) 644-40-45;;Боровское ш., 36, Москва;msk.stolle.ru , stolle.ru;55.640 37.354;cafe
Библиотека, кафе;+7 (495) 106-56-56, +7 (495) 431-00-77;+7 (926) 175-35-01, +7 (985) 776-01-01, +7 (965) 139-01-08;Новоорловская ул., 9, Москва;kafe-biblioteka.ru;55.634 37.360;cafe
Семейный очаг, кафе;+7 (495) 733-54-01, +7 (495) 731-39-03;+7 (969) 111-54-01;Боровское ш., 27, Москва;family-ochag.ru;55.645 37.365;cafe
Ресторан Вишневый Сад;;+7 (909) 911-12-79, +7 (909) 911-12-17;Новоорловская ул., 3Г, Москва;cherry-rest.ru , cherryrest.ru;55.637 37.367;cafe
Crazy brothers, Пункт самовывоза;;+7 (977) 801-86-86, +7 (925) 811-68-88, +7 (925) 566-86-66, +7 (926) 499-86-66;Новоорловская ул., 3Г, Москва;crazybrothers.ru;55.637 37.367;cafe
Fresh Cafe;;+7 (991) 978-40-69;Новопеределкинская ул., 9А, Москва;freshcafe.su;55.640 37.366;cafe
Рыжий лис, кафе;+7 (495) 023-00-44;+7 (967) 031-10-17, +7 (999) 444-05-83, +7 (926) 150-62-71;Производственная ул., 10, корп. 2, Москва;dompriemov.ru , red-fox.cafe;55.643 37.385;cafe
Гриндэй, кафе;;+7 (926) 492-19-06;Производственная ул., 10, корп. 1, Москва;greendaycafe.ru;55.644 37.386;cafe
Nixie, кафе паназиатской кухни;;+7 (909) 900-04-01;Производственная ул., 12, корп. 1, Москва;nixierest.ru;55.644 37.389;cafe
БуLки;;+7 (920) 428-61-16, +7 (916) 933-79-59;Производственная ул., 8, корп. 2, Москва;;55.646 37.389;cafe
Алло! Пицца, сеть пиццерий;+7 (495) 260-02-18;;ул. Авиаторов, 14, Москва;allopizza.su;55.645 37.398;cafe
Buncar, автокомплекс;+7 (495) 649-50-03;+7 (985) 443-30-03;ул. Щорса, 8, корп. А, Москва;buncar.moscow;55.646 37.403;cafe
Шоколадница;;+7 (916) 558-56-85;ул. Авиаторов, 3А, Москва;shoko.ru;55.643 37.397;cafe
Франклинс Бургер;;+7 (985) 311-55-73;ул. Авиаторов, 3А, Москва;franklins.ru;55.643 37.397;cafe
Шоколадница, кофейня;;+7 (915) 492-20-08;Солнцевский просп., 21, Москва;shoko.ru;55.647 37.412;cafe
Trattoria Fornetto;+7 (495) 785-85-25, +7 (499) 128-29-21, +7 (495) 799-22-79, +7 (495) 799-61-63, +7 (499) 272-33-23, +7 (701) 000-02-24, +7 (495) 788-40-84, +7 (495) 136-68-86, +7 (495) 968-42-52, +7 (499) 769-33-33;+7 (926) 176-73-62, +7 (903) 799-19-17;Москва, поселение Московский, Киевское шоссе, 22-й километр, 6с1кА5;ilfornogroup.ru;55.635 37.431;cafe
Stoleshnikov;+7 (495) 664-23-63;;Россия, Москва, поселение Московский, деревня Румянцево, офисный парк Комсити;stoleshnikov.moscow;55.635 37.431;cafe
Cafetera;+7 (495) 988-46-06, +7 (495) 988-46-07;+7 (916) 352-48-84, +7 (905) 509-07-35, +7 (905) 509-07-24;Россия, Москва, поселение Московский, Киевское шоссе, 22-й километр, 6с1кА5;compass-group.ru , cafetera-group.ru;55.635 37.431;cafe
Wonjo Kitchen;+7 (499) 429-01-05;+7 (917) 592-44-34, +7 (926) 199-58-82;Москва, поселение Московский, Киевское шоссе, 22-й километр, 6с1кА5;wonjo.ru;55.634 37.431;cafe
Seeds' cafe;+7 (495) 120-12-78;;Россия, Москва, поселение Московский, Киевское шоссе, 22-й километр, 6, стр. 1;seedscafe.ru;55.634 37.431;cafe
Здрасте кофе;;+7 (991) 714-24-05;Россия, Москва, поселение Московский, Киевское шоссе, 22-й километр, 6, стр. 1;;55.634 37.432;cafe
Prime;+7 (495) 663-72-33;+7 (964) 631-28-78, +7 (916) 672-37-33, +7 (903) 798-30-85;Москва, поселение Московский, Киевское шоссе, 22-й километр, 6, стр. 1;prime-star.ru;55.634 37.432;cafe
Пять звезд, кафе-столовая;+7 (499) 340-21-03, +7 (499) 426-02-76, +7 (495) 411-89-12;+7 (965) 124-65-23, +7 (965) 124-65-19;22 километр Киевское шоссе, вл4 блок А;pzmmoscow.ru;55.633 37.439;cafe
Viva El Vino;+7 (495) 971-88-09;+7 (901) 543-88-09;Россия, Москва, поселение Московский, Киевское шоссе, 22-й километр, дв4с2кГ;viva-vino.ru;55.635 37.437;cafe
Алёнка;+7 (499) 110-05-96;;Москва, поселение Московский, Киевское шоссе, 22-й километр, дв4с1кА;alenka.ru;55.634 37.439;cafe
Шоколадница;;+7 (915) 492-21-70;Россия, Москва, поселение Московский, Киевское шоссе, 22-й километр, дв4с1кА;shoko.ru;55.634 37.440;cafe
Мясо&Рыба;+7 (495) 240-53-77;;Москва, поселение Московский, Киевское шоссе, 22-й километр, дв4с1кА;meat-and-fish.ru;55.634 37.441;cafe
Cinnabon;;+7 (985) 368-72-33;Москва, поселение Московский, Киевское шоссе, 22-й километр, дв4с1кА;cinnabonrussia.com;55.634 37.442;cafe
Страдивари, кафе;+7 (495) 979-66-82, +7 (495) 940-62-77, +7 (495) 211-25-54, +7 (495) 940-82-19;+7 (985) 211-25-54, +7 (968) 557-25-58, +7 (916) 500-20-09, +7 (925) 117-96-53;ул. Академика Анохина, 60, Москва;pominalnayatrapeza.ru , страдивари.com;55.649 37.469;cafe
Stopexpress;;+7 (925) 912-93-36;19, д. Дудкино;stopexpress.ru;55.635 37.452;cafe
Гриль дворик;;+7 (917) 586-67-68;Россия, Москва, Западный административный округ, район Тропарёво-Никулино, Центральная аллея;grill-dvorik.clients.site;55.644 37.466;cafe
Скалка, пироговая;+7 (495) 444-89-30, +7 (499) 444-89-30, +7 (495) 796-64-49, +7 (495) 374-60-30;+7 (926) 861-89-86;Ленинский просп., 127, Москва;pirogi-skalka.ru;55.646 37.477;cafe
KFC, ресторан быстрого обслуживания;;+7 (963) 630-03-85;Ленинский просп., 123В, Москва;yandexpriority.onelink.me , kfc.ru;55.648 37.482;cafe
Bon voyage, кафе;+7 (495) 234-92-84, +7 (495) 234-93-18, +7 (495) 234-93-59, +7 (495) 234-93-78, +7 (495) 234-92-52, +7 (495) 234-92-09, +7 (495) 234-92-92, +7 (495) 232-00-89, +7 (495) 234-93-17, +7 (495) 234-93-29;+7 (903) 172-45-05;Ленинский проспект, 158;hotelsalut.ru;55.651 37.483;cafe
Буханка, пекарня;;+7 (909) 951-97-90;ул. Академика Виноградова, 5, Москва;buhanka.ru;55.633 37.484;cafe
Жасмин, кафе-бар;+7 (495) 438-23-66, +7 (499) 749-67-02;+7 (967) 135-70-00;Ленинский проспект, 121/1 к3;jasmin-cafe.ru;55.649 37.484;cafe
Кулинариум, кафе-кулинария;+7 (495) 978-78-97;;Ленинский просп., 131, Москва;kulinariym.ru;55.645 37.474;cafe
Kathrin bakery, кафе;+7 (495) 438-49-00;+7 (926) 115-89-19;Ленинский просп., 129, корп. 2, Москва;;55.644 37.481;cafe
Fresh cafe, корпоративное кафе;+7 (495) 151-23-51;;Ленинский проспект, 119а;fresh.cafe;55.650 37.489;cafe
Грин парк, кафе;;+7 (919) 777-10-64;улица Академика Виноградова, вл11;greenpark-cafe-teplystan.tilda.ws;55.636 37.490;cafe
Буханка, пекарня;;+7 (926) 190-43-50, +7 (925) 874-99-92;ул. Островитянова, 5, корп. 3, Москва;buhanka.ru;55.646 37.496;cafe
Скаzка bar, ресторан-клуб;+7 (495) 434-52-11;+7 (926) 928-72-77;ул. Миклухо-Маклая, 21, корп. 2, Москва;skazkabar.ru;55.651 37.507;cafe
Деви;+7 (495) 544-46-40;+7 (926) 667-85-37, +7 (925) 517-17-87;ул. Миклухо-Маклая, 21А, Москва;devicafe.ru;55.651 37.508;cafe
Евразия, кафе-бар;;+7 (926) 467-58-13, +7 (962) 947-74-48;ул. Миклухо-Маклая, 21, корп. 1, Москва;evraasia.ru;55.652 37.508;cafe
Mango gril, кафе-ресторан;;+7 (929) 699-47-85;ул. Миклухо-Маклая, 21, корп. 1, Москва;mango-gril.ru;55.652 37.508;cafe
Хинкальная;+7 (495) 150-43-48, +7 (495) 336-76-11;;ул. Академика Волгина, 29, Москва;gg-group.ru , kafekhinkalnaya.ru;55.644 37.508;cafe
Маковка, пекарня;;+7 (906) 039-67-57;ул. Академика Арцимовича, 13, Москва;p-makovka.ru , makovka.pro;55.640 37.513;cafe
La Piola, кафе;+7 (495) 429-52-49, +7 (495) 429-57-52;;Профсоюзная улица, 109 к2;la-piola.ru;55.633 37.520;cafe
KFC, ресторан быстрого обслуживания;;+7 (963) 630-40-94;Профсоюзная ул., 118, Москва;yandexpriority.onelink.me , kfc.ru;55.636 37.521;cafe
Лорэм, караоке-клуб;+7 (495) 336-30-68;+7 (925) 233-99-12, +7 (901) 331-61-32;ул. Миклухо-Маклая, 18, корп. 1, Москва;loremcafe.ru;55.646 37.518;cafe
T&w Coffee Co;+7 (495) 166-38-77;+7 (927) 752-71-27, +7 (909) 934-24-43;ул. Миклухо-Маклая, 18, корп. 2, Москва;takeandwake.biz , гдекофе.рф , takeandwake.ru;55.645 37.519;cafe
МосКальян;;+7 (965) 182-22-20;ул. Миклухо-Маклая, 18, корп. 2, Москва;mos-lounge.ru , mosfranchise.com;55.645 37.520;cafe
Jeffrey`s coffeeshop, кофейня;;+7 (985) 148-73-92, +7 (977) 586-98-01, +7 (999) 813-01-30, +7 (916) 068-14-77, +7 (916) 338-69-31;ул. Миклухо-Маклая, 18, корп. 2, Москва;jeffreys.ru;55.645 37.520;cafe
DrunkenDuck Pub, бар;+7 (495) 636-29-56;;Профсоюзная ул., 104, Москва;ddpub.ru;55.642 37.524;cafe
KFC, ресторан быстрого обслуживания;+7 (495) 640-52-06;;ул. Миклухо-Маклая, 47А, Москва;yandexpriority.onelink.me , kfc.ru;55.644 37.524;cafe
Modus vita, бильярдный клуб;+7 (499) 938-49-25, +7 (499) 724-70-66, +7 (499) 724-80-80;+7 (977) 475-27-88;ул. Бутлерова, 12, Москва;modusvita.ru;55.652 37.528;cafe
Monpasie, столовая;+7 (495) 968-05-11;+7 (905) 564-29-45, +7 (903) 968-05-11;Профсоюзная ул., 83А, Москва;;55.645 37.530;cafe
Jeffrey`s coffeeshop;;+7 (910) 448-80-70, +7 (929) 918-28-38, +7 (995) 333-96-28;Профсоюзная ул., 104, Москва;jeffreys.ru;55.643 37.525;cafe
Питербургер, бургерная;;+7 (915) 290-58-58, +7 (919) 997-70-00, +7 (915) 290-59-59;Профсоюзная ул., 102, стр. 1, Москва;pburger.ru , burger-beliaevo.ru;55.644 37.526;cafe
Кофикс;;+7 (915) 250-23-34, +7 (968) 500-78-90;Профсоюзная ул., 102, стр. 1, Москва;cofix.ru , cofix.global;55.644 37.526;cafe
Суши make, суши-буфет;+7 (495) 138-38-38, +7 (383) 388-50-05;;ул. Миклухо-Маклая, 32А, Москва;суши-маке.рф;55.641 37.531;cafe
KFC, ресторан быстрого обслуживания;;+7 (925) 003-86-14;ул. Миклухо-Маклая, 32А, Москва;yandexpriority.onelink.me , kfc.ru;55.641 37.531;cafe
Суши love, магазин суши;;+7 (903) 795-84-25, +7 (926) 177-55-69;ул. Миклухо-Маклая, 36А, Москва;kaliningrad-dostavka.sushi-love.ru , moskva-miklukho-maklaya.sushi-love.ru , moskva-putilkovo-novotushinskaya.sushi-love.ru;55.640 37.533;cafe
Масала арт, кафе индийской кухни;+7 (499) 677-63-49, +7 (495) 766-16-35;+7 (985) 766-16-35;ул. Бутлерова, 24, Москва;masalaart.ru;55.649 37.536;cafe
Пабло, гастро-буфет;;+7 (999) 890-09-11;ул. Бутлерова, 17, Москва;;55.650 37.540;cafe
Harvest cocktail bar, бар;;+7 (926) 964-35-25;ул. Бутлерова, 17Б, Москва;harvest.moscow;55.648 37.541;cafe
Ла делиция, банкетный зал;+7 (495) 330-30-66;+7 (925) 069-27-87, +7 (967) 212-67-67;Севастопольский просп., 56А, Москва;la-delizia.ru;55.641 37.548;cafe
Stopexpress;;+7 (929) 900-81-66;Севастопольский просп., 95А, стр. 1, Москва;stopexpress.ru;55.635 37.543;cafe
Хинкали у Привалофф;;+7 (991) 222-60-59;Севастопольский просп., 54Г, Москва, Россия;uprivaloff.ru;55.646 37.561;cafe
Церковь священномученика Вениамина, митрополита Петроградского;;+7 (925) 330-35-21;ул. Каховка, вл13к9, Москва;hram-veniamin.ru;55.648 37.587;cafe
Чаван чуду, кафе дагестанской кухни;;+7 (925) 355-55-56;ул. Каховка, 11, корп. 1, Москва;chaban-chudu.ru;55.651 37.587;cafe
Витражи, бар;+7 (495) 318-96-00;;ул. Каховка, 11, корп. 1, Москва;barvitrazhi.ru;55.651 37.587;cafe
Барбарис, ресторан;;+7 (969) 133-10-10;4, Южный административный округ, район Чертаново Северное, микрорайон Северное Чертаново, Москва;;55.641 37.593;cafe
Пекарня Буханка;;+7 (901) 729-54-89;5, корп. А, Южный административный округ, район Чертаново Северное, микрорайон Северное Чертаново, Москва;buhanka.ru;55.638 37.592;cafe
Hotdogger, кафе быстрого питания;;+7 (912) 744-90-01;Азовская ул., 24, корп. 3, Москва;hdogger.ru;55.647 37.595;cafe
Pizza preferita, пиццерия;+7 (499) 347-55-77;+7 (919) 100-91-30;Азовская ул., 24, корп. 3, Москва;pizzapreferita.ru;55.648 37.595;cafe
Black star burger, ресторан быстрого питания;+7 (499) 288-00-81;+7 (977) 984-49-61;Большая Юшуньская ул., 1А, корп. 7, Москва;blackstarburger.ru;55.651 37.595;cafe
7шампуров, шашлычная;+7 (495) 175-78-23;+7 (926) 627-95-27, +7 (926) 383-90-44;улица Азовская, 39 к1;7shampurov.ru;55.645 37.596;cafe
Мармелад, лаундж-бар;;+7 (995) 301-55-88;Балаклавский проспект, 7;;55.641 37.603;cafe
Джорджия, ресторан;+7 (495) 476-41-68, +7 (495) 781-78-96;+7 (925) 567-85-85;Балаклавский просп., 7, Москва;restorangeorgia.ru;55.641 37.604;cafe
Му-му, сеть кафе;+7 (499) 678-40-10;+7 (985) 178-90-00;Балаклавский просп., 7, Москва;cafemumu.ru;55.641 37.604;cafe
KFC, ресторан быстрого обслуживания;+7 (495) 198-09-03;;Чертановская ул., 1Г, Москва;kfc.ru;55.640 37.606;cafe
Мята Lounge, центр паровых коктейлей;+7 (499) 346-62-18;+7 (977) 982-07-69;Балаклавский просп., 5А, Москва;myatachertanovskaya.ru , myata-chertanovskaya.ru;55.641 37.608;cafe
Шоколадница, кофейня;;+7 (915) 473-97-07;Балаклавский просп., 5А, стр. 12, Москва;shoko.ru;55.641 37.609;cafe
Noosh Cafe, семейный ресторан;+7 (495) 298-99-11, +7 (495) 926-50-80, +7 (499) 619-11-12;+7 (958) 880-50-80, +7 (968) 954-55-46;Симферопольский бул., 31, Москва;nooshcafe.ru;55.646 37.606;cafe
Hatimaki;+7 (495) 120-44-23, +7 (499) 113-31-71;;Чертановская ул., 1Г, Москва;hatimaki.ru;55.640 37.607;cafe
Между булок, бургерная;;+7 (977) 875-02-60;Балаклавский просп., 5А, стр. 11, Москва;;55.640 37.609;cafe
Алло! Пицца, сеть пиццерий;+7 (495) 260-02-48;;Варшавское ш., 82, Москва;allopizza.su;55.652 37.619;cafe
KFC, ресторан быстрого обслуживания;;+7 (925) 003-86-13;Варшавское ш., 97, Москва;yandexpriority.onelink.me , kfc.ru;55.633 37.624;cafe
Pizza Volante, пиццерия;+7 (495) 201-21-08;;Чонгарский бул., 7, Москва;pizza-volante.ru;55.652 37.612;cafe
Крепери;+7 (499) 264-11-04, +7 (499) 125-83-00;+7 (926) 779-79-25, +7 (926) 779-79-23, +7 (968) 984-46-38;Чонгарский бул., 7, Москва;creperie.ru;55.652 37.612;cafe
Qalaquri, кафе грузинской кухни;;+7 (925) 005-09-55;Чонгарский бул., 7, Москва;qalaquri.ru;55.652 37.613;cafe
Плов-Центр;;+7 (925) 400-00-70;Варшавское ш., 91, стр. 17, Москва;plov-center.ru;55.651 37.620;cafe
Грин Лондон;+7 (499) 346-82-13;+7 (967) 057-75-88;2-й Котляковский пер., 1, стр. 35, Москва;green-london.ru;55.649 37.638;cafe
Булкер, столовая;+7 (495) 325-47-00, +7 (495) 231-28-49;+7 (926) 659-56-49, +7 (915) 298-40-84;Кантемировская ул., 58, Москва;bulkerdostavka.ru , goo.gl , bulker.ru;55.639 37.644;cafe
Братуха, магазин фастфудной продукции;;+7 (968) 414-10-55;Пролетарский проспект, 14/49 к2;bratukha.ru;55.637 37.654;cafe
Очаг grill, ресторан;+7 (495) 364-77-67;+7 (985) 364-77-67, +7 (926) 356-00-99;ул. Москворечье, 23, Москва;cafe-ochaggrill.ru;55.645 37.654;cafe
Хинкальная на Кантемировской, кафе;+7 (499) 324-34-34;+7 (985) 986-80-71;Пролетарский просп., 23А, Москва;hinkalnakantim.ru;55.637 37.656;cafe
KFC Авто;+7 (495) 106-69-55;;Пролетарский просп., 2А, Москва;kfc.ru;55.649 37.656;cafe
Гастро Бистро Шаверма-Братуха;;+7 (985) 551-94-45, +7 (968) 396-02-07;Пролетарский просп., 14/49к2, Москва;bratukha.ru;55.637 37.653;cafe
Стейк & Бургер;+7 (495) 651-92-52, +7 (495) 644-17-01, +7 (256) 583-55-82;+7 (985) 423-09-40, +7 (915) 336-46-81, +7 (919) 101-52-22, +7 (939) 111-72-89;Кантемировская ул., 47, Москва;burgermiratorg.shop , miratorg.ru;55.638 37.657;cafe
Опята, бар;;+7 (903) 363-88-99;Пролетарский просп., 20, корп. 1, Москва;opyatabar.su;55.634 37.657;cafe
Вкус Востока, чайхана;;+7 (925) 354-50-85, +7 (925) 846-22-28;Пролетарский просп., 20, корп. 2, Москва;vkusvostoka24.ru;55.633 37.658;cafe
Старинные обычаи, кафе;+7 (495) 655-69-05;+7 (964) 645-69-05;Пролетарский просп., 19, корп. 3, Москва;unkafe.ru;55.641 37.658;cafe
Хлебное место, кафе-пекарня;;+7 (968) 700-70-57;Кантемировская ул., 31А, Москва;;55.637 37.664;cafe
Кафе Милениум;+7 (495) 150-08-88, +7 (495) 344-89-64, +7 (495) 148-66-77;+7 (926) 256-46-83, +7 (977) 606-88-82;Каширское ш., 55А, Москва;milfitness.ru;55.639 37.693;cafe
Роко Бэй — Мох и кофе;+7 (495) 648-67-28;;Донецкая ул., 34, корп. 1, Москва;rocobay.ru;55.645 37.704;cafe
Рай-ON;+7 (499) 499-79-69;+7 (966) 323-33-34;Донецкая ул., 33, Москва;рай-он.рф;55.645 37.711;cafe
СУШИ СЕТ;;+7 (977) 472-00-01;Новочеркасский бул., 13, Москва;setsushi.ru , clck.ru;55.647 37.723;cafe
Карина, ресторан;+7 (499) 356-56-47;+7 (962) 360-99-99, +7 (925) 757-55-55;Новочеркасский бул., 13, Москва;restoran-karina.com;55.647 37.723;cafe
White star lounge, лаундж-кафе;;+7 (903) 250-22-88, +7 (926) 650-63-43, +7 (926) 500-05-55;ул. Борисовские Пруды, 8А, Москва;zoon.ru , white-star-lounge-centr.ru;55.635 37.736;cafe
Мясо на углях, кафе быстрого обслуживания;;+7 (985) 558-81-82;Новочеркасский бульвар, 57 к1;myasonauglyah.ru;55.648 37.742;cafe
Сквот, лаундж-бар;;+7 (926) 873-49-96, +7 (926) 864-57-53;Батайский пр., 63, Москва;skvot.one;55.644 37.742;cafe
Пончики! Выпекаем на месте;+7 (499) 286-85-21;;Люблинская ул., 163/1, Москва;rusponchiki.ru;55.651 37.744;cafe
Олимпия, кафе;+7 (495) 340-89-96;+7 (926) 347-55-66;ул. Борисовские Пруды, 10, корп. 5, Москва;ollimpia.ru;55.634 37.741;cafe
Шаверма-Братуха;;+7 (916) 227-78-21, +7 (985) 151-11-33;Люблинская ул., 169, корп. 2, Москва;bratukha.ru;55.649 37.745;cafe
Шоколадница, кофейня;;+7 (985) 310-48-41;Люблинская ул., 165, корп. 1, Москва;shokokids.ru , shoko.ru;55.650 37.746;cafe
МосКальян;;+7 (965) 193-33-11;Люблинская ул., 165, корп. 1, Москва;mos-lounge.ru , mosfranchise.com;55.650 37.746;cafe
Плов-хаус, кафе;+7 (495) 205-30-55;+7 (966) 087-96-96;Люблинская улица, 165 к3;jeny-art.ru , plov-house.ru;55.649 37.746;cafe
Чеддер, паб;;+7 (962) 956-59-56;Люблинская ул., 175, Москва;chedderpub.ru , chedder.ru;55.645 37.747;cafe
KFC, ресторан быстрого обслуживания;;+7 (963) 630-55-12;Ключевая ул., 6, корп. 1, Москва;kfc.ru;55.638 37.757;cafe
Южный Дворик;+7 (495) 664-63-10;;ул. Борисовские Пруды, 26, Москва;ug-dvorik.ru;55.640 37.758;cafe
Suшi, сервис доставки еды;+7 (495) 926-26-08;+7 (968) 536-56-74;Луговой пр., 12, корп. 1, Москва;suwicafe.ru;55.646 37.753;cafe
Вьетnam, стрит-фуд кафе;+7 (495) 142-69-00, +7 (499) 142-69-61, +7 (499) 714-69-61;+7 (919) 766-32-02;ул. Борисовские Пруды, 26, Москва;edavietnam.ru;55.640 37.759;cafe
Гриль - бар ШашлыкоFF;+7 (499) 777-50-18;;Поречная ул., 10, Москва;shashlikoff.com;55.650 37.770;cafe
Теремок, ресторан быстрого питания;+7 (495) 743-75-03, +7 (495) 743-75-02, +7 (495) 743-75-00;+7 (966) 027-83-96, +7 (916) 124-42-44, +7 (968) 040-86-34;Поречная ул., 10, Москва;trk-mari.ru;55.650 37.771;cafe
Саят-Нова;+7 (495) 355-82-85;+7 (905) 777-26-60;ул. Капотня, 34, Москва;sayat-nova.net;55.640 37.808;cafe
Триумф ковры Садовод ТК Ковровый ряд;;+7 (903) 799-82-99, +7 (964) 523-57-04;МКАД, 14-й километр, 10, стр. 2, Москва;catalog-sadovod.ru;55.652 37.829;cafe
Встреча;;+7 (925) 162-38-38;МКАД, 14-й километр, 10, стр. 2, Москва;;55.651 37.833;cafe
Груша, кофейня;;+7 (905) 708-33-18;Погодина, ст1;grusha.cafe;55.659 37.340;cafe
Райская трапеза, ресторан;+7 (495) 988-26-56, +7 (499) 792-33-15, +7 (495) 924-33-30, +7 (495) 003-33-15;+7 (921) 638-58-52, +7 (905) 532-70-52, +7 (926) 524-01-19, +7 (921) 954-29-29, +7 (911) 826-83-51;Попутная ул., 5, Москва;raiskaya-trapeza.ru;55.654 37.385;cafe
KFC, ресторан быстрого обслуживания;+7 (495) 980-20-77;;Боровское ш., 6, Москва;yandexpriority.onelink.me , kfc.ru;55.659 37.401;cafe
Хинкальная;+7 (495) 155-35-65;;Боровское ш., 6Б, Москва;gg-group.ru , kafekhinkalnaya.ru;55.659 37.404;cafe
Шедевры вкуса, кафе-кондитерская;;+7 (925) 355-56-59, +7 (968) 543-47-34;Солнцевский просп., 6, корп. 1, Москва;shedevryvkusa.ru;55.654 37.400;cafe
Бенджамин, кафе;+7 (495) 924-33-77;+7 (985) 924-33-77;улица 50 лет Октября, вл2Б ст1;cafebenjamin.ru;55.653 37.416;cafe
Пловмания, кафе;;+7 (969) 123-39-00;Боровское ш., 2, стр. 5А, Москва;plovmaniya.com;55.661 37.418;cafe
Coffee woo, кофейня;;+7 (985) 215-51-90, +7 (910) 425-74-35, +7 (985) 874-44-73;Боровское ш., 2, корп. 5, Москва;coffeewoo.taplink.ws;55.662 37.418;cafe
258, кафе;;+7 (903) 573-02-58;Боровское ш., 2, корп. 5, Москва;cafe258.ru;55.662 37.419;cafe
Коразон, гастробистро;+7 (499) 130-09-81, +7 (499) 325-35-58;;Боровское ш., 2, корп. 5, Москва;corazon-delivery.ru;55.662 37.419;cafe
Stopexpress;;+7 (925) 913-09-49;Россия, Боровское шоссе, 0;stopexpress.ru;55.660 37.419;cafe
Буркина фасоль, кафе-кулинария;+7 (495) 775-99-81;;Боровское ш., 2, корп. 5, Москва;burkina-fasol.ru;55.662 37.420;cafe
Q lounge;;+7 (901) 257-43-96;Россия, Москва, поселение Московский, улица Зелёная Горка, 1А;zoon.ru , q-lounge.ru;55.653 37.422;cafe
Zёrna;;+7 (925) 451-24-57;Москва, поселение Московский, улица Татьянин Парк, 15, корп. 1;;55.658 37.424;cafe
Дом 15, кафе;;+7 (968) 751-15-15;Москва, поселение Московский, улица Татьянин Парк, 15, корп. 1;cafedom15.ru;55.658 37.424;cafe
Kitchen, семейное кафе;;+7 (926) 363-41-72;Москва, поселение Московский, улица Татьянин Парк, 14, корп. 4;cafe-kitchen.ru;55.653 37.426;cafe
ФУД Проект;;+7 (968) 441-38-11;Россия, Москва, поселение Московский, улица Татьянин Парк, 19, корп. 2;food-proekt.ru;55.657 37.427;cafe
Шоколадница;;+7 (915) 492-21-67;МКАД, 47-й километр, с20, Москва;shoko.ru;55.659 37.430;cafe
Бургер Кинг;+7 (495) 544-50-00;;Россия, Москва, поселение Московский, МКАД, 47-й километр, вл31с1;burgerking.ru , burgerkingapp.onelink.me , burgerkingrus.ru;55.659 37.430;cafe
Хлеб с маслом;;+7 (965) 190-03-92, +7 (966) 015-82-42, +7 (915) 348-19-68, +7 (906) 012-98-76;МКАД, 47-й километр, с20, Москва;hlebsmaslom.ru;55.658 37.430;cafe
Ваш лаваш, кафе быстрого обслуживания;+7 (495) 979-76-80;+7 (985) 026-11-25, +7 (926) 397-33-44, +7 (915) 175-41-41;Озёрная ул., 37А, Москва;vashlavash.ru;55.669 37.445;cafe
Stopexpress;;+7 (929) 900-80-54;МКАД, 46-й километр, вл6, Москва;stopexpress.ru;55.655 37.442;cafe
Илико, кафе;+7 (495) 232-78-95;+7 (915) 333-55-30;Никулинская ул., 27Б, Москва;илико.рф;55.670 37.452;cafe
Алло! Пицца, сеть пиццерий;+7 (495) 260-02-75;;ул. Покрышкина, 5, Москва;allopizza.su;55.665 37.469;cafe
Kitchen, семейное кафе;;+7 (903) 660-60-29;ул. Академика Анохина, 13, Москва;cafe-kitchen.ru , dostavka.cafe-kitchen.ru , prazdnik.cafe-kitchen.ru;55.656 37.472;cafe
Maleton, мини-отель;+7 (495) 718-55-90, +7 (495) 718-59-70, +7 (499) 726-23-20;;улица Академика Анохина, 11а;maleton.ru;55.658 37.472;cafe
Торнано, кафе;;+7 (966) 031-22-20;просп. Вернадского, 92, Москва;delivery.restik.com , tornanoclub.ru;55.655 37.473;cafe
Delonix, кафе;+7 (495) 647-12-72;;проспект Вернадского, 94 к1;delonixcafe.ru;55.653 37.476;cafe
Хинкальная;;+7 (926) 233-33-24;просп. Вернадского, 86В, Москва;gg-group.ru , kafekhinkalnaya.ru;55.662 37.480;cafe
Лепим и варим;;+7 (926) 024-34-93;просп. Вернадского, 86В, Москва;lepimivarim.ru;55.662 37.480;cafe
I Need Doner;+7 (499) 391-41-61, +7 (499) 391-34-94;+7 (925) 391-41-61;просп. Вернадского, 86В, Москва;ineedoner.ru;55.662 37.480;cafe
Паrk, фудхолл;+7 (495) 532-80-62;;просп. Вернадского, 86В, Москва;parkfoodhall.ru;55.662 37.480;cafe
KFC, ресторан быстрого обслуживания;+7 (495) 198-09-16;;просп. Вернадского, 86А, Москва;yandexpriority.onelink.me , kfc.ru;55.663 37.481;cafe
Osteria deluxe, кофейня;;+7 (926) 204-04-00, +7 (925) 777-34-40;ул. Покрышкина, 8, корп. 3, Москва;pekarnia.com;55.666 37.472;cafe
Малетон;+7 (499) 726-23-01;;ул. Академика Анохина, 11А, Москва;maleton.ru;55.658 37.472;cafe
Café Arizona;;+7 (995) 300-30-31;просп. Вернадского, 94, корп. 6, Москва;cafe-arizona.ru;55.653 37.474;cafe
Хачапуридзе;;+7 (927) 281-09-86;просп. Вернадского, 86В, Москва;xachapuridze.ru;55.661 37.480;cafe
Мороженое Ванильный Шпатель;;+7 (916) 360-83-70;просп. Вернадского, 86В, Москва;vshpatel.ru;55.662 37.480;cafe
Пark;+7 (495) 150-38-47;+7 (925) 688-71-19, +7 (985) 833-65-65, +7 (925) 974-98-08;просп. Вернадского, 86В, Москва;eatmarket.ru;55.662 37.480;cafe
Cofix, кофейня фиксированной цены;;+7 (901) 368-94-51;просп. Вернадского, 86А, Москва;cofix.ru , cofix.global;55.663 37.481;cafe
Bb&burgers, бургерная;;+7 (963) 715-70-84;просп. Вернадского, 86А, Москва;bbburgers.ru;55.663 37.481;cafe
Шоколадница, кофейня;;+7 (915) 492-64-75;просп. Вернадского, 86А, Москва;shoko.ru;55.663 37.481;cafe
Му-му, сеть кафе;;+7 (985) 178-88-80;ул. Покрышкина, 4, Москва;cafemumu.ru;55.665 37.482;cafe
KFC, ресторан быстрого обслуживания;;+7 (985) 369-99-08;ул. Покрышкина, 4, Москва;yandexpriority.onelink.me , kfc.ru;55.665 37.481;cafe
#Farш, бургерная;+7 (495) 988-51-83;+7 (965) 179-60-35;просп. Вернадского, 86А, Москва;farshburger.ru;55.663 37.482;cafe
Кальянная V Lofte;+7 (499) 394-47-07;+7 (903) 589-10-57, +7 (967) 125-44-91, +7 (925) 295-76-96;просп. Вернадского, 105, Москва;v-lofte.ru;55.663 37.486;cafe
Сам пришел, трактир;+7 (499) 432-74-29;+7 (909) 950-70-80;просп. Вернадского, 76А, Москва;sam76.ru;55.670 37.494;cafe
Старый Сычуань, ресторан;+7 (495) 120-66-17, +7 (495) 152-34-78;+7 (996) 979-18-88, +7 (999) 979-18-88;просп. Вернадского, 93, Москва;старыйсычуань.рус;55.667 37.495;cafe
Diner lounge, кафе;+7 (495) 797-85-66;+7 (903) 557-12-40;Ленинский проспект, 146;diner-lounge.ru;55.657 37.497;cafe
Мюнгер, кафе-пекарня;+7 (495) 792-17-30, +7 (495) 792-28-40;+7 (929) 915-27-23;просп. Вернадского, 97, корп. 1, Москва;muenger.ru;55.668 37.491;cafe
Sandwich kebab, магазин быстрого питания;;+7 (925) 888-41-41, +7 (977) 777-45-75;ул. Миклухо-Маклая, 11Б, Москва;sandwish.ru;55.653 37.502;cafe
Кампус;;+7 (968) 473-33-66, +7 (904) 568-09-53;Ленинский просп., 146, Москва;cafe-campus.miniandmore.co;55.657 37.496;cafe
Био кафе;+7 (495) 783-91-88, +7 (495) 241-15-05, +7 (495) 981-42-42, +7 (495) 186-29-44;;Ленинский просп., 146, Москва;fitnessmania.ru;55.658 37.499;cafe
Дионис №1, кафе;+7 (499) 281-85-08, +7 (499) 431-28-65;;ул. Миклухо-Маклая, 3, Москва;dioniscafe.ru;55.655 37.499;cafe
KFC, ресторан быстрого обслуживания;;+7 (963) 630-44-60, +7 (963) 630-81-90;ул. Миклухо-Маклая, 11, Москва;kfc.ru;55.654 37.501;cafe
Flex club, клуб;;+7 (962) 174-80-00, +7 (916) 838-99-99;ул. Миклухо-Маклая, 11, Москва;flex-bar-club.clients.site;55.653 37.502;cafe
Баттерфлай, караоке-кафе;+7 (495) 775-81-17;+7 (968) 566-64-16;Миклухо-Маклая, 11;cafe-butterfly.ru;55.653 37.502;cafe
Пикассо, кафе-бар;+7 (499) 431-27-80;+7 (985) 586-23-87;ул. Миклухо-Маклая, 15, стр. 2, Москва;cafepicasso.org;55.653 37.506;cafe
Bb&burgers, бургерная;;+7 (963) 715-73-09;Ленинский просп., 109, Москва;bbburgers.ru;55.664 37.511;cafe
Fit appėtit, кафе;;+7 (916) 043-99-03, +7 (985) 120-10-17, +7 (915) 223-12-23, +7 (916) 410-03-65, +7 (916) 043-98-86, +7 (916) 043-98-84, +7 (916) 060-35-49;ул. Лобачевского, 42, стр. 4, Москва;fitappetit.ru;55.670 37.502;cafe
Lacabana-Africana;;+7 (977) 288-05-02, +7 (967) 180-18-74;ул. Миклухо-Маклая, 11Б, Москва;;55.653 37.502;cafe
Кафе-бар Сити;;+7 (904) 567-20-79, +7 (904) 567-20-77;ул. Миклухо-Маклая, 17, Москва;zoon.ru , siti-rest.ru;55.652 37.506;cafe
KFC, ресторан быстрого обслуживания;;+7 (963) 630-82-19;Ленинский просп., 109, Москва;yandexpriority.onelink.me , kfc.ru;55.664 37.512;cafe
Кофетун-сушитун;+7 (495) 544-58-92;+7 (926) 601-26-94, +7 (926) 614-23-07, +7 (965) 884-78-98, +7 (962) 868-60-78, +7 (926) 601-28-07, +7 (926) 601-28-66, +7 (926) 901-66-76, +7 (926) 605-47-59, +7 (926) 909-43-47, +7 (926) 072-12-27;Ленинский просп., 109, Москва;appetit-resto.ru;55.664 37.512;cafe
Шоколадница, кофейня;;+7 (916) 400-05-98;Ленинский просп., 109, Москва;shoko.ru;55.664 37.512;cafe
Бак Бо, кафе вьетнамской кухни;+7 (495) 783-85-21, +7 (528) 057-70-00, +7 (495) 783-85-22, +7 (495) 783-85-20;+7 (916) 926-58-98, +7 (903) 159-70-99;Ленинский просп., 109, Москва;cookhouse.ru , gdhouse.ru;55.664 37.512;cafe
Berry Fruit Vitamin & Fresh Bar;;+7 (985) 773-98-94, +7 (916) 683-37-22;Ленинский просп., 108, стр. 1, Москва;berryfruit.ru;55.670 37.512;cafe
Печорин, пекарня ремесленного хлеба;+7 (495) 098-02-06;+7 (985) 350-40-30, +7 (929) 936-72-43, +7 (929) 936-77-14, +7 (929) 944-23-12, +7 (929) 934-01-71, +7 (929) 936-71-48, +7 (929) 935-59-01, +7 (929) 934-00-35, +7 (929) 942-93-12, +7 (985) 354-40-31;Ленинский просп., 108, стр. 1, Москва;pechorinbakery.ru;55.670 37.512;cafe
Renin Izakaya, Bar;;+7 (985) 923-43-19;Ленинский просп., 108, стр. 1, Москва, Россия;renin-bar.myresto.online;55.670 37.513;cafe
Жестокий романс, ресторан;+7 (495) 735-99-88, +7 (495) 735-99-77, +7 (495) 735-99-68;;Ленинский просп., 105, Москва;kinoklub-eldar.ru;55.666 37.513;cafe
Mui Ne Kafe;;+7 (909) 629-92-99;Ленинский проспект, 99;muinekafe.com;55.669 37.520;cafe
Биджо, хинкальный дом;+7 (499) 431-16-47, +7 (495) 915-62-38, +7 (499) 325-31-49;+7 (906) 087-41-41, +7 (964) 649-99-59, +7 (929) 999-11-14;ул. Новаторов, 16А, Москва;megrelia.ru , bidjodom.ru;55.667 37.524;cafe
Чемпион суши, суши-магазин;+7 (495) 080-99-35;;ул. Бутлерова, 3А, Москва;risfish.ru , чемпионсуши.рф;55.654 37.524;cafe
Ja-Jo;+7 (499) 990-25-45;+7 (929) 980-25-45;Ленинский просп., 107, корп. 1, Москва;ja-jo.turbo.site;55.664 37.515;cafe
Романовская пекарня;+7 (495) 004-50-90, +7 (495) 191-71-48;;Ленинский просп., 107, корп. 2, Москва;romanovpekar.ru;55.663 37.515;cafe
Вкусно и Полезно;+7 (495) 108-73-50;+7 (965) 183-97-72;ул. Обручева, 11, Москва;vip-vkus.ru;55.660 37.515;cafe
Кондитерская Олега Ильина;+7 (495) 729-77-07, +7 (499) 252-37-36, +7 (495) 799-70-07, +7 (499) 730-84-18, +7 (495) 799-77-07;+7 (903) 729-77-07;ул. Удальцова, 1, корп. 1, Москва;sweetstore.ru;55.672 37.518;cafe
Скалка, пироговая;;+7 (910) 087-40-06;Ленинский просп., 99, Москва;pirogi-skalka.ru;55.669 37.520;cafe
Mũi Né кафе;;+7 (999) 333-14-76;Ленинский просп., 99, Москва;muinekafe.com;55.669 37.520;cafe
Выжимка, кофейня;;+7 (915) 280-99-82;ул. Новаторов, 34, корп. 7, Москва;vyzhimka.ru;55.664 37.521;cafe
Парсе, ресторан;+7 (499) 431-69-80, +7 (495) 923-97-77;+7 (985) 923-97-77;ул. Новаторов, 16, Москва;parse-rest.ru;55.668 37.525;cafe
Алтан Булаг, кафе;+7 (495) 335-08-93;+7 (926) 100-83-84;ул. Бутлерова, 12, Москва;cafe-11793.business.site;55.652 37.527;cafe
Catch, ресторан;+7 (495) 609-03-07, +7 (495) 936-24-10;;ул. Академика Пилюгина, 3, Москва;catchbistro.ru;55.671 37.529;cafe
Villaggio, ресторан;+7 (495) 936-31-11;;ул. Воронцовские Пруды, 11, Москва;villaggio-rest.ru;55.664 37.529;cafe
ProCafe, кафе;;+7 (916) 200-90-40, +7 (915) 362-05-62;улица Обручева, 23 к3;pro-obr.ru;55.657 37.529;cafe
АндерСон;;+7 (906) 740-95-63;ул. Обручева, 30/1с1, Москва;cafe-anderson.ru;55.656 37.528;cafe
Сербская мясара, кафе;+7 (495) 796-04-35;+7 (985) 804-95-21, +7 (915) 013-14-51, +7 (916) 550-16-89;ул. Академика Пилюгина, 12А, Москва;serbskaymesara.ru;55.670 37.538;cafe
Время Есть!;;+7 (905) 565-53-06;Профсоюзная ул., 84/32с14, Москва;дамир.рф , vremya-yest.ru;55.656 37.532;cafe
Жираф;+7 (495) 649-65-86;;ул. Академика Пилюгина, 22, Москва;giraffecafe.ru;55.670 37.532;cafe
Кофельяно;+7 (495) 721-79-51;+7 (903) 721-79-51;Воронцовский парк, 3, Москва;coffeliano.ru;55.667 37.529;cafe
Шаурма 24;;+7 (926) 003-76-91, +7 (937) 006-00-36;Старокалужское ш., 65, Москва;shaurma-24-starokaluzhskoe-shosse.clients.site;55.660 37.540;cafe
Пивница;+7 (499) 136-68-88, +7 (499) 136-63-88;+7 (925) 072-53-22, +7 (926) 348-48-84;Профсоюзная ул., 61А, Москва;pivnitsa.ru;55.656 37.541;cafe
KFC, ресторан быстрого обслуживания;;+7 (963) 630-43-93;Профсоюзная ул., 61А, Москва;yandexpriority.onelink.me , kfc.ru;55.656 37.541;cafe
Алло! Пицца, сеть пиццерий;+7 (495) 260-02-31;;ул. Архитектора Власова, 47, Москва;allopizza.su;55.666 37.544;cafe
Рыбная мануфактура №1, кафе-магазин;+7 (495) 225-82-25, +7 (495) 108-72-18;+7 (915) 065-13-40;ул. Архитектора Власова, 47, Москва;rm-1.ru;55.666 37.544;cafe
Pho u, кафе вьетнамской уличной еды;;+7 (916) 224-54-14, +7 (916) 234-64-61, +7 (985) 576-58-02, +7 (977) 333-22-60, +7 (925) 930-77-16;Профсоюзная улица, 76а;pho-u.ru;55.661 37.544;cafe
Right habits, гастробар;;+7 (903) 547-77-47;ул. Архитектора Власова, 47, Москва;right-habits.ru;55.666 37.544;cafe
Marmi bistro, кафе;;+7 (916) 706-73-73;Профсоюзная улица, 68 к1;clck.ru;55.665 37.546;cafe
Швили, грузинское бистро;;+7 (967) 126-76-96;Профсоюзная ул., 61, стр. 1, Москва;shvilibistro.ru;55.657 37.543;cafe
Park 47;;+7 (925) 750-08-86;ул. Архитектора Власова, 47, Москва;p47coffee.com;55.666 37.544;cafe
Ларионов;;+7 (916) 357-33-88;Профсоюзная ул., 76, Москва;larionovbar.ru;55.661 37.544;cafe
МолокоТимьян, ресторан;;+7 (966) 666-43-74, +7 (999) 989-58-88;Профсоюзная ул., 68, корп. 3, Москва;milkthyme.ru;55.665 37.545;cafe
Coffeesphere, кофейня;+7 (499) 381-04-46;+7 (985) 273-22-77;Профсоюзная ул., 68, корп. 1, Москва;coffeesphere-profsojuznaja-ulitsa.clients.site;55.665 37.546;cafe
Розмарин, семейное кафе;;+7 (985) 557-22-34;Профсоюзная ул., 64, корп. 2, Москва;cafe-rozmarin.ru;55.665 37.548;cafe
Хинкали и вино, кафе;+7 (495) 911-16-76, +7 (495) 933-80-44;;Профсоюзная ул., 56, Москва;cheremushki.hinkalyvino.ru;55.670 37.552;cafe
Шоколад, кафе;+7 (495) 984-79-65, +7 (495) 108-67-85, +7 (495) 718-79-10;+7 (925) 514-61-11;Профсоюзная ул., 45А, Москва;chocolate-moscow.ru , tortbar.ru;55.667 37.552;cafe
KFC, ресторан быстрого обслуживания;+7 (495) 663-32-33;+7 (963) 630-49-90;Профсоюзная ул., 56, Москва;kfc-russia.ru , yandexpriority.onelink.me , kfc.ru , cheremushki-tc.ru;55.670 37.553;cafe
Чайхона, ресторан;;+7 (925) 765-52-50;Профсоюзная ул., 56, Москва;chayhona.su;55.670 37.553;cafe
Kimpab, кафе корейской кухни;;+7 (966) 350-87-87;Профсоюзная ул., 56, Москва;kim-pab.ru;55.670 37.553;cafe
Пироги по-домашнему, халяль-кафе;+7 (495) 795-46-77;;Профсоюзная ул., 56, Москва;;55.670 37.553;cafe
Кахури, грузинское кафе;+7 (495) 928-15-55, +7 (495) 335-35-55;+7 (925) 985-59-22;Профсоюзная ул., 56, Москва;kahuri.ru;55.670 37.553;cafe
Радуга, семейное кафе;+7 (495) 779-42-71, +7 (495) 789-00-28;+7 (925) 030-75-84, +7 (968) 735-04-11, +7 (915) 000-18-20;ул. Гарибальди, 23, Москва;raduga-cafe.ru;55.671 37.554;cafe
MamaMai;+7 (495) 203-66-88;;Профсоюзная ул., 56, Москва;mamamai.ru;55.670 37.553;cafe
Office-club;+7 (495) 139-04-11, +7 (495) 510-22-17;+7 (916) 558-54-52;Научный пр., 19, Москва;;55.653 37.555;cafe
Шоколадница, кофейня;;+7 (926) 903-03-42;ул. Гарибальди, 23, Москва;shoko.ru;55.671 37.555;cafe
KFC, ресторан быстрого обслуживания;+7 (495) 779-42-01;;ул. Гарибальди, 23, Москва;yandexpriority.onelink.me , kfc.ru;55.671 37.555;cafe
Марани на Черемушках, кафе;+7 (499) 744-40-40;;ул. Гарибальди, 23/54, Москва;marani.moscow;55.672 37.555;cafe
Кофе Ти, кофейня;;+7 (915) 003-13-34;улица Намёткина, 14 к1;;55.661 37.556;cafe
The 10th floor dance studio, школа бальных танцев;;+7 (916) 112-04-03, +7 (985) 233-62-81, +7 (926) 294-04-39, +7 (919) 964-16-32, +7 (926) 827-83-84;Научный пр., 17, Москва;dancebalance.ru;55.654 37.556;cafe
Chef express, кафе-кулинария;+7 (495) 401-67-97;;ул. Намёткина, 14, корп. 1, Москва;chef-express.ru;55.661 37.555;cafe
Булошная, ресторанный дом;+7 (495) 917-32-95, +7 (499) 238-30-10;+7 (909) 633-88-33, +7 (965) 161-71-61;Новочерёмушкинская ул., 58, Москва;buloshnaya.ru;55.668 37.564;cafe
KFC, ресторан быстрого обслуживания;+7 (495) 023-09-14;;ул. Каховка, 29А, Москва;kfc.ru;55.656 37.570;cafe
Бедия, кафе-хинкальная;+7 (499) 122-50-61;;Херсонская ул., 20, корп. 1, Москва;cafebediya.eda.rest;55.653 37.565;cafe
Parfe, студия красоты;+7 (499) 122-21-45, +7 (499) 578-02-20, +7 (499) 578-06-70, +7 (499) 128-77-69, +7 (495) 779-35-88, +7 (499) 322-21-45, +7 (495) 539-36-96, +7 (499) 789-22-39, +7 (495) 687-40-35;+7 (985) 755-11-97, +7 (977) 322-21-45;улица Каховка, 25;parfe-studio.ru;55.655 37.574;cafe
Parfé cafe;;+7 (995) 333-15-86;ул. Каховка, 25, Москва;parfe-studio.ru;55.655 37.574;cafe
Сириус, бильярдный клуб-бар;+7 (499) 723-99-52;+7 (905) 524-39-96;Севастопольский просп., 61, корп. 1, Москва;siriusbk.ru;55.661 37.578;cafe
Сам пришёл, ресторан;+7 (495) 798-24-54;+7 (965) 365-22-48;Севастопольский просп., 28, корп. 2, Москва;sam-prishel.com;55.664 37.578;cafe
Long day coffee, кофейня;;+7 (919) 786-00-76;Болотниковская ул., 12, Москва;onepricecoffee.com;55.657 37.608;cafe
Фаиза, чайхана;+7 (499) 317-43-12;+7 (966) 388-22-00;Азовская ул., 18, Москва;faiza.ru;55.656 37.598;cafe
NICEPRICECAFE, кафе;+7 (495) 445-45-83, +7 (495) 959-56-87;+7 (925) 119-57-73, +7 (925) 763-80-11, +7 (926) 094-91-22, +7 (926) 914-86-09, +7 (936) 241-21-51, +7 (925) 119-93-52;Малая Юшуньская ул., 1, корп. 1, Москва;nicepricecafe.ru;55.653 37.595;cafe
KFC, ресторан быстрого обслуживания;+7 (495) 319-85-31;;Малая Юшуньская ул., 1, корп. 1, Москва;yandexpriority.onelink.me , kfc.ru;55.653 37.594;cafe
Бюро Пиццы;;+7 (999) 002-79-27, +7 (968) 478-78-48;Малая Юшуньская ул., 1, корп. 1, Москва;buropizza.ru;55.653 37.595;cafe
Зюзино, рюмочная;+7 (499) 317-55-01;+7 (929) 963-36-16, +7 (926) 912-47-76;Болотниковская ул., 21, стр. 3, Москва;ryumochnaya.net;55.657 37.597;cafe
FoodBand.ru;+7 (495) 252-74-82, +7 (495) 290-39-44, +7 (495) 255-04-64, +7 (495) 023-46-45;;ул. Ремизова, 18А, Москва;foodband.ru;55.672 37.607;cafe
Grill fest, ресторан быстрого питания;+7 (495) 021-09-87;;Болотниковская ул., 12, Москва;yandexpriority.onelink.me , kfc.ru;55.657 37.608;cafe
Акканто Соле;+7 (499) 530-80-55, +7 (499) 325-30-84;;Одесская ул., 2, корп. А, Москва;accantosole.ru;55.664 37.599;cafe
Русское подворье, ресторан;+7 (495) 159-15-63, +7 (495) 150-41-14, +7 (499) 495-14-81, +7 (495) 108-38-93;+7 (967) 150-46-49;Симферопольский бул., 16, корп. 1, Москва;russkoepodvorie.com;55.652 37.605;cafe
Дагестанская лавка;;+7 (968) 987-05-05;Симферопольский бул., 11, Москва;daglavka.com;55.657 37.607;cafe
Грильфест Баварские колбаски;+7 (495) 777-55-78;;Болотниковская ул., 12, Москва;grillfest.uds.app;55.657 37.608;cafe
Pizza Point, пиццерия;;+7 (930) 927-53-57, +7 (930) 938-56-08, +7 (958) 100-27-46;Электролитный пр., 16, корп. 2, Москва;pizzapointsav.ru , pizzapointmsk.ru;55.671 37.611;cafe
Berenj, кафе быстрого питания;;+7 (915) 495-08-88;Каширское ш., 14, Москва;berenj.ru;55.664 37.627;cafe
У крота, бар;;+7 (916) 262-62-51;Болотниковская улица, 5;;55.656 37.614;cafe
Buffalo, кафе-бар;+7 (499) 794-56-15, +7 (495) 648-61-51;+7 (916) 303-12-07;Артековская ул., 1А, Москва;buffalobarmos.ru , buffalo.qr-cafe.ru , catery.ru , buffalobar.ru;55.653 37.613;cafe
У Крота;;+7 (996) 855-22-82, +7 (939) 111-79-02;Болотниковская ул., 5, Москва;;55.656 37.613;cafe
Cofix, кофейня фиксированной цены;;+7 (906) 051-11-52;Варшавское ш., 87Б, Москва;cofix.global;55.654 37.621;cafe
Шоколадница, кофейня;;+7 (915) 474-02-00;Варшавское ш., 87Б, Москва;shoko.ru;55.654 37.621;cafe
Понравилась выгрузка? Переходите на export-bаse.ru;;;;;;cafe
Прованс, ресторан;;+7 (904) 567-24-79, +7 (904) 567-24-77, +7 (903) 294-76-53;Варшавское шоссе, 71 к3;restaurant-provence.ru , banquet-provence.ru;55.661 37.621;cafe
KFC;;+7 (926) 900-44-79;Варшавское ш., 87А, Москва;kfc.ru;55.653 37.621;cafe
KFC, ресторан быстрого обслуживания;+7 (495) 966-64-71;;Каширское ш., 14, Москва;yandexpriority.onelink.me , kfc.ru;55.665 37.627;cafe
Марсера у Сирануш;;+7 (985) 188-79-37, +7 (903) 009-76-27, +7 (915) 052-47-70;Каширское ш., 13, корп. 3, Москва;marsera.ru;55.667 37.632;cafe
Катюша, столовая;;+7 (916) 908-68-01;Коломенский пр., 13А, Москва;katyusha-obed.info;55.665 37.641;cafe
Mr. Shishka;;+7 (915) 010-44-33, +7 (901) 147-71-28;Каширское ш., 16, корп. 1, стр. 2, Москва;mr-shishka.turbo.site;55.662 37.633;cafe
United Catering Group, Офис;+7 (495) 108-73-37;;Хлебозаводский пр., 7, стр. 10, Москва;ucg.ru;55.670 37.634;cafe
Шоколадница, кофейня;;+7 (915) 473-97-10;Каширское ш., 26, Москва;shoko.ru;55.654 37.647;cafe
KFC, ресторан быстрого обслуживания;+7 (495) 023-25-56;;Каширское ш., 26, Москва;kfc-russia.ru , yandexpriority.onelink.me , kfc.ru;55.654 37.647;cafe
Пивбар Коломенское;+7 (495) 663-15-73;;просп. Андропова, 48, Москва;piv-bar.ru;55.669 37.661;cafe
Cafe racer, кафе;+7 (495) 640-33-02;+7 (969) 077-11-12, +7 (903) 797-43-10;Проектируемый 1481-й проезд, вл1;cafe-racer.ru , forza-karting.ru;55.653 37.677;cafe
Fast шашлык;;+7 (985) 922-91-34, +7 (916) 005-22-25;Каширское ш., 25Б, Москва;fastshashlik.ru;55.656 37.648;cafe
Cafe Racer;;+7 (985) 621-37-36;Россия, Москва, парк Технических видов спорта;cafe-racer.ru , forza-karting.ru;55.653 37.677;cafe
Stopexpress;;+7 (929) 900-76-54;Подольская ул., вл13, Москва;stopexpress.ru;55.655 37.711;cafe
Буханка;+7 (499) 648-26-24;+7 (964) 511-96-41;Люблинская ул., 78, корп. 3, Москва;topfranchise.ru , buhanka.ru;55.662 37.731;cafe
Пять Хлебов, пекарня;;+7 (916) 225-56-50;Люблинская ул., 78, корп. 3, Москва;;55.662 37.731;cafe
Cosmo Burger;;+7 (930) 086-86-68, +7 (963) 756-92-24, +7 (928) 450-45-88, +7 (965) 394-92-92;ул. Перерва, вл52, Москва;cosmoburger.ru;55.658 37.744;cafe
Пандок, кафе;+7 (495) 979-99-35;+7 (991) 222-58-36, +7 (965) 231-35-45, +7 (901) 519-99-35, +7 (925) 772-82-45, +7 (969) 103-00-01, +7 (919) 728-55-88;ул. Перерва, 30, Москва;;55.653 37.734;cafe
Ван Холл, ресторан;+7 (495) 128-42-92;+7 (925) 000-35-58, +7 (980) 697-73-26;Люблинская ул., 84, Москва;van-hall.ru;55.665 37.740;cafe
Stopexpress;;+7 (929) 900-64-80;ул. Перерва, 19, стр. 11, Москва;stopexpress.ru;55.654 37.732;cafe
Дымок;;+7 (926) 147-17-44, +7 (968) 755-55-89;Люблинская ул., 147, Москва;dymok-lounge.ru;55.664 37.742;cafe
Плов & стейк;;+7 (991) 700-18-66;Люблинская ул., 102А, Москва, Россия;;55.652 37.742;cafe
Крошка картошка, ресторан быстрого питания;+7 (495) 995-21-34;+7 (916) 195-73-85, +7 (985) 623-61-97;Люблинская ул., 153, Москва;kartoshka.com;55.659 37.742;cafe
Жаворонок, кафе-пекарня;+7 (495) 345-11-11;;ул. Перерва, 56/2, Москва;zhavoronok.cafe;55.658 37.748;cafe
Cofix, кофейня фиксированной цены;;+7 (915) 409-61-68;ул. Перерва, 43, корп. 1, Москва;cofix.ru , cofix.global;55.659 37.749;cafe
Шоколадница, кофейня;;+7 (985) 310-48-40;ул. Перерва, 43, корп. 1, Москва;shoko.ru;55.660 37.749;cafe
Donutto, кофейня;+7 (495) 230-00-53, +7 (495) 227-07-47, +7 (495) 664-28-22;+7 (916) 074-43-55, +7 (916) 987-55-15, +7 (915) 460-00-58, +7 (985) 253-62-13;ул. Перерва, 43, корп. 1, Москва;donuttocafe.ru , dunkindonutsmoscow.ru;55.660 37.750;cafe
Ливан Хаус, гриль-кафе;+7 (495) 973-70-32;+7 (905) 585-68-42;ул. Перерва, 43, корп. 1, Москва;livanhouse.ru;55.660 37.750;cafe
Cvc;;+7 (991) 770-68-84;ул. Перерва, 43, корп. 1, Москва;;55.660 37.750;cafe
J.Gilroy`s Pub, паб;+7 (499) 784-71-79;;Братиславская ул., 6, Москва;gilroyspub.com;55.665 37.753;cafe
KFC, ресторан быстрого обслуживания;;+7 (925) 005-15-67;Братиславская ул., 12, Москва;kfc.ru;55.660 37.753;cafe
Шашлычный дворик, кафе;+7 (495) 347-70-00;+7 (915) 105-29-29;Братиславская ул., 14, Москва;shashliknazakaz.ru;55.659 37.754;cafe
Инжир, чайхана;+7 (8622) 36-01-10;+7 (963) 692-13-13, +7 (918) 305-01-10, +7 (966) 180-39-39, +7 (918) 409-44-16, +7 (918) 908-31-27, +7 (968) 693-13-33, +7 (967) 280-57-57, +7 (918) 080-13-13, +7 (988) 234-55-66, +7 (968) 500-69-71;ул. Перерва, 43, корп. 1, Москва;chaihana-injir.com , injirbratislavskaya.familygardengroup.ru , familygardengroup.ru;55.660 37.752;cafe
Клешни и Хвосты, раковарня;+7 (495) 642-35-37;+7 (926) 607-96-05;Братиславская ул., 12, стр. 1, Москва;maryino.kleshnihvosti.ru , kleshnihvosti.ru;55.660 37.752;cafe
Темаки;+7 (495) 500-70-78, +7 (499) 755-81-93, +7 (495) 506-43-83;+7 (926) 757-44-44, +7 (926) 905-61-61, +7 (925) 222-29-85;ул. Верхние Поля, 35, корп. 4, Москва;temakiroll.ru;55.669 37.757;cafe
Lime Lounge Premium;+7 (613) 398-96-82;+7 (916) 751-75-01;Братиславская ул., 22, Москва;zoon.ru , lime-lounge-premium.ru;55.656 37.762;cafe
Red Cat, паб;+7 (495) 346-99-00;;Братиславская ул., 26, Москва;;55.654 37.764;cafe
Порапопицце, пиццерия;+7 (495) 120-82-22;;Новомарьинская ул., 14/15, Москва;2po2bar.ru;55.654 37.758;cafe
Сим Сити Home, ресторан;+7 (495) 255-02-92, +7 (495) 654-94-53;+7 (925) 441-09-99, +7 (999) 444-62-49, +7 (916) 246-55-33;Братиславская ул., 13, корп. 1, Москва;simcity7.ru , simcity-home.ru;55.661 37.760;cafe
Лаунж-Бар Чилим;+7 (499) 455-55-41, +7 (499) 325-45-70;;Братиславская ул., 13, корп. 1, Москва;chillim.moscow;55.661 37.760;cafe
Hq!, экспресс-кофейня;;+7 (906) 086-17-30;ул. Перерва, 53, Москва;hq-coffee.com;55.664 37.761;cafe
Гранат, служба доставки обедов;+7 (499) 391-44-81;+7 (926) 872-49-65;ул. Верхние Поля, 34, корп. 2, Москва;granat-company.ru;55.667 37.762;cafe
Дом кебаба;;+7 (925) 312-67-03, +7 (925) 311-67-03;Братиславская ул., 21, корп. 2, Москва;domkebaba.ru;55.658 37.763;cafe
Lamadжо, кафе;;+7 (964) 515-48-88;Братиславская, 29 к1;lamadjo-maryino.ru;55.654 37.766;cafe
Крокодил, бильярдный клуб;+7 (495) 908-92-45;;Братиславская ул., 27, корп. 1, Москва;billiardcrocodille.ml;55.654 37.766;cafe
Поминальная трапеза;+7 (495) 347-99-12;+7 (905) 762-88-68, +7 (905) 762-88-66;Братиславская ул., 30, Москва;restoran-marino.ru;55.652 37.766;cafe
Атаман;;+7 (915) 299-00-01, +7 (964) 635-53-55;Братиславская ул., 29, Москва;kafeataman.ru;55.654 37.766;cafe
Шашлычная №1, кафе;+7 (495) 210-39-92;+7 (985) 210-39-92;Братиславская ул., 29, корп. 1, Москва;kafedebut.ru;55.654 37.767;cafe
KFC Авто;;+7 (925) 005-16-89;ул. Марьинский Парк, 12, Москва;kfc.ru;55.661 37.781;cafe
Оливка, пиццерия;;+7 (916) 745-85-85;ул. Марьинский Парк, 33, Москва;;55.667 37.787;cafe
Султан Лагман;+7 (499) 637-33-77, +7 (499) 637-47-77;;МКАД, 14-й километр, 4, Москва;;55.652 37.831;cafe
Хинкальная Экспресс;+7 (499) 228-15-55;+7 (985) 157-66-05;МКАД, 14-й километр, 2, стр. 1, Москва;kafekhinkalnaya.ru;55.653 37.832;cafe
Bs Gourme Kosher;+7 (499) 637-75-75;+7 (967) 247-75-75, +7 (915) 106-75-75;ул. Верхние Поля, 56, стр. 11, Москва;bsgourme.ru;55.653 37.822;cafe
Food market, ресторан;+7 (495) 739-53-06, +7 (495) 956-00-33;+7 (991) 333-15-77, +7 (985) 917-32-71, +7 (996) 942-19-33, +7 (916) 370-05-59;Большой бульвар, 42 ст1;foodmarketskolkovo.tilda.ws;55.691 37.348;cafe
Груша;;+7 (925) 607-96-65;ул. Нобеля, 3, Западный административный округ, Можайский район, Инновационный центр Сколково, Москва;grusha.cafe;55.684 37.341;cafe
Блиндозер, автомат по приготовлению блинов;+7 (495) 225-54-44, +7 (499) 348-18-98;;Большой бул., 42, стр. 1, Западный административный округ, Можайский район, Инновационный центр Сколково, Москва;blindozer.ru;55.691 37.347;cafe
Аксиом;;+7 (903) 004-85-46;Большой бул., 42, стр. 1, Западный административный округ, Можайский район, Инновационный центр Сколково, Москва;;55.691 37.348;cafe
Petrushka, столовая;;+7 (985) 851-10-01;Большой бул., 46, стр. 1, Западный административный округ, Можайский район, Инновационный центр Сколково, Москва;hadassah.petrushkagroup.com;55.685 37.351;cafe
Школа тенниса Сколково;+7 (495) 260-90-90;+7 (965) 260-90-90;Россия, Москва, Инновационный центр Сколково;сколковотеннис.рф;55.686 37.352;cafe
Оазис, кафе;;+7 (926) 848-01-01, +7 (985) 450-07-07;Рябиновая ул., 32, Москва;cafe-oasis.ru;55.691 37.420;cafe
Дуэт, ресторан-караоке;+7 (495) 295-77-07, +7 (495) 230-54-16;+7 (926) 504-14-21;Озёрная ул., 42, Москва;restoranduet.ru;55.672 37.447;cafe
Seventy smoke, лаундж-бар;+7 (499) 348-12-42;+7 (919) 773-15-61;Озёрная ул., 9, Москва;;55.683 37.461;cafe
Крошка картошка, ресторан быстрого питания;;+7 (926) 666-17-88;ул. Мичуринский Проспект, Олимпийская Деревня, 3, корп. 1, Москва;kartoshka.com;55.678 37.467;cafe
DimSum & Co;+7 (495) 122-22-94;+7 (985) 520-12-53, +7 (916) 990-23-35;ул. Мичуринский Проспект, Олимпийская Деревня, 3, корп. 1, Москва;dimsumandco.ru;55.678 37.467;cafe
Баскин Роббинс;+7 (495) 695-61-86;+7 (917) 553-14-64;ул. Мичуринский Проспект, Олимпийская Деревня, 3, корп. 1, Москва;baskinrobbins.ru;55.678 37.467;cafe
АндерСон, семейное кафе-кондитерская;+7 (495) 135-40-34, +7 (499) 277-78-11;+7 (929) 971-47-43, +7 (964) 577-98-34;ул. Мичуринский Проспект, Олимпийская Деревня, 3, корп. 1, Москва;cafe-anderson.ru;55.678 37.467;cafe
Шоколадница, кофейня;;+7 (915) 473-88-79;ул. Мичуринский Проспект, Олимпийская Деревня, 3, корп. 1, Москва;shoko.ru;55.678 37.468;cafe
Сатрапезо;+7 (495) 150-90-24, +7 (495) 545-49-07;;ул. Мичуринский Проспект, Олимпийская Деревня, 3, Москва;satrapezo.ru;55.677 37.468;cafe
Bericoni, грузинский ресторан;+7 (495) 735-65-85;+7 (968) 809-72-72;ул. Мичуринский Проспект, Олимпийская Деревня, 4, корп. 3, Москва;bericoni.ru;55.675 37.471;cafe
Сеть поминальных залов;+7 (495) 190-72-51;+7 (903) 101-49-98;ул. Мичуринский Проспект, Олимпийская Деревня, 4, корп. 1, Москва;napominki.ru;55.676 37.471;cafe
Две сестры, магазин фермерских продуктов;;+7 (915) 022-22-77, +7 (915) 022-22-41, +7 (915) 022-22-12, +7 (915) 022-22-88;ул. Лобачевского, 41, Москва;lavka2sisters.ru;55.689 37.472;cafe
Florentini city, ресторан;+7 (495) 773-02-00;+7 (915) 256-16-05;ул. Мичуринский Проспект, Олимпийская Деревня, 4, корп. 3, Москва;florentinicafe.ru;55.676 37.471;cafe
Кафе;+7 (495) 437-47-66, +7 (495) 437-12-98, +7 (495) 437-10-64, +7 (495) 437-20-98, +7 (495) 437-02-98, +7 (495) 437-19-66;+7 (915) 312-54-61, +7 (925) 677-10-91, +7 (929) 557-47-09;ул. Мичуринский Проспект, Олимпийская Деревня, 2, Москва;sport-olimp80.ru;55.676 37.474;cafe
Тирольские пироги, кафе-кондитерская;+7 (495) 223-70-39, +7 (499) 394-17-19;+7 (925) 394-17-19;ул. Коштоянца, 20, корп. 4, Москва;tirolpirog.ru;55.676 37.476;cafe
Хинкальная;+7 (499) 340-90-92;;ул. Мичуринский Проспект, Олимпийская Деревня, 4, корп. 32, Москва;gg-group.ru , kafekhinkalnaya.ru;55.673 37.477;cafe
Бёргер Стейк;+7 (495) 908-66-80, +7 (495) 208-64-42;+7 (926) 504-26-69;ул. Удальцова, 85Б, Москва;;55.684 37.489;cafe
Шоколадница, кофейня;;+7 (915) 492-57-32;ул. Удальцова, 40А, Москва;shoko.ru;55.683 37.492;cafe
Тапчан;+7 (495) 233-99-03, +7 (495) 585-72-70, +7 (495) 228-50-50, +7 (495) 921-87-47, +7 (495) 727-65-25, +7 (495) 768-85-75;;ул. Коштоянца, 1/83, Москва;tapchanmsk.ru , tapchanrestoran.ru;55.680 37.494;cafe
Буханка, пекарня;;+7 (903) 611-93-52;просп. Вернадского, 54, Москва;buhanka.ru;55.674 37.495;cafe
Буханка;;+7 (967) 052-06-26;ул. Удальцова, 71, корп. 3, Москва;buhanka.ru;55.677 37.500;cafe
Osteria Mario, домашний итальянский ресторан;;+7 (966) 371-44-65;просп. Вернадского, 41, Москва;osteriamario.ru;55.674 37.503;cafe
Скалка, пироговая;;+7 (925) 509-69-93;просп. Вернадского, 39, Москва;pirogi-skalka.ru;55.675 37.505;cafe
KFC, ресторан быстрого обслуживания;+7 (495) 021-12-82;;просп. Вернадского, 14А, Москва;kfc.ru;55.678 37.506;cafe
Лело, кафе;+7 (499) 783-62-47;+7 (977) 797-62-47;просп. Вернадского, 41, стр. 3, Москва;zoon.ru , kafelelo.ru , lelo-kafe.ru;55.674 37.505;cafe
МД-Фит;+7 (495) 649-88-92;;просп. Вернадского, 37, корп. 2, Москва;md-fit.ru;55.677 37.510;cafe
Андиамо, ресторан;+7 (495) 600-44-44;+7 (925) 300-70-70;просп. Вернадского, 37, корп. 1, Москва;cafe-andiamo.ru , ver.cafe-andiamo.ru;55.679 37.511;cafe
Престиж-Кейтеринг;+7 (495) 645-99-84;+7 (903) 230-43-18;просп. Вернадского, 37, корп. 1, Москва;prestige-catering.ru;55.679 37.511;cafe
Салхино, хинкальная;+7 (499) 133-33-03;+7 (985) 455-56-68;просп. Вернадского, 33, Москва;kafesalhino.ru;55.681 37.515;cafe
Самарканд, кафе быстрого питания;;+7 (977) 615-05-71, +7 (994) 333-02-02;просп. Вернадского, 29, Москва;samarkandrest.ru;55.682 37.516;cafe
Чела, хинкальная;+7 (499) 138-33-11;+7 (929) 524-55-12, +7 (916) 567-38-73;ул. Кравченко, 12А, Москва;chela.moscow;55.678 37.516;cafe
Изакая Данбам;;+7 (999) 111-29-24;просп. Вернадского, 29, Москва;izakaya-danbam.ru;55.682 37.517;cafe
КартулиОда, ресторан грузинской кухни;+7 (499) 325-56-05, +7 (499) 138-38-87;+7 (919) 777-26-05;ул. Марии Ульяновой, 15, Москва;kartulioda.ru;55.681 37.524;cafe
Il Pittore, пиццерия;+7 (499) 120-43-08, +7 (499) 120-30-45, +7 (495) 107-01-07, +7 (495) 120-06-77;;просп. Вернадского, 29, Москва;ilpittore.ru;55.681 37.516;cafe
Черетто, ресторан;+7 (495) 621-60-98, +7 (495) 951-40-80, +7 (495) 775-04-51, +7 (495) 680-96-79;+7 (910) 465-21-93, +7 (926) 922-70-20, +7 (925) 372-43-40, +7 (965) 199-32-92, +7 (985) 469-22-77, +7 (964) 728-40-06;Ленинский просп., 95, Москва;ceretto.rest;55.673 37.526;cafe
Шоколадница;;+7 (915) 473-93-47, +7 (965) 157-16-42;просп. Вернадского, 6, Москва;shoko.ru;55.692 37.527;cafe
Grano, ресторан;+7 (495) 660-03-98;+7 (980) 697-85-60;просп. Вернадского, 6, Москва;granorestoran.ru;55.692 37.528;cafe
Cinnabon, кафе-пекарня;;+7 (925) 615-11-90, +7 (926) 858-85-82;просп. Вернадского, 6, Москва;cinnabonrussia.com;55.692 37.528;cafe
Кинза, хинкальная;+7 (499) 450-38-36;;просп. Вернадского, 6, Москва;kinzamsk.ru;55.692 37.530;cafe
Конак, ресторан;+7 (499) 134-45-60;;ул. Гарибальди, 4Г, Москва;restorankonak.ru;55.677 37.535;cafe
Хинкальная № 8;;+7 (929) 595-86-76;ул. Гарибальди, 2, Москва;khinkalnaya8.ru;55.678 37.533;cafe
Южное, кафе;+7 (499) 938-53-42, +7 (499) 132-40-88;;Ленинский просп., 87, Москва;cafeu.ru;55.678 37.534;cafe
Macadamia, кафе;+7 (495) 109-57-03;;ул. Академика Пилюгина, 4, Москва;cafe-macadamia.ru , macadamia.pro;55.673 37.543;cafe
Kitchen, семейное кафе;;+7 (926) 147-04-40;ул. Архитектора Власова, 18, Москва;cafe-kitchen.ru;55.672 37.544;cafe
Андиамо, ресторан;+7 (495) 930-81-81, +7 (495) 789-56-78;;ул. Строителей, 4, стр. 2, Москва;univer.cafe-andiamo.ru , cafe-andiamo.ru;55.687 37.536;cafe
Новатор, экспресс-кофейня;;+7 (967) 038-53-40, +7 (967) 128-47-02, +7 (967) 299-90-37;Ленинский просп., 85, Москва;novator.coffee;55.680 37.535;cafe
Голубка, кафе;;+7 (929) 196-34-98;Ломоносовский просп., 23, Москва;golubka.cafe;55.691 37.538;cafe
Перец&мята, кафе;+7 (495) 109-03-55;;ул. Академика Пилюгина, 4, Москва;perezmyata.ru;55.672 37.542;cafe
GlowSubs;+7 (495) 212-05-20, +7 (495) 215-54-04;;Ломоносовский просп., 11/70, Москва;glowsubs.ru;55.689 37.543;cafe
Остерия Альберобелло;+7 (499) 134-35-24;+7 (966) 115-66-33;Ленинский просп., 75А, Москва;alberobello.msk.ru;55.686 37.544;cafe
Ниппон, кафе;;+7 (967) 295-14-56;Ленинский просп., 73/8, Москва;restik.com , nipponkafe.chooice.app , menu.restik.com;55.689 37.548;cafe
Il borgo, ресторан;+7 (499) 132-87-83;+7 (929) 554-04-92;ул. Вавилова, 81, Москва;il-borgo-msk.ru;55.681 37.549;cafe
Ломоносов;;+7 (929) 545-11-10;Ленинский просп., 75/9, Москва;lomonosovgastrobar.ru , zernov.studio;55.687 37.545;cafe
Тапки, кафе;+7 (495) 201-57-20;;ул. Вавилова, 81, корп. 1, Москва;tapkicafe.ru;55.679 37.546;cafe
Шоколадница;;+7 (915) 473-91-10;Ленинский просп., 68/10, Москва;shoko.ru;55.689 37.546;cafe
Роскошное Море;;+7 (925) 015-24-50;ул. Вавилова, 66, стр. 4, Москва;;55.683 37.548;cafe
Пицца кофе;;+7 (963) 777-25-88;ул. Вавилова, 66, Москва;pizza-coffe.ru;55.683 37.549;cafe
Дядя Джо;;+7 (901) 716-80-20, +7 (901) 549-72-32;ул. Вавилова, 64/1с3, Москва;djoe.ru;55.684 37.549;cafe
Tomatino;;+7 (926) 033-33-00, +7 (917) 578-37-80, +7 (926) 055-00-06;ул. Вавилова, 64/1с1, Москва;tomatino.ru;55.684 37.550;cafe
Plov.com;+7 (495) 789-78-93;;ул. Вавилова, 64/1с1, Москва;plov.com;55.684 37.551;cafe
Волконский, кафе-пекарня;;+7 (925) 003-11-59, +7 (926) 981-55-50, +7 (911) 005-32-13, +7 (920) 226-75-56, +7 (929) 900-09-96;Ленинский просп., 67, Москва;wolkonsky.com;55.691 37.552;cafe
Акваименс, автомойка;+7 (499) 783-55-54, +7 (499) 783-56-01;+7 (985) 015-75-60, +7 (965) 364-46-78;Нахимовский просп., 75А, Москва;;55.684 37.553;cafe
Мокка, кофейня;;+7 (901) 505-27-97, +7 (963) 724-61-44;Ленинский просп., 67, Москва;;55.691 37.553;cafe
Лимончино, ресторан;+7 (717) 230-81-02, +7 (495) 621-90-80;+7 (965) 223-85-01;Профсоюзная ул., 33, стр. 1, Москва;limoncino.ru , ilfornogroup.ru;55.672 37.557;cafe
Brasserie, кафе с европейской кухней;+7 (499) 120-18-48, +7 (499) 120-35-53;;Нахимовский проспект, 63;cafebyinteroptika.ru;55.679 37.560;cafe
Му-му, сеть кафе;+7 (499) 678-34-44;+7 (985) 178-83-33;Нахимовский просп., 57, Москва;cafemumu.ru;55.678 37.561;cafe
Мой автомобиль, автомойка;+7 (495) 988-99-53;;Профсоюзная ул., 25А, Москва;myautomobile.ru;55.675 37.563;cafe
Cofix, кофейня фиксированной цены;;+7 (977) 591-39-68;Профсоюзная ул., 19, Москва;cofix.global;55.678 37.564;cafe
Шоколадница, кофейня;+7 (499) 129-80-63;;Профсоюзная ул., 19, Москва;shoko.ru;55.679 37.564;cafe
Eatness - сервис правильного питания;;+7 (900) 111-21-17;ул. Ивана Бабушкина, 18, корп. 2, Москва;eatness.ru;55.684 37.559;cafe
МосКальян;+7 (499) 444-20-12;+7 (985) 400-19-19, +7 (928) 285-60-06, +7 (988) 235-93-93, +7 (966) 333-30-35, +7 (965) 404-94-94, +7 (985) 999-13-01, +7 (965) 233-33-43, +7 (985) 555-14-60, +7 (953) 347-99-99, +7 (999) 099-73-73;Профсоюзная ул., 27, корп. 1, Москва;moskalyan.com , mos-lounge.ru , mosfranchise.com;55.674 37.559;cafe
Карл баллинг, ресторан;+7 (499) 125-12-82, +7 (499) 125-04-97;+7 (926) 909-08-50;ул. Ивана Бабушкина, 17, корп. 1, Москва;karlballing.com , karlballing.net;55.685 37.561;cafe
Руставели;+7 (495) 429-08-20;+7 (966) 145-48-88;ул. Кржижановского, 4, корп. 1, Москва;restoranrustaveli.ru;55.683 37.562;cafe
Janis;+7 (499) 464-36-08, +7 (499) 464-34-79;+7 (903) 790-16-75, +7 (905) 779-89-86;ул. Вавилова, 57, стр. 1, Москва;janis.ru , janiscafe.ru;55.691 37.562;cafe
French Bakery;+7 (495) 969-59-64;+7 (968) 623-28-84;Профсоюзная ул., 19, Москва;sedelice.ru;55.679 37.564;cafe
Рэдимэйд, кафе-кулинария;+7 (495) 924-86-88;;Профсоюзная ул., 25А, Москва;readymade-cafe.ru;55.674 37.566;cafe
Кафе-хинкальная;+7 (878-78) 0-18-00, +7 (499) 130-85-53;+7 (903) 130-85-53;улица Дмитрия Ульянова, 16 к1;kafe-khinkalnaia.ru;55.688 37.570;cafe
Любимый город, ресторан;+7 (499) 125-57-44;+7 (985) 211-19-40, +7 (978) 765-65-45;ул. Кедрова, 8, корп. 2, Москва;lyubimii-gorod.ru;55.685 37.566;cafe
Шагал, ресторан;+7 (495) 678-84-03;+7 (901) 347-73-79, +7 (977) 660-71-49;ул. Кржижановского, 14, корп. 2, Москва;chagall.ru , chagalclub.ru;55.680 37.568;cafe
Кариночка, ресторан;+7 (499) 128-09-11;+7 (910) 434-05-17, +7 (903) 115-10-99, +7 (926) 409-18-18, +7 (925) 781-77-77;Новочерёмушкинская ул., 44, корп. 1, стр. 1, Москва;karinochka.com;55.673 37.569;cafe
Берёзка, кафе;;+7 (915) 265-48-97;ул. Кедрова, 7А, Москва;berezka-kafe.ru;55.685 37.569;cafe
Гастро Бистро Шаверма-Братуха;;+7 (916) 756-60-46;ул. Дмитрия Ульянова, 16, корп. 1, Москва;bratukha.ru;55.689 37.570;cafe
Стара юга, кафе;+7 (499) 124-72-55;;ул. Кржижановского, 15, корп. 1, Москва;;55.680 37.571;cafe
Цхалтубо, хинкальная;+7 (495) 137-45-45;+7 (968) 495-84-13;улица Кржижановского, 20/30 к1;cafetskaltubo.ru;55.679 37.572;cafe
Как дома;;+7 (910) 483-35-54;Профсоюзная ул., 3, Москва;;55.686 37.572;cafe
Brazen, паб;+7 (499) 724-23-17;;улица Кржижановского, 20/30 к1;brazen-pub.ru;55.679 37.572;cafe
Jolly leprechaun, паб;+7 (495) 718-10-30, +7 (495) 718-10-50, +7 (495) 718-10-60, +7 (495) 476-46-39;+7 (964) 139-00-00;просп. 60-летия Октября, 20, Москва;jollyleprechaun.ru;55.688 37.574;cafe
Апрель, кафе-караоке;;+7 (966) 127-76-67;просп. 60-летия Октября, 20, Москва;aprilkaraoke.ru;55.689 37.574;cafe
KFC, ресторан быстрого обслуживания;;+7 (929) 935-67-92;ул. Кржижановского, 18, корп. 3, Москва;kfc.ru;55.679 37.571;cafe
KFC, ресторан быстрого обслуживания;;+7 (916) 872-06-27;ул. Дмитрия Ульянова, 20, корп. 1, Москва;kfc.ru;55.688 37.572;cafe
Billy McDaniel, ирландский паб;+7 (495) 222-59-88;+7 (985) 222-59-88;ул. Дмитрия Ульянова, 20, корп. 1, Москва;billymacdaniel.ru , billymacdaniel.com;55.688 37.572;cafe
Хелло, Индия!;+7 (499) 391-68-60;+7 (925) 533-57-60, +7 (925) 533-57-06;ул. Кржижановского, 20/30к1, Москва;helloindia.ru;55.679 37.572;cafe
Динг Донг;;+7 (905) 777-16-69;просп. 60-летия Октября, 20, Москва, Россия;dingdongasian.ru;55.689 37.574;cafe
Шоколадница;;+7 (915) 473-92-01;ул. Дмитрия Ульянова, 24, Москва;shoko.ru;55.687 37.574;cafe
Lюstra bar, музыкальный бар;+7 (495) 290-31-95;+7 (926) 867-12-03;просп. 60-летия Октября, 27, Москва;lustrabar.ru;55.690 37.576;cafe
Piccolo, пиццерия;;+7 (968) 858-59-95;проспект 60-летия Октября, 25 к1;moscow-cafe.ru , pizza-piccolo.ru , restoran-video.ru;55.691 37.576;cafe
Семейная пекарня, кафе;;+7 (916) 196-92-96;Нахимовский просп., 33/2, Москва;sempek.ru;55.673 37.577;cafe
Lusun, кафе;+7 (499) 125-34-73, +7 (499) 125-35-52;+7 (929) 945-26-26;улица Кржижановского, 24/35 к4;lusun.ru;55.676 37.577;cafe
Subway;;+7 (926) 936-31-56;ул. Дмитрия Ульянова, 28, Москва;subway.ru;55.685 37.579;cafe
Кулинарная лавка братьев Караваевых;+7 (495) 121-70-36, +7 (495) 790-99-52;;ул. Кржижановского, 22, стр. 1, Москва;karavaevi.ru;55.678 37.574;cafe
Пикколо;;+7 (930) 333-40-72, +7 (901) 525-55-55, +7 (977) 737-84-17;просп. 60-летия Октября, 25, корп. 1, Москва;moscow-cafe.ru , pizza-piccolo.ru , restoran-video.ru;55.691 37.576;cafe
Лен&гречка;+7 (495) 109-91-93;+7 (925) 380-51-06, +7 (916) 812-85-19;Новочерёмушкинская ул., 33/21к1, Москва;lenandgrechka.com;55.678 37.576;cafe
Печорин, пекарня ремесленного хлеба;;+7 (967) 121-99-34;Новочерёмушкинская ул., 17, Москва;pechorinbakery.ru;55.684 37.583;cafe
Шашлычная;;+7 (925) 100-22-22, +7 (925) 509-32-79;Новочерёмушкинская ул., 12, Москва;cafeshashlyk.ru;55.687 37.584;cafe
Скалка, пироговая;;+7 (925) 584-88-50;ул. Шверника, 13А, Москва;pirogi-skalka.ru;55.692 37.588;cafe
Сабаба;+7 (495) 740-61-97;;Большая Черёмушкинская ул., 21, Москва;sababa.club;55.681 37.589;cafe
KFC, ресторан быстрого обслуживания;+7 (495) 023-03-99;;Севастопольский просп., 20Б, Москва;kfc.ru;55.682 37.597;cafe
Хинкалъ-паласъ, кафе;+7 (495) 739-91-91, +7 (499) 123-11-76;+7 (926) 031-34-11, +7 (967) 199-33-77;Нагорный бул., 5, корп. 1, Москва;hinkal-palas.ru;55.674 37.594;cafe
Золотой абрикос, шашлычная;;+7 (933) 777-14-41;Рязанский проспект, 2а ст1;zolotoy-abrikos.ru;55.731 37.734;cafe
Lamadjo_8888;;+7 (905) 589-88-88;Большая Черёмушкинская, 2а ст1;lamadjo8888.ru;55.691 37.600;cafe
Одно Небо, ресторан;+7 (495) 066-06-61;+7 (964) 640-09-46;Севастопольский проспект, 15 к1;odnonebo.rest;55.683 37.600;cafe
Gagawa;;+7 (964) 508-89-36;Большая Черёмушкинская ул., 1, Москва;gagawa.ru;55.691 37.602;cafe
Нияма, японский ресторан;+7 (495) 961-59-14, +7 (495) 781-78-19;+7 (903) 553-12-18, +7 (925) 006-88-49;Севастопольский просп., 11Е, Москва;niyama.ru;55.687 37.604;cafe
Urace картинг;+7 (499) 957-88-11;+7 (966) 183-06-49;Севастопольский просп., 11Е, Москва;urace.ru;55.687 37.604;cafe
Хинкали, грузинское кафе;+7 (495) 142-08-53;+7 (977) 586-08-53;Севастопольский просп., 6, Москва;khinkali.bar , khinkali-dostavka.ru;55.691 37.606;cafe
Алло! Пицца;+7 (495) 730-10-20, +7 (495) 260-02-71;;Севастопольский просп., 15, Москва;allopizza.su;55.683 37.599;cafe
Наршараб, кафе;;+7 (999) 595-00-01;Севастопольский просп., 15, корп. 1, Москва;kafe-narsharab.ru;55.683 37.600;cafe
Wok & Box, кафе китайской кухни;;+7 (910) 410-98-85, +7 (917) 591-44-55, +7 (917) 591-55-66;Большая Черёмушкинская ул., 1, Москва;;55.690 37.601;cafe
Хинкальная;;+7 (916) 823-94-33;Большая Черёмушкинская ул., 1, Москва;khinkalnaya-rio.ru;55.691 37.602;cafe
Stopexpress;;+7 (929) 900-61-90;6-й Загородный пр., 1, стр. 1, Москва;stopexpress.ru;55.684 37.606;cafe
Esperanto, ресторан быстрого питания;+7 (495) 134-41-04;;1-й Нагатинский пр., 2, стр. 7, Москва;cafe-esperanto.ru;55.685 37.629;cafe
Гастрофабрика, кафе;+7 (499) 123-03-15;;Нагорная ул., 3А, Москва;gastro-fabrika.ru;55.682 37.613;cafe
Monteview coffee, кофейня;;+7 (929) 953-75-46;Нагорный пр., 6, Москва;monteview.ru;55.688 37.615;cafe
Фольга, столовая;+7 (495) 212-22-12;+7 (964) 505-36-99;Электролитный пр., 1Б, Москва;yaposha.com;55.673 37.621;cafe
KFC, ресторан быстрого обслуживания;+7 (495) 021-77-08;;Нагорный пр., 2Б, Москва;kfc.ru;55.690 37.618;cafe
Вино;+7 (495) 197-77-72;+7 (901) 259-94-55;Варшавское ш., 18, корп. 2, Москва;;55.691 37.621;cafe
Шоколадница;;+7 (915) 268-49-59;Варшавское ш., 26, стр. 7, Москва;shoko.ru;55.684 37.621;cafe
KFC, ресторан быстрого обслуживания;+7 (495) 021-09-57;;Варшавское ш., 5, стр. 2, Москва;kfc.ru;55.701 37.622;cafe
The best burgers, кафе быстрого обслуживания;;+7 (926) 668-34-60;Варшавское ш., 33, стр. 12, Москва;thebestburger.ru;55.692 37.622;cafe
Вкусный дворик, кафе-столовая;+7 (499) 391-86-91;+7 (925) 289-48-08, +7 (926) 684-79-27;Варшавское ш., 36, стр. 2, Москва;vkysnyi-dvorik.ru;55.680 37.623;cafe
Баваро, кафе;+7 (499) 611-20-61;+7 (903) 121-46-28;Нагатинская ул., 1, стр. 4, Москва;cafe-bavaro.ru;55.684 37.624;cafe
Триггер;;+7 (995) 154-45-45, +7 (985) 760-88-08;Варшавское ш., 45, стр. 4, Москва;;55.680 37.625;cafe
Ла Карот;+7 (495) 984-64-77, +7 (495) 532-57-98;+7 (925) 002-90-65, +7 (925) 002-90-51;Варшавское ш., 47, корп. 4, Москва;carotte.ru , lacarotte.ru;55.679 37.630;cafe
КофЕда;+7 (495) 121-01-91;+7 (929) 589-66-16;1-й Нагатинский пр., 10, стр. 3, Москва;kofeda.business.site;55.678 37.631;cafe
Sky Food, кафе;+7 (495) 797-12-83;+7 (903) 797-12-83;1-й Нагатинский пр., 14, Москва;skyfoodcafe.ru;55.675 37.632;cafe
Самсушка-Пампушка;;+7 (929) 918-20-09;Нагатинская ул., 16, Москва;samsushkapampushka.ru;55.679 37.643;cafe
Правда кофе;+7 (231) 120-15-18;+7 (919) 925-39-60, +7 (963) 309-36-81;Каширское ш., 3, корп. 2, стр. 4, Москва;pravdacoffee.ru;55.672 37.632;cafe
Prolunch, кафе;;+7 (925) 002-74-64;Каширское ш., 3, корп. 2, стр. 9, Москва;prolunch.ru;55.672 37.632;cafe
Бородачи, центр паровых коктейлей;;+7 (925) 149-28-89;Нагатинская ул., 16, Москва;;55.679 37.644;cafe
Рикису, суши-бар;+7 (495) 968-85-56;+7 (929) 633-95-85;1-й Нагатинский пр., 11, корп. 2, Москва;rikisu.ru;55.677 37.635;cafe
Счастливая щука, ресторан;+7 (495) 849-28-90, +7 (495) 198-04-11, +7 (495) 849-28-91;;1-й Нагатинский пр., 11, корп. 1, Москва;schastlivaya-shchuka.ru;55.679 37.635;cafe
CraftBurgers;;+7 (925) 025-05-05;Нагатинская ул., 16, Москва;;55.679 37.642;cafe
Иван Чай;+7 (168) 365-29-60, +7 (499) 218-71-01;+7 (909) 661-19-81;Нагатинская наб., 10, корп. 3, Москва;ivanhotel.ru;55.683 37.645;cafe
Везувий, кафе;+7 (499) 612-91-86;+7 (995) 920-55-50;Нагатинская ул., 25, стр. 1, Москва;vesuvio.moscow;55.679 37.651;cafe
Текла, хинкальная;+7 (499) 612-82-47;;Нагатинская ул., 31, Москва;khinkali-cafe.ru;55.678 37.659;cafe
KFC, ресторан быстрого обслуживания;+7 (495) 023-56-35;;просп. Андропова, 22, Москва;kfc.ru;55.683 37.661;cafe
Шеф гирос, кафе греческого стрит-фуда;;+7 (925) 535-76-08, +7 (928) 411-86-48;просп. Андропова, 22, Москва;chefgiros.ru;55.683 37.661;cafe
Chicken planet, кафе быстрого питания;;+7 (908) 075-58-44, +7 (965) 325-23-23, +7 (919) 116-15-45, +7 (982) 292-66-23, +7 (925) 504-66-35, +7 (926) 869-63-49;просп. Андропова, 22, Москва;rollkroll.ru , chickenplanet.ru;55.683 37.661;cafe
Планета боулинг, развлекательный центр;+7 (495) 775-85-75;+7 (901) 256-82-67, +7 (903) 960-12-44;просп. Андропова, 36, Москва;bowling-kolomenskoe.ru;55.676 37.662;cafe
Bollywood;;+7 (964) 642-29-07, +7 (964) 641-29-08;просп. Андропова, 22, Москва;cafebollywood.ru;55.683 37.661;cafe
Барвиха lounge, сеть баров паровых коктейлей;;+7 (960) 600-22-00, +7 (968) 000-30-01, +7 (929) 513-24-23, +7 (999) 997-30-01, +7 (999) 667-70-01, +7 (999) 796-91-11, +7 (999) 772-20-01, +7 (999) 982-20-01, +7 (985) 721-74-48, +7 (910) 873-39-08;просп. Андропова, 22, Москва;barvikhagroup.ru;55.683 37.663;cafe
Хинкальная;+7 (495) 409-95-79;;просп. Андропова, 26, Москва;myhinkali.ru;55.681 37.663;cafe
Кафе Рыба & Мясо на углях;+7 (499) 612-82-69;;просп. Андропова, 35А, Москва;рыбамясонауглях.рф;55.673 37.665;cafe
KFC, ресторан быстрого обслуживания;;+7 (929) 558-55-42;просп. Андропова, 23, Москва;kfc.ru;55.678 37.665;cafe
River’s. Bar Гастробар;;+7 (980) 897-52-04;Нагатинская наб., 32, корп. 1, Москва;rivers-bar.clients.site;55.685 37.666;cafe
Маковка, пекарня;;+7 (916) 173-87-77;Судостроительная ул., 11, корп. 1, Москва;p-makovka.ru , makovka.pro;55.680 37.671;cafe
Эристави, ресторан;+7 (495) 532-40-69;+7 (904) 567-20-93, +7 (926) 577-02-10, +7 (926) 676-23-03;ул. Новинки, 31, Москва;eristavi.ru , eristavi-kafe.ru;55.676 37.678;cafe
Хинкали-хачапури-шашлычок, ресторан грузинской кухни;;+7 (985) 206-10-01;ул. Новинки, 12Б, Москва;hinkali-rest.ru;55.676 37.679;cafe
Пицца-фабрика, пиццерия;+7 (495) 954-77-77, +7 (495) 161-97-77;;Якорная ул., 1, Москва;pizzafab.ru;55.688 37.682;cafe
Пончики;;+7 (965) 101-19-01;Судостроительная ул., 23, корп. 1, Москва;laponpon.ru;55.682 37.677;cafe
Pronto pizza, итальянское кафе;+7 (498) 505-57-57, +7 (499) 505-57-57;+7 (999) 599-60-02;ул. Новинки, 12Б, Москва;pronto24.ru , pronto-pizza.ru;55.676 37.679;cafe
Lavburger, кафе;;+7 (966) 306-79-39;Судостроительная ул., 32, корп. 1, стр. 2, Москва;;55.684 37.686;cafe
Нагатино, хинкальная;+7 (499) 725-18-14;+7 (958) 801-48-00;Судостроительная ул., 42А, Москва;xinkalnayanagatino.ru;55.685 37.692;cafe
Пан Запекан, кулинария;;+7 (903) 798-12-12, +7 (968) 446-06-85;Корабельная ул., 6, Москва;panzapekan.ru;55.679 37.695;cafe
Latteria1963;;+7 (926) 138-78-03, +7 (977) 196-35-00, +7 (977) 196-30-00;Корабельная ул., 17, корп. 1, Москва;latteria1963.ru;55.682 37.697;cafe
Riverfood, кафе быстрого обслуживания;;+7 (925) 597-36-01, +7 (965) 445-87-60;Корабельная ул., 17, корп. 3, Москва;riverfood.ru;55.683 37.698;cafe
Beze, семейная кондитерская;+7 (495) 924-51-58;+7 (903) 512-33-97, +7 (985) 924-51-58, +7 (903) 737-39-46;Корабельная ул., 17, корп. 3, Москва;tortizakaz.moscow;55.684 37.698;cafe
Fox&Grapes pub;+7 (495) 354-06-74;;ул. Гурьянова, 3, Москва;;55.692 37.723;cafe
KFC, ресторан быстрого обслуживания;+7 (495) 198-09-54;;Шоссейная ул., 34, Москва;kfc.ru;55.682 37.723;cafe
Pizzalove, кафе;;+7 (968) 949-56-84;улица Полбина, 6;pizzalove.ru;55.691 37.730;cafe
Хинкальная №5, кафе-бар;+7 (495) 354-71-49;+7 (906) 791-81-81;Шоссейная ул., 34, стр. 1, Москва;mirpirogoff.ru;55.683 37.723;cafe
VTandir.ru;+7 (495) 789-10-19, +7 (495) 646-99-76;+7 (926) 961-12-48;Егорьевский пр., 2А, стр. 2, Москва;vtandir.ru;55.673 37.733;cafe
Пузатая хата, кафе;+7 (495) 789-09-05;+7 (903) 589-09-05;Егорьевский пр., 2А, стр. 7, Москва;puzataya-hata.ru , puzataya-hata.qr-cafe.ru;55.673 37.733;cafe
Погребок;+7 (495) 730-50-25;;Егорьевский пр., 3Ж, стр. 6, Москва;diaf.moscow;55.675 37.734;cafe
Дядя Ваня;;+7 (925) 750-06-06;Люблинская ул., 60, Москва, Россия;udyadivani.ru;55.673 37.738;cafe
Tandir&Пекарня;;+7 (925) 157-22-33;Краснодонская ул., 39А, Москва;;55.675 37.750;cafe
Бакинский очаг;+7 (499) 553-03-13;+7 (926) 764-55-55, +7 (966) 312-22-33;Краснодонская ул., 2А, Москва;bakinskiyochag.ru;55.684 37.750;cafe
ФудМолл;;+7 (903) 189-89-99;Совхозная ул., 39, Москва;;55.674 37.761;cafe
R&B's Роллы и Бургеры;;+7 (963) 673-63-18;Краснодарская ул., 57, корп. 3, Москва;;55.676 37.771;cafe
Stopexpress;;+7 (929) 900-77-78;Ставропольская ул., 31, Москва;stopexpress.ru;55.682 37.774;cafe
Гранат Холл;+7 (495) 255-51-11;;Цимлянская ул., 2А, Москва;granathall.ru;55.672 37.775;cafe
Старый Баку, кафе-ресторан;+7 (495) 980-53-03, +7 (495) 230-54-25;+7 (985) 601-33-33, +7 (926) 610-03-00;Тихорецкий бул., 1, стр. 19, Москва;stbaku.ru;55.675 37.778;cafe
Чайхона Анор;;+7 (967) 036-88-88;Тихорецкий бул., 1, стр. 29, Москва;anor24.ru;55.677 37.779;cafe
Хинкальная;;+7 (965) 224-24-24, +7 (967) 224-24-24;Тихорецкий бул., 1, стр. 6, Москва;gg-group.ru , kafekhinkalnaya.ru;55.674 37.781;cafe
Майиз, чайхана;;+7 (991) 777-79-92, +7 (991) 777-70-99;Тихорецкий бул., 1, стр. 78, Москва;mayiz.ru;55.678 37.782;cafe
Небо, кафе;+7 (495) 640-08-80;+7 (985) 871-71-94;Привольная, 63;nebocafe.ru , lepeshka-cafe.ru;55.682 37.847;cafe
Праймбиф, ресторан-бар;+7 (495) 984-74-04, +7 (4732) 50-27-79, +7 (499) 322-01-12, +7 (4732) 06-79-81;+7 (920) 216-68-43, +7 (909) 923-17-77, +7 (920) 213-34-16, +7 (937) 595-04-22, +7 (925) 060-50-15, +7 (920) 215-66-29, +7 (920) 211-93-14, +7 (985) 429-58-72, +7 (920) 451-96-05, +7 (960) 123-21-23;ул. Авиаконструктора Миля, 3А, Москва;primebeefbar.ru , primebeef.ru , kzn.primebeefbar.ru;55.687 37.851;cafe
Тунец, суши-бар;;+7 (925) 007-85-55, +7 (921) 100-11-22;Привольная ул., 61, корп. 1, Москва;sushi-tunec.ru , moskva-zhulebino.sushi-tunec.ru;55.683 37.845;cafe
Лабиринт, караоке-клуб;+7 (495) 649-04-01;+7 (925) 100-04-56;Жулебинский бул., 36, корп. 1, Москва;;55.685 37.847;cafe
Bar Beer Empire Craft&Draft Жулебино, магазин-бар;;+7 (909) 150-29-30, +7 (925) 825-43-10;Привольная ул., 65/32, Москва;beerempire.ru;55.681 37.850;cafe
My gelato, кофейня;+7 (495) 150-98-00, +7 (495) 150-56-41;;ул. Авиаконструктора Миля, 3А, Москва;my-gelato.ru , mygelato.cafe;55.686 37.852;cafe
Привоз, фудмолл;;+7 (916) 740-04-45, +7 (966) 666-53-12, +7 (916) 740-06-62;ул. Авиаконструктора Миля, 3А, Москва;privoz-market.ru;55.687 37.852;cafe
Star Lab;;+7 (903) 130-40-58, +7 (903) 130-40-57, +7 (903) 130-40-56, +7 (903) 130-40-54;ул. Генерала Кузнецова, 22, Москва;star-lab.org;55.686 37.854;cafe
Bfl’s;;+7 (963) 963-96-99;ул. Авиаконструктора Миля, 3А, Москва;;55.687 37.852;cafe
Cinnabon, кафе-пекарня;;+7 (977) 355-52-50;ул. Генерала Кузнецова, 22, Москва;cinnabonrussia.com;55.686 37.854;cafe
Шоколадница, кофейня;;+7 (926) 991-09-08;ул. Генерала Кузнецова, 22, Москва;shoko.ru;55.685 37.854;cafe
Кофеin, кофейня;+7 (499) 796-07-28;+7 (985) 002-17-17;ул. Генерала Кузнецова, 17, Москва;cafe-coffeein.ru;55.686 37.858;cafe
Лемон;+7 (495) 763-64-66;+7 (926) 879-77-94, +7 (958) 111-52-30;Привольная ул., 70, Москва;karaokelemon.ru;55.678 37.854;cafe
Aioku, суши-бар;+7 (495) 080-82-10;+7 (965) 354-94-50;улица Генерала Кузнецова, 17;aioku.ru;55.686 37.858;cafe
Кофея, кофейня;;+7 (967) 291-28-48;Тарханская ул., 1, Москва;cofeya.ru;55.685 37.858;cafe
Братуха, магазин фастфудной продукции;;+7 (905) 713-71-34, +7 (916) 323-74-93;Тарханская ул., 2, Москва;bratukha.ru;55.685 37.859;cafe
Гриль бургер;;+7 (917) 590-80-86;Тарханская ул., 2, Москва;;55.685 37.859;cafe
Династия, кафе;+7 (495) 706-66-64;+7 (968) 873-77-99;1-я Вольская ул., 17, корп. 1, Москва;restorandinastiya.ru;55.684 37.928;cafe
Cofix, кофейня фиксированной цены;;+7 (964) 583-64-56, +7 (985) 053-10-28;Большой бул., 40, Западный административный округ, Можайский район, Инновационный центр Сколково, Москва;cofix.global;55.695 37.347;cafe
Damil, ресторан сербской кухни;+7 (495) 718-01-81;+7 (916) 729-83-83, +7 (916) 813-95-14;Рябиновая ул., 28А, стр. 1, Москва;damil-food.ru;55.694 37.418;cafe
ГлавЕда;;+7 (915) 012-07-70;Верейская ул., 29, Москва;glaveda-dostavka.ru , glaveda.ru;55.711 37.436;cafe
Дядюшка ХО;+7 (499) 110-50-55;;Верейская ул., 29, стр. 134, Москва;uncle-ho.ru;55.709 37.442;cafe
Овертайм Мастер;+7 (495) 926-26-47;;Верейская ул., 29, стр. 137, Москва;overtimemaster.ru;55.707 37.434;cafe
Дядюшка ХО;+7 (826) 042-36-67, +7 (495) 110-50-55, +7 (614) 472-35-24;+7 (906) 064-20-34;Верейская ул., 29, стр. 33, Москва;cafe.uncle-ho.ru , well-vkus.ru , uncle-ho.ru;55.709 37.441;cafe
Ozera, кафе;;+7 (915) 286-75-13, +7 (965) 161-31-38, +7 (963) 710-58-37;Верейская ул., 11, Москва;t-food-catering.ru;55.710 37.448;cafe
Zефир;+7 (495) 174-77-24, +7 (499) 321-23-12;+7 (903) 286-45-64, +7 (999) 123-12-33, +7 (965) 184-84-91, +7 (985) 284-64-98, +7 (922) 743-32-11, +7 (999) 123-22-33, +7 (916) 609-75-19, +7 (915) 398-60-44, +7 (925) 134-63-32, +7 (916) 965-04-66;Верейская ул., 29, стр. 134, Москва;zcaffe.ru;55.709 37.442;cafe
Surf coffee × Amen, кофейня;;+7 (967) 129-09-60, +7 (964) 632-78-11;Аминьевское ш., 6, Москва;surfcoffee.ru;55.707 37.457;cafe
Cinnabon, кафе-пекарня;;+7 (926) 486-12-42;Аминьевское ш., 6, Москва;cinnabonrussia.com;55.707 37.457;cafe
Di паоло, ресторан;+7 (495) 449-18-78, +7 (495) 449-18-66, +7 (495) 449-18-68;;Матвеевская ул., 20, корп. 3, Москва;dipaolo.ru;55.703 37.467;cafe
KFC, ресторан быстрого обслуживания;;+7 (963) 630-88-40;Матвеевская ул., 2, Москва;yandexpriority.onelink.me , kfc.ru;55.705 37.479;cafe
Amici, остерия;;+7 (926) 109-59-39;Мосфильмовская улица, 88 к4 ст1;;55.702 37.491;cafe
У Джона;+7 (499) 233-12-22;+7 (926) 725-77-99, +7 (926) 398-14-37;Нежинская ул., 9, корп. 1, Москва;barelement.ru;55.711 37.474;cafe
Гранат;;+7 (926) 393-46-09;ул. Лобачевского, 130Б, стр. 1, Москва;restorangranat.xyz , granatrestoran.com;55.700 37.476;cafe
Professor smoke, центр паровых коктейлей;+7 (495) 999-60-09, +7 (499) 955-55-89;;Мосфильмовская ул., 53, Москва;pslc.ru , ps-lounge.ru;55.705 37.498;cafe
Picnic, кафе-пиццерия;;+7 (995) 789-27-41;Мосфильмовская ул., 53, Москва;picniccafe.ru;55.705 37.498;cafe
Lounge 88, лаундж-кафе;;+7 (929) 077-00-00;Мосфильмовская ул., 88, корп. 4, стр. 1, Москва;zoon.ru , lounge-88.ru;55.703 37.492;cafe
Солнце в тарелке, семейное кафе;+7 (495) 115-32-64, +7 (495) 101-32-64;;ул. Столетова, 17, Москва;solncevtarelke.ru;55.702 37.499;cafe
Kurnik, кафе;;+7 (968) 446-64-25, +7 (901) 713-78-66;ул. Столетова, 11, Москва;kurnik-msk.ru;55.703 37.499;cafe
Сакварело, кафе грузинской кухни;+7 (499) 737-77-33, +7 (499) 938-76-89;+7 (985) 717-77-33;ул. Столетова, 7, Москва;sakvarelo.ru;55.704 37.503;cafe
Песнь моряка, ресторан;+7 (495) 902-78-72, +7 (495) 902-75-32;;Мичуринский просп., 16, Москва;sailorsongcafe.ru;55.702 37.505;cafe
Wine religion, гастробар;+7 (499) 753-23-40;;Мичуринский просп., 16, Москва;winereligion.ru;55.702 37.506;cafe
Хинкали Gали, кафе;+7 (495) 260-99-68;+7 (985) 067-02-37, +7 (925) 579-10-40, +7 (958) 833-33-97, +7 (901) 743-70-20;ул. Столетова, 11, Москва;hinkaligali.ru , horeca-home.com;55.703 37.499;cafe
Вайн Рум Галерея Гурме;;+7 (985) 036-00-00;ул. Столетова, 17, Москва;wineroom-mc.ru;55.702 37.499;cafe
Korean chick, кафе быстрого питания;;+7 (968) 730-00-10, +7 (968) 730-00-40, +7 (968) 730-00-20, +7 (968) 730-00-60, +7 (968) 730-00-80, +7 (968) 730-00-70, +7 (968) 730-00-30, +7 (968) 730-00-50;Мичуринский просп., 31, корп. 7, Москва;koreanchick.ru;55.695 37.500;cafe
KFC;+7 (499) 586-05-65;;Мичуринский просп., вл27, Москва;yandexpriority.onelink.me , kfc.ru;55.697 37.500;cafe
Бюро Пиццы;;+7 (925) 575-49-45;Мичуринский просп., вл27, Москва;buropizza.ru;55.697 37.500;cafe
Казанчик;;+7 (963) 699-78-22;Мичуринский просп., вл27, Москва;kazanchik-michurinskij-prospekt.clients.site;55.697 37.501;cafe
Виолино;;+7 (939) 111-72-58, +7 (915) 331-24-31;ул. Столетова, 7, Москва;violinocake.ru;55.704 37.503;cafe
Соседи, кафе;+7 (495) 928-14-00, +7 (495) 734-00-07;+7 (985) 928-14-00, +7 (985) 928-13-00;Мичуринский просп., 22, корп. 1, Москва;sosedicafe.ru;55.701 37.503;cafe
Шоколадница, кофейня;;+7 (915) 473-88-45;Мичуринский просп., 22, корп. 1, Москва;shoko.ru;55.701 37.504;cafe
The fox pub, ресторан;+7 (495) 204-99-88;+7 (926) 271-71-80, +7 (977) 330-00-10;Мичуринский просп., 22, корп. 1, Москва;thefoxpub.ru;55.702 37.504;cafe
Kulinari, грузинский ресторан;+7 (499) 136-47-47, +7 (495) 287-81-82;+7 (903) 136-47-47;Мичуринский просп., 7, Москва;michurinsky.kulinari.co , kulinari.co;55.703 37.510;cafe
Dumplinks, кафе;;+7 (977) 632-99-91;Мичуринский проспект, 8 ст1;chi-food.ru;55.706 37.510;cafe
Университетское, кафе;+7 (499) 147-79-64, +7 (499) 147-20-62, +7 (495) 685-93-38, +7 (499) 147-59-60, +7 (499) 147-79-74, +7 (495) 363-35-87, +7 (495) 363-35-84, +7 (499) 147-13-36, +7 (499) 147-64-74;+7 (909) 992-19-11, +7 (926) 129-13-01;Мичуринский просп., 8, стр. 1, Москва;uhtl.ru , cafe.uhtl.ru;55.706 37.511;cafe
Брусника, кафе-кулинария;+7 (495) 133-59-18, +7 (495) 133-16-32, +7 (499) 253-55-08, +7 (499) 403-30-29, +7 (499) 650-79-80, +7 (495) 688-33-85, +7 (499) 940-57-01, +7 (495) 691-45-07, +7 (499) 404-03-26, +7 (495) 322-81-33;;Мичуринский просп., 5, Москва;brusnikacafe.ru , edabrusnika.ru;55.703 37.511;cafe
Бакинский дворик;+7 (499) 143-14-10, +7 (499) 147-25-69;+7 (926) 436-26-36;Мосфильмовская ул., 72А, Москва;bakdvorik.ru;55.711 37.507;cafe
Пельмени;;+7 (977) 538-99-96;Мичуринский просп., 8, стр. 2, Москва;chi-food.ru;55.706 37.510;cafe
МГУ им. М. В. Ломоносова, факультет фундаментальной физико-химической инженерии, приемная комиссия;+7 (495) 939-43-13, +7 (495) 939-12-41, +7 (495) 939-10-00, +7 (495) 939-08-81, +7 (495) 939-41-16, +7 (495) 939-14-15, +7 (495) 939-01-75;;1, стр. 51, Западный административный округ, район Раменки, микрорайон Ленинские Горы, Москва;museum.msu.ru , physchem.msu.ru , cosmos.msu.ru , msu.ru , mes.msu.ru;55.698 37.538;cafe
Gallo d`oro, кафе;+7 (495) 728-45-55;+7 (985) 728-45-55, +7 (925) 005-64-00;Мичуринский проспект, 5;gallodelivery.ru;55.703 37.512;cafe
Milk&Beans, кофейня;;+7 (915) 254-73-79, +7 (926) 777-67-45;Мичуринский просп., 5, Москва;milkandbeans.cafe;55.703 37.511;cafe
Рэдимэйд, кафе-кулинария;+7 (499) 130-39-49;+7 (903) 160-79-83;Мичуринский просп., 3, Москва;readymade-cafe.ru;55.704 37.513;cafe
Pasta cup&pizza, кафе-пиццерия;;+7 (977) 991-16-04, +7 (977) 991-16-14, +7 (968) 321-32-46, +7 (916) 412-09-08, +7 (985) 510-58-84;просп. Вернадского, 6, Москва;pasta-cup.ru;55.692 37.527;cafe
Ливан Хаус, гриль-кафе;;+7 (905) 585-68-39;просп. Вернадского, 6, Москва;livanhouse.ru;55.692 37.528;cafe
АндерСон, семейное кафе-кондитерская;;+7 (985) 193-27-57;Мичуринский просп., 7, корп. 1, Москва;cafe-anderson.ru;55.702 37.512;cafe
Практика кофе, кофейня;;+7 (915) 385-75-96, +7 (999) 817-26-45, +7 (999) 863-50-13, +7 (930) 987-40-33, +7 (925) 161-42-36;Ломоносовский просп., 29, корп. 1, стр. 2, Москва;praktika-coffee.ru;55.703 37.516;cafe
Кафедра Вкуса, ресторан;+7 (499) 788-93-93;+7 (985) 616-47-17, +7 (915) 114-07-07;Ломоносовский просп., 29, корп. 3, Москва;kafedra-vkusa.clients.site;55.704 37.516;cafe
Waymark;+7 (495) 822-09-11;;1, стр. 40, Западный административный округ, район Раменки, микрорайон Ленинские Горы, Москва, Россия;waymark24.ru;55.706 37.521;cafe
La familia, кондитерский дом;;+7 (925) 054-88-55;Ломоносовский просп., 25, корп. 5, Москва;lafamiliacake.ru;55.693 37.530;cafe
G & M, кафе;;+7 (967) 038-17-30, +7 (985) 507-27-00;Ломоносовский проспект, 23 ст3;grillm.ru;55.692 37.536;cafe
Трамплин, ресторан;;+7 (910) 480-22-11, +7 (910) 481-22-11;ул. Косыгина, 28, Москва;tramplin-rest.ru;55.708 37.544;cafe
White fox, кофейня;;+7 (903) 233-83-40, +7 (903) 193-12-84, +7 (926) 151-79-02, +7 (929) 599-82-44, +7 (967) 277-35-44, +7 (903) 233-04-01, +7 (929) 624-44-93, +7 (926) 037-12-79;Молодёжная ул., 6, Москва;whitefoxcafe.ru;55.696 37.547;cafe
Cybervibe, компьютерный клуб;;+7 (966) 080-00-70;Университетский проспект, 9;cyber-vibe.ru;55.697 37.548;cafe
Шоколадница, кофейня;;+7 (915) 473-89-32;Ломоносовский просп., 25, корп. 1, Москва;shoko.ru;55.694 37.533;cafe
Bfl’s;+7 (495) 258-87-31;;площадь Джавахарлала Неру, 1, Москва;buffalos.ru;55.693 37.534;cafe
Московские канатные дороги;+7 (495) 123-82-61;;ул. Косыгина, 28, стр. 2, Москва;srkvg.ru;55.708 37.545;cafe
Скалка, пироговая;;+7 (916) 862-35-61;Университетский просп., 4, Москва;pirogi-skalka.ru;55.697 37.553;cafe
Фантазёры, бистро;;+7 (985) 042-52-52;Ленинский просп., 61/1, Москва;fantazery.moscow;55.695 37.558;cafe
Florentini city, ресторан;+7 (495) 641-11-43;+7 (985) 500-74-77;Ленинский просп., 57, Москва;florentinicafe.ru;55.697 37.561;cafe
Дэди, южное кафе;+7 (495) 509-22-60, +7 (499) 135-70-00;+7 (925) 509-22-60;ул. Дмитрия Ульянова, 5, Москва;dedi-rest.ru;55.693 37.561;cafe
Лаки Сувлаки;;+7 (925) 772-56-65, +7 (903) 717-34-13;4-й Воробьёвский пр., 37, Москва;luckysouvlaki.ru;55.707 37.560;cafe
Рэдимэйд, кафе-кулинария;+7 (499) 135-23-93;;Ленинский просп., 57, Москва;readymade-cafe.ru;55.697 37.562;cafe
Coffeebrain, экспресс-кофейня;;+7 (985) 432-78-18, +7 (916) 651-20-50, +7 (903) 114-53-50;ул. Дмитрия Ульянова, 5, Москва;coffeebrain-coffee-shop.business.site;55.692 37.562;cafe
Время поесть, кафе;;+7 (999) 966-38-05;ул. Дмитрия Ульянова, 5, Москва;vremja-poest.clients.site;55.693 37.563;cafe
Кальян на дом ДымиМдомА;;+7 (999) 553-78-27;Россия, Москва, парк искусств Музеон;дымимдома.москва;55.698 37.589;cafe
Илларион, кафе;+7 (499) 137-59-88, +7 (499) 127-59-88, +7 (499) 391-71-21;+7 (925) 391-71-21;ул. Косыгина, 5, Москва;illarioncafe.ru;55.707 37.573;cafe
Пицца Аморэ, пиццерия;+7 (499) 135-31-80, +7 (499) 137-36-09;;Ленинский просп., 43, Москва;pizza-amore.ru;55.705 37.577;cafe
Илья Муромец, ресторан;+7 (495) 963-21-11, +7 (499) 250-47-73, +7 (495) 938-71-21;+7 (903) 755-01-96, +7 (903) 755-01-98, +7 (903) 796-49-11;Ленинский просп., 37, Москва;restoran-muromets.ru;55.710 37.585;cafe
Буйабес, ресторан;+7 (495) 633-88-88, +7 (495) 958-05-08;;Ленинский просп., 37, Москва;buyabes.ru;55.711 37.587;cafe
Линдфорс, кафе;+7 (812-67) 9-33-77, +7 (499) 246-05-89, +7 (495) 607-77-31, +7 (495) 846-61-84, +7 (495) 609-33-77, +7 (495) 788-56-67, +7 (495) 748-87-08, +7 (499) 246-05-32, +7 (495) 607-72-23, +7 (495) 795-28-44;;Ленинский просп., 37А, Москва;spb.lindfors.ru , lindfors.ru;55.708 37.587;cafe
Шоколадница, кофейня;;+7 (925) 365-28-00;Ленинский просп., 37А, Москва;shoko.ru;55.709 37.587;cafe
Стардогс;+7 (495) 540-57-23;+7 (964) 787-17-99;ул. Вавилова, 15, Москва;stardogs.ru;55.702 37.581;cafe
Шоколадница, кофейня;;+7 (964) 577-53-68;ул. Вавилова, 3, Москва;shoko.ru;55.708 37.591;cafe
Таманно, чайхана;;+7 (967) 279-76-76;ул. Орджоникидзе, 12, стр. 4, Москва;;55.710 37.591;cafe
Cofix, кофейня фиксированной цены;;+7 (925) 195-67-27;ул. Вавилова, 3, Москва;cofix.ru , cofix.global;55.706 37.593;cafe
One price coffee, экспресс-кофейня;;+7 (963) 962-77-76;ул. Вавилова, 3, Москва;onepricecoffee.com;55.706 37.593;cafe
KFC, ресторан быстрого обслуживания;+7 (499) 322-24-87;;ул. Вавилова, 3, Москва;kfc.ru;55.706 37.594;cafe
Cinnabon, кафе-пекарня;;+7 (929) 993-17-25;ул. Вавилова, 3, Москва;cinnabonrussia.com;55.706 37.594;cafe
Gagawa;;+7 (964) 508-86-16;ул. Вавилова, 3, Москва;gagawa.ru;55.706 37.594;cafe
Милос;;+7 (985) 746-82-80, +7 (967) 162-44-60;ул. Вавилова, 3, Москва, Россия;mylos.ru;55.707 37.592;cafe
Корё;+7 (495) 232-43-52, +7 (495) 147-14-67;+7 (985) 336-03-25, +7 (916) 476-04-36;ул. Вавилова, 1, Москва;shmargun.ru , koryo-restoran.ru;55.709 37.593;cafe
Столовая +Лагман;;+7 (991) 240-73-39;ул. Орджоникидзе, 11, стр. 1, Москва;;55.708 37.594;cafe
Кибер-кафе Флэшбэк;+7 (499) 553-02-30, +7 (499) 638-29-38;;2-й Донской пр., 10, стр. 2, Москва;flash-back.ru;55.711 37.594;cafe
Shwarm, кафе быстрого обслуживания;+7 (495) 203-13-73;;ул. Орджоникидзе, 11, стр. 1, Москва;shwarm.ru;55.707 37.596;cafe
KFC, ресторан быстрого обслуживания;+7 (495) 023-16-93;;ул. Орджоникидзе, 11, стр. 1А, Москва;yandexpriority.onelink.me , kfc.ru;55.707 37.596;cafe
Шоколадница, кофейня;;+7 (926) 640-79-62;ул. Орджоникидзе, 11, стр. 1, Москва;shoko.ru;55.709 37.596;cafe
KFC, ресторан быстрого обслуживания;;+7 (963) 630-04-72;5-й Донской пр., 19, стр. 2, Москва;kfc.ru;55.704 37.596;cafe
Три вилки, столовая;;+7 (916) 958-50-60, +7 (901) 542-26-19, +7 (926) 463-69-64;ул. Орджоникидзе, 11, стр. 11, Москва;;55.706 37.596;cafe
АрендаКараоке с функцией Баттл;;+7 (906) 051-17-27, +7 (909) 911-97-22, +7 (960) 091-00-52;ул. Орджоникидзе, 11, стр. 41, Москва;;55.708 37.597;cafe
Волконский, кафе-пекарня;;+7 (925) 003-08-92;ул. Орджоникидзе, 9, корп. 1, Москва;wolkonsky.com;55.709 37.598;cafe
Профитроли, кофейня;;+7 (964) 631-18-69;5-й Донской пр., 21Б, стр. 25, Москва;;55.707 37.598;cafe
Le Круассан, столовая-кафе;+7 (495) 975-93-20;+7 (903) 745-50-26;2-й Верхний Михайловский пр., 9, стр. 2, Москва;идемнаобед.рф;55.708 37.602;cafe
Кафе для поминок;+7 (495) 740-08-89;+7 (925) 740-08-89;ул. Шаболовка, 58, Москва;pominki-obed.ru;55.712 37.606;cafe
АндерСон, семейное кафе-кондитерская;;+7 (985) 719-09-10;ул. Серпуховский Вал, 21, корп. 4, Москва;cafe-anderson.ru;55.711 37.608;cafe
Zm Coffee;+7 (499) 400-74-99;+7 (963) 404-71-71;ул. Серпуховский Вал, 21, корп. 1, Москва;zm-coffee.ru;55.711 37.610;cafe
Сытые люди, кафе;;+7 (903) 193-33-43;Загородное ш., 1, корп. 2, стр. 13, Москва;sytye-lyudi.ru;55.699 37.614;cafe
Новая Азия, ресторан корейской кухни;+7 (495) 958-60-83;+7 (996) 975-26-20, +7 (999) 968-37-01;2-я Рощинская ул., 1А, Москва;asianew.ru;55.709 37.619;cafe
Ресторан-караоке Шу-Шу;;+7 (904) 567-23-08;Духовской пер., 17, стр. 16, Москва, Россия;shu-shu-rest.ru;55.705 37.617;cafe
Пош бар;+7 (495) 952-33-33;+7 (968) 952-33-33;Большая Тульская ул., 2, Москва;starboardsidehotel.ru;55.708 37.621;cafe
Паста Ризотто, кафе;;+7 (909) 993-78-78;Большая Тульская ул., 13, Москва;pasta-risotto.ru;55.708 37.622;cafe
KFC, ресторан быстрого обслуживания;+7 (499) 346-81-37;;Большая Тульская ул., 13, Москва;kfc-russia.ru , yandexpriority.onelink.me , kfc.ru;55.709 37.622;cafe
Ламаджо, кафе;+7 (499) 490-22-03;+7 (903) 554-09-04, +7 (925) 701-53-33;Варшавское ш., 29, Москва;lamajo-pizza.ru;55.693 37.622;cafe
Cofix, кофейня фиксированной цены;;+7 (916) 146-67-93;Большая Тульская ул., 13, Москва;cofix.ru , cofix.global;55.708 37.622;cafe
Чистая линия, кафе;+7 (812) 502-12-69, +7 (499) 521-62-03, +7 (812) 443-87-25, +7 (812) 313-33-50, +7 (495) 797-45-35, +7 (495) 765-43-27, +7 (495) 120-22-33;+7 (909) 926-46-44, +7 (963) 960-20-74, +7 (985) 395-85-69;Большая Тульская ул., 13, Москва;purelinecafe.ru , icecream-chl.ru;55.709 37.622;cafe
Высота, кафе-бар;;+7 (925) 889-09-98;Варшавское ш., 33, Москва;cafeglazunya.ru;55.692 37.623;cafe
Take and wake, экспресс-кофейня;;+7 (919) 993-65-34;Варшавское ш., 9, стр. 1Б, Москва;takeandwake.biz , гдекофе.рф , takeandwake.ru;55.700 37.623;cafe
Кухмистерская, кафе-столовая;;+7 (915) 090-53-91, +7 (919) 767-39-05, +7 (929) 033-36-44, +7 (919) 767-36-78;Варшавское ш., 9, стр. 1Б, Москва;;55.700 37.623;cafe
KFC, ресторан быстрого обслуживания;+7 (495) 023-02-88;;Большая Тульская ул., 11, Москва;yandexpriority.onelink.me , kfc.ru;55.710 37.624;cafe
Prolunch, кафе;;+7 (936) 252-99-23;Новоданиловская наб., 6, корп. 1, Москва;prolunch.ru;55.698 37.625;cafe
Гренки пенки, столовая;;+7 (916) 115-72-14, +7 (926) 782-87-44, +7 (915) 208-02-29, +7 (926) 235-92-42;Новоданиловская наб., 4, Москва;grenkipenki.ru;55.698 37.625;cafe
Чи фань, кафе;+7 (495) 118-22-30;;набережная Марка Шагала, 1 к2;chi-fan.ru;55.700 37.630;cafe
Lunchcity, кафе-столовая;;+7 (906) 770-64-24;Холодильный пер., 3, корп. 1, стр. 8, Москва;56s.site;55.709 37.628;cafe
Бирфест, кафе баварской кухни;+7 (495) 208-81-63;;Автозаводская ул., 18, Москва;bk-food.su;55.705 37.638;cafe
Франклинс бургер, бургерная;;+7 (916) 052-18-51;Автозаводская ул., 18, Москва;franklins.ru;55.705 37.639;cafe
Dim sum&co, паназиатское кафе;;+7 (985) 520-09-48;Автозаводская ул., 18, Москва;dimsumandco.ru;55.705 37.639;cafe
Буханка, пекарня;+7 (495) 795-95-12;;ул. Архитектора Щусева, 1, Москва;buhanka.ru;55.700 37.638;cafe
Qui Terra Caffe;;+7 (916) 999-11-74;ул. Архитектора Щусева, 1, Москва;;55.699 37.637;cafe
TODA PIZZA, сеть семейных кафе;;+7 (925) 086-51-11;наб. Марка Шагала, 1, корп. 1, Москва;todapizza.ru;55.701 37.632;cafe
Ели сацебели, ресторан грузинской кухни;+7 (495) 233-55-15, +7 (495) 294-55-81, +7 (495) 795-58-05;;ул. Архитектора Щусева, 2, корп. 3, Москва;elisacebeli.ru;55.701 37.633;cafe
Single, бар;;+7 (925) 777-50-30;ул. Архитектора Щусева, 2, корп. 1, Москва;singlebar.ru;55.700 37.635;cafe
Beze, семейная кондитерская;;+7 (901) 147-91-70, +7 (968) 824-17-33;ул. Архитектора Щусева, 2, корп. 2, Москва;tortizakaz.moscow;55.699 37.635;cafe
Монстер Хиллс;+7 (495) 880-08-88, +7 (495) 088-88-80, +7 (495) 975-77-75;;Автозаводская ул., 18, Москва;riviera.monsterhills.ru;55.705 37.639;cafe
SaltenaS, гриль-кафе;;+7 (926) 120-22-02;Автозаводская ул., 18, Москва;;55.705 37.639;cafe
Мясо&рыба;+7 (495) 231-17-77;;Автозаводская ул., 18, Москва;meat-and-fish.ru;55.705 37.642;cafe
Арт-кафе;;+7 (903) 291-18-15, +7 (903) 527-13-83;Даниловская набережная, 2 к4;cafe-baku.ru;55.708 37.642;cafe
BB Grill, ресторан европейской кухни;+7 (495) 900-10-49;;Автозаводская ул., 18, Москва;bbcafe.ru;55.705 37.642;cafe
Гриль хаус;+7 (3452) 57-56-75, +7 (342-41) 4-93-39, +7 (495) 968-76-68, +7 (3842) 67-44-44, +7 (775) 481-98-77, +7 (349) 227-82-62, +7 (775) 905-70-27, +7 (747) 305-01-00, +7 (775) 988-86-88;+7 (993) 400-01-00, +7 (901) 426-68-66, +7 (916) 965-08-99, +7 (914) 252-50-85, +7 (912) 995-40-30, +7 (968) 755-38-78, +7 (977) 142-38-17, +7 (985) 970-97-09, +7 (916) 459-20-32, +7 (924) 287-01-11;Автозаводская ул., 18, Москва;grille-house.com , grillhousemsk.ru;55.705 37.640;cafe
Jeffrey's Coffeeshop;;+7 (958) 100-70-18;Автозаводская ул., 23А, корп. 2, Москва;;55.703 37.649;cafe
Суши есть!;;+7 (932) 401-01-71;ул. Мастеркова, 4, Москва;clck.ru;55.708 37.657;cafe
Лепим и варим;;+7 (985) 481-42-49;ул. Ленинская Слобода, 26, Москва;lepimivarim.ru;55.709 37.652;cafe
Сегодня Мидии, кафе быстрого питания;;+7 (916) 458-57-58;ул. Ленинская Слобода, 26, корп. С, Москва;segodnyamidii.ru;55.709 37.653;cafe
Pick up coffee, экспресс-кофейня;+7 (495) 801-60-60;;Автозаводская ул., 23Б, корп. 2, Москва;zorkamilka.ru;55.702 37.652;cafe
Festa & Тесто;+7 (495) 509-40-61;+7 (929) 652-22-75;ул. Ленинская Слобода, 26, стр. 6, Москва;;55.710 37.652;cafe
Пельменная, кафе;;+7 (925) 838-44-55, +7 (926) 226-05-90;Автозаводская ул., 19, корп. 1, Москва;pelmennaya1976.ru;55.704 37.652;cafe
Пивная борода, магазин разливного пива;;+7 (904) 598-66-99, +7 (918) 105-63-33;Автозаводская ул., 23Б, корп. 2, Москва;pboroda.ru;55.702 37.652;cafe
MиксСалат;;+7 (926) 975-88-50;ул. Ленинская Слобода, 26, корп. С, Москва;mixsalad.ru;55.709 37.653;cafe
Фрикаделлер;;+7 (967) 085-05-58;ул. Ленинская Слобода, 26, корп. А, Москва;;55.709 37.653;cafe
Милти, магазин готовой еды;+7 (495) 215-13-11;;ул. Ленинская Слобода, 19, Москва;mealty.ru;55.708 37.653;cafe
Arcus bar and food, столовая;;+7 (915) 381-90-90;Автозаводская ул., 21, корп. 1, Москва;arcus.cafe;55.702 37.653;cafe
Bando, кафе корейской и паназиатской кухни;+7 (495) 818-61-64;+7 (914) 635-82-17;Автозаводская улица, 17 к1;bando-chiken.tilda.ws;55.705 37.654;cafe
One Special;;+7 (925) 341-63-09, +7 (985) 347-24-81;ул. Ленинская Слобода, 19, Москва;;55.709 37.654;cafe
BAR Zero Time, спорт-бар;;+7 (926) 364-04-79;Автозаводская ул., 17, стр. 2, Москва;;55.705 37.654;cafe
Шоколадница;;+7 (917) 517-44-20;ул. Ленинская Слобода, 26, корп. С, Москва;shoko.ru;55.710 37.654;cafe
For by friends, лаундж-бар;;+7 (925) 391-91-41;3-й Автозаводский проезд, вл13;forbyfriends.tilda.ws;55.708 37.656;cafe
Atmosphere cafe & lounge, лаундж-бар премиум-формата;;+7 (901) 469-42-26, +7 (926) 453-00-40;3-й Автозаводский пр., 3, Москва;atmospherelounge.ru;55.708 37.656;cafe
Максима, кафе;+7 (495) 788-72-72, +7 (495) 777-27-27;+7 (925) 351-15-11;ул. Мастеркова, 4, Москва;maximahotels.ru;55.709 37.657;cafe
Венахи, кафе грузинской кухни;;+7 (968) 060-27-27, +7 (968) 003-85-85, +7 (968) 767-08-08, +7 (939) 111-52-04;ул. Ленинская Слобода, 19, стр. 1, Москва;venahi.ru;55.709 37.655;cafe
Стейк & Бургер;;+7 (985) 423-23-08;ул. Ленинская Слобода, 26, корп. С, Москва;burgermiratorg.shop , miratorg.ru;55.710 37.655;cafe
Рябина, ресторан;+7 (495) 710-38-52;+7 (926) 208-88-33;ул. Мастеркова, 3, Москва;stariyeger.ru , ryabina.bar;55.709 37.658;cafe
Il massimo, кафе;+7 (495) 710-00-00;;Автозаводская ул., 4, Москва;ilmassimo.ru;55.710 37.663;cafe
Cofix;;+7 (965) 232-78-35;ул. Ленинская Слобода, 17, стр. 5, Москва;cofix.ru , cofix.global;55.710 37.657;cafe
Кахури, грузинское кафе;;+7 (906) 057-71-69;просп. Андропова, 8, Москва;megapoliscenter.com , kahuri.ru;55.696 37.665;cafe
KFC, ресторан быстрого обслуживания;+7 (495) 198-09-47;+7 (926) 094-43-82;просп. Андропова, 8, Москва;yandexpriority.onelink.me , kfc.ru;55.696 37.665;cafe
Авлабар, ресторан;+7 (495) 677-44-44;+7 (926) 208-86-88;Велозаводская ул., 6А, Москва;avlabar.ru;55.712 37.665;cafe
Шоколадница, кофейня;+7 (495) 710-86-46;+7 (915) 474-02-91;просп. Андропова, 8, Москва;megapoliscenter.com , shoko.ru;55.696 37.665;cafe
Bo Food;;+7 (925) 006-61-14;просп. Андропова, 8, Москва;bofood.ru;55.695 37.665;cafe
Боцман;+7 (495) 710-27-55, +7 (495) 710-24-17;;5-я Кожуховская ул., 10, Москва;botsman-r.ru;55.705 37.667;cafe
Вкус Азербайджана, кафе быстрого питания;+7 (495) 201-57-17;+7 (916) 078-84-78;Велозаводская ул., 13, стр. 1, Москва;aze-store.ru;55.710 37.667;cafe
Марань, хинкальный дом;+7 (495) 280-70-57;+7 (966) 032-66-85;7-я Кожуховская ул., 9, Москва;кафе-хинкальный-дом-мар.рф , marani-cafe.ru;55.711 37.674;cafe
Black star burger, ресторан быстрого питания;;+7 (999) 875-50-93;7-я Кожуховская ул., 9, Москва;blackstarburger.ru;55.710 37.675;cafe
Cinnabon, кафе-пекарня;;+7 (916) 011-13-93;7-я Кожуховская ул., 9, Москва;cinnabonrussia.com;55.710 37.675;cafe
Таверна Страхов, снековая;+7 (495) 739-64-24, +7 (495) 221-00-00;;просп. Андропова, 1, Москва;dreamisland.ru;55.696 37.680;cafe
Остров мечты, кафе-пиццерия;;+7 (995) 920-20-60;просп. Андропова, 1, Москва;dreamisland.ru;55.696 37.679;cafe
Острова мечты;;+7 (915) 330-74-43;Москва, Северный ландшафтный парк;dreamislandboats.taplink.ws;55.698 37.671;cafe
Family Club;+7 (495) 252-09-85, +7 (495) 909-10-89, +7 (495) 909-26-35;;просп. Андропова, 1, Москва;жаровня.рф;55.694 37.675;cafe
KFC, ресторан быстрого обслуживания;+7 (495) 023-63-94;;просп. Андропова, 1, Москва;kfc.ru;55.694 37.677;cafe
Tsomi, грузинское бистро;;+7 (964) 500-20-05, +7 (964) 500-10-05, +7 (964) 500-80-05, +7 (968) 500-30-05;просп. Андропова, 1, Москва;tsomi.ru;55.694 37.677;cafe
Soul Seoul, корейское бистро;;+7 (916) 206-77-45;просп. Андропова, 1, Москва;soulseoul.ru;55.694 37.677;cafe
ТатБургер;;+7 (910) 004-44-04;Южнопортовая ул., 18, Москва;tat-burger.cafe;55.707 37.685;cafe
Дружба народов, чайхана;+7 (495) 674-18-65;+7 (926) 387-68-73, +7 (926) 427-36-29, +7 (925) 367-24-05, +7 (926) 989-36-57;ул. Трофимова, 36, корп. 1, Москва;druzhba-narodov-rest.ru , zoon.ru;55.704 37.685;cafe
Соль;+7 (495) 225-16-35;;2-й Южнопортовый пр., 12А, корп. 1, стр. 3, Москва;groupsalt.ru;55.701 37.689;cafe
Шаурма Лаваш;;+7 (900) 321-03-70;Южнопортовая ул., 5, стр. 26, Москва;mylavash.ru;55.707 37.689;cafe
Home;;+7 (925) 545-87-55, +7 (925) 666-51-51;2-й Южнопортовый пр., 27А, стр. 2, Москва;cafe-home.com;55.704 37.692;cafe
Мави;;+7 (968) 741-31-31;2-й Южнопортовый пр., 18, стр. 8, Москва;kafemavi.ru , cafemavi.ru;55.703 37.695;cafe
Бургер mix, ресторан быстрого питания;;+7 (915) 023-90-40;ул. Гурьянова, 2А, Москва;;55.694 37.723;cafe
Зар;+7 (495) 278-08-02;+7 (926) 434-85-85;Волгоградский просп., 42, корп. 7, Москва;pizza-zar.ru;55.709 37.723;cafe
Шашлычок, кафе;;+7 (929) 929-11-71, +7 (929) 540-84-84;Люблинская ул., 4Б, Москва;grillmoscow.ru;55.706 37.730;cafe
Кафе Zar-Pizza;+7 (495) 278-08-01;;Волгоградский просп., 42, корп. 16, Москва;pizza-zar.ru;55.705 37.726;cafe
Плов Хаус;;+7 (926) 749-40-22;Волгоградский просп., 42, корп. 29, Москва;jeny-art.ru , plov-house.ru;55.703 37.727;cafe
KFC, ресторан быстрого обслуживания;+7 (499) 348-96-24;;Шоссейная ул., 2, корп. 3, Москва;yandexpriority.onelink.me , kfc.ru;55.692 37.728;cafe
Саламури, кафе;+7 (495) 532-53-85;;Люблинская ул., 51, Москва;salamuri.ru;55.693 37.735;cafe
Beer and fries, бар;;+7 (966) 111-98-88;улица Артюхиной, 14/8 ст1;;55.699 37.738;cafe
Шашлычная;;+7 (985) 971-29-72;Люблинская ул., 39/2 с1, Москва;shashlychnaja-ljublinskaja-ulitsa.clients.site;55.696 37.734;cafe
Мираж, кафе;;+7 (903) 669-92-93, +7 (968) 000-02-10;ул. Шкулёва, 2А, Москва;mirage.rest;55.693 37.746;cafe
Тим Шашлык & Бургер, кафе;;+7 (926) 118-27-77, +7 (926) 798-09-05;8-я ул. Текстильщиков, 19, Москва;tim-shashlyk.ru;55.702 37.747;cafe
White Star Кузьминки, центр паровых коктейлей;;+7 (916) 949-11-13;Волжский бул., 27, корп. 1, Москва;;55.704 37.751;cafe
Те самые пончики;+7 (499) 650-52-82, +7 (499) 899-52-82;;природно-исторический парк Кузьминки-Люблино, 1, стр. 1, Москва;ruspish.ru;55.695 37.768;cafe
Petruccio. Pizza&pasta, пиццерия;+7 (499) 172-00-00, +7 (3422) 14-17-16, +7 (3422) 07-00-00;;ул. Юных Ленинцев, 52, Москва;cafepetruccio.ru , msk.cafepetruccio.ru;55.700 37.765;cafe
Burger club, кафе быстрого питания;;+7 (929) 659-78-40, +7 (977) 506-00-81;ул. Юных Ленинцев, 52, Москва;burgerclub.com , burgerclub.ru;55.700 37.765;cafe
Кампанелло, кафе;+7 (495) 532-05-55;+7 (965) 370-63-65;Зеленодольская ул., 43А, Москва;campanello.ru;55.703 37.766;cafe
Сокровища Фараона, боулинг-клуб;+7 (499) 722-63-53, +7 (499) 722-63-52, +7 (499) 722-63-51;;Зеленодольская ул., 30, корп. 3, Москва;bowling-faraon.ru;55.711 37.771;cafe
Мэри, ресторан-караоке;+7 (495) 248-12-50, +7 (495) 248-12-80, +7 (495) 476-45-71;;Волгоградский просп., 108, Москва;mery-rest.ru;55.704 37.775;cafe
Master Gyros;;+7 (985) 549-59-57;ул. Юных Ленинцев, 117, корп. 1, стр. 1, Москва, Россия;;55.698 37.787;cafe
Stopexpress;;+7 (929) 900-83-94;Сормовский пр., 9, Москва;stopexpress.ru;55.708 37.800;cafe
Uzplov-Halal;+7 (495) 055-40-35;+7 (906) 111-54-54, +7 (906) 111-94-94, +7 (909) 111-68-68;Ферганская ул., 6, корп. 2, Москва;uzplov24.ru;55.710 37.803;cafe
Арахис;;+7 (966) 167-67-76;Ферганская ул., 6, корп. 2, Москва;arahispub.tilda.ws;55.710 37.803;cafe
Coffeehub;;+7 (977) 278-66-98;Ташкентская ул., 28, стр. 1, Москва;;55.699 37.806;cafe
Золотой дворик, ресторан;+7 (499) 746-14-03;+7 (968) 968-05-50;Привольная ул., 2, стр. 3, Москва;dvorikkov.ru;55.704 37.842;cafe
Pecorino, итальянское кафе;+7 (499) 796-58-15;;Пронская, 2;pecorinocafe.ru;55.703 37.846;cafe
Пекорино;;+7 (916) 113-77-13;Пронская ул., 2, Москва;pecorinocafe.ru;55.703 37.846;cafe
Восточный дворик, ресторан;+7 (495) 705-55-07, +7 (495) 705-55-09;+7 (926) 029-44-77, +7 (926) 029-22-44;Жулебинский бул., 9, Москва;vostochniydvorik.ru;55.698 37.849;cafe
Шоколадница, кофейня;;+7 (915) 473-77-09;Жулебинский бул., 10/6, Москва;shoko.ru;55.698 37.850;cafe
АвтоСпаСтудия, автомойка;+7 (495) 700-52-74, +7 (495) 700-52-49, +7 (495) 948-95-35, +7 (499) 400-16-58, +7 (495) 220-03-79, +7 (499) 445-14-57, +7 (499) 724-89-81, +7 (495) 970-51-31;+7 (968) 411-11-03, +7 (989) 191-86-05;Большая Косинская ул., 1Д, Москва;autospastudio.ru;55.710 37.852;cafe
KFC, KFC Авто;;+7 (925) 075-36-90;Каскадная ул., 21, Москва;kfc.ru;55.709 37.872;cafe
Темаки, кафе;;+7 (925) 500-70-78;ул. Дмитриевского, 1, Москва;temakiroll.ru;55.711 37.880;cafe
Morikami, компания;;+7 (977) 416-66-06;ул. Ухтомского Ополчения, 8, Москва;mori-kami.ru;55.698 37.926;cafe
Буузная, кафе;;+7 (929) 677-37-07;улица Рождественская, 29;буузная.online;55.707 37.930;cafe
Family pie, пекарня;+7 (499) 404-21-51;+7 (925) 289-44-90;Рождественская ул., 31, Москва;familypie.ru;55.705 37.932;cafe
СушиФаст;+7 (495) 129-03-05;;Рождественская ул., 34, Москва;сушифаст.рф , sushifast.ru;55.700 37.926;cafe
Кафе на вертолете;;+7 (985) 548-28-55;ул. Вертолётчиков, 13, Москва;vertolet-cafe.ru;55.704 37.941;cafe
Соседи;;+7 (966) 666-28-79;ул. Вертолётчиков, 7, корп. 1, Москва;sosedi-ulitsa-vertoletchikov.clients.site;55.701 37.940;cafe
Домашний очаг, кафе;;+7 (969) 040-51-11;ул. Вертолётчиков, 4, корп. 10, Москва;cafe-dom-ochag.ru , sashlikhaos.ru;55.703 37.946;cafe
Ланч-тайм, служба доставки;+7 (495) 799-49-98, +7 (495) 120-11-89, +7 (495) 513-14-48;+7 (925) 771-02-21, +7 (906) 732-82-82;Можайское шоссе, 165;lunch-time.ru;55.712 37.383;cafe
Папа Карло, ресторан;+7 (495) 448-76-18, +7 (495) 448-76-24, +7 (495) 476-49-65;+7 (967) 068-92-16;ул. Говорова, 18, Москва;papakarlo.me;55.721 37.393;cafe
Хаус Мафия, бистро;;+7 (968) 640-92-75;Толбухина, 13а к3;hausemafia.ru;55.723 37.396;cafe
House Mafia;;+7 (969) 999-32-47;ул. Толбухина, 13А, корп. 3, Москва;hausemafia.ru;55.723 37.397;cafe
Super food XXI, мини-маркет;+7 (495) 968-80-68;+7 (966) 195-38-57, +7 (965) 232-71-64, +7 (965) 232-71-40;ул. Толбухина, 13, корп. 1, Москва;superfood21.ru;55.723 37.399;cafe
Vip wok&суши, суши-бар;+7 (495) 600-36-46;;Можайское ш., 45Б, Москва;myfoodstore.ru;55.716 37.407;cafe
KFC, ресторан быстрого обслуживания;+7 (495) 900-10-28;;Можайское ш., 45А, Москва;kfc.ru;55.716 37.408;cafe
Фоксбор;;+7 (910) 415-16-66, +7 (925) 927-68-13;ул. Толбухина, 10, корп. 4, Москва;foxboar.ru;55.720 37.406;cafe
Крылья, кафе;;+7 (916) 230-35-15;ул. Толбухина, 10, корп. 4, Москва;foxboar.ru;55.720 37.406;cafe
Баракат, чайхана;;+7 (925) 889-69-83;Ивана Франко, 38 к1;barakat24.ru;55.728 37.416;cafe
Шоколадница, кофейня;;+7 (965) 157-24-72;Можайское ш., 30, Москва;shoko.ru;55.720 37.420;cafe
Coffee Music;;+7 (999) 983-32-69;Можайское ш., 21, Москва;coffee-music.ru;55.720 37.429;cafe
Буханка, пекарня;;+7 (926) 589-65-96;Гжатская ул., 5, корп. 1, Москва;buhanka.ru;55.715 37.436;cafe
Автомойка;+7 (495) 440-10-40;;Аминьевское ш., 31, Москва;akva-lyuks77.moskvagid24.ru;55.719 37.450;cafe
Чичико, грузинский ресторан;+7 (495) 974-87-00, +7 (495) 409-47-09;+7 (929) 907-46-07, +7 (965) 211-69-59;Нежинская ул., 5Б, Москва;чичико.рф;55.714 37.475;cafe
Шоколадница, кофейня;;+7 (916) 669-12-39;Кутузовский просп., 57, Москва;shoko.ru;55.728 37.476;cafe
Cinnabon, кафе-пекарня;;+7 (925) 330-95-35;Кутузовский просп., 57, Москва;cinnabonrussia.com;55.728 37.476;cafe
Cofix, кофейня фиксированной цены;;+7 (977) 628-24-82, +7 (925) 617-26-53;Кутузовский просп., 57, Москва;cofix.global;55.728 37.477;cafe
Вино и Море, ресторан;;+7 (958) 100-83-50;Минская ул., 1Г, корп. 1, Москва;wineseacafe.ru;55.713 37.502;cafe
Венская Сказка, семейное уютное кафе;+7 (499) 143-57-48, +7 (499) 143-05-47;;Мосфильмовская ул., 17/25, Москва;vskafe.ru;55.716 37.518;cafe
Скалка, пироговая;;+7 (925) 849-26-69;Университетский просп., 21, корп. 1, Москва;pirogi-skalka.ru;55.714 37.521;cafe
EDA premium, ресторан;+7 (495) 150-09-33, +7 (495) 108-31-22;;ул. Пудовкина, 3, Москва;edapremium.ru;55.727 37.531;cafe
Fito bar, кафе;+7 (495) 256-27-27, +7 (495) 256-00-66, +7 (495) 788-16-98, +7 (495) 788-98-98;;улица Лужники, 24 ст10;multisport.ru;55.721 37.549;cafe
Veranda, лаундж-кафе;;+7 (915) 001-99-33;улица Лужники, 24 вл3;verandaluzhniki.ru;55.714 37.550;cafe
Фит кафе;+7 (495) 637-09-49;;ул. Лужники, 24, стр. 10, Москва;multisport.ru;55.721 37.549;cafe
Stopexpress;;+7 (925) 913-16-84;ул. Хамовнический Вал, 40, стр. 1, Москва;stopexpress.ru;55.727 37.550;cafe
Федерация бокса России;+7 (495) 637-09-42, +7 (495) 637-07-42, +7 (495) 637-09-36, +7 (495) 637-07-80, +7 (495) 637-06-58;+7 (977) 892-33-01;Лужнецкая наб., 8, стр. 1, Москва;rusboxing.ru;55.714 37.567;cafe
Грабли Box, микрофудмаркет;+7 (807) 423-55-08, +7 (499) 110-02-82;+7 (968) 482-06-59, +7 (903) 678-14-85;Большой Саввинский пер., 12, стр. 12, Москва;grabli.ru , grabli.onelink.me;55.732 37.561;cafe
Nice cafe, кофейня;+7 (499) 113-49-41;+7 (903) 560-79-36, +7 (925) 595-88-68;ул. Лужники, 24, стр. 8, Москва;nice-catering.com;55.720 37.552;cafe
Surf coffee × sport, кофейня;;+7 (916) 135-27-25, +7 (916) 492-08-04;Усачёва ул., 62, Москва;surfcoffee.ru;55.725 37.562;cafe
Aquamarine, ресторан итальянской и европейской кухонь;+7 (499) 325-51-44, +7 (495) 479-01-43;;ул. Лужники, 24, стр. 4, Москва;aquamarinerest.ru , novikovgroup.ru;55.713 37.559;cafe
Nalu balooo, серф-кафе;+7 (495) 109-55-33;+7 (925) 873-43-73, +7 (985) 364-72-42;ул. Лужники, 24, стр. 4, Москва;nalubaloo.ru;55.713 37.558;cafe
Slice Nyc Pizza;+7 (495) 191-19-19;;Большой Саввинский пер., 12, стр. 12, Москва;;55.732 37.561;cafe
Столовужки, кафе-столовая;;+7 (925) 505-28-75, +7 (985) 999-83-63, +7 (916) 915-64-45;Новолужнецкий пр., 9, стр. 6, Москва;xn--b1aighcrbvjo.xn--p1ai;55.718 37.561;cafe
Магнолия;+7 (499) 246-91-83, +7 (495) 921-32-34, +7 (495) 921-32-35;;Большая Пироговская ул., 53-55, Москва;mgnl.ru , shop.mgnl.ru;55.727 37.561;cafe
Генацвале;+7 (499) 842-42-12, +7 (495) 134-07-87, +7 (499) 714-89-09, +7 (495) 705-76-76, +7 (495) 888-14-41;+7 (926) 291-03-06, +7 (901) 757-95-41, +7 (909) 622-99-53, +7 (909) 990-10-60, +7 (977) 788-89-09;ул. 10-летия Октября, 5, Москва;genatsvale.moscow;55.726 37.561;cafe
Кулинарная лавка братьев Караваевых;+7 (495) 790-97-89;;ул. 10-летия Октября, 9, Москва;karavaevi.ru;55.725 37.563;cafe
Cofix, кофейня фиксированной цены;;+7 (905) 798-07-41, +7 (985) 263-41-87, +7 (925) 417-48-07;Усачёва ул., 29, корп. 1, Москва;cofix.global , cofix.ru , voice.cofix.global;55.724 37.564;cafe
Щепка, кафе-магазин;;+7 (929) 639-13-69, +7 (916) 684-44-97;Усачёва ул., 26, Москва;shepka.shop;55.727 37.568;cafe
Pinzeria by Bontempi, кафе-пиццерия;+7 (495) 201-73-40, +7 (495) 177-87-88, +7 (495) 201-73-30, +7 (495) 201-74-40, +7 (381) 230-90-80, +7 (495) 201-78-80;;Усачёва ул., 26, Москва;;55.728 37.567;cafe
Dopamine salad shop;;+7 (926) 441-05-04;Усачёва ул., 26, Москва;dopamine.zone;55.728 37.568;cafe
Uzbek gourmet, кафе быстрого питания;;+7 (903) 540-11-44, +7 (901) 576-70-89, +7 (968) 968-22-19;Усачёва ул., 26, Москва;uzbek-gourmet.ru;55.727 37.568;cafe
Сыроварня, ресторан;+7 (495) 149-99-91, +7 (495) 646-49-99, +7 (495) 198-18-17, +7 (3822) 22-87-22, +7 (3472) 98-77-55, +7 (495) 150-85-28, +7 (499) 530-80-30, +7 (499) 652-59-76, +7 (812) 207-01-00;+7 (986) 900-35-55, +7 (968) 525-65-00, +7 (909) 909-20-02, +7 (928) 845-08-00, +7 (929) 552-23-89, +7 (918) 181-60-60, +7 (996) 931-02-34, +7 (988) 549-37-64, +7 (926) 586-79-86;Усачёва ул., 26, Москва;novikovgroup.ru , syrovarnya.com;55.727 37.568;cafe
NAFA grill, кафе быстрого обслуживания;+7 (495) 120-91-00;+7 (926) 488-14-84;Усачёва ул., 26, Москва;usch.ru;55.727 37.568;cafe
Лепим и Варим Пельменная на рынке № 2;;+7 (929) 500-68-71;Усачёва ул., 26, Москва;lepimivarim.ru;55.727 37.568;cafe
VIEW, ресторан;;+7 (926) 036-75-34, +7 (926) 369-18-20, +7 (926) 962-33-07;Усачёва ул., 26, Москва;viewrest.tilda.ws;55.727 37.568;cafe
Double duck, кафе;;+7 (925) 978-30-45;Усачёва ул., 26, Москва;double-duck.ru;55.727 37.568;cafe
Valiko Усачёвский;+7 (499) 391-41-58, +7 (495) 363-77-44;+7 (999) 837-41-04, +7 (925) 408-60-63, +7 (999) 861-04-51, +7 (999) 827-65-10, +7 (918) 823-11-10, +7 (996) 976-41-67, +7 (999) 866-72-03, +7 (999) 001-34-16, +7 (996) 970-55-84, +7 (925) 111-47-47;Усачёва ул., 26, Москва;valiko.life , valiko.delivery;55.728 37.568;cafe
О ле, кафе;;+7 (926) 336-21-60;улица Малая Пироговская, 13 ст3;cafeole.ru;55.729 37.570;cafe
Раковая, гастрономический бар;+7 (495) 532-87-67, +7 (495) 968-88-01, +7 (495) 789-77-67, +7 (495) 908-55-85, +7 (495) 908-55-87, +7 (495) 908-55-86, +7 (812-64) 4-59-06;+7 (963) 717-37-31, +7 (985) 631-97-48, +7 (969) 138-00-88;Усачёва ул., 22, Москва;rakovaya.ru;55.728 37.570;cafe
Bfl’s;;+7 (963) 719-30-06;Усачёва ул., 26, Москва;buffalos.ru;55.727 37.567;cafe
Poke house;;+7 (925) 332-32-03;Усачёва ул., 26, Москва, Россия;pokehouse.ru;55.727 37.568;cafe
Soul Seoul, корейское бистро;;+7 (916) 422-44-66;Усачёва ул., 26, Москва;soulseoul.ru;55.727 37.568;cafe
Mos, ресторан;+7 (495) 697-70-07;;Трубецкая ул., 10, Москва;mosnordic.ru;55.727 37.576;cafe
Паб Усачевский;;+7 (904) 567-24-63;Усачёва ул., 10, стр. 1, Москва;zoon.ru;55.729 37.571;cafe
Archie, современный ресторан;;+7 (977) 250-24-42;Комсомольский просп., 42, стр. 2, Москва;archierest.ru;55.722 37.573;cafe
Вадваре;+7 (495) 990-72-23;;ул. Ефремова, 10с1к4/7, Москва;tsa.space;55.726 37.573;cafe
Ribambelle, семейное кафе;+7 (528) 657-00-00, +7 (495) 134-39-99;+7 (965) 117-16-95, +7 (985) 222-28-13;Оболенский переулок, 9 к1;ribambelle.ru;55.730 37.579;cafe
BLINДАЖ, кафе;;+7 (926) 702-75-55;Оболенский переулок, 9а;ukit.com;55.731 37.580;cafe
Сыто пьяно, кафе;+7 (499) 917-01-89;+7 (977) 800-19-79;Комсомольский просп., 28, Москва;sito-piano.ru;55.728 37.580;cafe
Шоколадница, кофейня;;+7 (915) 492-63-93;Комсомольский просп., 29, Москва;shoko.ru;55.725 37.580;cafe
Му-му, сеть кафе;+7 (499) 678-40-01;+7 (985) 178-88-81;Комсомольский просп., 26, Москва;cafemumu.ru;55.727 37.581;cafe
Едаки #твоёподполье, гастробар;;+7 (963) 778-94-31;Фрунзенская набережная, 46;;55.719 37.582;cafe
МосКальян;;+7 (925) 950-90-00;Комсомольский просп., 28, Москва;mos-lounge.ru , mosfranchise.com;55.726 37.580;cafe
Поле от вкусвилл;+7 (499) 647-67-21;+7 (916) 937-99-72;Комсомольский просп., 24, стр. 1, Москва;polecafe.online;55.729 37.580;cafe
KFC;+7 (495) 021-12-92;;Комсомольский просп., 24, Москва;kfc.ru;55.728 37.580;cafe
Cofix;;+7 (968) 933-06-37;Комсомольский просп., 28, Москва;cofix.ru;55.727 37.581;cafe
Диемм;+7 (499) 288-05-54;;3-я Фрунзенская ул., 1, Москва;diemmecaffe.ru;55.719 37.582;cafe
Лето Лаунж;+7 (495) 120-31-60;;Фрунзенская наб., 30, стр. 5, Москва;letolounge.ru;55.725 37.582;cafe
Sedelice, французская пекарня;;+7 (926) 754-64-98;Комсомольский просп., 23/7, Москва;sedelice.ru;55.727 37.584;cafe
Пивнушка, ресторан немецкой кухни;+7 (495) 952-55-67;;Ленинский просп., 28, Москва;pivnushka.ru;55.713 37.588;cafe
Кухня Полли, ресторан;;+7 (985) 575-50-25, +7 (985) 280-16-25, +7 (985) 565-68-25;Фрунзенская наб., 36/2, Москва;kitchenpolly.ru;55.722 37.585;cafe
Riverside, кафе-бар;+7 (495) 609-18-48, +7 (499) 245-17-69;;Фрунзенская наб., 32, Москва;riversidebar.ru;55.724 37.587;cafe
Снути Фокс;+7 (499) 245-73-72;+7 (905) 702-86-01;Комсомольский просп., 14/1к1, Москва;snootyfox.ru;55.731 37.589;cafe
Беби Джоли;+7 (499) 499-40-45;+7 (916) 100-90-09;Комсомольский просп., 14/1к2, Москва;bebijoli.ru;55.731 37.590;cafe
Домик в саду, кафе;;+7 (966) 357-56-48;ул. Крымский Вал, 9, стр. 74, Москва;domikvsadu.com;55.718 37.590;cafe
Теплица в нескучном саду, кафе;;+7 (905) 560-10-86;Крымский Вал улица, 9 ст36а;;55.723 37.592;cafe
Виновники, винный ресторан;;+7 (903) 711-76-61, +7 (968) 040-44-60, +7 (929) 692-60-01;Комсомольский просп., 7, стр. 2, Москва;vinovniki-msk.ru;55.731 37.592;cafe
Cochonnet, французская закусочная;+7 (495) 518-84-12;+7 (925) 518-84-12;Крымский Вал улица, вл9;cochonnetcafe.ru;55.726 37.599;cafe
Лиса и гусь, пивной бар;;+7 (903) 504-19-78;Ленинский просп., 15, Москва;;55.720 37.599;cafe
Sамобранка, служба доставки;+7 (495) 185-58-56, +7 (495) 185-57-87;+7 (968) 661-93-18;Малый Калужский переулок, 15 ст11;samobranka.pro;55.719 37.602;cafe
Де Марко, ресторан;+7 (499) 237-47-23;;Ленинский просп., 13, Москва;cafedemarco.ru;55.723 37.603;cafe
Жаровня, современное гриль-кафе;+7 (495) 909-10-79;;ул. Крымский Вал, 9Л, Москва;жаровня.рф;55.731 37.604;cafe
8 Oz, ресторан у Голицынского пруда;+7 (495) 782-58-10, +7 (495) 995-00-20;;ул. Крымский Вал, 9, стр. 21, Москва;park-gorkogo.com , mos.ru;55.724 37.596;cafe
Островок;;+7 (925) 456-77-77;ул. Крымский Вал, 9, стр. 52, Москва;;55.726 37.596;cafe
Hot Dog Bulldog;+7 (156) 441-52-41;+7 (925) 026-01-11;ул. Крымский Вал, 9, стр. 25А, Москва;hotdogbulldog.ru;55.728 37.597;cafe
Чайная высота;+7 (495) 225-59-96;;Москва, Пушкинская набережная;teatix.com , cha108.ru;55.729 37.597;cafe
Паблик;+7 (495) 231-63-73;;Ленинский просп., 15А, Москва;publiccafe.me;55.721 37.600;cafe
Garage, музей современного искусства;+7 (495) 645-05-22, +7 (495) 645-05-20;;ул. Крымский Вал, 9, стр. 32, Москва;garagemca.org;55.728 37.601;cafe
Это вкусно, кафе;;+7 (901) 360-70-60;Ленинский проспект, 6 ст1;;55.727 37.607;cafe
Шоколадница, кофейня;;+7 (926) 338-72-31;ул. Шаболовка, 40, Москва;shoko.ru;55.717 37.608;cafe
Кусочки, иммерсивное кафе с интерактивным обслуживанием;+7 (495) 414-38-92, +7 (495) 114-55-25;+7 (930) 937-74-81;ул. Шаболовка, 63, корп. 1, Москва;kusochki-cafe.ru;55.714 37.608;cafe
Crazy Noodle, лапшичная;;+7 (917) 516-50-50;ул. Шаболовка, 34, стр. 3, Москва;crazynoodle.ru;55.718 37.608;cafe
Coffee First;;+7 (967) 555-70-62;ул. Крымский Вал, 8, Москва;;55.731 37.609;cafe
WurstBär, бар;+7 (495) 954-30-84;;Шаболовка, 29 к2;wurstbar.taplink.ws;55.722 37.611;cafe
Cofix, кофейня фиксированной цены;;+7 (977) 545-76-85;Ленинский просп., 2А, Москва;cofix.ru , cofix.global;55.729 37.611;cafe
Шашлык хаус;+7 (495) 774-20-08;+7 (926) 245-77-55, +7 (926) 140-59-09, +7 (985) 774-20-08;Ленинский просп., 1/2к1, Москва;шашлыкхаус.рф;55.727 37.610;cafe
Одесса мама;+7 (495) 935-77-98;+7 (919) 764-98-98, +7 (964) 647-11-10, +7 (968) 764-65-65, +7 (919) 764-81-88, +7 (926) 764-00-18;ул. Шаболовка, 14, стр. 2, Москва;cafeodessa.ru;55.723 37.610;cafe
Кулинарная лавка братьев Караваевых;+7 (495) 792-07-99;;ул. Шаболовка, 29, корп. 2, Москва;karavaevi.ru;55.722 37.610;cafe
Meat me, пита-бар;;+7 (903) 728-42-38;ул. Шаболовка, 29, корп. 2, Москва;meatme.ru;55.722 37.611;cafe
Буфетоф, кулинарная лавка;;+7 (926) 776-37-25;Стремянный пер., 26, Москва;bufetof.com;55.728 37.631;cafe
БЦ Павловский;;+7 (925) 678-16-69;Павловская ул., 7, Москва;bcpavlovskiy.ru;55.720 37.628;cafe
Isterika, караоке-клуб;;+7 (932) 888-00-06, +7 (916) 360-96-96;Шаболовка, 2 ст1;isterika.moscow;55.727 37.611;cafe
Хинкали vs Бургеры;;+7 (904) 568-48-36;ул. Шаболовка, 2, Москва;hvsb.ru;55.727 37.611;cafe
Пан Запекан, кулинария;;+7 (968) 446-06-84;ул. Большая Якиманка, 56, Москва;panzapekan.ru;55.731 37.612;cafe
Surf coffee × Secret Spot, кофейня;+7 (499) 404-00-57;+7 (926) 790-05-14;Конный пер., 12, Москва;surfcoffee.ru;55.722 37.612;cafe
Старлайт Дайнер;+7 (495) 959-89-19, +7 (495) 324-92-92;;ул. Коровий Вал, 9А, Москва;starlite.ru;55.729 37.616;cafe
Повезет, пицца-бар;+7 (495) 123-39-12, +7 (495) 198-01-96;;Конный пер., 4, Москва;povezetpizza-bar.ru;55.721 37.613;cafe
Шоколадница, кофейня;;+7 (915) 473-81-58;Ленинский просп., 2А, Москва;shoko.ru;55.729 37.611;cafe
Pancho Villa;+7 (499) 238-79-13, +7 (499) 238-54-13, +7 (499) 325-38-27;;ул. Большая Якиманка, 52, стр. 1, Москва;panchovilla.ru;55.732 37.612;cafe
Шоколадница;;+7 (926) 993-86-63, +7 (916) 389-98-11;ул. Большая Якиманка, 58/2, Москва;shoko.ru;55.731 37.612;cafe
Do. Bro Coffee;;+7 (962) 951-51-11, +7 (986) 923-86-35;Калужская площадь, 1, корп. 1, Москва;dobro-coffee.ru;55.728 37.612;cafe
Между делом, кафе-столовая;;+7 (910) 546-59-29, +7 (916) 582-78-76;ул. Шухова, 14, стр. 11, Москва;mezdudelom.ru;55.718 37.613;cafe
La Provincia;+7 (495) 287-00-66;+7 (929) 641-85-84, +7 (906) 046-51-37;Калужская площадь, 1, стр. 4, Москва;laprovincia.ru;55.728 37.613;cafe
Фэмили Фарм;+7 (495) 902-63-30;+7 (985) 277-11-11, +7 (964) 563-41-06;Калужская площадь, 1, корп. 2, Москва;ffarm.club;55.728 37.614;cafe
Хинкальная;+7 (499) 230-10-10, +7 (499) 230-23-23;;Мытная ул., 1, стр. 1, Москва;gg-group.ru , kafekhinkalnaya.ru;55.728 37.615;cafe
Булошная, ресторанный дом;+7 (499) 230-88-88;+7 (926) 208-54-50;Житная ул., 10, Москва;buloshnaya.ru;55.730 37.619;cafe
Пивная библиотека, бар;;+7 (966) 350-33-77, +7 (926) 944-38-35;Мытная ул., 58, Москва;bibliobar.ru , pbmoskva.myresto.online;55.715 37.620;cafe
The hummus, бистро;;+7 (915) 258-35-25, +7 (977) 522-41-42;Мытная ул., 74, Москва;thehummus.ru;55.712 37.620;cafe
Maestrello, пиццерия;+7 (495) 846-63-37;+7 (916) 633-87-77, +7 (909) 620-20-30;Мытная ул., 74, Москва;pizzamaestrello.com;55.712 37.621;cafe
The Jamie Oliver, кулинарная школа;;+7 (958) 815-49-45, +7 (958) 815-49-32;Мытная ул., 74, Москва;ginzaprojectcookeryschool.ru , jamieolivercookeryschool.ru;55.712 37.621;cafe
Matcha Botanicals;+7 (495) 021-00-91;;Мытная ул., 74, Москва;matchabotanicals.ru;55.712 37.621;cafe
Injir Desserts, магазин органических десертов;+7 (461) 538-46-15;+7 (909) 912-16-79, +7 (909) 936-56-11;Мытная ул., 74, Москва;injirdesserts.com;55.712 37.621;cafe
Индийская точка, кафе;;+7 (901) 334-11-43, +7 (968) 559-97-20, +7 (985) 924-84-34, +7 (925) 564-86-21, +7 (925) 474-00-63;Мытная ул., 74, Москва;indian-food.ru;55.712 37.621;cafe
Батон, пекарня;;+7 (965) 430-69-29;Мытная ул., 74, Москва;grecha.pro , grecha.shop , baton.moscow;55.712 37.621;cafe
Любовь Пирогова, кафе-пекарня;+7 (495) 120-00-97;;Мытная ул., 74, Москва;lovepirogova.ru , new.lovepirogova.ru;55.712 37.621;cafe
Тажинерия, ресторан марокканской кухни;;+7 (906) 729-59-39;Мытная ул., 74, Москва;restamama.ru;55.712 37.621;cafe
Fishbazaar, кафе быстрого питания;;+7 (926) 644-79-90;Мытная ул., 74, Москва;fishbazaar.ru;55.712 37.621;cafe
Скатерть-самобранка, сыроедческое кафе;;+7 (985) 114-62-83, +7 (985) 430-73-48, +7 (985) 462-01-28, +7 (985) 264-34-69;Люсиновская ул., 12, Москва;daryzemli.ru , raw-cafe.ru;55.724 37.622;cafe
Acai Family, фреш-бар;;+7 (967) 187-59-74;Мытная ул., 74, Москва;acaifamily.ru;55.712 37.620;cafe
Duckit, кафе быстрого питания;+7 (495) 150-95-98;+7 (925) 599-26-27;Мытная ул., 74, Москва;duck-it.ru;55.712 37.620;cafe
Индимания;;+7 (909) 647-99-99, +7 (901) 147-79-35;Люсиновская ул., 36, стр. 2, Москва;indimania.ru;55.723 37.621;cafe
K-Town;+7 (495) 908-72-45;;Мытная ул., 74, Москва;;55.712 37.621;cafe
Chowder&Pie;;+7 (916) 659-80-76;Мытная ул., 74, Москва;;55.712 37.621;cafe
Блан де блан;+7 (495) 665-92-42;+7 (915) 200-05-16;Люсиновская ул., 36/50, Москва;blanc-de-blancs.ru;55.722 37.622;cafe
Му-му, сеть кафе;+7 (499) 678-40-06;+7 (985) 178-88-86;ул. Коровий Вал, 1, Москва;cafemumu.ru;55.729 37.623;cafe
Kortiger, кафе корейской кухни;;+7 (929) 983-12-88;Люсиновская улица, 13 ст1;;55.728 37.623;cafe
Larionov grill&bar, гриль-бар;;+7 (909) 166-69-96;Люсиновская ул., 9, Москва;larionovbar.ru;55.728 37.623;cafe
Pitcher Pub, бар;+7 (495) 114-56-46;;Пятницкая улица, 82/34 ст1;pitcher.pub;55.730 37.625;cafe
Игристый by Винный Базар, гастробар;+7 (495) 999-43-53;;Пятницкая улица, 82/34 ст1;igristiy.ru;55.730 37.625;cafe
Finch, кофейня;;+7 (991) 222-60-74, +7 (925) 131-99-94, +7 (926) 038-69-50;Большая Серпуховская ул., 5, Москва;finchcoffee.ru;55.729 37.626;cafe
Кулинарная лавка братьев Караваевых;+7 (495) 223-40-13, +7 (495) 968-24-05;;ул. Коровий Вал, 1А, стр. 1, Москва;karavaevi.ru;55.729 37.622;cafe
Шоколадница, кофейня;;+7 (985) 310-48-50;Люсиновская ул., 13, стр. 1, Москва;shoko.ru;55.728 37.623;cafe
Первая шаурма по-братски;+7 (437) 289-09-23;;Большая Серпуховская ул., 8/7с2, Москва;свш.рф;55.729 37.624;cafe
Баракат;;+7 (977) 637-48-01, +7 (965) 333-82-42;Большая Серпуховская ул., 8/7с2, Москва;barakat24.ru;55.729 37.624;cafe
HookahPlace Пятницкая;+7 (495) 287-08-70, +7 (499) 677-58-44, +7 (499) 553-84-93;;Пятницкая ул., 82/34с1, Москва;hookahplace.ru , hp-pyatnitskaya.ru;55.730 37.625;cafe
Рамен-клаб;;+7 (967) 293-32-53, +7 (926) 048-51-71, +7 (967) 199-07-03, +7 (929) 536-35-34, +7 (964) 509-46-09, +7 (930) 962-99-98;Пятницкая ул., 82/34с1, Москва;ramenclub.ru;55.730 37.625;cafe
Frankie Pizza;;+7 (925) 789-02-04, +7 (925) 788-98-78, +7 (977) 099-82-06;Пятницкая ул., 82/34с1, Москва;frankiepizza.ru;55.730 37.626;cafe
Ача-Чача;+7 (495) 989-65-70;+7 (968) 404-73-00, +7 (968) 404-34-30, +7 (968) 587-52-58, +7 (926) 309-03-06, +7 (985) 254-75-68;Пятницкая ул., 82/34с2, Москва;acha-chacha.ru , achachacha.ru;55.731 37.626;cafe
Голубка;+7 (499) 157-37-01;+7 (977) 178-04-58, +7 (929) 553-91-31;Большая Серпуховская ул., 5, Москва;golubka-msk.ru;55.729 37.626;cafe
Easy Brix;+7 (495) 925-95-94, +7 (495) 227-38-37;;Валовая ул., 32/75с1, Москва;brix-bar.ru;55.730 37.626;cafe
Тема23;+7 (495) 739-67-98;+7 (968) 825-23-23;Большая Серпуховская ул., 23, Москва, Россия;tema23rest.ru;55.726 37.626;cafe
ОМ-кафе;+7 (495) 725-58-65;+7 (999) 847-72-26, +7 (963) 768-31-60, +7 (985) 397-67-69, +7 (926) 267-97-22, +7 (925) 499-52-41;Павловская ул., 18, Москва;om-space.ru;55.712 37.626;cafe
Хочу хычин, кафе;;+7 (915) 120-65-65;Стремянный пер., 38, Москва;hochu-hichin.ru;55.727 37.627;cafe
Wild Kitchen, кафе;+7 (495) 142-76-30;+7 (977) 609-76-30;Валовая ул., 30, Москва;wildkitchen.ru;55.730 37.627;cafe
Rockets Concept Store, кофейня;+7 (495) 108-11-44;+7 (928) 589-23-10, +7 (918) 470-97-95, +7 (926) 572-22-14;Валовая ул., 35, Москва;rockets.coffee;55.729 37.627;cafe
Хлеб насущный, кафе-пекарня;+7 (495) 419-21-83, +7 (495) 989-45-60;;Стремянный пер., 38, Москва;hlebnasushny.ru;55.727 37.627;cafe
Strawberry Haze, центр паровых коктейлей;;+7 (965) 380-98-67, +7 (925) 171-90-46;Большая Серпуховская ул., 44, Москва;strawberry-haze.ru;55.723 37.627;cafe
Дуровъ, арт-кафе;;+7 (903) 599-20-64, +7 (903) 559-20-64;улица Павловская, 6;durov-art.ru;55.719 37.627;cafe
Sedelice, французская пекарня;;+7 (926) 982-72-21;Большая Серпуховская ул., 17, стр. 2, Москва;sedelice.ru;55.727 37.626;cafe
Культура Лаунж;;+7 (985) 891-07-93;Валовая ул., 32/75с2, Москва;kulturalounge.ru;55.730 37.626;cafe
Скоровару, кафе-столовая;;+7 (916) 472-69-33;Валовая ул., 35, Москва;skorovaru-stolovaya.turbo.site;55.729 37.626;cafe
Raf&Gotovo;;+7 (911) 911-22-22, +7 (965) 245-84-62;Стремянный пер., 38, Москва;rafandgotovo.ru;55.727 37.627;cafe
Тбилисо;+7 (499) 110-12-57, +7 (499) 478-53-13, +7 (499) 136-21-27;;Большая Серпуховская ул., 29, Москва;receptt.site , traktirtbiliso.ru , tbilisotraktir.ru;55.724 37.627;cafe
Black Stone;;+7 (931) 107-01-92;Большая Серпуховская ул., 48, стр. 1, Москва;blackstone-bar.com;55.722 37.627;cafe
SetteMila;;+7 (925) 573-64-85, +7 (916) 318-48-04, +7 (926) 580-33-72;Большая Серпуховская ул., 50/2с1, Москва;settemila.ru;55.722 37.627;cafe
Тот еще гусь, гастрокафе;;+7 (926) 750-75-41, +7 (916) 622-50-96, +7 (999) 926-26-88;Валовая ул., 26, Москва;totgoose.ru;55.731 37.629;cafe
Republika, фитнес-клуб;+7 (499) 759-00-09, +7 (495) 926-89-00, +7 (499) 759-01-09, +7 (4932) 99-99-61, +7 (495) 032-77-79, +7 (495) 489-89-00, +7 (495) 181-11-09, +7 (495) 223-07-57;;Валовая ул., 26, Москва;republika.ru;55.731 37.629;cafe
Vabene!, траттория;;+7 (968) 752-64-44, +7 (968) 739-64-46, +7 (968) 741-32-23, +7 (916) 103-37-65;Стремянный пер., 26, Москва;vabenepizza.ru;55.728 37.631;cafe
Кулинарная лавка братьев Караваевых;+7 (495) 790-98-39, +7 (495) 641-57-82;;Стремянный пер., 26, Москва;karavaevi.ru;55.728 37.631;cafe
Шоколадница, кофейня;;+7 (926) 640-79-73;Партийный пер., 1, корп. 10, Москва;shoko.ru;55.721 37.630;cafe
Тоже Паб, ирландский паб;;+7 (916) 313-03-37;Валовая ул., 21, корп. 125, Москва;tozhe.pub;55.730 37.631;cafe
Openfood by Dcs;+7 (495) 785-81-11, +7 (499) 678-26-45;+7 (916) 882-89-13;Летниковская ул., 2, стр. 4, Москва;dcs-food.ru;55.728 37.644;cafe
Наши люди, кафе;;+7 (985) 468-64-45, +7 (916) 443-43-07;ул. Зацепа, 23, Москва;alikepeople.ru;55.730 37.632;cafe
Pizzahhh! Big city pizza, пиццерия;;+7 (968) 397-30-05;Дубининская ул., 69, Москва;;55.716 37.635;cafe
Garden Cafe;+7 (495) 721-25-21, +7 (495) 927-57-20, +7 (495) 120-70-07;;Стремянный пер., 11, Москва;select-hotel.ru;55.728 37.633;cafe
Шоколадница, кофейня;+7 (495) 953-30-63;+7 (915) 474-26-11;Валовая ул., 6, Москва;shoko.ru;55.731 37.634;cafe
Портал;;+7 (985) 123-45-71;Большая Пионерская ул., 13/6Ас1, Москва;portalhotel.ru;55.728 37.634;cafe
Sue coffee;;+7 (985) 332-23-62;Валовая ул., 2-4/44с1, Москва;;55.731 37.635;cafe
Poke house, кафе быстрого обслуживания;;+7 (926) 044-04-35;Павелецкая площадь, 2, стр. 1, Москва;pokehouse.ru;55.731 37.635;cafe
KFC, ресторан быстрого обслуживания;+7 (495) 021-09-67;;Дубининская ул., 35, Москва;kfc.ru;55.725 37.637;cafe
Хочу пури, грузинский ресторан;+7 (495) 798-73-98, +7 (343) 344-65-43, +7 (495) 476-42-46, +7 (3832) 05-30-65, +7 (343) 344-83-90, +7 (3912) 71-55-28;+7 (903) 798-73-98, +7 (923) 111-91-91;Павелецкая площадь, 3, Москва;hochupuri.com;55.730 37.637;cafe
Cosmos smart Dubininskaya, отель;+7 (499) 444-54-59, +7 (495) 730-20-12, +7 (499) 181-89-05, +7 (499) 181-89-04, +7 (877) 834-36-13, +7 (495) 402-02-02;;Дубининская ул., 33В, Москва;cosmosgroup.ru , dubininskaya.cosmosgroup.ru;55.725 37.639;cafe
Шоколадница, кофейня;;+7 (964) 577-75-12;Павелецкая площадь, 2, стр. 1, Москва;shoko.ru;55.731 37.635;cafe
Мучачос;;+7 (985) 644-95-38;Партийный пер., 1, стр. 21, Москва;muchachos.ru;55.722 37.636;cafe
Е-ланч, кафе-столовая;+7 (495) 369-66-99;;Дубининская ул., 57, стр. 4, Москва;e-lunch.ru;55.721 37.636;cafe
CHICKO;;+7 (977) 791-68-48, +7 (964) 774-53-54, +7 (977) 933-52-45;Дубининская ул., 55, корп. 1, стр. 2, Москва;;55.722 37.636;cafe
Хищnik;+7 (495) 211-46-14;;Павелецкая площадь, 2, стр. 2, Москва;hishnikburgers.ru;55.730 37.636;cafe
Udcкафе;+7 (499) 399-36-94;;Павелецкая площадь, 2, стр. 3, Москва;upsidedowncake.ru;55.729 37.636;cafe
Cantina City, кафе-столовая;;+7 (926) 530-07-91, +7 (903) 723-03-92;Дубининская ул., 53, стр. 5, Москва;cantina-city.ru;55.722 37.638;cafe
PitStop;+7 (495) 181-61-59;;Павелецкая площадь, 1А, стр. 1, Москва;pitstop-cafe.ru;55.730 37.639;cafe
One&double, кофейня фиксированных цен;+7 (495) 109-34-45;+7 (929) 572-43-98, +7 (929) 653-14-15;Павелецкая площадь, 1А, стр. 1, Москва;oneanddouble.ru;55.730 37.639;cafe
Ракета, бургерная;+7 (499) 136-91-97, +7 (499) 136-91-99, +7 (499) 136-91-95;;Павелецкая площадь, 1А, стр. 1, Москва;raketaburger.ru;55.730 37.640;cafe
Айва, кафе узбекской кухни;+7 (499) 530-77-00, +7 (495) 114-55-75, +7 (499) 530-77-77, +7 (495) 114-55-77;+7 (985) 006-04-05, +7 (985) 053-80-88;Павелецкая площадь, 1, Москва;chaihona-aiva.ru;55.731 37.641;cafe
Фергана, кафе;;+7 (968) 599-30-30;Павелецкая площадь, 1, Москва;kafe-fergana1.business.site;55.731 37.641;cafe
Вареничная № 1;+7 (499) 391-19-52, +7 (499) 398-52-75, +7 (499) 391-39-72, +7 (499) 755-60-63, +7 (499) 393-38-82, +7 (499) 755-63-70, +7 (499) 755-63-23;+7 (906) 029-42-23, +7 (925) 015-80-50, +7 (903) 759-22-30, +7 (962) 988-41-63, +7 (903) 147-62-21, +7 (903) 756-08-85, +7 (925) 060-73-05, +7 (965) 193-53-53, +7 (903) 756-03-34, +7 (903) 147-64-49;Кожевническая ул., 1, стр. 1, Москва;varenichnaya.ru;55.731 37.642;cafe
Гурман, кафе;+7 (495) 255-32-30;+7 (905) 550-56-35;Павелецкая наб., 2, стр. 7, Москва;cafe-gurman.ru;55.717 37.644;cafe
Хинкали, кафе грузинской кухни;+7 (499) 235-04-15;+7 (977) 542-10-21;Летниковская ул., 18, стр. 1, Москва;hinkali.cafe , hinkali-kafe.clients.site;55.724 37.644;cafe
Now, кафе-кондитерская;+7 (499) 322-00-20;+7 (968) 622-73-42, +7 (925) 687-88-57;Шлюзовая наб., 2А, Москва;caffenow.ru , loveandsweets.ru;55.731 37.644;cafe
Pinzeria by Bontempi, кафе-пиццерия;+7 (495) 201-75-50;;Шлюзовая наб., 4, Москва;;55.732 37.644;cafe
Тэсти;+7 (499) 444-15-93, +7 (495) 150-06-11;+7 (906) 056-99-08;Кожевнический пр., 4/5с5, Москва;tastefully.ru;55.730 37.645;cafe
Правда Кофе;;+7 (926) 213-64-64;Кожевнический пр., 4/5с5, Москва;pravdacoffee.ru;55.730 37.645;cafe
По Чесноку;+7 (495) 846-73-72;;Кожевническая ул., 7, Москва;мск.ресторанпочесноку.рф;55.730 37.645;cafe
Пан Запекан, кулинария;;+7 (968) 446-06-90;Кожевническая ул., 10, стр. 1, Москва;panzapekan.ru;55.729 37.646;cafe
High ground, лаундж-бар;;+7 (958) 111-36-47;Кожевническая ул., 18, Москва;cybersportlounge.ru , hgcsl.ru;55.729 37.648;cafe
Beersach.bar;+7 (495) 675-33-18;+7 (985) 338-46-28, +7 (995) 577-59-41;Кожевническая ул., 14, корп. 1, Москва;beersenev.bar , beersach.bar;55.729 37.647;cafe
Барвиха lounge, сеть баров паровых коктейлей;;+7 (999) 773-30-01, +7 (926) 939-49-87, +7 (996) 967-20-01, +7 (999) 822-20-01;Дербеневская наб., 7, стр. 7, Москва;barvikhagroup.ru;55.722 37.650;cafe
Stoleshnikov, кафе-кулинария;;+7 (964) 516-26-05;Дербеневская наб., 7, стр. 22, Москва;stoleshnikov.moscow;55.723 37.651;cafe
Pho street, вьетнамское кафе;;+7 (991) 304-33-19;Дербеневская наб., 11, корп. В, Москва;phostreet.cafe;55.721 37.651;cafe
9 bar coffee;+7 (162) 629-43-13, +7 (102) 129-14-66, +7 (495) 414-26-54;+7 (901) 387-92-30;Дербеневская набережная, 11 к В;9barcoffee.ru;55.721 37.652;cafe
Точка доступа, кафе;+7 (495) 414-10-33;;ул. Ленинская Слобода, 26, стр. 21, Москва;tochkacafe.ru;55.713 37.654;cafe
Тэсти, кафе-столовая;;+7 (903) 774-51-92;Дербеневская наб., 7, стр. 5, Москва;tastefully.ru;55.723 37.655;cafe
KFC, ресторан быстрого обслуживания;;+7 (925) 005-05-72;3-й Крутицкий пер., 18, Москва;kfc.ru;55.732 37.664;cafe
Му-му, сеть кафе;+7 (499) 678-40-35;;3-й Крутицкий пер., 18, Москва;cafemumu.ru;55.732 37.664;cafe
KFC;;+7 (963) 630-13-89;Восточная ул., 10, Москва;yandexpriority.onelink.me , kfc.ru;55.712 37.658;cafe
Дудук, ресторан;+7 (495) 675-84-85;+7 (926) 208-82-88;ул. Симоновский Вал, 26, корп. 2, Москва;duduk.ru;55.718 37.662;cafe
Loot Lounge&Bar;;+7 (965) 252-91-51;Новоостаповская ул., 6Б, Москва;lootlounge.ru;55.720 37.670;cafe
Heavy haze;;+7 (915) 338-42-22, +7 (903) 176-89-29;Новоостаповская ул., 6Б, Москва;heavyhaze.ru;55.720 37.671;cafe
Булочные Фокина, пекарня;+7 (499) 409-50-57;;1-я Дубровская ул., 2Б, корп. 1, Москва;bfokin.ru;55.730 37.668;cafe
Блонд & брюн, кафе-бар;+7 (495) 743-51-76;;1-я ул. Машиностроения, 10, Москва;blondebrune.moscow;55.715 37.672;cafe
Glastonberry, клуб-ресторан;+7 (495) 642-45-43, +7 (495) 414-29-35;+7 (985) 162-38-91, +7 (916) 444-98-55, +7 (926) 069-98-09;1-я Дубровская ул., 13А, стр. 1, Москва;glastonberry.ru;55.723 37.674;cafe
Олива;+7 (499) 682-91-14, +7 (499) 682-91-13, +7 (499) 682-91-63, +7 (499) 682-91-62;+7 (903) 288-12-43, +7 (967) 261-76-88, +7 (999) 903-04-53;Шарикоподшипниковская ул., 11, стр. 7, Москва;fortishotel.ru , clck.ru;55.720 37.676;cafe
Кебаб md, кафе быстрого питания;;+7 (967) 247-12-64, +7 (903) 176-05-82;Шарикоподшипниковская ул., 40, Москва;bistro-711.business.site , kebabmd.business.site;55.714 37.678;cafe
Никола Тесла;+7 (495) 950-58-57;;Шарикоподшипниковская ул., 38, Москва;nicola-tesla.ru , n-tesla.ru;55.715 37.677;cafe
KFC, ресторан быстрого обслуживания;+7 (495) 780-40-67;+7 (925) 005-15-96;Шарикоподшипниковская ул., 13, стр. 1, Москва;yandexpriority.onelink.me , kfc.ru;55.717 37.677;cafe
Е-ланч, кафе-столовая;+7 (495) 790-04-73;;Новоостаповская ул., 5, стр. 3, Москва;e-lunch.ru;55.724 37.679;cafe
Зотман пицца;+7 (495) 156-22-07;;Михайловский пр., 1, стр. 17, Москва;zotmanpro.ru;55.732 37.686;cafe
Глинтвейн, ресторан;+7 (495) 182-08-37, +7 (495) 182-08-11;;Михайловский пр., 1, стр. 1, Москва;gluhwein.moscow;55.732 37.687;cafe
РВО Мастерская вкуса, кейтеринговая компания;+7 (495) 766-08-20;+7 (926) 580-72-22, +7 (985) 766-08-20;ул. Талалихина, 41, стр. 9, Москва;mv-catering.ru;55.728 37.687;cafe
Бургерная Шарик;+7 (495) 055-13-81;;Шарикоподшипниковская ул., 13, стр. 24, Москва;;55.719 37.688;cafe
Шаммаш;+7 (495) 984-78-64;;Волгоградский просп., 32, корп. 5, Москва, Россия;shammash.ru;55.722 37.693;cafe
Кафетериус № 3;+7 (495) 601-90-68, +7 (495) 116-00-30;+7 (985) 747-58-90, +7 (977) 334-66-37, +7 (991) 256-90-21;Волгоградский просп., 32, корп. 11, стр. 1, Москва;cafeterius.ru;55.723 37.693;cafe
Кушать подано, столовая;;+7 (985) 852-30-59;Волгоградский просп., 35, Москва;тостикофе.рф;55.723 37.696;cafe
Среда питания, бистро;;+7 (926) 551-77-01;Новохохловская ул., 49, Москва;;55.724 37.716;cafe
Madiane, хинкальная;;+7 (985) 730-50-50;Нижегородская улица, 80 к1;madiani-loft.ru;55.732 37.717;cafe
Донер №1, магазин фастфудной продукции;;+7 (985) 024-45-45;Нижегородская ул., 80, корп. 1, Москва;;55.732 37.715;cafe
Моё фото;;+7 (965) 386-44-09, +7 (906) 738-55-31;Рязанский просп., 2, корп. 3, Москва;;55.730 37.735;cafe
DimSum & Co;;+7 (985) 520-11-26;Рязанский просп., 2, корп. 3, Москва;dimsumandco.ru;55.730 37.731;cafe
Cofix, кофейня фиксированной цены;;+7 (926) 174-35-56;Рязанский просп., 2, корп. 2, Москва;cofix.ru , cofix.global;55.730 37.732;cafe
Чаме-чаме, кафе грузинской кухни;;+7 (925) 383-77-72;Рязанский проспект, 2/1 к2Б;chame-chame.ru;55.729 37.740;cafe
БАРАКАТ, чайхана;;+7 (977) 425-28-28, +7 (964) 582-28-28;Рязанский просп., 2, корп. 3, Москва;halal-eda.bitrix24.site;55.730 37.734;cafe
Велес;;+7 (901) 595-77-20;Рязанский просп., 2, Москва;velescafe.ru;55.730 37.737;cafe
Пекарня Буханка;;+7 (926) 928-29-14;Рязанский просп., 2/1к5У, Москва;buhanka.ru;55.727 37.738;cafe
Pizza Wine;;+7 (962) 995-57-77;Рязанский просп., 2/1к2А, Москва;wwwinstagrampizzawinesreda.taplink.ws;55.729 37.740;cafe
Aquarium home grill cafe, ресторан;;+7 (925) 290-29-26;2-й Грайвороновский пр., 42, корп. 4, Москва;aquarium-homecafe.ru;55.725 37.745;cafe
Кофейня 1981;;+7 (925) 333-52-29, +7 (926) 525-92-48;2-й Грайвороновский пр., 44, корп. 1, Москва;1981cafe.ru;55.725 37.745;cafe
Torsher, кафе;;+7 (925) 356-72-61;ул. Васильцовский Стан, 5, корп. 1, Москва;cafe-torsher.ru;55.714 37.751;cafe
Tortugas, пиратский паб;+7 (495) 796-12-06;+7 (999) 926-44-51, +7 (901) 407-51-46;Рязанский проспект, 10 ст2;tortugas.pub;55.727 37.758;cafe
МирГурмэ, кафе-столовая;;+7 (926) 694-05-70;2-й Вязовский проезд, 10 ст2;mirgurme.ru;55.717 37.762;cafe
Кобзарь, кафе-бар;+7 (495) 205-80-58;;улица Михайлова, 29 к3;cafe-kobzar.ru;55.727 37.772;cafe
Люди-ходят;+7 (495) 460-00-51;+7 (985) 199-86-87;улица Михайлова, 31а;люди-ходят.рф;55.725 37.775;cafe
Люди ходят;;+7 (925) 517-14-72;ул. Михайлова, 31А, Москва;люди-ходят.рф;55.725 37.775;cafe
Ли, кафе вьетнамской кухни;+7 (495) 924-68-88;+7 (915) 198-68-68, +7 (985) 924-68-88;Рязанский просп., 30, корп. 2, Москва;kafe-li.ru;55.718 37.784;cafe
Рай у фонтана, ресторан;;+7 (926) 100-41-00, +7 (963) 635-02-02;1-я Новокузьминская ул., 18, Москва;;55.714 37.791;cafe
Шоколадница;;+7 (985) 369-98-43;Рязанский просп., 32, корп. 3, Москва;shoko.ru;55.718 37.786;cafe
Зизифора, ресторан;+7 (495) 378-25-22;+7 (926) 496-54-58;Зеленодольская ул., 3, корп. 2, Москва;zzfora.ru;55.716 37.791;cafe
Ли, кафе вьетнамской кухни;;+7 (921) 231-54-88;Рязанский просп., 79, Москва;kafe-li.ru;55.717 37.796;cafe
Между булок, бургерная;;+7 (916) 330-21-12;Рязанский просп., 75Б, стр. 2, Москва;;55.718 37.793;cafe
Cofix, кофейня фиксированной цены;;+7 (999) 858-19-38;Рязанский просп., 75, корп. 3, Москва;cofix.ru , cofix.global;55.718 37.794;cafe
Круглосуточная Кафе-Сауна Романтика;+7 (495) 709-85-37, +7 (495) 744-58-38;+7 (966) 666-49-64;ул. Академика Скрябина, 8, корп. 3, Москва;vipus.ru;55.714 37.794;cafe
Hohoro Coffee;;+7 (991) 626-17-49, +7 (926) 124-53-03;ул. Академика Скрябина, 8, Москва;hohoro.ru;55.714 37.796;cafe
Огонек, кафе-бар;+7 (499) 340-12-12;;Снайперская ул., 9, Москва;cafebarogonek.ru;55.722 37.813;cafe
KFC, ресторан быстрого обслуживания;;+7 (963) 630-12-14;ул. Хлобыстова, вл7, Москва;yandexpriority.onelink.me , kfc.ru;55.716 37.816;cafe
Хлебное место, кафе-пекарня;;+7 (903) 723-68-98, +7 (905) 760-27-12;Вешняковская ул., 24Г, Москва;;55.721 37.817;cafe
Pronto pizza, итальянское кафе;;+7 (925) 743-11-54;Вешняковская ул., 22А, Москва;pronto24.ru , pronto-pizza.ru;55.720 37.822;cafe
KFC;+7 (499) 380-86-42;;Рязанский просп., вл99Ас1, Москва;yandexpriority.onelink.me , kfc.ru;55.713 37.816;cafe
Cofix;;+7 (977) 810-67-90;Рязанский просп., вл99Ас1, Москва;cofix.ru , cofix.global;55.713 37.816;cafe
Мята Lounge, центр паровых коктейлей;;+7 (904) 567-23-48, +7 (904) 567-23-47;Вешняковская ул., 22А, Москва;zoon.ru , myata-lounge-set-laundzh-barov.ru;55.720 37.822;cafe
KFC, ресторан быстрого обслуживания;;+7 (925) 300-92-54;Вешняковская ул., 18, Москва;yandexpriority.onelink.me , kfc.ru;55.724 37.825;cafe
Фо бо Том ям, кафе вьетнамской кухни;+7 (495) 011-26-11, +7 (495) 011-22-20, +7 (495) 011-24-11;+7 (903) 120-00-50, +7 (966) 044-55-11, +7 (966) 011-26-11, +7 (966) 011-24-11;Вешняковская ул., 18, Москва;phobotomyum.ru , phobo.ru;55.724 37.825;cafe
Буфалино;+7 (495) 147-74-33;;Новоухтомское ш., 2А, Москва;bufalino.ru;55.713 37.844;cafe
P. P. J. V, артфуд-кафе;;+7 (985) 662-17-70;Наташи Качуевской, 5;p-p-j-v.ru;55.713 37.878;cafe
Coffee combo, экспресс-кофейня;;+7 (915) 456-73-21;Святоозёрская ул., 1А, Москва;coffeecombo.ru;55.715 37.883;cafe
Пипони, пиццерия;+7 (499) 211-01-01, +7 (495) 528-10-01, +7 (499) 211-10-10, +7 (499) 211-00-00, +7 (495) 528-01-01, +7 (495) 525-10-01;+7 (929) 543-00-00, +7 (964) 528-01-01;Святоозёрская ул., 18, Москва;пиццапипони.рф , pizzapiponi.ru;55.712 37.892;cafe
Ани, кафе-бар;;+7 (968) 414-22-45, +7 (903) 192-76-10, +7 (964) 505-81-61, +7 (925) 479-44-30, +7 (964) 793-36-99;ул. Руднёвка, 14, Москва;cafe-ani-zakaz.ru;55.715 37.892;cafe
T&S Lounge, сеть центров паровых коктейлей;+7 (499) 495-14-38, +7 (495) 212-11-85;;Лухмановская ул., 2, Москва;teaandsmoke.ru , tslounge.moscow;55.712 37.899;cafe
Императрица, семейное кафе;+7 (495) 105-53-43;;Лухмановская ул., 17, Москва;empresspizza.ru;55.721 37.900;cafe
Айоку;+7 (495) 080-80-17;;Святоозёрская ул., 13, Москва;aioku.ru;55.713 37.894;cafe
Kaya coffee shop, кофейня;;+7 (916) 320-17-17;Оршанская ул., 13, Москва;kayacoffee.shop;55.744 37.401;cafe
Империя Пиццы;+7 (495) 108-62-05;;Молодогвардейская ул., 54, стр. 5, Москва;ipizza.ru;55.735 37.397;cafe
Мясо&рыба;+7 (495) 921-57-71;;Ярцевская ул., 19, Москва;meat-and-fish.ru;55.738 37.410;cafe
Шоколадница, кофейня;;+7 (915) 492-18-84, +7 (985) 908-40-15;Ярцевская ул., 19, Москва;shokokids.ru , shoko.ru;55.739 37.410;cafe
Sarona, кафе;;+7 (916) 587-80-79;Ярцевская ул., 19, Москва;sarona.ru;55.738 37.411;cafe
Udcкафе;+7 (499) 391-41-46;;Ярцевская ул., 19, Москва;upsidedowncake.ru;55.739 37.411;cafe
За обе щеки, кафе быстрого питания;+7 (499) 450-38-53;;Ярцевская ул., 19, Москва;z2s.ru;55.738 37.411;cafe
Швили, грузинское бистро;;+7 (968) 369-65-33;Ярцевская ул., 19, Москва;shvilibistro.ru;55.738 37.411;cafe
33 пингвина;;+7 (916) 670-30-00;Ярцевская ул., 19, Москва;33pingvina.ru;55.739 37.410;cafe
B&D Cafe, кофейня;;+7 (999) 444-76-15, +7 (958) 100-36-15;Ельнинская ул., 14, корп. 2, Москва;bd-cafe.clients.site;55.738 37.426;cafe
Хлебо mania;+7 (495) 105-53-31;+7 (915) 390-55-33, +7 (925) 000-94-34;Ярцевская ул., 19, Москва;xlebomania.ru;55.739 37.411;cafe
KFC, ресторан быстрого обслуживания;+7 (495) 710-72-28, +7 (495) 212-00-11;;Ярцевская ул., 25А, Москва;yandexpriority.onelink.me , kfc.ru;55.741 37.415;cafe
Мускат, чайхана;;+7 (903) 753-11-81;Ярцевская ул., 25А, Москва;mymuskat.ru;55.741 37.415;cafe
Мск lounge, лаундж-бар;+7 (499) 993-39-26;;Рублёвское ш., 42, корп. 1, Москва;mskofficial.ru;55.751 37.412;cafe
Grao, ресторан;;+7 (926) 888-80-58, +7 (926) 625-55-55;Рублёвское ш., 101, Москва;graocafe.moscow;55.744 37.421;cafe
Беллини, ресторан итальянской кухни;+7 (495) 980-22-10;+7 (926) 238-53-88;Рублёвское ш., 28, Москва;belliniresto.ru;55.748 37.426;cafe
Трын-Трава, кафе;+7 (495) 741-22-80, +7 (499) 149-35-62, +7 (499) 149-92-31;;Молодогвардейская ул., 28, корп. 1, Москва;kktt.ru;55.734 37.418;cafe
АртМелон лайф;;+7 (991) 222-59-38;Ярцевская ул., 34, корп. 2, Москва;artmelonlife.ru;55.742 37.420;cafe
Корица, кофейня;+7 (499) 575-01-04;+7 (950) 020-41-02;Молодогвардейская ул., 15, Москва;restocenter.ru;55.734 37.426;cafe
Lampa, кафе;+7 (495) 208-00-22;;Рублёвское шоссе, 91 к4;lampacafe.ru;55.741 37.428;cafe
Лампа;+7 (495) 124-89-79;;Рублёвское ш., 91, корп. 4, Москва;lampacafe.ru;55.741 37.428;cafe
Шоколадница, кофейня;+7 (495) 415-25-33;;Рублёвское ш., 22, корп. 1, Москва;shoko.ru;55.743 37.429;cafe
Ламазо, хинкальная;+7 (239) 326-73-00, +7 (309) 282-90-25, +7 (499) 213-03-88, +7 (364) 955-66-06, +7 (499) 213-03-55;;Рублёвское ш., 22, корп. 2, Москва;lamazo-cafe.com;55.743 37.429;cafe
Скалка, пироговая;;+7 (916) 510-92-52;Рублёвское ш., 16, корп. 1, Москва;pirogi-skalka.ru;55.740 37.434;cafe
Cinnabon, кафе-пекарня;;+7 (991) 310-68-59;Малая Филёвская ул., 22, Москва;cinnabonrussia.com;55.737 37.466;cafe
Лоза, кафе;+7 (495) 363-00-01;+7 (968) 577-01-70;Большая Филёвская ул., 53, Москва;loza-cafe.ru;55.740 37.469;cafe
Fo`x, кафе;;+7 (995) 880-08-66;улица Большая Филёвская, 22 ст6;fox.taplink.ws;55.748 37.475;cafe
Халяль Хурма;;+7 (917) 939-44-99, +7 (904) 764-03-36, +7 (968) 056-99-88;Кастанаевская ул., 38, Москва;halalguide.me;55.736 37.480;cafe
Бегония, кафе;+7 (499) 145-02-77, +7 (499) 145-48-67, +7 (495) 764-65-81;+7 (916) 609-53-18;Минская, 11 ст1а;begonia-cafe.ru;55.740 37.482;cafe
Шоколадница, кофейня;;+7 (915) 492-21-48;Минская ул., 14А, Москва;shoko.ru;55.739 37.484;cafe
Fa-соль, кафе;;+7 (965) 390-15-28, +7 (965) 423-23-24, +7 (968) 357-12-19;улица Большая Филёвская, 22 ст14;fasolfili.ru , fasol-fili.ru;55.749 37.485;cafe
Гранд фэмили, ресторан;+7 (499) 144-01-90;+7 (915) 195-46-73;ул. Герасима Курина, 10, стр. 2, Москва;грандфэмили.рф;55.733 37.481;cafe
Бегония-Л;;+7 (985) 764-65-81, +7 (985) 766-29-28;Минская ул., 11, стр. 1А, Москва;begonia-cafe.ru;55.740 37.482;cafe
Столичная;+7 (495) 118-25-02, +7 (499) 938-56-54, +7 (499) 938-65-80, +7 (495) 118-25-75;+7 (977) 464-32-62;Кастанаевская ул., 34, стр. 3, Москва;gk-absolut.ru;55.737 37.483;cafe
Organika Siberian Luxury Bar, гастрономический бар;+7 (495) 161-61-56;;Кутузовский просп., 48, Москва;organika.bar;55.732 37.488;cafe
Ипполит Матвеевич, трактир;+7 (499) 390-30-67;+7 (925) 047-11-18;Большая Филёвская ул., 22/2, Москва;traktir-msk.ru , traktir.msk.ru;55.746 37.488;cafe
baba Napoli, итальянское кафе;;+7 (995) 903-90-88;2-я Филёвская ул., 13, Москва;baba-napoli.ru;55.739 37.490;cafe
Fox;;+7 (901) 147-80-29;Большая Филёвская ул., 22, стр. 16А, Москва;fox.taplink.ws;55.751 37.491;cafe
Небо;+7 (495) 172-24-18, +7 (499) 917-09-79, +7 (495) 106-49-49, +7 (495) 172-20-95, +7 (495) 154-30-39, +7 (495) 032-19-90, +7 (495) 172-10-72, +7 (495) 032-19-99;;Багратионовский пр., 5, Москва;nebo-sport.ru , nebojump.ru;55.744 37.509;cafe
Кафетерий;;+7 (926) 321-01-10;ул. Василисы Кожиной, 1, корп. 1, Москва;cafe-kitchen.ru;55.738 37.507;cafe
Маска, кафе;;+7 (925) 869-66-60, +7 (905) 745-15-85;Новозаводская ул., 27В, Москва;cafe-maska.com , cafe-maska.ru;55.749 37.495;cafe
Репаст, кафе;+7 (495) 542-63-83;+7 (964) 594-81-84;Большая Филёвская ул., 21, корп. 2, Москва;repastcafe.ru;55.747 37.493;cafe
Cofix, кофейня фиксированной цены;;+7 (926) 221-23-15;ул. Барклая, 10, Москва;cofix.ru , cofix.global;55.743 37.499;cafe
Багратиони, кафе;;+7 (968) 677-84-24, +7 (903) 291-10-10;ул. Барклая, 12, Москва;cafebagrationi.ru;55.745 37.500;cafe
Landy, кафе;;+7 (985) 885-55-08;ул. Василисы Кожиной, 13, Москва;landy.moscow;55.736 37.501;cafe
Ризотто;;+7 (926) 725-90-30;ул. Василисы Кожиной, 13, Москва;;55.736 37.498;cafe
Beautyfood cafe;;+7 (995) 655-61-99, +7 (985) 055-38-88;ул. Василисы Кожиной, 13, Москва;cuteam.ru;55.736 37.499;cafe
JapCake;;+7 (985) 007-23-64;ул. Барклая, 10, Москва;japcake.ru;55.743 37.500;cafe
KFC, ресторан быстрого обслуживания;;+7 (963) 630-54-51;Багратионовский пр., 7, корп. 2, Москва;yandexpriority.onelink.me , kfc.ru;55.742 37.501;cafe
Оранжерея, кафе-столовая;+7 (495) 737-52-69;+7 (965) 422-32-32;Багратионовский пр., 7, корп. 20А, Москва;orangy.ru;55.743 37.503;cafe
Sky Karting, развлекательный центр;+7 (495) 120-57-57;;Багратионовский пр., 5, Москва;skykarting.su , skykarting.ru;55.743 37.508;cafe
Star hit cafe, кофейня;;+7 (925) 024-78-85;Багратионовский пр., 5, Москва;starhitcafe.ru;55.744 37.508;cafe
Субботица, ресторан сербской кухни;+7 (499) 145-30-83, +7 (499) 444-39-01, +7 (499) 270-07-06, +7 (495) 374-50-04, +7 (495) 691-08-10, +7 (495) 150-66-32;;Багратионовский пр., 12, Москва;subbotitsa.ru;55.745 37.508;cafe
Фили Хаус;+7 (499) 136-81-95, +7 (102) 021-40-00;+7 (929) 936-81-95;Тучковская, 11 к2;filihousehotel.ru;55.746 37.509;cafe
Сахар, арт-кафе;+7 (499) 148-08-00;+7 (968) 577-10-04;улица Барклая, 6 ст25;saxar.su;55.741 37.509;cafe
Хангял, кафе;;+7 (925) 555-58-26;Неверовского, 9;hangel.cafe;55.738 37.510;cafe
Груша, кофейня;;+7 (995) 508-23-49, +7 (916) 786-00-68;ул. Барклая, 6, стр. 5, Москва;grusha.cafe;55.740 37.508;cafe
Таверна Фили Хаус;+7 (495) 136-83-93;;Тучковская ул., 11, корп. 2, Москва;tavernafilihouse.ru;55.746 37.509;cafe
Ртвели, грузинское кафе;;+7 (963) 688-87-99, +7 (903) 130-31-51;Багратионовский пр., 1А, корп. 1, Москва;rtveli.ru;55.746 37.513;cafe
The best burgers, кафе;;+7 (991) 194-94-94;Багратионовский пр., 1А, корп. 1, Москва;thebestburger.ru;55.746 37.513;cafe
Free & Со;+7 (499) 444-04-79;;Багратионовский пр., 1А, корп. 1, Москва;freecompany.org;55.746 37.513;cafe
Coffee 42;;+7 (977) 099-85-91;Багратионовский пр., 1А, корп. 1, Москва;coffee-42.clients.site;55.746 37.513;cafe
Шоколадница, кофейня;+7 (499) 148-63-05;;площадь Победы, 1, корп. Б, Москва;shoko.ru;55.735 37.518;cafe
KFC, ресторан быстрого обслуживания;+7 (499) 272-68-19;;ул. Генерала Ермолова, 4, Москва;kfc.ru;55.735 37.518;cafe
Шоколадница, кофейня;;+7 (965) 157-20-71;Кутузовский просп., 45, Москва;shoko.ru;55.737 37.525;cafe
Кенко;;+7 (966) 001-09-99, +7 (977) 189-49-79;Багратионовский пр., 1А, корп. 1, Москва, Россия;kenko.choiceqr.com;55.746 37.513;cafe
Буханка;;+7 (903) 134-53-64;Большая Филёвская ул., 3, корп. 1, Москва;buhanka.ru;55.751 37.516;cafe
Кофе&Moloko;;+7 (926) 031-56-91, +7 (926) 026-74-42, +7 (926) 026-84-39, +7 (926) 031-71-23, +7 (985) 466-94-68, +7 (926) 031-72-05;ул. 1812 года, 2, Москва;kofemoloko.ru;55.737 37.524;cafe
R1812;+7 (495) 781-17-60;+7 (903) 109-98-20;ул. 1812 года, 2, корп. 2, Москва;r1812.ru;55.736 37.525;cafe
Свежъ, городское кафе;+7 (495) 786-05-79;+7 (985) 915-09-31, +7 (925) 589-89-69, +7 (916) 587-83-24;Кутузовский просп., 36, стр. 10, Москва;svezh.cafe;55.742 37.525;cafe
Волконский, кафе-пекарня;;+7 (903) 185-32-91;Кутузовский просп., 36, стр. 10, Москва;wolkonsky.com;55.742 37.526;cafe
Millionaire;;+7 (915) 091-76-15, +7 (901) 578-88-81;Кутузовский просп., 36с13/14, Москва;millionaire.moscow;55.740 37.527;cafe
Рыбный островок, кафе;;+7 (980) 142-32-32;Кутузовский просп., 32, корп. 1, Москва;rybnyostrovokmsk.ru;55.742 37.531;cafe
B2B, бистро;+7 (812-67) 7-54-20;+7 (977) 174-50-85;Пресненская наб., 12, Москва;mischenco-group.com;55.750 37.538;cafe
Cofix, кофейня фиксированной цены;;+7 (925) 326-24-57;Тестовская ул., 1, Москва;cofix.ru , cofix.global;55.748 37.533;cafe
Made in Georgia, ресторан;+7 (495) 663-68-68;;1-й Красногвардейский пр., 19, Москва;crystalcafe.ru;55.751 37.536;cafe
Привет, Папайя;;+7 (985) 302-65-88;Поклонная ул., 3, корп. 4, Москва;hellopapaya.ru;55.736 37.532;cafe
Argomento Backyard Bar;;+7 (926) 912-43-33;Кутузовский просп., 41, Москва;argomento.ru;55.738 37.532;cafe
Банзай, суши-бар;;+7 (985) 001-44-77;Кутузовский просп., 32, корп. 1, Москва;banzaisushi.rest;55.742 37.532;cafe
Испанский дворик;;+7 (977) 336-31-54;Тестовская ул., 1, Москва;spanish-food-store.ru;55.748 37.533;cafe
Hudson deli, кафе быстрого питания;+7 (499) 270-67-07;;1-й Красногвардейский пр., 21, стр. 2, Москва;foodster-co.ru;55.749 37.534;cafe
Везувио Пиццерия&Гастрономия;;+7 (906) 781-93-27, +7 (965) 436-45-76;Поклонная ул., 3, корп. 2, Москва;vezuvio.page.link;55.737 37.534;cafe
What's cup;;+7 (925) 161-21-51, +7 (977) 782-03-09;1-й Красногвардейский пр., 22, стр. 1, Москва;cuptower.ru;55.751 37.534;cafe
Волконский, кафе-пекарня;;+7 (905) 565-46-51;Пресненская наб., 10, стр. 2, Москва;wolkonsky.com;55.748 37.534;cafe
Индийская точка, кафе;;+7 (977) 337-83-88;Пресненская наб., 10, стр. 2, Москва;indian-food.ru;55.747 37.534;cafe
Angel сakes, кафе;;+7 (985) 265-10-10, +7 (916) 861-10-10, +7 (988) 397-81-55;1-й Красногвардейский пр., 22, стр. 2, Москва;angelcakes.ru;55.752 37.535;cafe
The white hart pub, английский паб;+7 (495) 636-27-52;;1-й Красногвардейский пр., 19, Москва;whitehartcity.ru;55.750 37.535;cafe
Redwood, лаундж-бар;+7 (495) 136-61-90;+7 (962) 366-61-90;Пресненская наб., 10, стр. 2, Москва;redwoodlounge.ru;55.748 37.535;cafe
Сетунь;+7 (499) 340-35-53;;1-й Сетуньский пр., 10, стр. 1, Москва;гранатовыйсад.рф;55.734 37.536;cafe
Catcher pizza;+7 (495) 777-71-19;+7 (925) 547-70-01;1-й Красногвардейский пр., 19, Москва;catcherpizza.ru;55.750 37.536;cafe
Brasserie Lambic;+7 (495) 104-45-01, +7 (495) 646-13-30, +7 (495) 432-09-90, +7 (495) 414-16-47;;Пресненская наб., 10блокВ, Москва;;55.747 37.537;cafe
Столичный вкус, кафе-столовая;+7 (495) 998-31-49, +7 (495) 211-09-89;+7 (985) 998-31-49, +7 (985) 211-09-89;Пресненская наб., 10, Москва;s-vkus.ru;55.747 37.537;cafe
Шоколадница, кофейня;;+7 (910) 495-54-65, +7 (916) 701-88-97;Пресненская наб., 2, Москва;shoko.ru;55.748 37.537;cafe
ShakeUp;;+7 (965) 161-37-84, +7 (903) 247-63-61, +7 (962) 977-18-40;Пресненская наб., 10блокС, Москва;dannyperekalsky.ru , shakeuprussia.ru;55.747 37.537;cafe
Кальянная Sunset 55;+7 (495) 021-15-47;;Пресненская наб., 12, Москва;sunset.moscow;55.750 37.537;cafe
Paul, французское кафе-пекарня;+7 (495) 540-44-10, +7 (812-64) 0-16-16, +7 (812) 953-63-90;+7 (921) 953-63-90, +7 (905) 792-37-23;Пресненская наб., 10, Москва;paulmoscow.taplink.ws , ginza.ru , clck.ru;55.747 37.537;cafe
Кофе & Moloko;;+7 (903) 711-94-22;Кутузовский просп., 35, Москва;kofemoloko.ru;55.740 37.537;cafe
Зелёная точка;;+7 (910) 418-11-31;Пресненская наб., 10, стр. 2, Москва;zetochka.ru;55.748 37.535;cafe
Шоколадница, кофейня;;+7 (915) 473-95-22;Пресненская наб., 12, Москва;shoko.ru;55.750 37.537;cafe
Tim'n'Tim;+7 (495) 120-09-00;+7 (915) 439-05-13;Пресненская наб., 10блокА, Москва;timandtimicecream.com , timtimicecream.com;55.747 37.538;cafe
Обед Буфет;;+7 (916) 289-54-27;Пресненская наб., 10блокА, Москва;obedbufet.ru;55.747 37.537;cafe
Cinnabon, кафе-пекарня;;+7 (968) 510-22-91;Пресненская наб., 2, Москва;cinnabonrussia.com;55.748 37.537;cafe
Моремясо, ресторан;+7 (499) 390-44-44;+7 (925) 011-47-15;1-й Красногвардейский пр., 15, Москва;moremyaso.com;55.751 37.539;cafe
Degustator, гастромаркет;+7 (495) 151-04-61;+7 (916) 467-47-47, +7 (926) 445-80-54;Пресненская наб., 12, Москва;fedgallery.ru , degustator.ru;55.750 37.538;cafe
Georgian House, кафе;+7 (495) 540-41-44;;Пресненская наб., 2, Москва;georgian-house.ru;55.749 37.538;cafe
Sedelice, французская пекарня;;+7 (926) 687-76-41, +7 (977) 278-13-02;Пресненская наб., 8, стр. 1, Москва;sedelice.ru;55.748 37.538;cafe
Швили, грузинское бистро;;+7 (966) 371-44-02;Пресненская наб., 2, Москва;shvilibistro.ru;55.749 37.539;cafe
Remy kitchen bakery, ресторан;;+7 (985) 503-04-68;Пресненская наб., 8, стр. 1, Москва;remykitchenbakery.ru;55.747 37.539;cafe
Хлеб насущный, кафе-пекарня;+7 (495) 419-09-24;;Пресненская наб., 8, стр. 1, Москва;hlebnasushny.ru;55.747 37.539;cafe
Buba by sumosan, суши-бар;+7 (499) 652-58-99, +7 (499) 286-00-09, +7 (499) 688-82-36, +7 (495) 737-57-26, +7 (499) 426-25-86, +7 (499) 460-43-40, +7 (495) 445-04-19, +7 (499) 490-97-39, +7 (499) 112-20-31, +7 (499) 286-00-08;;Пресненская наб., 8, стр. 1, Москва;bubasushi.ru;55.747 37.539;cafe
Gagawa, кафе;;+7 (964) 508-85-23;Пресненская наб., 2, Москва;gagawa.ru;55.749 37.539;cafe
Галата, кафе быстрого питания;+7 (495) 665-27-07;+7 (985) 528-83-44, +7 (977) 129-71-09;Пресненская наб., 2, Москва;galata-cafe.ru;55.749 37.539;cafe
Vanwok;;+7 (915) 444-88-23;Пресненская наб., 2, Москва;;55.749 37.539;cafe
Dream coffee, кафе;+7 (499) 176-19-91;;1-й Красногвардейский пр., 15, Москва;dreamcoffee.cafe;55.750 37.540;cafe
Франклинс бургер, бургерная;;+7 (985) 640-40-21;Пресненская наб., 2, Москва;franklins.ru;55.749 37.540;cafe
М-Сити;+7 (495) 995-59-53;+7 (906) 770-42-42;Пресненская наб., 2, Москва;cafemcity.ru;55.749 37.540;cafe
Sticks, суши-бар;+7 (495) 232-29-11;+7 (968) 489-94-80, +7 (985) 518-98-50;Пресненская наб., 2, Москва;stickssushi.ru;55.749 37.540;cafe
Космик, сеть развлекательных центров;+7 (495) 644-04-51;+7 (926) 992-03-98;Пресненская наб., 2, Москва;cosmik.ru;55.749 37.540;cafe
Эзо, сеть ресторанов грузинской кухни;+7 (495) 103-35-69;+7 (926) 895-99-52, +7 (968) 477-61-14, +7 (968) 740-82-72, +7 (916) 879-39-93, +7 (967) 022-77-07, +7 (985) 009-27-05;Пресненская наб., 2, Москва;ezo-restoran.ru;55.750 37.540;cafe
Misha Fisher in Jaffa, кошерный ресторан;+7 (499) 643-85-13, +7 (499) 649-85-13;;Пресненская наб., 6, стр. 2, Москва;mishafisher.com;55.748 37.540;cafe
Forte Bello, ресторан;+7 (495) 236-10-44, +7 (495) 258-93-05, +7 (495) 236-12-66, +7 (495) 926-58-92, +7 (495) 236-11-23, +7 (495) 236-10-72, +7 (495) 727-28-93;+7 (925) 527-79-00;Пресненская наб., 2, Москва;fortebellorest.ru;55.750 37.540;cafe
Neon Lounge 43;;+7 (929) 571-14-43;Пресненская наб., 6, стр. 2, Москва;neonlounge.ru;55.748 37.540;cafe
Lapsha;;+7 (926) 622-18-17;Пресненская наб., 6, стр. 2, Москва;lapsha.me;55.748 37.540;cafe
Oblako 57;;+7 (985) 287-57-57, +7 (985) 237-10-10, +7 (909) 992-03-03;Пресненская наб., 6, стр. 2, Москва;oblako57.ru;55.748 37.541;cafe
Vysota57, лаундж-бар;;+7 (985) 130-57-57, +7 (985) 120-57-57;Пресненская наб., 6, стр. 2, Москва;moscowcity.bar;55.748 37.540;cafe
Кафе Чайханский Плов;;+7 (967) 697-73-42;Киевская ул., 22, Москва;chaikhansky-plov.ru;55.738 37.544;cafe
Хлеб&co, булочная-кондитерская;+7 (331) 846-32-14, +7 (204) 841-19-11, +7 (181) 137-11-57, +7 (371) 157-11-23;+7 (926) 091-15-54, +7 (926) 091-15-72, +7 (926) 091-15-56;улица Студенческая, 26;;55.743 37.546;cafe
Фо бо Том ям, кафе вьетнамской кухни;;+7 (966) 011-22-20;Пресненская наб., 4, стр. 1, Москва;phobotomyum.ru , phobo.ru;55.749 37.543;cafe
KFC, ресторан быстрого обслуживания;;+7 (963) 630-56-58;Пресненская наб., 4, стр. 1, Москва;yandexpriority.onelink.me , kfc.ru;55.749 37.543;cafe
Барвиха lounge, сеть баров паровых коктейлей;;+7 (904) 568-16-64;Пресненская наб., 4, стр. 1, Москва;barvikhagroup.ru;55.749 37.543;cafe
Фрателлидзе, кафе;+7 (495) 935-15-56, +7 (499) 249-81-12;;Студенческая ул., 19, корп. 1, Москва;fratellocafe.ru;55.743 37.550;cafe
Vergnano, кофейня;+7 (495) 668-06-79, +7 (495) 665-96-55;;Киевская ул., 2, стр. 5, Москва;;55.743 37.563;cafe
Баан тай;+7 (499) 240-05-97, +7 (499) 766-11-01;+7 (965) 226-70-08;Большая Дорогомиловская ул., 11, Москва;baanthai.ru;55.746 37.553;cafe
Самотхе;+7 (499) 243-20-15;+7 (965) 315-03-02;Кутузовский просп., 14, Москва;;55.747 37.554;cafe
Пловмания, магазин быстрого питания;;+7 (999) 803-96-04, +7 (918) 327-03-02;ул. Можайский Вал, 10, Москва;plovmaniya.com;55.743 37.554;cafe
Виа Ринальди;;+7 (915) 447-34-64;ул. Можайский Вал, 6, Москва;viarinaldi.ru;55.745 37.557;cafe
Cook & Service, компания по организации корпоративного питания;+7 (499) 653-67-14;;Киевская ул., 14, стр. 2, Москва;cook-service.ru;55.743 37.559;cafe
Браско lounge;;+7 (965) 305-77-00;Большая Дорогомиловская ул., 12А, Москва;brasko-lounge.clients.site;55.747 37.561;cafe
Батони, кафе грузинской кухни;;+7 (909) 935-83-89;Большая Дорогомиловская ул., 12А, Москва;batoni-kafe.ru;55.746 37.561;cafe
Рамен-Клаб;+7 (495) 258-18-14;;ул. Можайский Вал, 8С, Москва;ramenclub.ru;55.744 37.555;cafe
Наш Лофт, компания;+7 (495) 111-20-20;+7 (978) 172-43-82, +7 (925) 473-83-73, +7 (926) 915-11-51, +7 (985) 162-87-27;Бережковская наб., 20, стр. 45, Москва;nashloft.com;55.736 37.556;cafe
Кофе&Моlоко;;+7 (985) 723-76-11;Кутузовский просп., 9, корп. 1, Москва;kofemoloko.ru;55.748 37.561;cafe
Turkish street food, бистро;;+7 (939) 444-97-97;Большая Дорогомиловская ул., 10, Москва;turkish-street-food.clients.site;55.746 37.563;cafe
Стейк & Бургер Мираторг;;+7 (985) 424-08-17;Киевская ул., 2, Москва;burgermiratorg.shop , miratorg.ru;55.743 37.562;cafe
Нам, кафе вьетнамской кухни;+7 (495) 798-52-83;;Саввинская наб., 19, стр. 1А, Москва;;55.734 37.564;cafe
Bolognetta Osteria&Pizzeria;+7 (495) 229-27-20;;площадь Киевского Вокзала, 2, Москва;bolognetta-restaurant.com;55.744 37.564;cafe
Christian;;+7 (985) 999-25-69;Кутузовский просп., 2/1к1А, Москва;ginza.ru , christianforfriends.ru , clck.ru;55.751 37.565;cafe
Бистрот;+7 (499) 248-40-45;;Большой Саввинский пер., 12, стр. 2, Москва;bistrot.moscow;55.733 37.565;cafe
Black Thai;+7 (495) 363-89-77;+7 (968) 512-07-15;Кутузовский просп., 2/1к1А, Москва;blackthai.ru;55.751 37.566;cafe
Coffeeshop company, кофейня;;+7 (931) 534-57-41, +7 (915) 043-39-75;площадь Киевского Вокзала, 2, Москва;coffeeshopcompany.ru;55.744 37.567;cafe
Академия, кафе-пиццерия;+7 (495) 662-30-10, +7 (495) 228-08-77;;площадь Киевского Вокзала, 2, Москва;academiya.ru;55.744 37.567;cafe
Black star burger, ресторан быстрого питания;;+7 (929) 679-35-72;площадь Киевского Вокзала, 2, Москва;blackstarburger.ru;55.745 37.567;cafe
Огоньки cafe, ресторан;+7 (495) 229-63-10;;площадь Киевского Вокзала, 2, Москва;dreamisland.ru;55.745 37.567;cafe
Топ chick, кафе быстрого питания;;+7 (915) 989-56-65;Большой Саввинский пер., 11, Москва;topchickfood.ru;55.734 37.568;cafe
Синнабон;+7 (495) 579-88-30;+7 (965) 317-70-36;площадь Киевского Вокзала, 2, Москва;cinnabonrussia.com;55.744 37.566;cafe
Panda Express;;+7 (925) 344-55-14;площадь Киевского Вокзала, 2, Москва;pandaexpress.com.ru , pandaexpress.com;55.744 37.567;cafe
Бибирево, ресторан;+7 (495) 921-42-99;;Украинский бул., 15, Москва;bibirevo.rest;55.746 37.567;cafe
Еврейская община Среди своих;+7 (495) 786-13-78;+7 (985) 786-13-78;ул. Льва Толстого, 14, Москва;sredisvoih.com;55.733 37.589;cafe
Без рецепта, кафе;;+7 (925) 555-50-73;Кутузовский проспект, 1/7;bezrecepta.ru;55.750 37.571;cafe
Свидание на крыше;+7 (499) 112-02-90, +7 (499) 113-07-08;+7 (929) 982-09-67;1-й Неопалимовский пер., 8, Москва;onelove24.ru;55.741 37.581;cafe
Даймонд, бар;+7 (495) 725-02-20, +7 (495) 725-01-61, +7 (495) 725-01-86, +7 (495) 725-02-48, +7 (495) 725-02-86, +7 (495) 725-01-00, +7 (495) 725-01-45, +7 (495) 725-02-56, +7 (495) 725-02-54, +7 (495) 725-01-01;+7 (916) 685-54-12;Смоленская, 5;hotel-goldenring.ru;55.745 37.581;cafe
Рыбная мануфактура № 1;;+7 (919) 726-83-65;ул. Плющиха, 53/25с2, Москва;rm-1.ru;55.738 37.576;cafe
Волконский;;+7 (926) 941-99-03;ул. Плющиха, 53/25с1, Москва;wolkonsky.com;55.739 37.576;cafe
Луар, кафе-бар;;+7 (926) 918-05-05;ул. Россолимо, 17, стр. 1, Москва;luarbar.ru;55.733 37.578;cafe
EUROSPAR;;+7 (925) 008-55-84;Смоленская площадь, 3, Москва;myspar.ru;55.748 37.581;cafe
Шаурму х@чу, точка быстрого питания;;+7 (925) 278-10-73, +7 (925) 016-95-50;Смоленская площадь, 5, Москва;shaurmu-hachu.ru;55.748 37.582;cafe
Проточный, кафе-бар;;+7 (903) 295-92-36;Проточный переулок, 2;protochny.com;55.750 37.582;cafe
АВ Гранд-кафе;;+7 (903) 176-59-47;улица Арбат, 54/2;;55.747 37.583;cafe
Би Ба Бо, развлекательный комплекс;+7 (495) 937-43-37, +7 (495) 937-16-86;;Карманицкий переулок, 9;bibabo.ru;55.748 37.583;cafe
Nalu balooo, серф-кафе;;+7 (910) 086-95-57;Смоленская площадь, 5, Москва;nalubaloo.ru;55.748 37.582;cafe
Gayane's;+7 (499) 795-11-60;+7 (925) 741-91-92;2-й Смоленский пер., 1/4, Москва;gayanes.ru;55.747 37.581;cafe
Urban;+7 (495) 787-28-87;;Смоленская площадь, 3, Москва;urbancafe.moscow;55.747 37.582;cafe
Бар, паб Проточный;;+7 (999) 444-61-72;Проточный пер., 2/1, Москва;protochny.com;55.750 37.582;cafe
Paul;;+7 (903) 288-37-35;ул. Арбат, 54/2с6, Москва;paulmoscow.taplink.ws , ginza.ru , clck.ru;55.748 37.583;cafe
SeDelice;;+7 (977) 336-01-01;Смоленская площадь, 6/13, Москва;sedelice.ru;55.749 37.583;cafe
Cofix, кофейня фиксированной цены;;+7 (926) 326-88-85;Смоленская площадь, 6, Москва;cofix.ru , cofix.global;55.749 37.583;cafe
Арт холл Президент;;+7 (925) 010-63-04;ул. Арбат, 54/2с1, Москва;presidenthall.ru;55.747 37.583;cafe
АндерСон Resort, лофт для мероприятий;;+7 (903) 730-98-18, +7 (967) 555-69-23, +7 (903) 211-33-22;ул. Льва Толстого, 23, корп. 1, Москва;andersonresort.ru;55.736 37.583;cafe
Иль Марко;+7 (495) 781-55-75, +7 (495) 928-33-23;;ул. Льва Толстого, 23, корп. 7, стр. 3, Москва;ilmarco.ru;55.736 37.584;cafe
Balance by Gudkate, ресторан атмосферных бранчей;;+7 (916) 366-20-20, +7 (926) 263-83-66;ул. Льва Толстого, 20, Москва;balancebrunch.ru;55.735 37.585;cafe
Кампус, кафе;+7 (495) 708-31-12;;Смоленский бульвар, 3-5 ст А;campus2020.ru;55.740 37.585;cafe
2-й этаж, кафе-столовая;;+7 (964) 559-05-50, +7 (926) 862-32-69;ул. Новый Арбат, 21, Москва;2level.ru;55.752 37.585;cafe
Изя гриль, бар-ресторан;+7 (495) 755-87-27;;ул. Льва Толстого, 16, Москва;;55.734 37.587;cafe
Corner Cafe&Kitchen;;+7 (985) 966-78-88;Композиторская, 17;cornercafekitchenmsk.com;55.751 37.587;cafe
Кафе-бар Кампус;;+7 (904) 567-20-71;Смоленский бул., 3-5с1А, Москва;;55.739 37.585;cafe
Трапеzа, столовая;+7 (495) 969-48-14;+7 (925) 725-09-97, +7 (929) 961-97-87;ул. Тимура Фрунзе, 11, стр. 1, Москва;trapezza.com;55.736 37.585;cafe
Ресторан Броско;+7 (495) 664-30-06;;ул. Новый Арбат, 21, стр. 2, Москва;broskorestaurant.ru , brosko-rest.ru;55.751 37.586;cafe
Semifreddo;+7 (495) 181-55-55;+7 (925) 760-18-30;ул. Тимура Фрунзе, 11, стр. 55, Москва;semifreddo-restaurant.com;55.735 37.587;cafe
СССР, чебуречная;;+7 (985) 479-64-94, +7 (925) 594-87-88, +7 (903) 122-02-24, +7 (962) 923-25-32, +7 (925) 488-80-61;ул. Арбат, 44, стр. 1, Москва;chebureky.ru;55.748 37.587;cafe
Corner cafe&kitchen;;+7 (916) 337-16-66;Композиторская ул., вл17/5, Москва;cornercafekitchenmsk.com;55.751 37.587;cafe
Кулинарная лавка братьев Караваевых;+7 (495) 790-85-84, +7 (495) 788-31-48;;ул. Тимура Фрунзе, 11, стр. 7, Москва;karavaevi.ru;55.736 37.587;cafe
Библиотека shisha lounge, центр паровых коктейлей;;+7 (915) 342-11-55, +7 (985) 551-99-99;ул. Арбат, 42, стр. 4, Москва;biblioteka-lounge.ru;55.749 37.587;cafe
Абу Гош, концептуальный стритфуд с аутентичной едой;+7 (495) 226-92-02, +7 (495) 203-56-52;;пер. Сивцев Вражек, 42, стр. 5, Москва;abugosh.ru;55.747 37.587;cafe
Caspian, ресторан;+7 (495) 234-28-29;;ул. Арбат, 42, стр. 1, Москва;caspian.moscow;55.748 37.587;cafe
Влавке, магазин фермерских продуктов;+7 (495) 724-35-32;+7 (968) 761-17-28, +7 (903) 613-30-29;Плотников переулок, 19/38 ст2;vlavke.ru;55.747 37.588;cafe
Kemer bbq, кафе турецкой кухни;+7 (499) 426-25-79;+7 (903) 265-21-21;улица Арбат, 36/2;kemerbbq.ru;55.749 37.589;cafe
Арарат, ресторан;+7 (495) 222-44-96, +7 (495) 222-78-52;+7 (985) 222-44-96;ул. Арбат, 32, Москва;restoranararat.ru , arbat.restoranararat.ru;55.749 37.590;cafe
Кулинарная лавка братьев Караваевых;+7 (495) 790-98-43;;Большой Лёвшинский пер., 3, Москва;karavaevi.ru;55.743 37.590;cafe
Шоколадница;;+7 (915) 473-80-86;ул. Пречистенка, 40/2с2, Москва;shoko.ru;55.739 37.588;cafe
Мёд и Пряность;+7 (495) 642-42-26;+7 (925) 507-22-03;Зубовский бул., 16-20с1, Москва;med-pryanost.ru;55.738 37.588;cafe
Шашлык-машлык;+7 (499) 241-21-07;;ул. Арбат, 38/1с1, Москва;arbat38.ru;55.748 37.588;cafe
Восточный квартал;+7 (499) 241-38-03;;Плотников пер., 24/45, Москва;vkvartal-arbat.ru;55.748 37.588;cafe
Мой Любимый Ч.;;+7 (909) 954-57-42, +7 (906) 052-77-05;ул. Тимура Фрунзе, 22, Москва;myfavoritetea.ru , imperialfarfor.ru;55.735 37.588;cafe
Istanbul kebab, точка быстрого питания;+7 (495) 120-25-54;+7 (916) 192-73-73, +7 (965) 338-06-60;ул. Тимура Фрунзе, 11, стр. 13, Москва;istkebab.ru;55.735 37.588;cafe
Улисс Паб;+7 (499) 241-87-99;;Плотников пер., 22/16, Москва;ulyssespub.ru , ulysses.pub;55.748 37.588;cafe
My gelato, кофейня;;+7 (925) 159-78-68;ул. Тимура Фрунзе, 11, стр. 13, Москва;my-gelato.ru;55.735 37.588;cafe
Брусника, кафе-кондитерская;+7 (495) 697-04-89, +7 (499) 243-05-78, +7 (499) 918-08-71;;Зубовский бул., 29, Москва;edabrusnika.ru;55.737 37.588;cafe
Bali Lounge, лаундж-кафе;;+7 (968) 738-13-33, +7 (965) 103-09-49, +7 (916) 462-83-88;Зубовский бул., 21, стр. 1, Москва;bali-lounge.ru;55.736 37.590;cafe
Булкер;+7 (499) 246-79-09;;Зубовский бул., 21-23, стр. 1, Москва;bulker.ru;55.736 37.590;cafe
Шоколадница, кофейня;;+7 (915) 473-82-17;Зубовский бул., 17, Москва;shoko.ru;55.736 37.591;cafe
16 Тонн;+7 (495) 161-62-22, +7 (499) 253-53-00;+7 (926) 433-13-99, +7 (905) 501-61-31;ул. Арбат, 28/1с1, Москва;16tonsarbat.taplink.ws , 16tons.ru , 754633.restoplace.ws , arbat.16tons.ru;55.750 37.591;cafe
Амбарчик;+7 (499) 241-19-90;+7 (910) 087-04-04;Малый Николопесковский пер., 9/1с2, Москва;ambarchik.msk.ru;55.751 37.591;cafe
Craft Draft Local Pub;;+7 (985) 485-30-40, +7 (985) 194-13-60;ул. Арбат, 6/2, Москва;craft-draft.ru;55.752 37.597;cafe
Секретное место, ресторан;+7 (495) 627-78-63;;Калошин пер., 4, Москва;;55.748 37.592;cafe
Kill fish, дискаунт-бар;+7 (812) 448-08-00, +7 (495) 215-03-24;;улица Арбат, 22/2 ст1;killfish.ru;55.750 37.593;cafe
Il Pizzaiolo;+7 (499) 241-01-27, +7 (495) 956-27-09, +7 (495) 697-25-15, +7 (495) 606-74-09;+7 (926) 012-05-41;ул. Арбат, 29, Москва;ilpizzaiolo.ru;55.750 37.593;cafe
Шоколадница, кофейня;;+7 (985) 316-25-92;ул. Арбат, 29, Москва;shoko.ru;55.750 37.594;cafe
One price coffee, экспресс-кофейня;;+7 (916) 765-30-33;ул. Арбат, 20, Москва;onepricecoffee.com;55.750 37.593;cafe
Кафе-пельменная;;+7 (925) 251-00-80;переулок Померанцев, 3;pelmennaya-1.ru;55.738 37.594;cafe
Тирольские пироги, кафе-кондитерская;+7 (499) 241-06-57;+7 (925) 833-88-93;Калошин пер., 6, стр. 1, Москва;tirolpirog.ru;55.748 37.592;cafe
Планета Сибирь;+7 (495) 212-14-50;;Зубовский бул., вл13с1, Москва;planetsib.ru;55.736 37.592;cafe
Killfish;;+7 (926) 912-50-01;ул. Арбат, 22/2с1, Москва;killfish.ru;55.750 37.593;cafe
Аченти;+7 (499) 246-15-15;+7 (915) 497-25-18;Кропоткинский пер., 7с2-4, Москва;accenti.ru;55.738 37.593;cafe
Cinnabon;+7 (499) 579-88-65;;ул. Арбат, 22/2с4, Москва;cinnabonrussia.com;55.750 37.593;cafe
Дом 12;;+7 (903) 968-88-97;ул. Пречистенка, 21/12с5, Москва;dom12cafe.ru;55.740 37.593;cafe
Правда кофе, экспресс-кофейня;;+7 (991) 340-26-79, +7 (926) 084-30-52;ул. Арбат, 18, стр. 1, Москва;coffee-workshop.ru , pravda-coffee.ru , pravdacoffee.ru;55.750 37.594;cafe
33 пингвина, кафе-мороженое;;+7 (903) 012-22-30;ул. Арбат, 18, стр. 1, Москва;33pingvina.ru;55.750 37.594;cafe
Жажда, кафе-бар;;+7 (985) 474-70-88;улица Арбат, 16/2 ст2;jajda-arbat.ru;55.750 37.594;cafe
Багратион;+7 (495) 268-13-92, +7 (495) 609-50-50;;Сеченовский пер., 7А, Москва;bagrationhotel.ru;55.741 37.595;cafe
Cofix, кофейня фиксированной цены;;+7 (968) 831-28-35, +7 (977) 850-90-20;ул. Остоженка, 42/2, Москва;cofix.ru , cofix.global;55.738 37.595;cafe
Правда кофе, экспресс-кофейня;;+7 (916) 601-30-87, +7 (985) 352-70-04;ул. Остоженка, 42/2, Москва;pravdacoffee.ru;55.738 37.595;cafe
Taksim, ресторан турецкой кухни;+7 (495) 032-55-53, +7 (495) 032-55-58, +7 (495) 032-55-57;;ул. Арбат, 21, стр. 1, Москва;taksim.ru;55.751 37.596;cafe
Conversation, кафе;;+7 (985) 388-85-18, +7 (916) 640-86-36, +7 (985) 226-02-38, +7 (910) 004-60-67, +7 (915) 446-79-00, +7 (985) 443-73-44, +7 (916) 798-29-89, +7 (916) 232-31-01;улица Остоженка, 37/7 ст2;friends-forever.ru;55.739 37.596;cafe
Карло, кафе итальянской кухни;+7 (499) 755-63-30;+7 (926) 237-57-45, +7 (925) 007-37-20, +7 (915) 007-07-86, +7 (903) 133-45-56;ул. Арбат, 19, Москва;karlocafe.ru;55.751 37.596;cafe
Rick`s, бар;+7 (495) 928-15-33;;улица Остоженка, 30 ст1;;55.740 37.596;cafe
Ежеминутка, тайм-кафе;;+7 (926) 126-41-21;ул. Арбат, 6/2, Москва;ejeminutka.ru;55.752 37.597;cafe
Les, кофейня;;+7 (926) 177-51-13;Зубовский бул., 2, стр. 5, Москва;lescoffee.ru;55.737 37.594;cafe
Пельменная;;+7 (958) 100-98-07;Померанцев пер., 3, Москва;pelmennaya-1.ru;55.738 37.594;cafe
Консул;+7 (499) 490-74-85, +7 (499) 112-06-96;+7 (903) 509-71-88, +7 (926) 520-40-93;ул. Остоженка, 53/2с1, Москва;банкетконсул.com , konsul-banket.ru;55.736 37.595;cafe
Калифорния diner;+7 (499) 579-80-04, +7 (499) 938-54-96;+7 (963) 755-34-34;ул. Арбат, 23, стр. 1, Москва;californiadiner.ru;55.751 37.595;cafe
MixCafe, хинкальная;+7 (499) 246-40-85;;Фрунзенская наб., 2/1, Москва;mix-cafe.com , хинкальная.com;55.735 37.595;cafe
Mastersuit, кафе;+7 (499) 390-14-93;+7 (929) 506-62-11, +7 (969) 999-32-46;ул. Пречистенка, 13, Москва;mastersuitcafe.ru;55.743 37.596;cafe
Шоколадница, кофейня;;+7 (903) 727-81-82;ул. Остоженка, 27, корп. 1, Москва;shoko.ru;55.739 37.596;cafe
Журфак, кафе;;+7 (901) 594-41-61;Большой Афанасьевский пер., 3, стр. 3, Москва;jurfak-cafe.ru;55.745 37.597;cafe
Грабли, ресторан фри-фло;+7 (495) 725-58-01;+7 (926) 939-87-21;ул. Арбат, 1, Москва;grabli.ru , grabli.onelink.me;55.752 37.598;cafe
Шоколадница, кофейня;;+7 (915) 474-27-07;ул. Арбат, 1, Москва;shoko.ru;55.752 37.599;cafe
Кофейня на Остоженке;;+7 (901) 147-95-87, +7 (968) 066-53-15;Лопухинский пер., 2, Москва;coffeeostozhenka.clients.site;55.742 37.599;cafe
Академия, кафе-пиццерия;+7 (495) 409-40-47, +7 (495) 737-40-47;;Бутиковский пер., 7, Москва;academiya.ru;55.738 37.602;cafe
Vаниль, ресторан;+7 (495) 637-10-82, +7 (495) 786-82-48;+7 (925) 636-09-43;ул. Остоженка, 1/9, Москва;vanil.ru , novikovgroup.ru;55.744 37.602;cafe
Есть хинкали&пить вино, ресторан;+7 (495) 975-55-35, +7 (495) 975-55-90, +7 (495) 975-55-45;;ул. Остоженка, 19, стр. 1, Москва;llgroup.ru;55.741 37.598;cafe
Генацвале VIP, ресторан;+7 (495) 695-03-93, +7 (495) 695-04-01, +7 (495) 695-03-94;+7 (904) 567-19-36;Лопухинский пер., 2, Москва;genatsvale-vip.ru;55.742 37.599;cafe
Кулинарная лавка братьев Караваевых;+7 (495) 790-85-79;;Малый Афанасьевский пер., 1/33, Москва;karavaevi.ru;55.751 37.599;cafe
Одуван;+7 (495) 645-38-72;;Гоголевский бул., 31, стр. 1, Москва;oduvan-farm.com , aoduvan.com;55.751 37.600;cafe
Шоколадница, кофейня;;+7 (905) 588-74-87;Гоголевский бул., 3, Москва;shoko.ru;55.745 37.601;cafe
Гранд Кафе 12;+7 (495) 476-43-18, +7 (495) 969-12-12;+7 (903) 969-12-12;Гоголевский бул., 6, стр. 1, Москва;12grandcafe.ru;55.746 37.601;cafe
на Курсовом, кафе;+7 (499) 270-23-34;+7 (995) 158-07-40;Курсовой пер., 8/2, Москва;knk.msk.ru;55.740 37.605;cafe
Rhythm&Blues Cafe;+7 (495) 697-78-91, +7 (495) 765-93-13;+7 (925) 147-54-79;Староваганьковский переулок, 19 ст2;rhythm-blues-cafe.ru;55.751 37.607;cafe
Пельмени, кафе;+7 (495) 697-60-76;;ул. Ленивка, 6/7, Москва;cafepelmeni.ru;55.747 37.608;cafe
Vera coffe&tea keto&healthy dishes and desserts, кофейня;;+7 (993) 343-12-37, +7 (991) 222-81-96, +7 (915) 373-12-37;Пречистенская наб., 11, стр. 2, Москва;veracoffeetea.com;55.737 37.603;cafe
Campus;;+7 (916) 270-22-44;Пречистенская наб., 11, Москва;cafe-campus.ru;55.738 37.603;cafe
Баскин Роббинс;;+7 (916) 610-11-66;Москва, Центральный административный округ, район Якиманка;baskinrobbins.ru;55.733 37.605;cafe
Table one, кафе;;+7 (926) 663-46-71, +7 (965) 132-35-22, +7 (985) 545-76-99, +7 (916) 936-78-52, +7 (926) 371-36-29;Пречистенская наб., 15, стр. 2, Москва;ilovecake.ru , localband.ru;55.739 37.606;cafe
Кафе-трапезная Antiпa;;+7 (991) 712-67-50;Колымажный пер., 8/4с7, Москва;antipa-plus.ru;55.748 37.606;cafe
Папа Блюз;;+7 (977) 450-05-15;Староваганьковский пер., 19, стр. 3, Москва;papablues.taplink.ws;55.751 37.606;cafe
Барчук;;+7 (926) 940-67-54, +7 (999) 828-00-69;Староваганьковский пер., 19, стр. 3, Москва;;55.751 37.606;cafe
Ритм Блюз;+7 (495) 476-53-59;;Староваганьковский пер., 19, стр. 2, Москва;rhythm-blues-cafe.ru;55.751 37.607;cafe
I`m smoking, лаундж-бар;;+7 (936) 555-18-18, +7 (916) 092-11-22, +7 (915) 023-18-18;Староваганьковский пер., 19, стр. 7, Москва;imsmoking.ru;55.751 37.607;cafe
Dictatura Æstetica;;+7 (905) 732-03-69, +7 (930) 333-70-94;Берсеневская наб., 6, стр. 2, Москва;dictaturaestetica.bar;55.740 37.609;cafe
Шардам;;+7 (926) 072-64-74, +7 (985) 668-51-20;ул. Крымский Вал, вл2с10, Москва;shardam.cafe;55.737 37.609;cafe
Cafe1892, ресторан;+7 (495) 150-28-28, +7 (495) 780-96-09, +7 (495) 150-28-10, +7 (492-31) 2-38-88;;улица Моховая, 10 ст1;mirros-hotels.com , mhg-management.com;55.751 37.610;cafe
Drink Eat Travel, кафе;;+7 (901) 725-09-79;Якиманский пер., 6, стр. 1, Москва;;55.733 37.610;cafe
Yasha, кафе тель-авивского стритфуда;;+7 (977) 636-15-17;Крымская наб., 10, стр. 5, Москва;yashastreetfood.ru;55.739 37.611;cafe
Howard Loves Craft, бар;;+7 (906) 769-16-09;Болотная наб., 7, стр. 3, Москва;howardlovescraft.ru;55.740 37.611;cafe
Шоколадница, кофейня;;+7 (964) 577-74-51;ул. Большая Якиманка, 32, Москва;shoko.ru , coffeehouse.ru;55.735 37.613;cafe
Аврора, бар;+7 (499) 271-29-70, +7 (499) 271-28-48, +7 (499) 271-28-40, +7 (499) 271-28-00, +7 (499) 271-29-38, +7 (499) 271-28-58, +7 (499) 271-29-23, +7 (499) 271-29-00;;ул. Большая Якиманка, 24, Москва;president-hotel.ru;55.737 37.613;cafe
Квартира 44, пиано-бар;+7 (499) 238-82-34, +7 (495) 691-75-03, +7 (495) 953-07-01;+7 (916) 452-28-02, +7 (925) 796-28-73, +7 (916) 452-45-06;улица Малая Якиманка, 24;kv44.ru;55.738 37.617;cafe
Каннибал Кофе;;+7 (965) 388-16-00;ул. Большая Якиманка, 25, Москва;cannibalcoffee.ru;55.736 37.615;cafe
Стейк & Бургер Мираторг, бургерная;+7 (119) 487-43-65, +7 (395) 613-73-62, +7 (769) 604-44-46, +7 (495) 660-09-90;+7 (915) 336-48-41, +7 (906) 983-59-73, +7 (910) 007-39-04, +7 (915) 336-32-53, +7 (915) 396-51-72, +7 (915) 452-10-07, +7 (916) 152-93-80, +7 (916) 581-89-09;ул. Большая Полянка, 1/3, Москва;burgermiratorg.shop , shop.miratorg.ru , miratorg.ru;55.742 37.616;cafe
Полянка Винотека;;+7 (917) 550-10-73;Бродников пер., 10, корп. 2, Москва;polyanka-wine.ru;55.737 37.616;cafe
Дориан Грей;+7 (499) 230-06-01, +7 (499) 238-64-01;+7 (977) 749-54-27;Кадашёвская наб., 6/1/2с1, Москва;doriangray.ru;55.743 37.618;cafe
Baci & abbracci by Francesco Voce, итальянский ресторан с шеф-поваром Marco Prazzoli;+7 (495) 108-75-95;+7 (969) 999-28-51, +7 (925) 678-21-28;Старомонетный пер., 18, Москва;bacieabbracci.moscow;55.740 37.619;cafe
Абрамовъ, ресторан;+7 (495) 953-96-54, +7 (495) 108-45-18;+7 (985) 470-00-26;ул. Большая Полянка, 27, Москва;abramov.rest;55.738 37.619;cafe
Александр Селезнев, кондитерская;+7 (495) 363-77-26, +7 (495) 197-84-37;;ул. Большая Полянка, 30, Москва;24tort.ru;55.734 37.619;cafe
The Waterfront, кафе;;+7 (909) 956-42-66, +7 (966) 666-43-18;улица Большая Полянка, 51а;thewaterfront.ru;55.732 37.621;cafe
Polyanka bar&kitchen, клуб-ресторан;;+7 (910) 454-96-55, +7 (925) 216-51-09;улица Большая Полянка, 51а/9;polyankabk.ru;55.732 37.621;cafe
Сок, городское кафе;;+7 (916) 469-39-67;Лаврушинский переулок, 15 ст1;sok.cafe;55.741 37.622;cafe
Волконский;+7 (499) 702-51-01;+7 (926) 316-60-28, +7 (903) 161-87-29;2-й Спасоналивковский пер., 2/44, Москва;shop.wolkonsky.com , wolkonsky.com;55.733 37.618;cafe
Cofix, кофейня фиксированной цены;;+7 (919) 765-48-84;ул. Большая Полянка, 26, стр. 2, Москва;cofix.ru , cofix.global;55.737 37.619;cafe
Шоколадница;;+7 (985) 310-48-28;ул. Большая Полянка, 26, стр. 1, Москва;shoko.ru;55.737 37.619;cafe
Пепе Неро;+7 (495) 414-43-97, +7 (495) 287-87-20;+7 (968) 738-48-30;Кадашёвская наб., 26, Москва;pepe-nero.ru;55.745 37.622;cafe
Coffeeshop company, кофейня;+7 (495) 953-20-58;+7 (911) 823-30-03, +7 (903) 734-48-16;Лаврушинский пер., 17, стр. 2, Москва;coffeeshopcompany.ru;55.741 37.622;cafe
Лавка, пицца & бар;;+7 (968) 763-76-13;ул. Большая Ордынка, 7, Москва;lavkabar.ru;55.745 37.625;cafe
Ромбус, кафе-бар;+7 (495) 951-52-50;+7 (915) 332-33-10;Большая Ордынка, 13/9 ст1;rombuscafe.ru;55.744 37.625;cafe
Holi, студия йоги;;+7 (925) 875-55-52;ул. Малая Ордынка, 19, Москва;holiyoga.ru;55.737 37.626;cafe
Кранцлер, кафе;+7 (495) 287-20-00, +7 (495) 287-20-08;;ул. Балчуг, 1, Москва;kempinski.com;55.748 37.626;cafe
Балчук, гастромаркет;;+7 (901) 147-80-88;ул. Балчуг, 5, Москва;gastro.market;55.747 37.626;cafe
Хон Гиль Дон, бар;;+7 (985) 486-64-54;Пятницкая, 6/1 ст1;hgdbar.ru;55.744 37.627;cafe
Кофе On;+7 (495) 953-56-62;;3-й Кадашёвский пер., 2, Москва;kofe-on.ru;55.742 37.625;cafe
Кулинарная лавка братьев Караваевых;+7 (495) 951-62-04;;ул. Большая Ордынка, 7, Москва;karavaevi.ru;55.745 37.625;cafe
Ромбус;;+7 (958) 100-41-97;ул. Большая Ордынка, 13/9с1, Москва;rombuscafe.ru;55.744 37.625;cafe
Pitapita;;+7 (917) 593-47-72;ул. Балчуг, 5, Москва;pitapita.ru;55.747 37.626;cafe
Bubble tea;;+7 (980) 186-84-65, +7 (926) 009-56-78;ул. Балчуг, 5, Москва;;55.747 37.626;cafe
Yumbaker, кафе-кондитерская;+7 (495) 136-68-31, +7 (499) 130-65-10;+7 (963) 651-18-84;Пятницкая ул., 66, стр. 1, Москва;yumbaker.com , yumbaker.ru;55.732 37.627;cafe
Punch & judy pub, классический легендарный паб;+7 (495) 953-39-92, +7 (495) 098-00-04, +7 (499) 953-39-92;;Пятницкая улица, 6/1 ст1;publifegroup.ru , pjpub.ru , bspubshop.ru;55.745 37.627;cafe
Концерт, бар;+7 (495) 959-44-18, +7 (495) 663-71-74;+7 (901) 755-03-75;Пятницкая улица, 6/1 ст1;koncert.su;55.744 37.627;cafe
Coffee inn, кофейня;;+7 (925) 008-01-05, +7 (925) 151-50-88, +7 (977) 099-85-38;Садовническая ул., 8, Москва;coinn.ru;55.748 37.628;cafe
Cofix, кофейня фиксированной цены;;+7 (925) 229-75-70;Пятницкая ул., 8, Москва;cofix.ru , cofix.global;55.744 37.628;cafe
Николай, бар-буфет;+7 (495) 146-45-59;;Пятницкая улица, 53;bar-bufet.ru;55.735 37.628;cafe
Рихтер;+7 (495) 488-71-42;+7 (901) 383-16-30;Пятницкая ул., 42, Москва;richterhotel.com;55.738 37.628;cafe
Villa della Pasta, итальянский ресторан;+7 (495) 953-16-60, +7 (495) 650-52-61, +7 (495) 953-16-47;+7 (926) 564-35-04, +7 (916) 212-07-61, +7 (965) 102-70-70, +7 (926) 858-41-02, +7 (985) 306-56-90, +7 (903) 179-74-44, +7 (904) 567-20-68;Пятницкая ул., 26, Москва;gourmet-alliance.ru , villa-pasta.ru;55.741 37.628;cafe
Paul, французское кафе-пекарня;+7 (495) 775-98-06;;Пятницкая ул., 20, Москва;paulmoscow.taplink.ws , ginza.ru , clck.ru;55.742 37.628;cafe
Хинкалоff, кафе;+7 (495) 953-69-46;+7 (985) 851-22-11;Пятницкая улица, 37;hinkaloff.com;55.739 37.629;cafe
Эссе, джаз-клуб;+7 (495) 951-64-04, +7 (495) 150-28-48;;Пятницкая улица, 27 ст3а;jazzesse.ru;55.741 37.629;cafe
Жига дрыга, бар;+7 (495) 951-09-40;;Пятницкая ул., 62, стр. 3, Москва;drigabar.ru;55.733 37.627;cafe
Cofix, кофейня фиксированной цены;;+7 (985) 313-37-80;Климентовский пер., 12, стр. 1, Москва;cofix.global;55.741 37.627;cafe
Бобры и утки, кафе-бар;+7 (495) 649-00-31;;Пятницкая ул., 56, стр. 1, Москва;bobryiutki.ru;55.734 37.627;cafe
MOLOKO, лаундж-бар;+7 (498) 785-70-05;+7 (985) 342-79-69;Садовническая наб., 7, Москва;;55.747 37.627;cafe
Шоколадница, кофейня;;+7 (915) 473-81-65;Климентовский пер., 10, стр. 1, Москва;shoko.ru;55.741 37.628;cafe
Весна, караоке-клуб;+7 (498) 303-11-33, +7 (495) 120-40-20, +7 (495) 953-85-35, +7 (4967) 50-59-59;;Пятницкая ул., 10, стр. 1, Москва;karaoke-vesna.ru;55.744 37.628;cafe
KFC, ресторан быстрого обслуживания;;+7 (925) 344-76-01;Климентовский пер., 10, стр. 1, Москва;kfc.ru;55.741 37.628;cafe
Му-му, сеть кафе;+7 (499) 678-40-25;+7 (985) 178-84-48;Климентовский пер., 10, стр. 1, Москва;cafemumu.ru;55.741 37.628;cafe
Хлебная мануфактура №1, пекарня;;+7 (916) 372-02-89, +7 (985) 330-30-00;Пятницкая ул., 57, стр. 2, Москва;firstbread.ru;55.734 37.628;cafe
Парка;;+7 (926) 160-63-13;Пятницкая ул., 22, стр. 1, Москва;parkabar.ru , parkabar.turbo.site;55.741 37.628;cafe
O`Donoghue`s, паб;+7 (499) 636-28-18, +7 (499) 929-00-03, +7 (495) 098-03-38;;Пятницкая улица, 29;odpub.ru;55.741 37.629;cafe
Простые вещи, винный гастропаб;+7 (495) 225-80-50;;Пятницкая ул., 29, Москва;gastroteka.ru , pvdostavka.ru;55.741 37.629;cafe
Ceverever, ресторан-бар современной северной кухни;+7 (495) 921-34-88;+7 (977) 961-20-75;Пятницкий переулок, 4 ст1;ceverever.ru;55.743 37.630;cafe
Дорогая я перезвоню, бар;;+7 (926) 928-67-25;Пятницкий пер., 2, Москва;;55.743 37.630;cafe
Surf coffee × Sababa;;+7 (915) 083-01-35, +7 (958) 111-50-23;Пятницкий пер., 3, Москва;surfcoffee.ru;55.743 37.630;cafe
Oh my David, бар;;+7 (915) 418-11-34;Большая Татарская, 5;ohmydavid.ru;55.743 37.631;cafe
Вай мэ!, грузинская закусочная;+7 (495) 646-02-20;+7 (985) 524-27-00;Пятницкий пер., 8, стр. 1, Москва;speelogroup.com , vaimecafe.com;55.743 37.630;cafe
Ресторан Sadovnicheskaya;+7 (495) 953-55-26, +7 (495) 953-73-73;;Садовническая ул., 20, стр. 1, Москва;hotelsadovnicheskaya.ru;55.747 37.631;cafe
Lamm’s;+7 (495) 765-30-95;;Новокузнецкая ул., 18, стр. 1, Москва;lamms.ru;55.737 37.631;cafe
Gesten Hotel;;+7 (916) 126-13-14;Садовническая наб., 17, Москва, Россия;gesten.ru;55.746 37.631;cafe
МосКальян;;+7 (903) 514-57-07;Большая Татарская ул., вл5, Москва;mosklyan.com , mos-lounge.ru , mosfranchise.com;55.742 37.631;cafe
Untitled, кафе;;+7 (925) 755-80-71;Яузский бул., 14/8, Москва;florgroup.ru , oneteaspoon.ru;55.751 37.643;cafe
Мустафа Кебаб;+7 (495) 414-47-36, +7 (495) 098-04-39;+7 (916) 184-99-19;Старый Толмачёвский пер., 1, Москва;mustafa-kebab.ru , mustafakebab.ru;55.740 37.633;cafe
Te gusto, магазин полезных продуктов;+7 (495) 215-09-30;+7 (985) 225-50-00, +7 (925) 446-65-19, +7 (966) 253-09-30;Новокузнецкая ул., 13, стр. 1, Москва;tegusto.ru , cafetegusto.ru;55.737 37.632;cafe
Колесо Времени;;+7 (968) 551-49-60, +7 (968) 461-52-80, +7 (903) 747-91-02;Новокузнецкая ул., 24, стр. 2, Москва;kolesovremeni.ru;55.736 37.632;cafe
Халял;;+7 (967) 046-95-95, +7 (903) 155-85-85, +7 (926) 382-77-22;Большая Татарская ул., 28, стр. 1, Москва;;55.739 37.633;cafe
Viki Cake, семейное кафе;+7 (495) 766-10-10, +7 (495) 646-81-67, +7 (526) 855-40-00;+7 (985) 766-10-10;Большая Татарская ул., 7, корп. 1, Москва;vikiland.ru;55.742 37.634;cafe
Мацони, грузинское кафе;+7 (495) 953-13-84, +7 (495) 633-01-22;+7 (985) 664-70-82, +7 (966) 384-92-23, +7 (925) 234-38-28, +7 (925) 843-20-82;Новокузнецкая ул., 33, стр. 1, Москва;kafematsoni.ru;55.733 37.634;cafe
Jolene, кафе;;+7 (926) 151-61-09;Руновский переулок, 5 ст1;;55.743 37.635;cafe
The Library Bar;+7 (495) 720-53-06, +7 (495) 720-53-03;;ул. Бахрушина, 11/48с2, Москва;all.accor.com;55.736 37.635;cafe
Пловный аул, кафе;;+7 (926) 181-09-29;Новокузнецкая ул., 39, Москва;plov-aul.ru;55.732 37.636;cafe
Demokrat, винный гастробар;+7 (495) 150-14-75;;улица Бахрушина, 21 ст4;demokratbar.ru;55.734 37.637;cafe
Kobo sushi;;+7 (925) 097-85-05, +7 (916) 626-22-28;ул. Бахрушина, 25, Москва;kobosushi.ru;55.733 37.637;cafe
Daily Green, кофейня;+7 (495) 204-27-24, +7 (495) 773-94-77;+7 (985) 773-94-77;Руновский пер., 5, стр. 1, Москва;dailygreen.cafe;55.743 37.635;cafe
Кулинарная лавка братьев Караваевых;+7 (495) 933-01-70;;Большая Татарская ул., 35, стр. 3, Москва;karavaevi.ru;55.738 37.635;cafe
Jolene;;+7 (901) 469-41-91;Руновский пер., 5, стр. 1, Москва;;55.743 37.635;cafe
Булкер, столовая;+7 (499) 755-00-41;;Большая Татарская ул., 35, стр. 3, Москва;bulkerdostavka.ru , goo.gl , bulker.ru;55.737 37.635;cafe
Мясо&Паста;+7 (495) 215-51-47, +7 (495) 152-33-33;;ул. Бахрушина, 21, стр. 4, Москва;meat-pasta.ru;55.734 37.636;cafe
Surf Coffee x Studio;;+7 (995) 301-03-69, +7 (960) 517-91-88;Садовническая ул., 42с6-8, Москва;bluehawaii.ru , surfcoffee.ru;55.745 37.637;cafe
Premiere Cafe;+7 (495) 916-90-55;+7 (925) 771-29-15;ул. Бахрушина, 25, Москва;premierecafe.ru;55.733 37.637;cafe
Кофеварня;;+7 (968) 825-30-82;Озерковская наб., 22/24, Москва;;55.741 37.638;cafe
Grey, ресторан;;+7 (926) 445-45-71;Озерковская наб., 26, Москва;;55.739 37.638;cafe
Иван-чайное Купе, кафе;+7 (495) 204-21-24, +7 (495) 970-70-97;+7 (916) 447-73-41, +7 (985) 970-70-97, +7 (985) 138-89-79;Садовническая ул., 80, Москва;ivan-chai-kupe.ru , ich-kupe.ru;55.738 37.640;cafe
Will Taste, необистро;;+7 (995) 151-45-03, +7 (969) 777-86-14;Садовническая ул., 80, Москва;willtaste.ru;55.738 37.642;cafe
Лайтбар, кафе-бар;+7 (495) 221-54-52, +7 (495) 787-98-00;;Космодамианская набережная, 52 ст6;swissotel-hotels.ru;55.733 37.644;cafe
Cofix, кофейня фиксированной цены;;+7 (906) 023-97-08;ул. Зацепский Вал, 4, стр. 2, Москва;cofix.ru , cofix.global;55.733 37.640;cafe
Снеди Феди, рестобуфет, База скачана с eхport-base.ru;+7 (495) 235-50-01;+7 (926) 749-55-34;Садовническая наб., 75, Москва;snedi-fedi.ru;55.737 37.640;cafe
Любимоё;;+7 (925) 507-95-45;Садовническая ул., 76/71с1, Москва;;55.739 37.641;cafe
6 am Bread Kitchen;;+7 (980) 218-28-40, +7 (991) 103-25-51;Садовническая ул., 80, Москва;6ambreadkitchen.info;55.737 37.641;cafe
У Бурчо, ресторан;+7 (495) 739-45-74, +7 (495) 979-06-42, +7 (495) 649-57-54;;Садовническая наб., 79, Москва;burcho.ru;55.735 37.642;cafe
Мечта, кафе;+7 (495) 633-58-88;;Садовническая ул., 84, стр. 7, Москва;mechta-cafe.ru;55.734 37.642;cafe
Paul, французское кафе-пекарня;;+7 (903) 100-89-77;Садовническая ул., 82, стр. 2, Москва;paulmoscow.taplink.ws , clck.ru;55.736 37.642;cafe
Блюр, лаундж-бар;;+7 (926) 632-29-56;Верхняя Радищевская ул., 5, Москва;;55.745 37.649;cafe
Wip;;+7 (985) 665-11-11;Яузский бул., 11, стр. 1, Москва;wip.clients.site;55.751 37.646;cafe
Paradox Lounge;;+7 (968) 775-53-94, +7 (962) 956-89-87;Гончарная наб., 9/16с1, Москва;;55.737 37.649;cafe
CofeFest;;+7 (964) 563-11-16;Гончарная ул., 23, Москва;cofefest.ru;55.743 37.650;cafe
Spoon & dagger, кафе-столовая;;+7 (965) 222-77-11;Николоямская улица, 13 ст1;spoondagger.com;55.748 37.651;cafe
Undr Bar;;+7 (966) 096-08-06, +7 (962) 161-89-28;Таганская площадь, 86/1 ст1;barnataganke.ru;55.741 37.653;cafe
Lights cafe, уютное кафе;+7 (495) 233-12-59;+7 (985) 233-12-59;улица Нижняя Радищевская, 14/2 ст1;lightscafe.ru;55.742 37.653;cafe
Шоколадница, кофейня;;+7 (985) 316-22-75;ул. Большие Каменщики, 2, Москва;shoko.ru;55.739 37.653;cafe
Pub no pub, гастропаб;+7 (495) 724-59-04;;Таганская площадь, 86/1 ст1;pubnopub.ru;55.742 37.653;cafe
KFC, ресторан быстрого обслуживания;;+7 (963) 630-82-13;Верхняя Радищевская ул., 22, Москва;kfc.ru;55.743 37.653;cafe
Monterosso, городское кафе;+7 (495) 792-32-30;;Таганская площадь, 10/2;monterossocafe.ru;55.741 37.654;cafe
Высоцкий, клуб-ресторан;+7 (495) 915-04-34, +7 (499) 764-90-30, +7 (499) 764-90-35;+7 (925) 193-92-33, +7 (963) 711-94-51;ул. Высоцкого, 3, стр. 1, Москва;club-vysotsky.ru;55.745 37.651;cafe
Бико, пекарня-кулинария;;+7 (985) 263-09-70, +7 (917) 952-22-38;Нижняя Радищевская ул., 10, стр. 1, Москва;biko163.ru;55.742 37.652;cafe
Жан-жак, кафе-бар;;+7 (968) 665-51-01;Верхняя Радищевская ул., 15, стр. 2, Москва;tagankafamily.ru;55.743 37.652;cafe
Чайхана Баракат;;+7 (926) 853-53-53;Таганская площадь, 88, Москва;taganskaya.barakat24.ru , barakat24.ru;55.741 37.652;cafe
Вегетарианский фудкорт Брокколи;;+7 (905) 553-34-91;Таганская площадь, 86/1с1, Москва;brodelivery.ru;55.741 37.653;cafe
Жига Дрыга;;+7 (968) 724-75-88;Таганская площадь, 86/1с1, Москва;drigabar.ru;55.741 37.653;cafe
Cofix, кофейня фиксированной цены;;+7 (926) 993-38-16;Нижняя Радищевская ул., 5, стр. 1, Москва;cofix.ru , cofix.global;55.742 37.653;cafe
Burger heroes, бургер-бар;;+7 (967) 091-19-67;Нижняя Радищевская ул., 5, стр. 1, Москва;burgerheroes.ru;55.742 37.653;cafe
Ваби Саби;;+7 (985) 454-20-35;Нижняя Радищевская ул., 5, стр. 3, Москва;vabisabi.ru;55.742 37.654;cafe
Harat`s pub, ирландский паб;+7 (495) 098-04-10;;Таганская площадь, 10, Москва;moscow.harats.com;55.741 37.654;cafe
Дядя Геральт, таверна;;+7 (925) 100-55-70;ул. Земляной Вал, 58, Москва;geralt-tavern.ru;55.747 37.655;cafe
Варка, пивной бар;;+7 (966) 141-51-11, +7 (966) 384-54-04;ул. Александра Солженицына, 1/5, Москва;;55.742 37.655;cafe
Buffet, душевный бар-рюмочная;;+7 (929) 559-42-64;ул. Александра Солженицына, 3, Москва;buffetmsk.ru;55.742 37.656;cafe
KFC, ресторан быстрого обслуживания;;+7 (926) 900-98-13;Таганская ул., 1, стр. 1, Москва;kfc.ru;55.742 37.656;cafe
Smith`s, английский паб;+7 (495) 912-71-82;+7 (965) 155-45-53;Таганская улица, 1 ст1;smithspub.ru;55.742 37.656;cafe
Нияма&Пицца-Пи;+7 (495) 961-45-07;;Воронцовская ул., 2/10с1, Москва;niyama.ru , pizzapi.ru;55.741 37.655;cafe
Модикум;+7 (495) 136-57-25;;ул. Земляной Вал, 50А, стр. 3, Москва;modicum.ru;55.751 37.655;cafe
Brooms, хоспер-бар;+7 (495) 740-56-47;+7 (926) 265-10-61;ул. Александра Солженицына, 3, Москва;broomsbar.ru;55.742 37.656;cafe
Осетинские пироги от Дианы;+7 (495) 204-21-33;+7 (967) 100-26-97, +7 (903) 142-84-44;ул. Большие Каменщики, 9, стр. Б, Москва;pirogi-diana.ru;55.739 37.656;cafe
Блины;+7 (495) 912-18-27;;Воронцовская ул., 8, стр. 1, Москва;;55.739 37.656;cafe
Кулинарная лавка братьев Караваевых;+7 (495) 139-69-44, +7 (495) 915-38-94;;Николоямская ул., 29, стр. 1, Москва;karavaevi.ru;55.747 37.656;cafe
Хинкали и вино, ресторан грузинской кухни;+7 (495) 230-57-84;+7 (936) 301-57-20;Таганская ул., 1, стр. 1, Москва;hinkalyvino.ru;55.742 37.656;cafe
Рукав, арт-кафе;+7 (499) 271-88-74, +7 (499) 271-88-73;+7 (985) 776-80-76;ул. Земляной Вал, 59, стр. 2, Москва;art-rukav.ru;55.749 37.657;cafe
Сесто Сенсо;+7 (495) 911-36-53;;Новоспасский пер., 3, корп. 1, Москва;sesto-italy.ru;55.734 37.657;cafe
Суло, грузинское кафе;;+7 (909) 956-77-99;ул. Большие Каменщики, 21/8, Москва;cafesulo.ru;55.736 37.658;cafe
Тайчай, кафе;+7 (495) 507-98-29;;Таганская улица, 3;pronto-pizza.ru;55.741 37.658;cafe
Эконяма, фитобар;+7 (495) 926-26-94;+7 (926) 731-06-00;Марксистская ул., 14, Москва;econyama.ru;55.739 37.658;cafe
Му-му, сеть кафе;;+7 (985) 178-91-19;Таганская ул., 3, Москва;cafemumu.ru;55.741 37.658;cafe
Ето коворкинг, тайм-кофейня;;+7 (999) 339-05-05;Большой Дровяной пер., 18, Москва;;55.746 37.659;cafe
Хачапури и Хинкали;+7 (499) 288-78-19, +7 (499) 110-33-34, +7 (499) 110-01-66, +7 (499) 444-11-59, +7 (499) 110-33-35;+7 (915) 196-62-20, +7 (925) 507-50-99, +7 (909) 910-27-37;Николоямская ул., 38/23с3, Москва;theroomshotel.ru , delivery-eda.ru;55.747 37.658;cafe
Brasserie Barvaux;;+7 (906) 011-99-93;Пестовский переулок, 3;barvaux.ru;55.745 37.659;cafe
Tasty Joys;;+7 (926) 910-89-69;Пестовский пер., 3, стр. 1, Москва;barvaux.ru;55.745 37.659;cafe
Гамбринус;+7 (499) 403-37-29;;Марксистская ул., 20, Москва;gambrinus.ru;55.739 37.660;cafe
Method Beer & Munchies, крафтовый бар;;+7 (903) 163-22-43;Товарищеский пер., 4, стр. 5, Москва;methodbeer.ru;55.742 37.660;cafe
Труффальдино;+7 (495) 670-52-02;;Марксистская ул., 20, Москва;truffaldino.ru;55.738 37.660;cafe
La vie café, кофейня;;+7 (964) 562-46-72;Воронцовская ул., 25, стр. 1, Москва;laviecafe.ru;55.736 37.660;cafe
Кофеопия;+7 (495) 915-01-79;;Николоямская ул., 39/43к2, Москва;;55.747 37.660;cafe
Ahava;+7 (495) 623-91-86;+7 (916) 953-66-82;Таганская ул., 13, стр. 3, Москва;;55.741 37.661;cafe
Marx urban grill, кафе;+7 (495) 103-45-21;;Марксистская ул., 3, стр. 1, Москва;marxurbangrill.ru;55.738 37.662;cafe
Верона, кафе;+7 (495) 676-41-50;;Воронцовская ул., 36, стр. 1, Москва;veronacafe.ru;55.734 37.662;cafe
Птичка, городское кафе;+7 (495) 226-25-24;;Марксистская ул., 34, корп. 7, Москва;ptichka.cafe;55.736 37.663;cafe
Prime cafe, кафе быстрого обслуживания;;+7 (916) 443-08-58, +7 (916) 706-97-03;ул. Станиславского, 21, стр. 2, Москва;prime-star.ru;55.746 37.664;cafe
Buta house, кафе;+7 (495) 294-11-12;;Большой Факельный переулок, 12;butahouse.com;55.742 37.664;cafe
Шоколадница, кофейня;;+7 (915) 492-69-84;3-й Крутицкий пер., 18, Москва;shoko.ru;55.732 37.665;cafe
Риальто, ресторан;+7 (495) 911-35-12;;Большой Факельный пер., 9/11, Москва;caferialto.ru;55.741 37.665;cafe
Вареничная № 1;+7 (495) 180-08-80;;Воронцовская ул., 50, Москва;varenichnaya.ru;55.732 37.665;cafe
АндерСон, семейное кафе-кондитерская;;+7 (905) 780-41-86, +7 (905) 780-41-95;Таганская ул., 36, стр. 1, Москва;cafe-anderson.ru;55.739 37.666;cafe
АндерСон, семейное кафе-кондитерская;+7 (495) 487-17-05;;Таганская улица, 40/42 ст1;cafe-anderson.ru;55.738 37.667;cafe
Шашлычок-24;;+7 (968) 894-96-00, +7 (999) 868-77-00;Наставнический пер., 18/11с4А, Москва;;55.749 37.664;cafe
Правда кофе;;+7 (926) 613-08-28;Новоселенский пер., 34, корп. 10, Москва;pravdacoffee.ru;55.734 37.665;cafe
Столовая-буфет;;+7 (991) 746-81-08;Россия, Москва, Коммунистический переулок;stolovaja-bufet.clients.site;55.746 37.665;cafe
Monkey's;;+7 (999) 808-36-98;Наставнический пер., 13-15с2, Москва;monkeyscafe.ru;55.750 37.665;cafe
Saluto, кафе;+7 (499) 394-53-03;+7 (926) 205-37-20;Костомаровский пер., 3, стр. 8, Москва;saluto.moscow;55.752 37.666;cafe
АндерСон;;+7 (903) 567-58-75;Россия, Москва, Таганский парк культуры и отдыха;cafe-anderson.ru;55.738 37.667;cafe
Бирхаус, немецкая пивная;+7 (495) 798-38-78;+7 (929) 531-47-61;Абельмановская ул., 4А, Москва;beerbar.ru;55.736 37.671;cafe
Хинкальная, ресторан грузинской кухни;+7 (495) 763-33-00, +7 (495) 663-59-91, +7 (495) 341-35-41, +7 (495) 664-39-60;+7 (985) 970-50-54, +7 (925) 170-69-40, +7 (926) 955-55-02;ул. Сергия Радонежского, 2, Москва;;55.746 37.671;cafe
ПилиДымили;+7 (499) 961-97-92;+7 (926) 988-67-10;Николоямская ул., 62, Москва;пилидымили.рф;55.746 37.667;cafe
Шоколадница, кофейня;;+7 (964) 577-48-06, +7 (926) 994-32-01;Таганская ул., 29, стр. 1, Москва;shoko.ru;55.740 37.668;cafe
Ветка, бар-сидрерия;;+7 (925) 600-95-02;ул. Александра Солженицына, 44, Москва;vetkabar.ru;55.746 37.668;cafe
Итальянский ресторан Casa El Gio;;+7 (925) 067-57-77, +7 (926) 067-57-77;Школьная ул., 17, Москва;casaelgio.ru;55.746 37.672;cafe
Закарпатские узоры, кафе;;+7 (963) 667-01-01;Школьная ул., 21, Москва;zu-restoran.ru;55.746 37.672;cafe
Цинандали, кафе;+7 (495) 671-10-60;+7 (925) 155-91-09;Большая Андроньевская ул., 25/33, Москва;cafe-tsinandali.ru;55.740 37.672;cafe
Burley lounge;+7 (495) 999-29-58;+7 (985) 999-29-58, +7 (962) 985-58-08;Большая Андроньевская ул., 23, Москва;burley-lounge.ru;55.741 37.672;cafe
Родник, кафе;+7 (495) 676-55-35;+7 (903) 688-71-62;улица Талалихина, 2/1 к1;cafe-rodnik.ru;55.738 37.673;cafe
T&S Lounge;+7 (499) 495-14-62;;Волочаевская ул., 25/1, Москва;teaandsmoke.ru , tslounge.moscow;55.748 37.676;cafe
Мадлиани;;+7 (926) 123-38-38, +7 (904) 567-21-19;ул. Талалихина, 6, стр. 1, Москва;madliani.ru;55.737 37.676;cafe
Рюмочная Ильича, бар;;+7 (926) 660-64-12;улица Сергия Радонежского, 23-25 ст1;;55.747 37.678;cafe
Алайский базар, чайхана;+7 (495) 678-61-36, +7 (495) 433-31-00;;улица Сергия Радонежского, 23-25 ст1;uzrestoran.ru;55.747 37.679;cafe
Эскобар, бар;;+7 (999) 555-00-87;улица Сергия Радонежского, 15-17 ст17;escobar.moscow;55.748 37.679;cafe
На углу, бистро;;+7 (962) 932-32-18, +7 (926) 271-74-30;ул. Рогожский Вал, 5, стр. 1, Москва;;55.745 37.679;cafe
Булки;;+7 (915) 396-74-39;ул. Рогожский Вал, 5, стр. 1, Москва;bulki.info;55.745 37.679;cafe
Шоколадница;;+7 (985) 369-97-94;ул. Сергия Радонежского, 29-31с1, Москва;shokokids.ru , shoko.ru;55.747 37.680;cafe
Pausa-Caffe;;+7 (915) 022-27-24;ул. Рогожский Вал, 5, стр. 8, Москва;;55.744 37.680;cafe
Вкусный обед, кафе быстрого обслуживания;+7 (495) 784-80-18;+7 (985) 784-80-18;ул. Рогожский Вал, 5, стр. 5, Москва;vkusniyobed.ru;55.745 37.680;cafe
Du Café;+7 (495) 575-07-22;;Рабочая ул., 4, Москва;du-cafe.ru;55.745 37.681;cafe
Шоколадница, кофейня;;+7 (968) 792-71-23;бул. Энтузиастов, 2, Москва;shoko.ru;55.747 37.682;cafe
Арго, ресторан;;+7 (903) 662-37-16, +7 (930) 999-81-30;Международная ул., 15А, Москва;argolounge.ru;55.745 37.686;cafe
Скалка, пироговая;;+7 (926) 827-07-07;Нижегородская ул., 25, Москва;pirogi-skalka.ru;55.737 37.694;cafe
Lark cafe, ресторан;;+7 (951) 288-11-11;проезд Невельского, 6 к1;lark-cafe.ru;55.751 37.700;cafe
KFC Авто;;+7 (925) 004-97-96;Нижегородская ул., 50, Москва;kfc-russia.ru , yandexpriority.onelink.me , kfc.ru;55.736 37.702;cafe
Городок;;+7 (977) 606-07-52, +7 (926) 323-20-29;Рабочая ул., 84, стр. 2, Москва;;55.739 37.695;cafe
Тесто, итальянская пекарня;;+7 (930) 333-42-60, +7 (916) 294-52-68;пр. Невельского, 3, корп. 1, Москва;testofamily.ru;55.751 37.698;cafe
Хан кебаб, кафе;;+7 (905) 556-08-80, +7 (905) 555-08-80;Смирновская ул., 2, стр. 1, Москва;han-kebab.ru;55.736 37.705;cafe
The бык, демократичный мясной ресторан;+7 (495) 988-17-17, +7 (4842) 21-00-12;;Душинская ул., 14, Москва;thebull.ru , msk.thebull.ru;55.746 37.705;cafe
DimSum & Co;;+7 (985) 520-04-98;ш. Энтузиастов, 12, корп. 2, Москва;dimsumandco.ru;55.748 37.706;cafe
Пян-се, кафе быстрого питания;+7 (495) 788-89-50, +7 (499) 722-30-00;+7 (903) 506-54-61, +7 (925) 934-85-61;ш. Энтузиастов, 12, корп. 2, Москва;pyan-se.ru;55.748 37.706;cafe
Франклинс бургер, бургерная;;+7 (915) 450-37-40;ш. Энтузиастов, 12, корп. 2, Москва;franklins.ru;55.748 37.706;cafe
Piccolo, магазин итальянского мороженого;;+7 (964) 790-75-37;ш. Энтузиастов, 12, корп. 2, Москва;piccologelatocasa.com;55.748 37.707;cafe
Шкафе Бульон;;+7 (926) 533-42-73, +7 (929) 984-98-20;Подъёмная ул., 14, стр. 37, Москва;шкафе.москва;55.742 37.708;cafe
Будни, кафе;;+7 (985) 173-44-10, +7 (916) 326-90-77, +7 (915) 332-18-08;Подъёмная ул., 14, стр. 1, Москва;buffet-cinema.ru;55.741 37.709;cafe
Star сatering, кейтеринговая компания;+7 (495) 532-88-87, +7 (495) 721-40-00;;Подъёмная ул., 14, стр. 10А, Москва;star.catering;55.736 37.712;cafe
Gentleman Coffee;;+7 (903) 796-76-88;Смирновская ул., 25, стр. 10, Москва;gentlemancoffee.ru;55.737 37.713;cafe
Gentleman coffee, кофейня;;+7 (915) 341-15-62;Смирновская ул., 25, стр. 3, Москва;gentlemancoffee.ru;55.736 37.714;cafe
KFC, ресторан быстрого обслуживания;+7 (495) 116-03-05;;ш. Энтузиастов, 20, Москва;yandexpriority.onelink.me , kfc.ru;55.751 37.716;cafe
Самарканд-сити, кафе восточной кухни;;+7 (925) 785-20-20, +7 (926) 762-11-62;шоссе Энтузиастов, 20;;55.751 37.716;cafe
Караван One, ресторан;+7 (495) 744-52-52;;2-й Кабельный пр., 1, корп. 2, Москва;7445252.ru;55.748 37.717;cafe
Хлеб&соль, кафе;;+7 (901) 350-61-20, +7 (916) 589-90-13;5-я Кабельная ул., 2, стр. 10, Москва;cafe-hleb.ru;55.738 37.717;cafe
Эффективное Взаимодействие;;+7 (977) 564-85-89, +7 (926) 499-91-61;5-я Кабельная ул., 2, стр. 1, Москва;cowork4515.ru;55.738 37.717;cafe
Гогиели, хинкальная;+7 (495) 361-38-50;+7 (915) 039-14-04, +7 (929) 667-00-93;Авиамоторная ул., 49/1, Москва;hinkalnaya-gogieli.ru;55.749 37.719;cafe
Cubby, кофейня;+7 (495) 673-26-13;;Авиамоторная ул., 28/6, Москва;becubby.ru;55.746 37.720;cafe
Ням-ням, столовая;;+7 (925) 991-31-63;Авиамоторная ул., 55, корп. 5, Москва;tortberry.com;55.742 37.727;cafe
Товарищество собственников жилья Перовская 22 корпус 2;+7 (495) 770-28-81, +7 (495) 542-84-06;+7 (925) 542-84-06, +7 (925) 542-32-37, +7 (916) 785-33-11;Перовская ул., 22, корп. 2, Москва;perovo22k2.ru;55.746 37.769;cafe
Дядя Коля, ресторан;+7 (495) 368-66-61, +7 (495) 306-58-30;+7 (903) 666-77-77;Перовская ул., 35А, Москва;dostavka.cafe-dk.ru , cafe-dk.ru;55.747 37.775;cafe
Мангал house, кафе;+7 (499) 110-30-11;+7 (926) 269-93-66;Зелёный просп., 3А, стр. 1, Москва;mangalhouse.moscow;55.749 37.771;cafe
Кофе Комбо;;+7 (903) 965-70-67;Зелёный просп., 3А, стр. 1, Москва;delivery-club.ru;55.749 37.774;cafe
Шоколадница;;+7 (915) 473-88-13;Зелёный просп., 5/12с2, Москва;shoko.ru;55.750 37.775;cafe
KFC, ресторан быстрого обслуживания;;+7 (925) 954-36-32;Зелёный просп., 19, Москва;kfc.ru;55.751 37.782;cafe
Ланч, корпоративная столовая;;+7 (909) 931-18-88;Кусковская улица, 20а к А;cafelunch.ru;55.740 37.783;cafe
Пять звезд, кафе-столовая;;+7 (926) 538-10-89;Кусковская ул., 20А, корп. Г, Москва;pzmmoscow.ru;55.740 37.784;cafe
Шоколадница, кофейня;;+7 (915) 473-96-12;Зелёный просп., 22, Москва;shoko.ru;55.751 37.789;cafe
Золотая лихорадка, паб;+7 (495) 368-74-60;;Перовская ул., 62, Москва;perovobar.ru;55.745 37.794;cafe
АндерСон, семейное кафе-кондитерская;;+7 (903) 238-92-75;Кусковская ул., 47, Москва;cafe-anderson.ru;55.744 37.794;cafe
KFC, ресторан быстрого обслуживания;+7 (495) 021-12-10;;Перовская ул., 61А, Москва;yandexpriority.onelink.me , kfc.ru;55.745 37.798;cafe
Нанг;+7 (495) 664-35-80;+7 (925) 534-31-68;Перовская ул., 61А, Москва;k-b-k.ru;55.745 37.797;cafe
Deti Land, парк развлечений;+7 (495) 294-03-07;+7 (991) 978-49-79;Мартеновская, 25;deti-land.ru;55.750 37.802;cafe
Му-му, сеть кафе;+7 (499) 678-40-32;+7 (985) 129-81-99;Зелёный просп., 54А, Москва;cafemumu.ru;55.752 37.813;cafe
KFC, ресторан быстрого обслуживания;+7 (495) 021-13-01;;Зелёный просп., 62А, Москва;yandexpriority.onelink.me , kfc.ru;55.751 37.821;cafe
Веранда;;+7 (964) 763-43-42, +7 (916) 635-69-92;Россия, Москва, парк Радуга;kafeveranda.ru;55.732 37.821;cafe
KFC, ресторан быстрого обслуживания;;+7 (925) 954-36-40;Вешняковская ул., 17А, Москва;yandexpriority.onelink.me , kfc.ru;55.735 37.831;cafe
Poolroom, бильярдный клуб;;+7 (965) 300-30-20;Вешняковская ул., 17Б, Москва;poolrooms.ru;55.735 37.832;cafe
МоскWa, ресто-кафе;+7 (495) 888-19-20;+7 (916) 380-20-11, +7 (968) 441-07-21;Суздальская, вл12д;restokafemoskwa.ru;55.738 37.848;cafe
Поминальная трапеза;;+7 (915) 212-67-67;Суздальская ул., вл12Д, Москва;pominkinovokosino.ru;55.738 37.848;cafe
МоскWа;;+7 (930) 999-78-61;Суздальская ул., вл12Д, Москва;restokafemoskwa.ru;55.738 37.848;cafe
Чайхана №5;;+7 (926) 393-94-99, +7 (965) 323-45-55;Новокосинская ул., 19, стр. 2, Москва;chayhana-5.ru;55.740 37.859;cafe
Lost, бар;;+7 (905) 558-21-11, +7 (905) 558-42-24;Новокосинская улица, 22;lostbar.ru;55.740 37.861;cafe
FOODPOINT, кафе;;+7 (926) 854-54-53;Новокосинская ул., 22, Москва;foodpointcafe.ru;55.740 37.861;cafe
Паладин, ресторан;+7 (495) 703-25-33, +7 (495) 703-22-88;+7 (958) 803-22-88, +7 (966) 335-11-11;Новокосинская ул., 11, корп. 2, Москва;restaurant-paladin.ru;55.734 37.854;cafe
LostBar;;+7 (905) 558-20-20;Новокосинская ул., 22, Москва;lostbar.ru;55.740 37.861;cafe
Plov point, кафе;+7 (495) 663-17-77;+7 (926) 764-58-48;Салтыковская ул., 7Г, Москва;kizilores.ru;55.734 37.862;cafe
Золотая улитка, экспресс-кофейня;+7 (495) 507-68-21;+7 (925) 507-68-21, +7 (967) 005-66-28, +7 (967) 004-42-21, +7 (903) 574-41-34;Салтыковская ул., 49А, Москва;zolotaya-ulitka.ru;55.745 37.880;cafe
KFC, ресторан быстрого обслуживания;;+7 (926) 901-00-37;Рублёвское ш., 62, Москва;yandexpriority.onelink.me , kfc.ru;55.766 37.381;cafe
Баскин Роббинс;;+7 (916) 719-20-20;Рублёвское ш., 62, Москва;baskinrobbins.ru;55.766 37.381;cafe
Шоколадница;;+7 (985) 369-97-18;Рублёвское ш., 62, Москва;shoko.ru;55.766 37.383;cafe
Полигон, бильярдный клуб-бар;+7 (495) 412-48-97;+7 (915) 217-17-38, +7 (916) 840-49-04, +7 (936) 600-30-77;Осенняя ул., 17, корп. 1, Москва;bcpolygon.ru;55.765 37.403;cafe
Суши love, магазин суши;;+7 (910) 087-70-74;Осенний бул., 15, Москва;kaliningrad-dostavka.sushi-love.ru , moskva-osenniy-bulvar.sushi-love.ru , sushi-love.ru;55.760 37.406;cafe
Семави, кафе-бар;;+7 (916) 966-28-28;Крылатская ул., 33, корп. 3, Москва;semavi.ru;55.770 37.408;cafe
Хлеб & Co;;+7 (926) 603-75-04;Осенний бул., 20, корп. 1, Москва;xleb.co;55.763 37.408;cafe
КИРИН, китайский ресторан;;+7 (977) 775-63-84;Осенний бул., 10, Москва;kirin.ch;55.758 37.409;cafe
Хинкальная;;+7 (919) 999-95-35;Осенний бул., 12, Москва;gg-group.ru , kafekhinkalnaya.ru;55.759 37.409;cafe
4friends coffee, кофейня;;+7 (926) 394-90-77, +7 (929) 666-16-57, +7 (926) 106-72-69;Осенний бул., 10, корп. 1, Москва;coffee4friends.ru , 4-hands.ru;55.757 37.409;cafe
Gurmanoff, компания;+7 (499) 347-00-72;+7 (967) 023-00-72;Крылатская ул., 2, Москва;gurmanoff.ru;55.755 37.435;cafe
Базилик, семейное кафе;+7 (495) 133-65-60, +7 (495) 133-65-56;+7 (977) 980-43-66, +7 (968) 859-62-00, +7 (977) 628-92-23, +7 (916) 509-54-19, +7 (991) 593-36-87;Крылатская улица, вл18 ст5;parkskazka.com;55.772 37.436;cafe
Да! Блин;;+7 (977) 951-78-39;Крылатская ул., 18, Москва;parkskazka.com;55.771 37.434;cafe
Greenbe, магазин-кафе;;+7 (925) 765-41-63, +7 (985) 939-68-62;Филёвский бульвар, 24 к1;;55.767 37.486;cafe
СоветЪ в Филях, ресторан;+7 (495) 738-46-46, +7 (495) 738-31-91;+7 (977) 582-60-47;Филёвский бульвар, 10;sovetfili.com;55.764 37.488;cafe
Листок, кафе;+7 (499) 136-77-92;+7 (910) 402-22-88, +7 (995) 333-14-98;Новозаводская ул., 12А, Москва;listok-cafe.ru;55.753 37.503;cafe
Royal, бильярдный клуб;+7 (495) 123-50-35;;ул. Мнёвники, 7, корп. 2, Москва;bit.ly;55.771 37.494;cafe
Хинкальная;;+7 (985) 600-59-99;Береговой пр., 5, стр. 1, Москва;gg-group.ru , kafekhinkalnaya.ru;55.757 37.507;cafe
Cargo, кафе;;+7 (915) 171-16-43, +7 (901) 795-25-33;Шелепихинская набережная, 34 к2;;55.762 37.510;cafe
Аппо;;+7 (916) 267-92-70;Шелепихинская наб., 34, корп. 2, Москва;;55.764 37.509;cafe
288, кафе;+7 (499) 704-58-58;;Береговой пр., 5А, корп. 1, Москва;kafe288.ru;55.755 37.509;cafe
Namdin kitchen&bar, кафе паназиатской кухни;+7 (499) 624-10-09;;Береговой пр., 5А, корп. 1, Москва;namdin.ru;55.755 37.509;cafe
Шоколадница, кофейня;;+7 (909) 644-92-61;Береговой пр., 5А, корп. 7, Москва;shoko.ru;55.755 37.510;cafe
18 грамм, кофейня;;+7 (929) 974-33-44, +7 (926) 962-99-44, +7 (985) 620-88-22, +7 (985) 285-44-55, +7 (929) 636-88-22;Шелепихинская наб., 34, корп. 2, Москва;;55.763 37.510;cafe
Marie, кафе;;+7 (903) 123-16-15;Береговой пр., 5А, корп. 3, Москва;marie-cafe.ru;55.756 37.510;cafe
АндерСон, семейное кафе-кондитерская;;+7 (904) 567-42-38;Береговой пр., 5А, корп. 7, Москва;cafe-anderson.ru;55.755 37.510;cafe
Пицца Паоло, мини-пиццерия;+7 (499) 553-00-40;;Береговой пр., 5А, корп. 1, Москва;pizzapaolo.ru;55.755 37.510;cafe
Buba mara, сербский ресторан;+7 (495) 410-00-47;+7 (985) 410-00-47;Шелепихинская наб., 34, корп. 2, Москва;me-page.org , bubamaracafe.ru;55.762 37.510;cafe
Равиоли, кафе;+7 (499) 142-22-27;;Большая Филёвская ул., 4, Москва;raviolicafe.ru;55.754 37.512;cafe
Фишка lounge, лаундж-бар;+7 (499) 144-06-46;+7 (926) 544-06-46;Большая Филёвская ул., 4, Москва;fishkalounge.ru;55.754 37.513;cafe
Only wine, винный ресторан;+7 (495) 222-00-69;+7 (985) 129-46-46, +7 (985) 333-00-69, +7 (985) 339-00-88, +7 (929) 939-27-27;Шелепихинская наб., 34, корп. 1, Москва;onlywinebar.ru;55.761 37.513;cafe
Скалка, пироговая;;+7 (926) 733-11-46;Шелепихинская наб., 34, корп. 3, Москва;pirogi-skalka.ru;55.763 37.515;cafe
Le Mans, картинг-клуб;+7 (495) 505-02-27;+7 (925) 505-02-27, +7 (926) 848-15-14, +7 (926) 406-41-60, +7 (926) 224-22-46, +7 (926) 636-56-10;2-я Магистральная улица, 9;lemanskarting.ru;55.758 37.527;cafe
Campus, спортивный комплекс;+7 (495) 117-30-27;+7 (999) 669-00-00;2-я Магистральная улица, 16 ст1;sportcampus.ru;55.763 37.530;cafe
Le Mans;+7 (495) 151-68-89;;2-я Магистральная ул., 9А, Москва;lemanskarting.ru;55.758 37.527;cafe
Жара, кофейня;;+7 (916) 152-52-65;1-й Магистральный тупик, 11, стр. 1, Москва;jaracafe.ru;55.766 37.527;cafe
Fa Coffee & Kitchen;;+7 (985) 967-55-45, +7 (985) 222-66-33;2-я Магистральная ул., 8А, Москва;fa-kitchen.ru;55.765 37.532;cafe
Кафе;;+7 (985) 883-05-34;Мантулинская улица, 18;leykinzakon.ru;55.756 37.551;cafe
По-Домашнему;;+7 (926) 550-59-91, +7 (967) 224-09-00, +7 (968) 067-08-00;Шмитовский пр., 24, Москва;po-domashnemu.ru;55.756 37.540;cafe
Littles kids play cafe, семейный ресторан;;+7 (901) 901-94-41;ул. Сергея Макеева, 9, корп. 1, Москва;littleskidscafe.ru;55.761 37.550;cafe
Coffeekaldi's;+7 (495) 085-11-22;+7 (926) 055-11-22;Москва, парк Красная Пресня;;55.755 37.551;cafe
Leffe Cafe, брассерия;;+7 (915) 323-73-30;Столярный пер., 3, корп. 14, Москва;leffecafe.com;55.765 37.569;cafe
Delimarche, кафе;+7 (495) 926-70-85, +7 (495) 789-96-54;;ул. Сергея Макеева, 13, Москва;delimarche.ru;55.764 37.552;cafe
The slim pub, ресторан-паб;+7 (495) 123-31-20;;Шмитовский проезд, 10;;55.759 37.553;cafe
Кулинарная лавка братьев Караваевых;+7 (499) 256-14-07;;Шмитовский пр., 10/7, Москва;karavaevi.ru;55.759 37.553;cafe
Burgers and crabs, ресторан;+7 (499) 951-79-61, +7 (499) 325-39-12;+7 (985) 591-03-84;2-я Звенигородская ул., 13, стр. 42, Москва;burgersandcrabs.com;55.761 37.552;cafe
МосКальян;;+7 (934) 333-33-89, +7 (916) 222-55-02, +7 (967) 068-00-00, +7 (969) 008-50-50;Мантулинская ул., 12, Москва;mos-lounge.ru , mosfranchise.com;55.757 37.554;cafe
Парк, ресторан;;+7 (991) 135-58-85;Мантулинская ул., 5, стр. 8, Москва;parkrestaurant.ru , restaurantpark.clients.site;55.756 37.554;cafe
Mátes;+7 (495) 920-81-11;+7 (991) 721-29-80, +7 (968) 013-22-33, +7 (916) 579-59-69;Мантулинская ул., 5, стр. 11, Москва;mates-group.ru;55.756 37.555;cafe
La Taverna, ресторан;+7 (495) 798-72-27;+7 (903) 798-72-27, +7 (926) 492-33-19;Шмитовский пр., 3, стр. 1А, Москва;lataverna.ru , gourmet-alliance.ru;55.759 37.555;cafe
Chorse Lounge;;+7 (995) 577-60-45;Шмитовский пр., 3, стр. 3, Москва;chorse.ru;55.758 37.556;cafe
Лепота, ресторан русской кухни;+7 (495) 784-76-65;;Звенигородское шоссе, 4;;55.765 37.558;cafe
hite, корейский ресторан;+7 (495) 150-06-55;;ул. 1905 года, 2, Москва;hitebbq.com;55.755 37.560;cafe
Шпатен-хаус, ресторан;+7 (495) 721-77-17;+7 (964) 517-25-63, +7 (903) 721-77-17;ул. 1905 года, 4, Москва;spaten-house.ru;55.765 37.561;cafe
Лепота;+7 (495) 784-76-74, +7 (495) 784-76-68;+7 (915) 167-08-00;Звенигородское ш., 4, Москва;restaurant-dobrynya.ru;55.765 37.558;cafe
B1 coffee&goodies;;+7 (916) 227-74-32;ул. 1905 года, 1, Москва;;55.757 37.558;cafe
Ламаджо, кафе-магазин армянской кухни и продуктов;+7 (495) 979-47-46;+7 (999) 840-60-90;ул. 1905 года, 10, стр. 1, Москва;lamadjo.ru;55.768 37.559;cafe
Tokpokki, кафе корейской и японской еды;+7 (495) 374-64-70, +7 (495) 120-34-89, +7 (499) 444-29-95, +7 (495) 789-39-15;;ул. 1905 года, 9, стр. 1, Москва;tokpokki.ru;55.764 37.560;cafe
Дружба;+7 (495) 120-11-33;;Рочдельская ул., 15, стр. 30, Москва;cafedrujba.com;55.756 37.561;cafe
ZAcoffee;;+7 (926) 129-37-75, +7 (916) 964-66-46;Рочдельская ул., 15, стр. 31, Москва;zadumala.com;55.755 37.561;cafe
Туше;;+7 (903) 798-78-28, +7 (925) 368-57-88;Рочдельская ул., 15, стр. 22, Москва;touchewinebar.ru;55.756 37.563;cafe
Moriarty Bar&Kitchen;;+7 (958) 100-23-56, +7 (916) 165-30-24;Рочдельская ул., 15, стр. 35, Москва;moriartybar.ru;55.757 37.563;cafe
Мануфактура 15, кафе-столовая;;+7 (915) 395-05-15;Рочдельская ул., 15, стр. 35, Москва;delivery.manufactura15.ru;55.757 37.563;cafe
Кулинарная лавка братьев Караваевых;+7 (495) 790-98-26;;ул. Пресненский Вал, 3, Москва;karavaevi.ru;55.765 37.564;cafe
Брусника, кафе-кулинария;+7 (499) 404-07-68, +7 (495) 204-27-89;;ул. Пресненский Вал, 3, Москва;brusnikacafe.ru , edabrusnika.ru;55.765 37.564;cafe
Pivbar;;+7 (929) 673-05-41, +7 (926) 190-55-44;ул. Красная Пресня, 29, Москва;pivbar.moscow;55.762 37.564;cafe
Dosage wine and kitchen, ресторан;;+7 (968) 575-55-70;Большой Тишинский переулок, 45;dosage.msk.ru;55.769 37.567;cafe
True Cost Никуда не едем;+7 (495) 445-29-99;;Рочдельская ул., 15, стр. 8, Москва;true-cost.ru;55.757 37.564;cafe
Азиаты;;+7 (915) 148-83-73;Рочдельская ул., 15, стр. 8, Москва;;55.757 37.564;cafe
География;+7 (812) 340-00-74, +7 (495) 135-54-50;;Рочдельская ул., 15, стр. 16, Москва;geo-rest.com;55.755 37.564;cafe
KFC;;+7 (963) 630-07-90;ул. Пресненский Вал, 6, стр. 2, Москва;kfc.ru;55.765 37.564;cafe
Adornos center, культурно-просветительский центр;+7 (499) 350-97-32;+7 (925) 974-29-97, +7 (985) 078-71-34;Рочдельская ул., 15, стр. 8, Москва;adornoscenter.com , adornos-caffee.business.site , center.adornos.ru;55.757 37.564;cafe
Cofix, кофейня фиксированной цены;;+7 (919) 769-57-18;ул. Пресненский Вал, 8, корп. 3, Москва;cofix.global , cofix.ru;55.765 37.564;cafe
Шоколадница, кофейня;;+7 (915) 474-04-39;ул. Красная Пресня, 46, стр. 1, Москва;shoko.ru;55.763 37.564;cafe
Хороший вкус;+7 (495) 605-78-42, +7 (495) 692-68-19, +7 (495) 692-18-46;+7 (926) 258-77-89, +7 (965) 266-95-55;Ходынская ул., 2, Москва;greatbar.ru;55.771 37.565;cafe
Canteen;+7 (495) 532-55-53;+7 (968) 448-13-33;Рочдельская ул., 15, стр. 13, Москва;canteen247.ru;55.756 37.565;cafe
Sedelice, французская пекарня;;+7 (926) 033-91-58, +7 (925) 878-90-41;ул. Красная Пресня, 38, Москва;sedelice.ru;55.763 37.566;cafe
Тбилиси;+7 (495) 984-00-00;+7 (916) 997-39-68;Россия, Москва, набережная Тараса Шевченко;gg-group.ru;55.753 37.564;cafe
Сойка напела, гастрономическое кафе;;+7 (916) 976-51-27, +7 (917) 531-27-61;ул. Красная Пресня, 36, стр. 1, Москва;soykanapela.ru;55.762 37.567;cafe
Cépage Kitchen & Bar;;+7 (999) 991-73-33, +7 (958) 111-52-80;ул. Красная Пресня, 32-34с3, Москва;cepage.winewood.moscow;55.763 37.568;cafe
Марио, ресторан;+7 (499) 253-65-05, +7 (499) 253-63-98;;ул. Климашкина, 17, Москва;mario.su;55.768 37.568;cafe
Хинкальная на Пресне, кафе;+7 (499) 252-62-92;+7 (910) 454-94-51;ул. Красная Пресня, 28, Москва;хинкальная28.рф;55.762 37.568;cafe
Karavin, ресторан;;+7 (926) 032-73-09;Столярный переулок, 3 к12;;55.764 37.569;cafe
БоЭми, ресторан сербской кухни;+7 (495) 605-07-96;+7 (962) 994-17-60;Рочдельская ул., 11/5, Москва;boemirestoran.ru;55.757 37.570;cafe
Шоколадница, кофейня;;+7 (915) 474-04-68;ул. Красная Пресня, 21, Москва;shoko.ru;55.762 37.570;cafe
Волконский, кафе-пекарня;;+7 (905) 565-52-05;Рочдельская ул., 11/5, Москва;wolkonsky.com;55.756 37.571;cafe
Michel, французский ресторан;+7 (499) 252-50-44;;улица Красная Пресня, 13;cafemichel.ru;55.761 37.571;cafe
Alma, гастробар;+7 (501) 200-11-00;+7 (925) 444-50-55;Столярный пер., 3, корп. 13, Москва;alma.bar;55.764 37.568;cafe
Рассвет Винный бар;;+7 (916) 708-35-65, +7 (901) 147-71-03;Столярный пер., 3, корп. 13, Москва;rassvetbar.ru;55.765 37.569;cafe
+39 Pizzeria Mozzarella bar;;+7 (968) 950-39-39;Столярный пер., 3, корп. 12, Москва;39pizzeriamozzarellabar.ru;55.764 37.569;cafe
Френч бистро;+7 (499) 399-35-39, +7 (499) 394-35-14;;Столярный пер., 3, корп. 5, Москва;adrianne.ru;55.764 37.569;cafe
Лао Ли Р.;;+7 (965) 162-78-77;Столярный пер., 3, корп. 5, Москва;laolee.ru;55.764 37.570;cafe
Мишель;+7 (499) 325-35-18;;ул. Красная Пресня, 13, Москва;cafemichel.ru;55.761 37.571;cafe
Chef Arbat;+7 (499) 219-01-11, +7 (495) 870-57-58, +7 (495) 785-85-58, +7 (499) 116-00-99, +7 (499) 682-90-75, +7 (495) 737-54-13, +7 (495) 780-66-66;;ул. Новый Арбат, 17, Москва;chefrestoran.ru;55.752 37.591;cafe
Drive Café;+7 (495) 966-14-75;;Садовая-Кудринская ул., 1, Москва;hlebnasushny.ru , redcafemoscow.com;55.760 37.585;cafe
Хамон камон, магазин по продаже хамона и мясных деликатесов;;+7 (961) 829-29-82, +7 (926) 315-41-32;Тишинская площадь, 1, стр. 1, Москва;hamoncamon.ru;55.769 37.583;cafe
Carrots and beans, веганский кафе-магазин;;+7 (964) 701-23-46, +7 (968) 375-42-62, +7 (985) 777-76-74;Малая Грузинская ул., 38, Москва;carrotshop.ru;55.768 37.573;cafe
White fox, кофейня;;+7 (903) 799-12-39;Малая Грузинская ул., 38, Москва;whitefoxcafe.ru;55.769 37.573;cafe
Чизберри;;+7 (916) 490-09-18;ул. Заморёнова, 9, стр. 1, Москва;shop-cheeseberry.ru;55.760 37.572;cafe
Георгиевское подворье;+7 (499) 755-78-25;;Малая Грузинская ул., 20/13с1, Москва;georgianfood.ru;55.765 37.572;cafe
KFC, ресторан быстрого обслуживания;;+7 (926) 996-24-87;ул. Красная Пресня, 4, Москва;kfc.ru;55.761 37.576;cafe
Му-му, сеть кафе;+7 (499) 678-40-37;;Баррикадная улица, 21/34 ст3;cafemumu.ru;55.761 37.580;cafe
Кондитерская Олега Ильина;+7 (495) 476-60-05;;Кудринская площадь, 1, Москва;sweetstore.ru;55.760 37.580;cafe
Грузинское подворье;+7 (499) 254-11-03;+7 (985) 182-27-41;Большая Грузинская ул., 13С2, Москва;грузинскоеподворье.рф;55.766 37.577;cafe
Шоколадница;;+7 (915) 492-62-97;Большая Грузинская ул., 2/12с1, Москва;shoko.ru;55.761 37.579;cafe
Му-Му;;+7 (919) 961-48-59;Баррикадная ул., 21/34с3, Москва;cafemumu.ru;55.761 37.579;cafe
Coffeeshots, кофейня;;+7 (969) 017-78-51, +7 (919) 411-02-25;Большая Грузинская ул., 12, стр. 2, Москва;coffeeshots.ru;55.764 37.580;cafe
Актавест;+7 (495) 230-01-40, +7 (495) 663-22-87, +7 (499) 254-13-11;;Средний Тишинский пер., 8, Москва;aktavest.ru;55.770 37.580;cafe
Vegolife, вегетарианский бар;;+7 (917) 512-86-67, +7 (993) 230-98-06;Зоологическая ул., 4, Москва;vegolife.ru;55.765 37.581;cafe
Balzi Rossi, итальянский ресторан;+7 (495) 144-74-14;;Кудринская площадь, 1, Москва;balzi-rossi.ru;55.759 37.581;cafe
Molon lave, греческий ресторан;+7 (495) 542-80-80, +7 (495) 272-00-47;+7 (926) 859-89-59;Большая Грузинская ул., 39, Москва;molonlave.ru;55.770 37.582;cafe
Сайгон, ресторан вьетнамской кухни;;+7 (963) 678-16-09, +7 (967) 021-35-79, +7 (967) 257-96-93;Большая Грузинская ул., 39, Москва;saigonroyal.ru;55.771 37.582;cafe
4tuna, кафе-гриль;+7 (495) 745-01-05;;Новинский бул., 31, Москва;4tunarestoran.ru;55.758 37.582;cafe
SENDAI, стейк-хаус;;+7 (926) 906-11-12;Тишинская площадь, 1, стр. 1, Москва;sendai-rest.com;55.769 37.583;cafe
CHICKO;;+7 (967) 186-62-96;Новинский бул., 7, Москва;chickorico.ru;55.752 37.583;cafe
Кулинарная лавка братьев Караваевых;+7 (495) 968-01-75;;Большая Грузинская ул., 57, стр. 1, Москва;karavaevi.ru;55.771 37.583;cafe
МореПиva;;+7 (977) 709-05-18;Баррикадная ул., 2/1с1, Москва;;55.759 37.583;cafe
Карас, ресторан;+7 (499) 390-10-51;;Тишинская площадь, 1, стр. 6, Москва;karasrest.ru;55.769 37.584;cafe
Degustore;;+7 (985) 887-17-16, +7 (916) 201-99-85;Тишинская площадь, 1, стр. 1, Москва;degustore.ru;55.769 37.584;cafe
Цыпо;;+7 (985) 148-98-88;Тишинская площадь, 1, стр. 1, Москва, Россия;tsipo.ru;55.769 37.584;cafe
Шоколадница, кофейня;;+7 (985) 649-40-33;Садовая-Кудринская ул., 3А, Москва;shoko.ru;55.760 37.585;cafe
La Capitale, ресторан;;+7 (995) 787-97-07;Новинский бульвар, 22 ст1;la-capitale.clients.site;55.757 37.585;cafe
Каретный двор, кафе;;+7 (905) 781-00-22, +7 (905) 783-00-11, +7 (985) 851-31-93;улица Поварская, 52/55 ст3;;55.758 37.586;cafe
Не горюй, ресторан;+7 (495) 780-00-58;+7 (936) 103-00-58;Трубниковский пер., 11, Москва;negoruyrestoran.ru;55.753 37.586;cafe
Моди, ресторан грузинской кухни;+7 (495) 690-37-41;+7 (910) 489-81-44, +7 (965) 299-80-80;Трубниковский пер., 11, Москва;modiresto.ru;55.753 37.586;cafe
Cook`kareku, кафе;+7 (495) 531-04-30, +7 (495) 625-47-57, +7 (499) 922-01-00, +7 (812) 415-40-40, +7 (495) 901-03-36, +7 (495) 785-02-22, +7 (495) 695-06-41, +7 (495) 761-05-00, +7 (495) 660-53-39, +7 (495) 695-12-02;+7 (925) 281-72-68, +7 (925) 099-22-32, +7 (985) 441-68-44, +7 (967) 051-76-75, +7 (916) 667-03-99, +7 (962) 996-43-31, +7 (985) 367-20-28, +7 (926) 978-48-38, +7 (967) 126-42-40;Садовая-Кудринская улица, 9 ст4;rappoport.restaurant , cookkareku.ru;55.762 37.587;cafe
МосКальян;;+7 (980) 888-51-51;Садовая-Кудринская ул., 3А, Москва;mos-lounge.ru , mosfranchise.com;55.760 37.584;cafe
La Capitale;;+7 (905) 303-03-11;Новинский бул., 22, Москва;la-capitale.clients.site;55.757 37.585;cafe
Cofix, кофейня фиксированной цены;;+7 (909) 928-20-51;Садовая-Кудринская ул., 7, Москва;cofix.global , cofix.ru;55.761 37.586;cafe
Opus, ресторан;+7 (499) 283-15-93, +7 (495) 476-41-40, +7 (499) 938-62-46;;ул. Новый Арбат, 21, стр. 1, Москва;opusrest.ru;55.752 37.587;cafe
China club, ресторан;+7 (495) 232-27-78;;ул. Красина, 21, Москва;novikovgroup.ru;55.769 37.586;cafe
Бараshka;+7 (499) 530-82-95;;ул. Новый Арбат, 21, стр. 1, Москва;novikovgroup.ru , barashka.moscow , barashkarest.ru;55.752 37.586;cafe
Особняк Святополк-Четвертинского, ЦДЛ;+7 (495) 663-30-03;;Поварская ул., 50/53с1, Москва;restcdl.ru;55.757 37.587;cafe
Stand Up Патрики, профессиональный стендап-бар;;+7 (916) 308-33-91, +7 (903) 540-13-61, +7 (985) 628-33-43;Садовая-Кудринская ул., 20, Москва;standuppatriki.com;55.762 37.588;cafe
Айва, чайхана;;+7 (999) 926-36-23;Садовая-Кудринская ул., 24/27, Москва;chaihona-aiva.ru;55.763 37.588;cafe
Волконский, кафе-пекарня;;+7 (905) 565-62-70;ул. Новый Арбат, 22, Москва;wolkonsky.com;55.753 37.589;cafe
Хинкальная;+7 (495) 691-87-52, +7 (495) 691-87-50;;ул. Новый Арбат, 22, Москва;gg-group.ru , kafekhinkalnaya.ru;55.753 37.589;cafe
Arch 1908, демократичный ресторан;;+7 (969) 021-67-01, +7 (966) 666-78-16;Ермолаевский пер., 4, Москва;arch1908.ru;55.763 37.590;cafe
Fish культура, рыбный ресторан;+7 (495) 005-38-88, +7 (495) 773-88-85, +7 (495) 749-94-98;;ул. Новый Арбат, 17, Москва;fishkultura.ru , future-group.info;55.752 37.590;cafe
Chef Арбат, стейк-хаус;+7 (495) 649-66-66;;ул. Новый Арбат, 17, Москва;chefrestoran.ru;55.752 37.591;cafe
Брусника, кафе-кулинария;+7 (495) 133-61-82, +7 (495) 624-49-17;;Большая Садовая ул., 1, Москва;brusnikacafe.ru , edabrusnika.ru;55.766 37.591;cafe
Pro хлеб, домашнее кафе;;+7 (929) 512-40-09;ул. Красина, 7, стр. 1, Москва;probread.ru;55.767 37.588;cafe
Кулинарная лавка братьев Караваевых;+7 (495) 790-85-87;;ул. Спиридоновка, 25/20с1, Москва;karavaevi.ru;55.763 37.589;cafe
Кулинарная лавка братьев Караваевых;+7 (495) 790-85-52;;1-я Брестская ул., 29, Москва;karavaevi.ru;55.772 37.591;cafe
Вареничная № 1;+7 (499) 241-12-11;;ул. Новый Арбат, 17, Москва;varenichnaya.ru;55.752 37.591;cafe
Волконский;;+7 (926) 941-99-04;Большая Садовая ул., 2/46с1, Москва;wolkonsky.com;55.766 37.591;cafe
From Berlin;;+7 (925) 836-08-04, +7 (958) 100-79-96;Малый Патриарший пер., 5, стр. 1, Москва;;55.763 37.591;cafe
Патиссон, кафе быстрого обслуживания;+7 (499) 130-36-13;;Нижний Кисловский пер., 7, стр. 1, Центральный административный округ, Пресненский район, Москва;patisson.business.site;55.754 37.603;cafe
Sultan Pizza & Burgers;;+7 (901) 147-80-23, +7 (929) 550-55-97;ул. Новый Арбат, 15, Москва;sultanhalal.ru;55.752 37.592;cafe
Eggsellent, кафе с концепцией завтраков весь день;;+7 (926) 754-75-89;Большая Садовая улица, 5 к1;eggsellent.ru;55.769 37.592;cafe
Nude. Coffee & Wine bar, семейная кофейня и винный бар;;+7 (916) 372-22-24;улица Спиридоновка, 24/1;nudecwb.ru;55.762 37.593;cafe
Шоколадница, кофейня;;+7 (903) 727-82-27;Большая Садовая ул., 10, Москва;shoko.ru;55.767 37.593;cafe
Mmoma cafe;+7 (495) 690-68-70;+7 (985) 667-65-25;Ермолаевский пер., 17, стр. 1, Москва;mmoma.ru;55.765 37.592;cafe
Bo-bo lounge, центр паровых коктейлей;;+7 (964) 765-00-44, +7 (925) 850-43-35;Большая Садовая ул., 5, корп. 1, Москва;boborussia.ru;55.768 37.593;cafe
МосКальян;;+7 (915) 495-89-99;ул. Большая Молчановка, 15/12, Москва;mos-lounge.ru , mosfranchise.com;55.753 37.593;cafe
Raw to go, бистро;;+7 (965) 818-66-86, +7 (993) 900-69-93, +7 (901) 789-81-43, +7 (977) 655-09-67, +7 (960) 270-38-38, +7 (925) 014-46-34, +7 (985) 335-09-51, +7 (980) 156-63-96, +7 (968) 548-77-18, +7 (985) 492-23-34;Большой Патриарший пер., 12, стр. 1, Москва;kitchen.rawtogo.ru , rawtogo.ru;55.763 37.593;cafe
Bro&n;;+7 (909) 650-66-50;Малая Бронная ул., 27/14, Москва;novikovgroup.ru;55.764 37.594;cafe
Киану, бар;+7 (495) 228-18-84;;Малая Бронная ул., 28, Москва;keanubar.com;55.764 37.594;cafe
PAR BAR, лаундж-бар;+7 (499) 113-52-08;+7 (964) 202-00-00;Спиридоньевский пер., 6, Москва;parbar-lounge.ru;55.762 37.594;cafe
Bbcafe, ресторан европейской кухни;+7 (495) 697-12-41;+7 (926) 245-07-04;Скатертный пер., 13, Москва;bbcafe.ru;55.756 37.594;cafe
Soussol, пивной бар;;+7 (903) 293-66-00;Трёхпрудный переулок, 11/13 ст2;soussol.ru;55.765 37.595;cafe
Atelier de tartelettes, французская кондитерская;+7 (495) 691-48-90;;Спиридоньевский пер., 10А, Москва;atelierdetartelettes.company.site;55.763 37.596;cafe
Литературное кафе;+7 (495) 647-98-83, +7 (495) 311-61-18, +7 (499) 125-03-61, +7 (495) 692-36-62, +7 (495) 964-42-26, +7 (495) 789-35-91, +7 (495) 451-46-44, +7 (495) 462-59-84, +7 (495) 648-17-68, +7 (495) 287-87-86;;ул. Новый Арбат, 8, Москва;mdk-arbat.ru;55.753 37.595;cafe
Чайковский, кафе;+7 (495) 699-91-14, +7 (495) 699-92-41;;Триумфальная площадь, 4, Москва;novikovgroup.ru , chaikovsky-cafe.ru;55.769 37.596;cafe
Хинкальная;;+7 (903) 130-83-43;2-я Тверская-Ямская ул., 2, Москва;hinkali.center;55.771 37.596;cafe
Sedelice, французская пекарня;;+7 (968) 731-55-23, +7 (952) 351-04-09;1-я Тверская-Ямская ул., 4, Москва;sedelice.ru;55.771 37.594;cafe
Café de Paris;+7 (499) 678-08-00;;Большой Патриарший пер., 14/27, Москва;;55.763 37.594;cafe
Gutai, ресторан паназиатской кухни;+7 (495) 626-85-73;;Малая Бронная ул., 26, стр. 1, Москва;gutai-gastropub.com;55.763 37.594;cafe
Ava;+7 (495) 098-04-80;;Малая Бронная ул., 21/13с2, Москва;ava.rest;55.763 37.595;cafe
Lawanda Store;+7 (499) 110-51-78;+7 (991) 931-56-55;Малая Бронная ул., 21/13с1, Москва;lawanda.store;55.763 37.595;cafe
Uilliam's;+7 (495) 650-64-62;+7 (925) 206-90-46;Малая Бронная ул., 20А, Москва;uilliams.moscow;55.762 37.595;cafe
Жаворонки & Совы, кафе;+7 (499) 271-96-92;;2-я Тверская-Ямская ул., 6, стр. 2, Москва;zhavoronkisovy.ru;55.771 37.596;cafe
Brera;+7 (495) 997-73-92;+7 (925) 843-81-57, +7 (965) 131-01-32;Мерзляковский пер., 15, Москва;svadbapark.ru;55.757 37.596;cafe
Pasternak Bar;;+7 (906) 045-48-85;2-я Тверская-Ямская ул., 2, Москва;pasternak-bar.ru;55.771 37.596;cafe
Жигули;+7 (495) 691-41-44, +7 (495) 114-54-35;;ул. Новый Арбат, 11, Москва;zhiguli.su;55.752 37.597;cafe
Vivo, кафе;;+7 (906) 717-93-26;Благовещенский пер., 1А, Москва;;55.767 37.597;cafe
Valiko, пекарня;;+7 (999) 805-87-18;Большой Козихинский пер., 12/2, Москва;valiko.life , valiko.delivery;55.763 37.597;cafe
Pinch, гастрономическое необистро;+7 (495) 691-99-88;;Большой Палашёвский пер., 2/12, Москва;pinchmoscow.ru;55.763 37.597;cafe
Академия, кафе-пиццерия;+7 (495) 691-57-92, +7 (495) 697-89-78;;Большая Бронная ул., 2/6, Москва;academiya.ru;55.760 37.597;cafe
Рыбторг, кафе-магазин;;+7 (965) 176-97-77;Трёхпрудный пер., 5, Москва;rybtorg.moscow;55.765 37.598;cafe
Abbey Players, ирландский паб;+7 (495) 230-54-62, +7 (495) 098-00-48;;ул. Новый Арбат, 5, Москва;abbeyplayerstheatre.ru;55.753 37.598;cafe
Falafel Bro, веганское стритфуд-кафе;;+7 (977) 099-82-39, +7 (965) 172-72-39, +7 (925) 072-13-85, +7 (958) 100-58-17;Оружейный пер., 5, Москва;falafelbro.ru;55.772 37.598;cafe
WE Cidreria, сеть баров;;+7 (925) 346-10-72;Благовещенский пер., 5, Москва;;55.768 37.599;cafe
Moscow, кофейня-кондитерская;+7 (495) 789-20-69;+7 (903) 589-20-69;улица Садовая-Триумфальная, 4-10;city-cafe-moscow.ru;55.770 37.599;cafe
Cofix, кофейня фиксированной цены;;+7 (926) 867-30-23;Тверская ул., 27, стр. 2, Москва;cofix.global , cofix.ru;55.769 37.597;cafe
Single;;+7 (995) 333-59-68, +7 (925) 706-86-38;Арбатский пер., 2/6, Москва;single-wine.ru;55.752 37.597;cafe
Гастрорюмочная Шесть You Шесть;+7 (495) 139-66-27;;1-я Тверская-Ямская ул., 2, стр. 1, Москва;ryumochnaya.ru;55.770 37.597;cafe
Проект 6/2;;+7 (926) 578-62-62, +7 (939) 111-75-82;Арбатский пер., 2/6, Москва;arbat62.ru , arbat62.moscow;55.752 37.598;cafe
Cofix, кофейня фиксированной цены;;+7 (906) 092-97-08;ул. Новый Арбат, 3, стр. 1, Москва;cofix.global , cofix.ru;55.753 37.598;cafe
Стейк & Бургер;;+7 (900) 953-67-96;Поварская ул., 8/1к1, Москва;burgermiratorg.shop , miratorg.ru;55.753 37.598;cafe
Кафе Moscow;;+7 (980) 697-65-71;Садовая-Триумфальная ул., 4/10, Москва;city-cafe-moscow.ru;55.770 37.599;cafe
Траттория Венеция;+7 (495) 621-35-35, +7 (495) 694-58-62, +7 (499) 250-28-88, +7 (495) 650-60-09;;Оружейный пер., 11, Москва;venezia.menu;55.772 37.599;cafe
Му-му, сеть кафе;;+7 (985) 178-86-68;ул. Арбат, 4, стр. 1, Москва;cafemumu.ru;55.752 37.599;cafe
Koji, ресторан китайской кухни;+7 (495) 818-77-88;;Калашный пер., 9, Москва;koji.lucky-group.ru;55.757 37.600;cafe
Мясо&рыба;+7 (495) 609-09-08;;Тверская ул., 23/12, Москва;meat-and-fish.ru;55.767 37.600;cafe
Noor electro, легендарный коктейльный бар;;+7 (903) 136-76-86;Тверская улица, 23 ст1;noorbar.com;55.767 37.601;cafe
Руки ВВерх!, бар;+7 (499) 110-53-20, +7 (499) 288-19-12, +7 (812) 504-80-63, +7 (499) 322-42-42, +7 (812) 504-80-43;;Тверская ул., 22, Москва;taplink.rvbar.ru , rvbar.ru , ruki.club;55.768 37.601;cafe
Skuratov coffee roasters, кофейня;;+7 (985) 877-29-64, +7 (962) 471-99-45;Калашный пер., 5, Москва;skuratovcoffee.ru;55.755 37.601;cafe
Самобранка;+7 (495) 937-08-88, +7 (495) 937-00-01, +7 (495) 937-00-23, +7 (495) 937-00-00;;Тверская ул., 26/1, Москва;marriottmoscowgrand.ru;55.768 37.600;cafe
ТоаКоа;;+7 (915) 445-57-77;Никитский бул., 5, Москва;toakoa.com , toakoa.ru;55.754 37.600;cafe
Винный базар, бар;+7 (499) 951-91-97, +7 (495) 006-60-10, +7 (499) 245-49-32;;Никитский бул., 12, Москва;vinniybazar.ru;55.756 37.600;cafe
Жан-жак, кафе-бар;;+7 (968) 665-51-10;Никитский бул., 12, Москва;jan-jak.ru;55.755 37.601;cafe
Scrocchiarella, римская пиццерия;+7 (499) 750-00-70;+7 (925) 743-09-04;Никитский бул., 12, Москва;nikitski.scrocchiarella-pizza.ru , scrocchiarella.ru;55.755 37.601;cafe
Диди;+7 (499) 990-09-28;;Тверской бул., 14, стр. 4, Москва;didirest.ru;55.760 37.601;cafe
Niqa Patisserie & Cafe Tverskoy;;+7 (926) 279-96-63, +7 (968) 936-39-38, +7 (926) 626-52-28;Тверской бул., 14, стр. 5, Москва;niqa.ru;55.760 37.601;cafe
Шоколадница;;+7 (925) 364-33-24;Большая Никитская ул., 24/1с1, Москва;shoko.ru;55.757 37.602;cafe
Sattva, вегетарианский ресторан;+7 (499) 991-08-16;;Тверская улица, 20 ст1;sattva.moscow;55.767 37.602;cafe
Big Jim`s pub, ирландский паб;+7 (495) 139-25-77;;улица Большая Никитская, 22/2;bjpub.ru;55.757 37.603;cafe
Кофедей, кофейня;;+7 (963) 677-63-70;Садовая-Триумфальная ул., 18-20, Москва;;55.772 37.603;cafe
Шоколадница, кофейня;;+7 (985) 369-98-60;Тверская ул., 19А, Москва;shoko.ru;55.766 37.603;cafe
Саттва;+7 (499) 325-52-42;;Тверская ул., 20/1с1, Москва;sattva.moscow;55.767 37.602;cafe
The Loft cafe & lobby bar;;+7 (901) 366-69-92;Старопименовский пер., 11/6с1, Москва;;55.770 37.602;cafe
Магнолия, супермаркет;+7 (495) 690-67-97;;Нижний Кисловский пер., 7, стр. 1, Центральный административный округ, Пресненский район, Москва;mgnl.ru , shop.mgnl.ru;55.754 37.603;cafe
Кулинарная лавка братьев Караваевых;+7 (495) 629-84-44, +7 (495) 790-85-61;;Тверской бул., 20, стр. 4, Москва;karavaevi.ru;55.761 37.603;cafe
Le Procope du Matin, кафе;;+7 (985) 518-86-11;Садовая-Триумфальная ул., 20, стр. 2, Москва;procope.ru;55.771 37.603;cafe
Чанахи, кафе;+7 (495) 650-68-11;+7 (925) 532-40-42, +7 (985) 410-90-11;Дегтярный пер., 6, стр. 1, Москва;chanakhi.ru , dostavka.chanakhi.ru;55.769 37.603;cafe
Шоколадница, кофейня;;+7 (915) 492-15-42;ул. Воздвиженка, 9, стр. 2, Москва;shoko.ru;55.753 37.604;cafe
Грабли, ресторан фри-фло;+7 (495) 650-04-98;;Тверская ул., 18, корп. 1, Москва;grabli.ru , grabli.onelink.me;55.766 37.604;cafe
Lookin Rooms;+7 (495) 991-45-25;+7 (901) 129-03-33, +7 (985) 220-01-41, +7 (916) 778-32-72, +7 (985) 558-12-80, +7 (925) 002-15-74, +7 (999) 799-12-34;Тверская ул., 18, корп. 1, Москва;lookinrooms.com , bit.ly;55.766 37.604;cafe
Тодасё, кафе;+7 (499) 110-17-70, +7 (495) 120-22-20;;Тверская улица, 18 к1;todase-cafe.ru;55.766 37.605;cafe
Кулинарная лавка братьев Караваевых;+7 (495) 790-98-16;;ул. Малая Дмитровка, 15, Москва;karavaevi.ru;55.769 37.605;cafe
Kislovsky taste&place, гастрономический ресторан;+7 (495) 691-67-69;+7 (915) 850-00-00;Большой Кисловский переулок, 1/12 ст2;kislovsky.ru;55.753 37.606;cafe
Кафе Пушкинъ, легендарный ресторан русской дворянской кухни;+7 (495) 739-00-33;+7 (985) 712-31-15;Тверской бул., 26А, Москва;cafe-pushkin.ru;55.764 37.605;cafe
Bruxx, гастрономический бар;+7 (812) 943-01-10, +7 (812) 928-37-27, +7 (812) 900-63-33, +7 (812) 900-64-44, +7 (812) 906-65-58, +7 (812) 944-03-00;+7 (931) 994-75-15, +7 (929) 675-78-65, +7 (921) 919-01-79;ул. Малая Дмитровка, 18А, стр. 3, Москва;italyco.rest;55.771 37.605;cafe
Кондитерская-кулинария Брусника;+7 (499) 626-22-31;;Большой Кисловский пер., 1, стр. 2, Москва;brusnikacafe.ru , edabrusnika.ru;55.754 37.606;cafe
Волконский;;+7 (926) 351-61-33;ул. Воздвиженка, 7/6с1, Москва;wolkonsky.com;55.753 37.606;cafe
Cross keys pub, английский паб;+7 (495) 636-29-55;;ул. Малая Дмитровка, 3, Москва;crosskeyspub.ru;55.767 37.606;cafe
Gigi, ресторан итальянской кухни;;+7 (926) 099-68-38;ул. Малая Дмитровка, 3, Москва;;55.767 37.606;cafe
Челси, гастропаб;+7 (495) 885-71-24;+7 (995) 900-21-90;Малый Гнездниковский переулок, 12/27;chelsea-pub.ru;55.762 37.606;cafe
Кулинарная лавка братьев Караваевых;+7 (495) 139-69-40;;ул. Воздвиженка, 10, Москва;karavaevi.ru;55.753 37.606;cafe
Практика by Darvin, винный бар;;+7 (926) 009-65-65, +7 (926) 009-68-69, +7 (926) 009-68-68, +7 (926) 009-69-69;улица Малая Дмитровка, 6 ст1;praktikagroup.com;55.768 37.607;cafe
Шоколадница, кофейня;;+7 (925) 365-65-70;ул. Малая Дмитровка, 4, Москва;shoko.ru;55.767 37.607;cafe
Сыто пьяно, кафе;;+7 (977) 800-60-81;Тверская ул., 17, Москва;sito-piano.ru;55.764 37.607;cafe
Lambic Seafood, гастробар;+7 (495) 032-08-23, +7 (495) 629-91-91;;Малый Гнездниковский переулок, 12;toomuch.ru;55.763 37.607;cafe
Пальмира, кафе;+7 (495) 699-01-07;;улица Малая Дмитровка, 2 ст1;cafepalmyra.ru;55.767 37.607;cafe
Tverskoy Bar, кафе-бар;;+7 (929) 579-23-22;Тверская улица, 12 ст2;tverskoybar.ru;55.764 37.607;cafe
Иллюзия обмана;;+7 (968) 806-18-02, +7 (910) 440-76-44;Тверская ул., 17, Москва;;55.763 37.607;cafe
Мама Будет Рада;;+7 (964) 771-57-85;Пушкинская площадь, 2/1, Москва;mama-budet-rada.ru;55.766 37.607;cafe
Му-му, сеть кафе;+7 (499) 678-40-15;+7 (985) 178-85-55;Малый Гнездниковский пер., 9, стр. 7, Москва;cafemumu.ru;55.763 37.607;cafe
Музейное кафе;+7 (495) 691-21-09, +7 (495) 697-13-06;;ул. Воздвиженка, 5/25с1, Москва;muar.ru;55.753 37.607;cafe
Меама;;+7 (904) 567-53-98;Газетный пер., 3, Москва;rocketonline.ru;55.757 37.608;cafe
Cofix;;+7 (925) 195-03-45;Пушкинская площадь, 2/1, Москва;cofix.global , cofix.ru;55.766 37.608;cafe
Хлеб и вино, винный бар;+7 (495) 122-00-44;+7 (926) 818-66-18;Тверская ул., 12, стр. 2, Москва;xlebvino.com;55.764 37.608;cafe
Русалочка суши, кафе с доставкой;;+7 (925) 561-61-95;Страстной бул., 7, стр. 3, Москва;rusalochkasushi.ru;55.768 37.608;cafe
Hot Dog Bulldog;;+7 (925) 050-67-87;Пушкинская площадь, 2/1, Москва;hotdogbulldog.ru;55.766 37.608;cafe
White Eagles Pub, кафе-бар;;+7 (925) 429-83-99;Козицкий пер., 1А, стр. 2, Москва;we-pub.ru;55.765 37.608;cafe
Food bazar, кафе;+7 (495) 233-33-00;+7 (985) 927-64-64;Каретный Ряд, 3 ст7а;fooodbazar.ru , fbzr.ru;55.770 37.610;cafe
Эхо;+7 (495) 150-02-43, +7 (495) 629-22-12, +7 (499) 653-57-04, +7 (495) 912-10-83;;Малый Путинковский пер., 1/2с1, Москва;echo-karaoke.ru;55.766 37.608;cafe
Онегин, гастробар;;+7 (925) 855-83-00;Страстной бул., 4, стр. 3, Москва;gastrobaronegin.ru;55.765 37.608;cafe
Веранда 32.05, ресторан;+7 (495) 749-04-73;+7 (905) 703-32-05, +7 (925) 517-32-05, +7 (903) 549-04-73;ул. Каретный Ряд, 3, стр. 1, Москва;veranda3205.ru;55.771 37.608;cafe
Север, бар;;+7 (915) 377-65-07;Страстной бул., 4, стр. 3, Москва;severmoscow.ru;55.765 37.608;cafe
Галки;+7 (495) 292-19-55;;Страстной бул., 4, стр. 3, Москва;galki.moscow;55.765 37.609;cafe
Пицца Пеппе, кафе;+7 (495) 629-79-45;;Газетный пер., 9, стр. 2, Москва;pitstsa-peppe.clients.site;55.758 37.609;cafe
Под Мухой;+7 (495) 650-27-79;;Страстной бул., 6, стр. 2, Москва;pod-muhoy.ru;55.766 37.609;cafe
Пян-се;;+7 (916) 833-69-99;ул. Воздвиженка, 4/7с2, Москва;pyan-se.ru;55.753 37.609;cafe
Romanov cigar lounge, сигарный клуб;+7 (495) 266-64-54;+7 (966) 177-00-99;Романов пер., 4, стр. 2, Москва;romanov-cinema.ru;55.755 37.610;cafe
Дума, кафе-клуб;+7 (495) 926-78-46, +7 (495) 692-11-19;;улица Моховая, 11 ст3в;clubduma.ru;55.757 37.611;cafe
Surf coffee × flow;;+7 (993) 337-56-86;Страстной бул., 8А, Москва;surfcoffee.ru;55.766 37.610;cafe
Латте;;+7 (985) 134-84-44, +7 (916) 723-94-81;ул. Каретный Ряд, 3, стр. 15А, Москва;lattegroup.net;55.771 37.611;cafe
Cofix, кофейня фиксированной цены;;+7 (925) 480-34-29;Тверская ул., 9, Москва;cofix.global , cofix.ru;55.759 37.611;cafe
Шоколадница;;+7 (916) 079-21-84;Петровский пер., 1/30с1, Москва;shoko.ru;55.765 37.611;cafe
Чайная высота. Дом чая и мороженого;;+7 (963) 770-05-53;Тверская ул., 6, стр. 1, Москва;teatix.com , cha108.ru;55.760 37.611;cafe
Несвятые святые, монастырская трапезная;+7 (499) 490-12-23, +7 (495) 640-30-40, +7 (491-30) 2-17-36, +7 (495) 150-19-09, +7 (495) 621-27-01, +7 (495) 621-73-58, +7 (495) 628-82-10;+7 (901) 461-90-11, +7 (964) 788-74-62, +7 (985) 443-68-26;Рождественский бул., 16, стр. 1, Москва;monastery.ru;55.766 37.629;cafe
Butch, стейк-хаус;+7 (495) 967-77-77;;Никольская ул., 10, Москва;vokrugsvetamarket.ru;55.758 37.624;cafe
Right coffee;;+7 (999) 550-47-55;ул. Рождественка, 5/7с1, Москва;metal.boutique;55.762 37.623;cafe
Leone D’Oro coffee;;+7 (968) 576-67-18;Никольская ул., 17, стр. 2, Москва;place1732.ru;55.758 37.623;cafe
Фудхолл Mark eat;+7 (495) 644-45-44;;Россия, Москва, Красная площадь;aviapark.com;55.753 37.623;cafe
Pana Lounge;;+7 (915) 475-20-75;Россия, Москва, Красная площадь;pana.moscow;55.753 37.623;cafe
Ирина554;+7 (495) 778-76-63;+7 (910) 423-99-78, +7 (962) 973-82-83;Россия, Москва, Красная площадь;irina554.ru;55.753 37.623;cafe
Cafe-pominki.ru;+7 (495) 764-66-60;+7 (985) 764-66-60;Россия, Москва;cafe-pominki.ru;55.753 37.623;cafe
Санта Базилия;;+7 (919) 764-44-40, +7 (985) 999-08-12;просп. Мира, 26, стр. 1, Москва;cafesanta.ru;55.753 37.623;cafe
Раки Грека;;+7 (901) 767-81-80;Россия, Москва, Красная площадь;raki-greka.ru;55.753 37.623;cafe
Кафе бар Камелот;;+7 (906) 705-47-60, +7 (977) 591-97-41;Россия, Москва, Красная площадь;;55.753 37.623;cafe
Винное казино Wine Casino;;+7 (963) 640-10-13;Россия, Москва, Красная площадь;winecasino.moscow;55.753 37.623;cafe
Эчпочмак. Татарские пироги;+7 (495) 764-88-44, +7 (495) 109-37-50;;Россия, Москва, Красная площадь;tatarfood.com;55.753 37.623;cafe
Вок н Ролл;;+7 (901) 525-00-52, +7 (964) 536-40-24;Измайловское ш., 71, стр. 11, Москва;wok-n-roll.tilda.ws;55.753 37.623;cafe
Авокадо, вегетарианское кафе;+7 (495) 629-28-02, +7 (495) 621-77-19;;Тверская улица, 5/6;avocadocafe.ru;55.758 37.611;cafe
Il letterato, семейный ресторан итальянской кухни;+7 (495) 609-99-46, +7 (495) 609-99-24, +7 (495) 924-42-30, +7 (495) 276-22-13;;ул. Воздвиженка, 1, Москва;il-letterato.ru;55.752 37.611;cafe
Энтузиаст, мотокафе;;+7 (915) 330-40-98;Столешников пер., 7, стр. 5, Москва;enthusiastmoscow.ru;55.764 37.614;cafe
Достоевский, книжный магазин;+7 (499) 678-12-18, +7 (495) 695-63-65;;ул. Воздвиженка, 1, Москва;dostoevsky-club.ru , immelman.ru;55.752 37.611;cafe
Чистая линия, кафе;+7 (499) 110-02-20;;Тверская ул., 5/6, Москва;purelinecafe.ru;55.758 37.612;cafe
Stereo people, бар;;+7 (915) 066-16-90, +7 (977) 308-94-16, +7 (901) 761-41-21;переулок Столешников, 6 ст2;stereopeoplegroup.ru;55.762 37.613;cafe
Чехов, кафе;+7 (495) 692-09-34, +7 (495) 629-06-16;+7 (925) 544-33-01, +7 (925) 888-33-01;Камергерский переулок, 3;cafe-chekhov.ru;55.760 37.613;cafe
Tap&Barrel, ирландский паб;+7 (495) 636-29-04;+7 (926) 420-67-67, +7 (926) 663-36-30;улица Большая Дмитровка, 13;publifegroup.ru , tbpub.ru , bspubshop.ru;55.762 37.613;cafe
Cofix, кофейня фиксированной цены;;+7 (926) 072-09-87;Тверская ул., 4, Москва;cofix.global , cofix.ru;55.758 37.613;cafe
Жарим по-грузински, семейный ресторан;+7 (495) 928-07-77;+7 (985) 928-07-77;улица Большая Дмитровка, 5/6 ст3;zharimrest.ru;55.760 37.614;cafe
Hidden bar, бар;+7 (495) 692-50-15;;Камергерский переулок, 6/5 ст3;hiddenbar.ru;55.760 37.614;cafe
Gusto, ресторан;+7 (495) 650-69-22;;Камергерский переулок, 5;gusto-moscow.ru;55.760 37.614;cafe
Oui bistro by Double B, бистро;;+7 (929) 500-22-20;улица Большая Дмитровка, 7/5 ст1;double-b.ru;55.760 37.615;cafe
Март, винный магазин;;+7 (977) 776-29-97;улица Петровка, 25 ст1;cafemart.ru;55.767 37.615;cafe
Кафе Лакантина;+7 (495) 692-53-88;;Тверская ул., 5/6, Москва;lacantina.su;55.758 37.612;cafe
Кафе;+7 (495) 692-09-43;+7 (915) 041-41-86;Моховая ул., 11, стр. 11, Москва;sgm.ru;55.756 37.613;cafe
Sempre;+7 (495) 414-41-38, +7 (495) 156-15-16;+7 (977) 264-25-83, +7 (968) 040-54-66;ул. Большая Дмитровка, 22, Москва;sempre.moscow;55.763 37.613;cafe
Академия;+7 (495) 692-96-49;;Камергерский пер., 2, Москва;academiya.ru;55.760 37.613;cafe
Stairs, бар с верандой на крыше;;+7 (926) 390-48-99;ул. Петровка, 34, стр. 1, Москва;stairspetrovka.ru;55.769 37.613;cafe
Синнабон;;+7 (929) 987-11-09, +7 (924) 258-69-24;Россия, Москва, Манежная площадь;cinnabonrussia.com;55.755 37.613;cafe
Франклинс бургер, бургерная;;+7 (916) 051-62-04;Манежная площадь, 1, стр. 2, Москва;franklins.ru;55.755 37.613;cafe
Dim Sum & Co;;+7 (985) 520-11-89;Россия, Москва, Манежная площадь;dimsumandco.ru;55.755 37.614;cafe
Краснодар, ресторан;+7 (499) 938-50-84, +7 (495) 023-93-93;;ул. Большая Дмитровка, 9, стр. 1, Москва;krasnodarrest.ru;55.762 37.614;cafe
Шоколадница;;+7 (926) 991-46-73;ул. Большая Дмитровка, 7/5с1, Москва;shoko.ru;55.760 37.614;cafe
За Думой;;+7 (915) 225-72-08;ул. Большая Дмитровка, 5/6с8, Москва, Россия;zadumoi.ru;55.759 37.615;cafe
Хищник стейкс & Бургерс, бургерная;;+7 (916) 153-52-08;улица Большая Дмитровка, 5/6 ст4;;55.760 37.615;cafe
Заря, кафе;;+7 (910) 424-92-32, +7 (936) 001-69-75;ул. Петровка, 30/7, Москва;;55.768 37.615;cafe
Океан, ресторан;+7 (495) 995-19-95, +7 (499) 993-77-07, +7 (495) 135-55-00;;улица Большая Дмитровка, 5/6;ch1ef.ru;55.760 37.615;cafe
Seven, кафе авторской кухни;+7 (495) 205-02-77;;Дмитровский пер., 7, Москва;sevenrest.ru;55.762 37.616;cafe
Let`s rock bar, кафе-бар;+7 (495) 692-83-92;+7 (927) 418-97-97;улица Кузнецкий Мост, 4/3 ст1;letsrockbar.ru;55.761 37.616;cafe
Krispy Kreme;;+7 (985) 481-44-33;ул. Большая Дмитровка, 7/5с1, Москва;;55.760 37.615;cafe
Frank by Баста, ресторан американской кухни;;+7 (926) 153-31-44;Камергерский пер., 6, стр. 1, Москва;frankmeat.ru;55.760 37.615;cafe
Bébé de la mer;;+7 (985) 435-77-77;ул. Петровка, 30/7, Москва;;55.768 37.615;cafe
Хищник Стейкс & Бургерс;+7 (495) 629-88-81;;Камергерский пер., 6, стр. 1, Москва;hishnikburgers.ru;55.760 37.615;cafe
Техникум;+7 (499) 136-73-36;;ул. Большая Дмитровка, 7/5с2, Москва;tehnikumbistro.ru;55.761 37.615;cafe
Лепим и варим;;+7 (969) 347-35-24;Столешников пер., 9, стр. 1, Москва;lepimivarim.ru;55.763 37.615;cafe
Шоколадница;;+7 (915) 384-35-94;Москва, Манежная площадь;shoko.ru;55.756 37.616;cafe
Винный базар, бар;+7 (495) 699-18-60;;Петровский бул., 15, стр. 1, Москва;vinniybazar.ru;55.768 37.616;cafe
Rébellion Clubhouse Moscow;+7 (499) 375-09-06, +7 (499) 994-26-56;;Петровский бул., 8, стр. 1, Москва;theclubhouse.ru;55.768 37.616;cafe
Магнолия, супермаркет;+7 (495) 699-65-73;;Большой Каретный пер., 20, стр. 1, Москва;mgnl.ru , shop.mgnl.ru;55.772 37.616;cafe
Let's Rock;;+7 (995) 792-83-92;ул. Кузнецкий Мост, 4/3с1, Москва;letsrockbar.ru;55.761 37.616;cafe
Волконский, кафе-пекарня;+7 (495) 259-25-05;+7 (926) 304-95-20, +7 (926) 316-60-95;ул. Охотный Ряд, 2, Москва;modaseason.ru , wolkonsky.com;55.758 37.618;cafe
Куршевель, караоке-клуб;+7 (495) 724-88-83;+7 (903) 724-88-83;ул. Кузнецкий Мост, 7, Москва;ginzaproject.ru , courchevel24.ru , clck.ru;55.762 37.619;cafe
Шоколадница, кофейня;;+7 (926) 565-68-34;площадь Революции, 2/3, Москва;shoko.ru;55.757 37.619;cafe
Barashka;+7 (499) 530-82-94, +7 (528) 658-50-00, +7 (495) 625-28-92;+7 (926) 704-82-92;ул. Петровские Линии, 1, Москва;barashka.moscow , barashkapetrovka.ru;55.764 37.618;cafe
Время чудес, кафе;;+7 (903) 712-85-88;1-й Колобовский пер., 17, стр. 1, Москва;;55.769 37.618;cafe
Soul in the bowl, кафе быстрого обслуживания;;+7 (906) 248-88-78, +7 (916) 900-19-55, +7 (985) 450-01-50, +7 (985) 773-70-53, +7 (977) 760-13-06, +7 (916) 131-77-72, +7 (985) 648-57-85;Цветной бул., 15, стр. 1, Москва;soulinthebowl.ru;55.771 37.620;cafe
Хинкальная;;+7 (926) 574-86-07;Неглинная ул., 15, Москва;glamurkhinkalnaya.ru , gg-group.ru , kafekhinkalnaya.ru;55.763 37.620;cafe
Café de Paris;+7 (499) 678-08-80;;Никольская ул., 5/1с3, Москва;;55.756 37.620;cafe
Дагестанская лавка, ресторан быстрого питания;;+7 (929) 623-73-74;Цветной бул., 15, стр. 1, Москва;daglavka.com;55.771 37.620;cafe
Лепим и варим;+7 (499) 399-31-23;;Цветной бул., 15, стр. 1, Москва;lepimivarim.ru;55.771 37.620;cafe
Кулинарная лавка братьев Караваевых;+7 (495) 790-85-97, +7 (495) 628-85-34;;Неглинная ул., 16А, стр. 1, Москва;karavaevi.ru;55.765 37.620;cafe
Marrakesh, ресторан;;+7 (916) 994-18-18;Неглинная ул., 10, Москва;marrakesh-rest.ru;55.762 37.620;cafe
Консерватория, ресторан;+7 (495) 783-12-34, +7 (495) 783-12-35, +7 (495) 783-12-98;+7 (915) 197-41-91;Неглинная ул., 4, Москва;araratparkhotel.ru;55.760 37.621;cafe
Beluga Caviar Bar, кафе-бар;+7 (495) 788-43-43;+7 (929) 931-60-50;Красная площадь, 3, Москва;gum.ru;55.755 37.621;cafe
Union Jack, английский паб;;+7 (925) 777-92-65;Нижний Кисельный переулок, 3 ст1;unionjackpub.ru;55.765 37.622;cafe
Абрау Дюрсо, винотека;+7 (495) 933-33-32, +7 (8617) 27-51-53, +7 (495) 620-30-15;+7 (961) 581-15-35, +7 (961) 854-99-12;Красная площадь, 3;abraudurso.ru;55.755 37.622;cafe
Чихо, китайское кафе;+7 (495) 208-93-48;;Цветной бул., 15, стр. 1, Москва;chiho.ru;55.771 37.620;cafe
Вареничная № 1;;+7 (926) 219-11-70;Театральная площадь, 5, стр. 1, Москва;varenichnaya.ru , rest-family.ru;55.757 37.621;cafe
Шоколадница, кофейня;;+7 (985) 779-74-39;Цветной бул., 13, Москва;shoko.ru;55.771 37.621;cafe
KFC, ресторан быстрого обслуживания;+7 (495) 725-56-46;;Цветной бул., 11, стр. 2, Москва;kfc.ru;55.770 37.621;cafe
Реберная №1, гриль-бар;+7 (499) 391-62-78;;Театральная площадь, 5, стр. 2, Москва;rebro1.ru;55.757 37.621;cafe
Сыто пьяно, кафе;+7 (495) 628-52-75;;Неглинная ул., 18, стр. 1, Москва;sito-piano.ru;55.766 37.621;cafe
Место Притяжения;+7 (495) 606-01-53;+7 (938) 695-18-64;Никольская ул., 11-13с3, Москва;mestoprityajeniya.ru;55.757 37.621;cafe
Шоколадница, кофейня;;+7 (925) 344-77-45;ул. Кузнецкий Мост, 11, стр. 1, Москва;shoko.ru;55.762 37.622;cafe
Ткемали;+7 (499) 681-15-42;;Пушечная ул., 7/5с2, Москва;tkemalirest.ru;55.761 37.622;cafe
Фестивальное, кафе быстрого обслуживания;+7 (495) 788-43-04, +7 (495) 788-33-51;;Красная площадь, 3, Москва;gum.ru;55.754 37.623;cafe
Джаганнат, вегетарианское кафе;+7 (495) 628-35-80, +7 (499) 250-52-38, +7 (495) 917-18-33, +7 (495) 978-16-11, +7 (495) 625-42-64, +7 (495) 680-79-08, +7 (495) 917-86-62;+7 (965) 392-33-61, +7 (985) 227-14-55, +7 (903) 258-84-52;ул. Кузнецкий Мост, 11, стр. 1, Москва;jagannath.ru;55.762 37.623;cafe
Сорока;+7 (495) 628-22-84;+7 (905) 785-76-42;Никольская ул., 17, стр. 2, Москва;sorokakafe.ru;55.758 37.623;cafe
BB&Burgers;;+7 (963) 715-73-54;Никольская ул., 8, Москва;bbburgers.ru;55.757 37.623;cafe
Му-му, сеть кафе;+7 (499) 678-40-14;;улица Рождественка, 5/7 ст2;cafemumu.ru;55.761 37.623;cafe
Мост, караоке-бар;+7 (495) 120-34-00;+7 (985) 766-47-42;улица Рождественка, 6/9/20 ст1;most-karaoke.ru;55.761 37.624;cafe
Kuzmost pub;+7 (495) 624-07-10;+7 (999) 875-56-87;улица Рождественка, 6/9/20 ст1;;55.762 37.624;cafe
Вокруг Света, гастромаркет;+7 (495) 118-91-70;;Никольская ул., 10, Москва;vokrugsvetamarket.ru , delivery.vokrugsvetamarket.ru;55.758 37.624;cafe
1-я Креветочная, кафе быстрого обслуживания;;+7 (903) 549-51-51;Никольская ул., 10, Москва;firstshrimp.ru;55.758 37.624;cafe
Лепим и Варим Вокруг Света;;+7 (968) 997-91-65;Никольская ул., 10, Москва;lepimivarim.ru;55.758 37.624;cafe
KFC, ресторан быстрого обслуживания;;+7 (963) 630-50-81;Никольская ул., 17, стр. 1, Москва;kfc.ru;55.758 37.623;cafe
Савой;+7 (495) 445-36-38;;Пушечная ул., 6, Москва;savoy.rest;55.761 37.623;cafe
Трактир;;+7 (964) 646-06-15;Никольская ул., 8, Москва;;55.758 37.623;cafe
Cofix;;+7 (910) 440-53-95;ул. Рождественка, 6/9/20с8, Москва;cofix.global , cofix.ru;55.762 37.624;cafe
Вино и крабы;+7 (495) 476-59-94, +7 (495) 621-73-29, +7 (495) 621-53-29, +7 (495) 139-00-42, +7 (495) 139-00-41;+7 (977) 661-55-35;Никольская ул., 19-21/1, Москва;winecrab.ru;55.758 37.624;cafe
Tsomi;;+7 (968) 500-10-05;Рождественский бул., 1, Москва;tsomi.ru;55.767 37.624;cafe
Tacodor, мексиканская закусочная;;+7 (969) 021-22-08;Рождественский бул., 1, Москва;tacodor.ru;55.767 37.624;cafe
CHICKO;;+7 (910) 457-25-22;Рождественский бул., 1, Москва;;55.767 37.624;cafe
Pims, точка безалкогольных напитков;;+7 (964) 514-66-06;Рождественский бул., 1, Москва;pimstea.com;55.767 37.624;cafe
Буше, пекарня-кондитерская;+7 (495) 640-60-06, +7 (812) 240-99-93, +7 (812) 640-60-06, +7 (812-74) 8-99-93;;Театральный пр., 5, стр. 1, Центральный административный округ, Тверской район, Москва;bushe.ru , shop.bushe.ru;55.760 37.624;cafe
Фудмаркет Парник;;+7 (915) 157-44-48;ул. Кузнецкий Мост, 20/6/9с1, Москва;parnik.space;55.762 37.624;cafe
Центральный рынок;+7 (495) 902-77-77, +7 (495) 414-46-30;;Рождественский бул., 1, Москва;centralmarket.taplink.ws , moscowcentralmarket.ru;55.767 37.624;cafe
Complex Burger;+7 (495) 120-43-58;;ул. Кузнецкий Мост, 20/6/9с1, Москва;complexburger.ru;55.762 37.624;cafe
Hang pho, вьетнамское кафе;;+7 (961) 162-36-47, +7 (910) 171-99-81, +7 (937) 638-74-31, +7 (909) 406-70-04, +7 (965) 597-03-68;Рождественский бул., 1, Москва;phobo.cafe , hangpho.cafe;55.767 37.624;cafe
Ванильный Шпатель, магазин мороженого;;+7 (987) 713-87-78;Рождественский бул., 1, Москва;vshpatel.ru;55.767 37.624;cafe
Poke&TomYum, ресторан;;+7 (939) 555-23-68;Никольская ул., 10, Москва;mypoke.ru;55.758 37.624;cafe
Милос, греческое кафе;;+7 (915) 319-03-00;Никольская ул., 10, Москва;mylos.ru;55.758 37.624;cafe
The dubliner, ирландский паб;+7 (495) 966-09-06;;Никольская ул., 10, Москва;dublinerpub.ru;55.758 37.625;cafe
Миллениум, кафе;+7 (495) 795-06-51;+7 (991) 299-61-50;Трубная, 12;millennium-cafe.ru;55.769 37.625;cafe
Шаурму х@чу, точка быстрого питания;;+7 (929) 900-78-43;Никольская ул., 10, Москва;shaurmu-hachu.ru;55.758 37.625;cafe
Cinnabon, кафе-пекарня;;+7 (925) 294-09-22;Театральный пр., 5, стр. 1, Центральный административный округ, Тверской район, Москва;cinnabonrussia.com;55.760 37.625;cafe
Волшебная страна Ангария, семейное кафе-ресторан;+7 (495) 995-85-00;;Театральный пр., 5, стр. 1, Центральный административный округ, Тверской район, Москва;angariakidscafe.ru , angariakids.cafe;55.760 37.625;cafe
Bon app cafe, кафе авторской кухни;+7 (495) 204-49-17, +7 (495) 414-24-92;;Никольская ул., 25, Москва;bonappcafe.ru;55.759 37.624;cafe
J`pan, японское кафе с современной городской кухней;+7 (499) 755-02-47;+7 (916) 480-85-58, +7 (915) 130-13-68;Трубная, 21;jpan.taplink.ws , jpan.moscow;55.771 37.625;cafe
Мск lounge, лаундж-бар;+7 (499) 993-39-05;;Никольская ул., 25, Москва;mskofficial.ru , mskoficial.ru;55.759 37.625;cafe
Хачапури&вино, ресторан грузинской кухни;+7 (495) 740-30-34, +7 (812) 902-80-00;+7 (911) 217-85-41, +7 (952) 262-35-53, +7 (921) 908-53-63, +7 (921) 375-03-76, +7 (921) 981-64-00, +7 (921) 557-18-99, +7 (921) 900-60-16, +7 (911) 174-90-07;Трубная, 20;hachapuriivino.ru , msk.hachapuriivino.ru;55.770 37.625;cafe
Шаурму х@чу, точка быстрого питания;;+7 (926) 015-06-70;Театральный пр., 5, стр. 1, Центральный административный округ, Тверской район, Москва;shaurmu-hachu.ru;55.760 37.626;cafe
Prosvet;;+7 (925) 606-36-59;ул. Ильинка, 4, Москва;;55.755 37.626;cafe
KFC;+7 (495) 198-09-69;;Театральный пр., 5, стр. 2, Центральный административный округ, Тверской район, Москва;kfc.ru;55.760 37.624;cafe
Милленниум;+7 (495) 787-27-57, +7 (495) 787-27-67, +7 (495) 787-27-51;+7 (991) 299-60-45;Трубная ул., 12, Москва;millennium-cafe.ru , millenniumhouse.ru;55.769 37.625;cafe
Papa'S;+7 (499) 579-84-52, +7 (495) 198-15-42, +7 (495) 755-95-54;;Никольская ул., 10, Москва;papas.ru , delivery.papas.ru;55.758 37.625;cafe
Порто Миконос Гриль, бистро;;+7 (965) 150-50-18, +7 (926) 136-75-78;Театральный пр., 5, стр. 1, Центральный административный округ, Тверской район, Москва;pmgrill.ru;55.760 37.625;cafe
Пан Запекан, кулинария;;+7 (968) 446-06-91;Трубная ул., 17, стр. 1, Москва;panzapekan.ru;55.770 37.625;cafe
Баскин Роббинс;;+7 (926) 168-66-66;Театральный пр., 5, стр. 2, Центральный административный округ, Тверской район, Москва;baskinrobbins.ru;55.760 37.625;cafe
Шашлыкоff, гриль-бар;+7 (495) 792-39-30, +7 (495) 987-16-30;;ул. Кузнецкий Мост, 19, стр. 1, Москва;shashlikoff.com , msk.shashlikoff.com;55.762 37.625;cafe
Прогноз погоды;+7 (495) 771-70-30;+7 (903) 739-49-22;Трубная ул., 28, стр. 1, Москва;prognozzz.ru;55.771 37.625;cafe
Первый нос, бар-винотека;+7 (495) 739-13-91;+7 (915) 347-42-10, +7 (916) 157-46-87;Театральный пр., 5, стр. 1, Центральный административный округ, Тверской район, Москва;1nos.ru;55.760 37.625;cafe
Krispy Kreme;;+7 (985) 142-77-11;Театральный пр., 5, стр. 1, Центральный административный округ, Тверской район, Москва;;55.760 37.626;cafe
Meow bar, бар;;+7 (926) 984-28-08;ул. Кузнецкий Мост, 19, стр. 1, Москва;meowbar.ru;55.763 37.626;cafe
Алёнка, фирменный магазин кондитерских изделий;;+7 (916) 609-06-10;Театральный пр., 5, стр. 2, Центральный административный округ, Тверской район, Москва;alenka.ru;55.760 37.626;cafe
Поколение, кафе-бар;+7 (495) 233-66-99;;Рождественский бульвар, 10/7 ст2;pokolenie-moscow.com;55.766 37.626;cafe
Mandarin Combustible, коктейльный бар&ресторан паназиатской кухни;+7 (499) 648-76-84, +7 (495) 771-72-04, +7 (495) 745-07-00;;Малый Черкасский пер., 2, Москва;foodeon.com , mandarin-combustible.clients.site;55.758 37.626;cafe
Lobby;+7 (495) 765-53-33;+7 (985) 765-53-33;ул. Ильинка, 4, Москва;lobby.moscow;55.753 37.626;cafe
The old school pub, кафе-бар;+7 (495) 625-79-80;;Большой Черкасский переулок, 15/17 ст1;ospub.ru;55.756 37.627;cafe
Coba, ресторан;+7 (495) 744-36-46;;Новая площадь, 10, Москва;cobarest.ru;55.758 37.627;cafe
КонтрРазведка, бар;+7 (499) 825-77-00, +7 (495) 825-77-00, +7 (495) 280-35-01;;Новая площадь, 10, Москва;kontrazvedka.bar , razvedka.bar;55.758 37.627;cafe
Грабли;+7 (499) 270-07-02;;Театральный пр., 5, стр. 2, Центральный административный округ, Тверской район, Москва;grabli.ru , grabli.onelink.me;55.760 37.626;cafe
Кулинарная лавка братьев Караваевых;+7 (495) 607-16-72;;Большой Сухаревский пер., 2/24, Москва;karavaevi.ru;55.770 37.626;cafe
A Tavola;+7 (495) 937-55-55, +7 (495) 287-88-28, +7 (495) 967-77-76, +7 (495) 578-65-65, +7 (495) 933-66-66, +7 (495) 287-27-07;;Малый Черкасский пер., 1/3с1, Москва;stregismoscow.com;55.759 37.626;cafe
London beer&grill, ресторан-паб;+7 (495) 626-02-82;+7 (901) 256-38-51, +7 (926) 084-74-23;ул. Кузнецкий Мост, 21/5, Москва;london-grill.ru;55.762 37.627;cafe
Бентомания, ресторан;+7 (495) 767-07-09;;Колокольников пер., 9, стр. 1, Москва;bentomania.ru;55.768 37.627;cafe
Ткемали, ресторан;+7 (495) 983-10-70;+7 (925) 374-35-26;Новая площадь, 8, стр. 2, Москва;tkemalirest.ru;55.758 37.627;cafe
Brasserie Lambic;+7 (495) 374-64-57;;Большой Черкасский пер., 15-17с1, Москва;;55.756 37.627;cafe
Шоколадница;;+7 (905) 570-31-30;Большой Черкасский пер., 19, Москва;shoko.ru;55.756 37.628;cafe
Old Jack English pub, кафе-бар;;+7 (925) 717-53-82;Колокольников переулок, 22 ст5;;55.768 37.629;cafe
Лубянка, караоке-кафе;+7 (495) 623-93-14;+7 (917) 575-80-89;улица Большая Лубянка, 13/16 ст1;lubyankafood.ru;55.764 37.630;cafe
Rock`n`Roll bar, кафе-бар;;+7 (985) 233-76-97;улица Сретенка, 1;rocknrollbar.ru;55.767 37.631;cafe
Martinez, ресторан-бар;+7 (495) 760-81-92;;ул. Сретенка, 1, стр. 1, Москва;martinezbar.ru;55.767 37.631;cafe
Пари Паб, ресторан;+7 (495) 624-36-36;;улица Большая Лубянка, 24/15 ст1;pari-pub.ru;55.765 37.631;cafe
Натахтари;+7 (495) 924-94-44;;Новая площадь, 14, Москва;cafenatahtari.ru;55.757 37.628;cafe
Кафе Лубянка;;+7 (904) 567-19-50;Большой Кисельный пер., 16/13, Москва;lubyankafood.ru;55.764 37.629;cafe
Железный Феникс;+7 (495) 476-50-55;;Рождественский бул., 19, Москва;clubcha.ru;55.767 37.629;cafe
Итальянский ресторан Roberto;+7 (495) 621-09-15;;Рождественский бул., 20, Москва;ristoranteroberto.ru;55.766 37.630;cafe
Хинкальная;+7 (495) 297-40-85;;Рождественский бул., 22/23с1, Москва;hinkalnaya-restoran.ru , kafekhinkalnaya.ru;55.766 37.630;cafe
Monk's Pub;+7 (495) 232-12-10;;Рождественский бул., 22/23с1, Москва;monks.pub;55.766 37.631;cafe
Пшеница, кафе-столовая;+7 (495) 647-63-15;;Каланчёвская ул., 13, Центральный административный округ, Красносельский район, Москва;;55.771 37.651;cafe
Defaqto, бар;+7 (495) 624-44-97;;улица Большая Лубянка, 30/2;defaqto.ru;55.766 37.631;cafe
Харизма Friends Hall, караоке-бар;+7 (495) 291-05-43, +7 (495) 845-12-29, +7 (495) 845-12-28, +7 (495) 145-23-98, +7 (495) 845-12-31;;Сретенский пер., 4, Москва;harizma.club;55.765 37.632;cafe
Долма, ресторан домашней кухни;+7 (495) 922-63-21;+7 (985) 922-63-21;ул. Сретенка, 12, Москва;restoran-dolma.ru;55.768 37.632;cafe
Папа Вейдер, кафе-клуб;;+7 (929) 629-15-53;Большой Златоустинский переулок, 3/5 ст1;papavader.com;55.759 37.633;cafe
2:2, паб;+7 (495) 621-29-27;+7 (916) 681-91-72;ул. Сретенка, 16/2, Москва;22pub.ru;55.768 37.632;cafe
Bourbon street, бар-кафе;+7 (495) 967-67-92;+7 (909) 675-40-10;Большой Златоустинский переулок, 7 ст1;bourbonstreet.ru;55.759 37.633;cafe
Пить и петь, караоке;+7 (495) 369-17-52;+7 (916) 203-48-48, +7 (906) 029-99-09;улица Сретенка, 26;drinkandsing.ru;55.770 37.633;cafe
Шоколадница;;+7 (985) 310-46-32;ул. Маросейка, 3/13с1, Москва;shoko.ru;55.757 37.631;cafe
HorecaExperts;;+7 (926) 420-30-31;Большой Златоустинский пер., 4, Москва;horecaexperts.ru;55.759 37.631;cafe
Dark Patrick`s Pub, ирландский паб;+7 (495) 621-37-97, +7 (495) 151-68-38;+7 (925) 269-45-21;Большой Златоустинский пер., 1, стр. 1, Москва;dp-pub.ru;55.760 37.632;cafe
Кулинарная лавка братьев Караваевых;+7 (495) 628-35-38;;Милютинский пер., 19/4с2, Москва;karavaevi.ru;55.766 37.632;cafe
Omg! Coffee, кофейня;+7 (495) 722-69-54;+7 (964) 574-87-77, +7 (916) 658-27-77, +7 (925) 598-11-11, +7 (906) 849-22-22, +7 (926) 029-92-05;ул. Сретенка, 27, стр. 1, Москва;omgcake.ru , omgcafe.ru , omgcoffee.ru;55.771 37.632;cafe
Дядька кофе. Картель;;+7 (929) 678-92-61;Милютинский пер., 19/4с1, Москва;;55.766 37.632;cafe
Апартмент;;+7 (977) 712-11-11;Мясницкая ул., 18, Москва;apartmentparbar.ru;55.761 37.632;cafe
Casa leone, итальянское кафе-джелатерия;+7 (495) 792-22-02;+7 (968) 665-93-01;Лубянский пр., 15, стр. 2, Москва;gelatomoscow.ru;55.757 37.632;cafe
Кофе Хауз;;+7 (968) 792-70-85, +7 (964) 577-58-90, +7 (909) 952-94-19, +7 (968) 792-70-99, +7 (905) 722-50-60, +7 (964) 577-73-42, +7 (909) 957-04-51, +7 (909) 691-27-91, +7 (965) 157-34-68;ул. Сретенка, 34/1с1, Москва;coffeehouse.ru;55.772 37.633;cafe
Pro Burger;;+7 (985) 471-60-83, +7 (926) 032-29-88;ул. Маросейка, 2/15с1, Москва;;55.757 37.633;cafe
Кулинарная лавка братьев Караваевых;+7 (495) 136-20-70;;Мясницкая ул., 18, Москва;karavaevi.ru;55.761 37.633;cafe
SOS.CAFE, сосисочная;+7 (495) 150-43-34;;улица Мясницкая, 11;sos.cafe;55.762 37.633;cafe
Беловъ, гастробар;;+7 (915) 277-56-23;улица Маросейка, 9/2 ст6;belovbar.ru;55.758 37.633;cafe
Unlock, кафе;+7 (495) 623-25-78;;Лубянский проезд, 19/1;unlock.cafe;55.756 37.633;cafe
Дружба, чебуречная;+7 (495) 607-26-86, +7 (495) 607-19-95;;Панкратьевский пер., 2, Москва;;55.772 37.634;cafe
Bingsu, кафе паназиатской кухни;;+7 (977) 454-22-21;улица Мясницкая, 22 ст1;;55.762 37.635;cafe
Michelada, мексиканский бар;+7 (495) 098-04-85;;улица Маросейка, 4/2 ст3;michelada.ru;55.757 37.634;cafe
Ex:Libris, арт-кафе;+7 (495) 625-58-55;+7 (916) 684-57-40;Бобров переулок, 6 ст1;exlibriscafe.ru;55.765 37.634;cafe
Пропаганда, кафе-клуб;+7 (495) 624-57-32;;Большой Златоустинский пер., 7, стр. 1, Москва;propagandamoscow.com;55.759 37.633;cafe
Сандал, кафе-ресторан;+7 (495) 621-91-21;+7 (926) 426-72-81;Сретенский бул., 3, Москва;cafesandal.ru;55.767 37.633;cafe
Маурицио;+7 (495) 197-74-23;;ул. Сретенка, 26/1, Москва;maurizio.ru;55.771 37.633;cafe
We Cidreria;;+7 (999) 805-98-74;Лубянский пр., 17, Москва;;55.756 37.633;cafe
Cafe13, ресторан европейской кухни с израильским акцентом;;+7 (915) 455-50-51;Мясницкая ул., 13, стр. 11, Москва;cafe13.ru;55.763 37.633;cafe
На Связи;+7 (495) 621-74-72;+7 (915) 384-78-78;ул. Маросейка, 7/8с1, Москва;nasvyazimsk.ru;55.758 37.633;cafe
ББ&Бургерс;;+7 (963) 715-72-67, +7 (963) 715-70-89;ул. Маросейка, 4/2с1, Москва;clck.ru , bbburgers.ru;55.757 37.634;cafe
LISObon;;+7 (916) 920-38-38;Селивёрстов пер., 1/26, Москва;lisobon.com;55.770 37.633;cafe
Эклерная Клер;;+7 (968) 855-39-62;ул. Сретенка, 26/1, Москва;eklernayakler.ru;55.771 37.633;cafe
Милос;;+7 (925) 165-77-40;ул. Маросейка, 4/2с1, Москва;mylos.ru;55.757 37.634;cafe
Coffee Buro;+7 (495) 788-06-08;;Славянская площадь, 2/5/4с3, Москва;coffeeburo.ru;55.753 37.634;cafe
Bfl's;;+7 (964) 727-71-25;ул. Маросейка, 4/2с1, Москва;;55.757 37.634;cafe
Twig;;+7 (925) 369-09-19;Мясницкая ул., 22, стр. 1, Москва, Россия;;55.762 37.634;cafe
Мичелада;+7 (495) 449-76-82;;ул. Маросейка, 4/2с3, Москва;michelada.ru;55.757 37.634;cafe
Larry&Krabs;;+7 (917) 597-53-73;ул. Маросейка, 6-8с1, Москва;larrykrabs.ru;55.758 37.634;cafe
Бардак, кафе турецкой кухни;+7 (495) 624-88-78;+7 (965) 113-03-71, +7 (909) 632-22-39;улица Маросейка, 6/8 ст1;bardak.cafe;55.757 37.634;cafe
Alaska, пивной паб;;+7 (977) 436-93-67;Бобров переулок, 4 ст1;alaska.moscow;55.765 37.634;cafe
Mollie`s, ирландский паб;+7 (495) 624-46-96;;улица Мясницкая, 13 ст3;molliespub.ru;55.763 37.635;cafe
1929, бар;+7 (495) 784-68-28;;Славянская площадь, 2/5/4 ст3;bar1929.ru;55.753 37.635;cafe
Пробка, гриль-бар;+7 (495) 966-15-91;+7 (985) 459-94-29;улица Мясницкая, 24/7 ст1;dostavka.probkabar.ru , probkabar.ru;55.762 37.635;cafe
PaPaella, кафе испанской кухни;;+7 (926) 603-53-23;Банковский переулок, 5;papaella.ru;55.762 37.635;cafe
Frank by Баста, ресторан американской кухни;;+7 (926) 735-54-58;Мясницкая ул., 24, Москва;frankmeat.ru;55.763 37.635;cafe
Гастробар Alaska;;+7 (901) 259-15-68;Бобров пер., 4, стр. 1, Москва;alaska-rest.ru;55.765 37.634;cafe
Китайский летчик Джао Да, кафе-клуб;+7 (495) 624-56-11, +7 (495) 623-28-96, +7 (495) 476-50-32, +7 (4852) 20-54-30;+7 (930) 076-57-51;Лубянский пр., 25, стр. 1, Москва;jao-da.ru;55.755 37.634;cafe
Пороселло, кафе-бар;+7 (495) 623-59-69;;Лубянский пр., 25, стр. 2, Москва;porosello.ru;55.755 37.635;cafe
Razdevalka;+7 (495) 235-45-55;;Фролов пер., 1, стр. 2, Москва;razdevalkaclub.com;55.765 37.635;cafe
Лепим и Варим;;+7 (926) 424-40-22;ул. Маросейка, 9/2с1, Москва;lepimivarim.ru;55.758 37.635;cafe
Натахтари;+7 (499) 381-10-51;;ул. Маросейка, 6-8с1, Москва;cafenatahtari.ru;55.758 37.635;cafe
Бар 13 Rules;;+7 (904) 568-33-76;Луков пер., 10, Москва;bar-13-rules.ru;55.768 37.635;cafe
Вареничная № 1;+7 (495) 623-27-53;+7 (926) 805-09-94;Мясницкая ул., 24, Москва;varenichnaya.ru;55.763 37.635;cafe
Dream bar, кафе-бар;+7 (495) 621-77-68;;Мясницкая ул., 17, стр. 1, Москва;dreambar.ru;55.763 37.635;cafe
Птица-Синица;+7 (499) 348-15-05;+7 (926) 864-20-99, +7 (968) 570-52-58;Большой Спасоглинищевский пер., 3, стр. 5, Москва;;55.756 37.635;cafe
Cofix Китай-город;;+7 (968) 869-34-49;Россия, Москва, Лубянский проезд;cofix.global , cofix.ru;55.754 37.635;cafe
Stay true bar, кафе-бар;+7 (495) 784-68-38;+7 (965) 305-15-14;Славянская площадь, 2/5/4 ст3;staytruebar.ru;55.753 37.635;cafe
Crazy Daisy, бар;+7 (495) 632-99-52, +7 (495) 641-34-44;;Тургеневская площадь, 2, Москва;daisybar.ru;55.766 37.636;cafe
Megobari, грузинский винный бар;;+7 (905) 700-40-07;ул. Маросейка, 15, Москва;megobari.wine;55.758 37.636;cafe
Justa Pasta, ресторан итальянской кухни;+7 (495) 489-34-52;+7 (925) 447-73-17;улица Солянка, 2/6 ст1;justapasta.ru;55.754 37.637;cafe
Eywaart.cafe, вегетарианское кафе;;+7 (968) 858-58-50;Большая Сухаревская площадь, 16/18 ст1;eywaart.space;55.772 37.637;cafe
Nuahule Smoke Lubyanka;+7 (499) 380-82-59;+7 (985) 717-90-90;Мясницкая ул., 24, Москва;nua.moscow;55.763 37.636;cafe
Mad Wine Bar;;+7 (926) 045-72-24;Мясницкая ул., 24/7с1, Москва;madwinebar.com;55.762 37.636;cafe
Шоколадница;;+7 (985) 310-45-67;Мясницкая ул., вл24/7с2, Москва;shoko.ru;55.763 37.636;cafe
Yumms Moscow, десерт-бар;;+7 (913) 123-32-10, +7 (985) 427-17-04;Кривоколенный пер., 10, стр. 6, Москва;yumms.store , yumms.moscow;55.761 37.636;cafe
Слоны и Мамонты, бар;+7 (495) 625-05-46;+7 (925) 872-49-54;ул. Маросейка, 13, стр. 1, Москва;slonymamonti.ru;55.758 37.636;cafe
Bubblemania;+7 (812) 456-08-98;;ул. Маросейка, 8, Москва;bubblemania.ru;55.758 37.637;cafe
Cofix;;+7 (901) 352-06-18;ул. Солянка, 2/6, Москва;cofix.global , cofix.ru;55.754 37.637;cafe
Петрович;+7 (495) 623-89-40, +7 (495) 623-00-82;;Мясницкая ул., 24/7с3, Москва;club-petrovich.ru;55.763 37.637;cafe
Менталитет;;+7 (903) 017-73-88;Большая Сухаревская площадь, 14/7, Москва;mentalitet.moscow;55.772 37.637;cafe
Базара нет by Doni;;+7 (977) 334-20-20;ул. Солянка, 4с1-1А, Москва;bazaranet.ru;55.754 37.637;cafe
Шоколадница;;+7 (926) 992-24-87;Большой Спасоглинищевский пер., 9/1с16, Москва;shoko.ru;55.754 37.637;cafe
Zotman pizza;;+7 (926) 627-94-64;ул. Солянка, 1/2с1, Москва;zotman.ru , zotmanpizza.ru;55.754 37.637;cafe
Eywa Art;;+7 (980) 697-68-75;Большая Сухаревская площадь, 16/18с1, Москва;eywaart.space;55.772 37.637;cafe
Колбаса, рестобар;;+7 (999) 906-63-77;ул. Забелина, 1, Москва;barkolbasa.ru;55.754 37.637;cafe
Кулинарная лавка братьев Караваевых;+7 (495) 139-69-36, +7 (495) 625-26-51;;ул. Солянка, 4, стр. 4, Москва;karavaevi.ru;55.754 37.637;cafe
Officina, ресторан;+7 (499) 391-08-57;+7 (968) 040-43-94;Большой Спасоглинищевский переулок, 9/1 ст14;officina.moscow;55.755 37.638;cafe
Хинкали point, кафе грузинской кухни;+7 (495) 223-93-32;;ул. Забелина, 1, Москва;;55.755 37.638;cafe
Bambule;+7 (495) 114-54-22;+7 (926) 653-88-05;ул. Солянка, 1/2с1, Москва;bambule.ru;55.754 37.638;cafe
22 сантиметра, пиццерия;+7 (812) 945-31-64;+7 (931) 594-17-22, +7 (931) 278-22-44, +7 (926) 429-72-22, +7 (926) 329-72-22, +7 (999) 034-65-69, +7 (999) 034-16-55, +7 (911) 929-94-83, +7 (931) 970-67-35, +7 (931) 336-17-22;улица Солянка, 1;pizza22cm.ru;55.754 37.638;cafe
Pauwel kwak, гастропаб;+7 (495) 104-84-40;;улица Покровка, 2/1;kwakpub.ru;55.758 37.639;cafe
Farro pasta bar, cовременный паста-бар;;+7 (910) 490-10-00, +7 (916) 273-56-80;улица Покровка, 1/13/6 ст2;farropastabar.com;55.758 37.639;cafe
Буше;+7 (812) 640-64-50, +7 (812) 640-51-51, +7 (812-64) 0-60-06;;ул. Солянка, 1/2с1, Москва;bushe.ru , shop.bushe.ru;55.754 37.637;cafe
Свобода, рюмочная;;+7 (926) 510-46-91;Кривоколенный пер., 14, стр. 1, Москва;rumkasvobodi.ru;55.763 37.637;cafe
SeDelice;;+7 (966) 191-34-50;Мясницкая ул., 30/1/2с1, Москва;sedelice.ru;55.766 37.639;cafe
Магнолия;+7 (495) 917-03-95;;ул. Покровка, 2/1с1, Москва;shop.mgnl.ru;55.758 37.639;cafe
Бахытик, кафе;;+7 (926) 494-18-08, +7 (916) 188-62-20;Архангельский пер., 15, стр. 3, Москва;bahytik.qr-cafe.ru , бахытик.рф;55.763 37.639;cafe
Испанская лавка, магазин колбас и вин;+7 (495) 419-20-29, +7 (499) 702-31-19;+7 (967) 128-72-49, +7 (916) 550-66-88, +7 (977) 916-79-54;Мясницкая ул., 30, стр. 3, Москва;hamonmoscow.ru;55.765 37.639;cafe
Золотая Вобла, народный бар;;+7 (916) 678-64-02;улица Покровка, 2;vobla.ru;55.758 37.640;cafe
Jim`n`Jack`s, экспат-бар;;+7 (915) 143-40-46, +7 (977) 611-34-24;улица Мясницкая, 38 ст1;;55.766 37.640;cafe
Ramen ten, раменная;+7 (495) 144-88-08;+7 (991) 339-26-80, +7 (926) 009-90-91;улица Покровка, 4 ст1;ramenten.ru;55.759 37.641;cafe
Белые облака, вегетарианское и веганское кафе;;+7 (925) 330-12-05, +7 (991) 709-15-85;улица Покровка, 4 ст1;cafebelyeoblaka.ru;55.759 37.642;cafe
Harat`s pub, ирландский паб;+7 (499) 750-11-66;;ул. Покровка, 6, Москва;moscow.harats.com;55.759 37.642;cafe
Шоколадница, кофейня;+7 (499) 990-96-31;;Чистопрудный бул., 1А, Москва;shoko.ru;55.765 37.640;cafe
Территория вкуса;+7 (499) 136-52-36;+7 (903) 626-28-28, +7 (966) 193-37-37;Уланский пер., 16, корп. 1, Москва;tervkusa.ru;55.768 37.640;cafe
Scrocchiarella;;+7 (925) 107-31-74;ул. Покровка, 1/13/6с2, Москва;scrocchiarella-pizza.ru;55.759 37.640;cafe
CHICKO;;+7 (977) 974-33-19;ул. Покровка, 1/13/6с2, Москва;;55.759 37.640;cafe
Burger heroes, бургер-бар;;+7 (963) 670-45-62;Мясницкая ул., 38, стр. 1, Москва;burgerheroes.ru;55.766 37.640;cafe
Тема, бар;+7 (495) 624-27-20;+7 (968) 824-27-20;Потаповский пер., 5, стр. 2, Москва;temabar.ru;55.762 37.640;cafe
Saperavi cafe, кафе грузинской кухни;+7 (495) 648-66-33;;ул. Покровка, 5, стр. 5, Москва;speelogroup.com , saperavicafe.com;55.759 37.641;cafe
Хинкали у Нино, кафе;;+7 (926) 970-67-67;ул. Покровка, 4, стр. 1, Москва;hinkalinino.ru;55.759 37.641;cafe
Рамен Тен;+7 (495) 191-96-94;;ул. Покровка, 4, стр. 1, Москва;ramenten.ru;55.759 37.641;cafe
Ноев ковчег;+7 (495) 917-31-08;+7 (953) 972-87-27;Малый Ивановский пер., 7-9с1, Москва;noevkovcheg.ru , delivery.noevkovcheg.ru;55.754 37.641;cafe
Сыто пьяно, кафе;;+7 (977) 800-37-01;ул. Покровка, 4, стр. 1, Москва;sito-piano.ru;55.759 37.641;cafe
Chillim;+7 (499) 112-42-18;;Садовая-Спасская ул., 12/23с2, Москва;chillimlounge.ru;55.771 37.642;cafe
Sisters, кафе;+7 (495) 623-09-32;+7 (995) 507-11-50, +7 (925) 702-79-25;ул. Покровка, 6, Москва;sisterscafe.ru;55.759 37.642;cafe
G`астроном, гастробуфет;+7 (495) 374-70-43;+7 (925) 796-55-25;проспект Академика Сахарова, 12;;55.769 37.643;cafe
Introvert. place, арт-пространство;;+7 (916) 234-27-24;Мясницкая ул., 41, стр. 3, Москва;introvert.team;55.768 37.643;cafe
Магнолия;+7 (495) 921-32-36;;Чистопрудный бул., 7/2, Москва;mgnl.ru , shop.mgnl.ru;55.763 37.643;cafe
Жара;+7 (499) 403-32-27;+7 (985) 220-15-11, +7 (963) 739-16-58, +7 (926) 935-13-28;Мясницкая ул., 41, стр. 3, Москва;;55.768 37.643;cafe
Pretty Bubble Tea;;+7 (965) 210-81-23;Мясницкая ул., 41, стр. 1, Москва;;55.768 37.643;cafe
Killfish;;+7 (929) 590-37-80, +7 (926) 727-21-10;ул. Покровка, 10, стр. 2, Москва;killfish.ru;55.759 37.644;cafe
Пивтрест, ресторан;+7 (495) 621-97-73, +7 (495) 625-97-97;+7 (926) 935-48-56;Мясницкая ул., 46, стр. 1, Москва;pivtrest.com;55.768 37.644;cafe
La veranda, итальянский ресторан;;+7 (985) 123-05-55;Большой Козловский пер., 4, стр. 4, Москва;laveranda.msk.ru;55.768 37.645;cafe
Старая Грузия, ресторан;;+7 (925) 182-77-80;Подколокольный переулок, 16/2 ст1;starayagruzia.ru;55.753 37.645;cafe
Maestrello, пиццерия;+7 (495) 623-44-11;;ул. Покровка, 16, Москва;pizzamaestrello.com;55.759 37.646;cafe
Клаштер, бар;+7 (498) 636-00-13, +7 (495) 628-59-44;+7 (968) 719-54-14;ул. Покровка, 19, Москва;klashterbar.ru;55.760 37.646;cafe
Imagine cafe, кафе-клуб;+7 (495) 623-25-94;+7 (965) 102-46-20;улица Покровка, 16/16 ст1;imaginecafe.ru;55.759 37.646;cafe
Semplice, траттория;+7 (495) 623-15-10;+7 (958) 683-70-97, +7 (939) 111-79-84;ул. Чаплыгина, 6, Москва;semplice.su , semplicerest.ru , semplice-delivery.ru;55.764 37.646;cafe
Барави, французская пекарня-кондитерская;+7 (495) 623-69-07, +7 (495) 623-37-05;+7 (903) 718-98-78;Мясницкий пр., 2/1, Москва;baravi.ru , baravi-t.com;55.768 37.646;cafe
Булка, ресторан-пекарня;+7 (495) 230-70-17;;ул. Покровка, 19, Москва;bulkabakery.ru;55.760 37.646;cafe
Caffe Mandy`s, гастрономическая лавка;+7 (495) 532-51-71;;ул. Покровка, 19, Москва;caffemandys.ru;55.760 37.647;cafe
0.33, бельгийская брассери;+7 (495) 607-75-53;+7 (926) 088-89-36;Садовая-Спасская улица, 17/2;brasserie033.ru;55.770 37.647;cafe
Dizengof99, тель-авивское кафе;;+7 (929) 569-82-25, +7 (929) 569-82-29;Покровский бульвар, 8 ст1а;dizengof99.com;55.757 37.647;cafe
Beer Harbor, крафтовый бар;+7 (495) 211-28-61;;улица Покровка, 21-23/25 ст1;beerharbor.ru;55.760 37.647;cafe
Литали, кафе;+7 (495) 489-88-55, +7 (495) 777-07-88;+7 (929) 930-99-80, +7 (925) 034-77-27, +7 (926) 629-90-71, +7 (965) 338-86-74, +7 (926) 206-75-35, +7 (985) 217-88-34, +7 (964) 583-44-49;Садовая-Спасская улица, 19 к3;wellion-hotels.ru , cafe-litaly.ru;55.770 37.647;cafe
Френдс: в гостях у Моники, тематическое кафе;+7 (495) 205-44-88;;улица Покровка, 20/1;friendsmsk.ru;55.758 37.647;cafe
Кулинарная лавка братьев Караваевых;+7 (495) 790-85-72;;ул. Покровка, 14/2с1, Москва;karavaevi.ru;55.759 37.645;cafe
Extra Virgin;+7 (495) 916-36-08;+7 (925) 661-63-02, +7 (926) 380-70-43;ул. Покровка, 17, Москва;evgrill.ru;55.759 37.645;cafe
Cofix;;+7 (909) 669-09-20;Покровский бул., 2/14, Москва;cofix.global , cofix.ru;55.759 37.645;cafe
Пока никто не видит, пивной бар;;+7 (926) 962-38-40;ул. Покровка, 17, стр. 1, Москва;;55.760 37.645;cafe
Хинкальная;+7 (499) 503-73-77;;ул. Покровка, 16, Москва;gg-group.ru , kafekhinkalnaya.ru;55.759 37.646;cafe
Место 20/1;;+7 (991) 311-93-84;ул. Покровка, 20/1с1, Москва;mesto20-1.ru;55.758 37.647;cafe
Башкортостан;+7 (495) 514-05-46, +7 (495) 607-85-85;;Орликов пер., 3, стр. 8, Москва;;55.771 37.647;cafe
Чайная высота;;+7 (963) 770-05-54, +7 (963) 771-56-36;ул. Покровка, 27, Москва;teatix.com , cha108.ru;55.760 37.648;cafe
Corner coffee roasters, кофейня;+7 (499) 398-82-48;;Покровский бул., 14/6, Москва;cornercoffee.ru;55.755 37.648;cafe
Don Giulio, кафе-лавка итальянских продуктов;+7 (499) 246-62-28, +7 (495) 624-56-52;;ул. Покровка, 27, стр. 1, Москва;dongiulio.ru;55.760 37.648;cafe
Coffeeshop company, кофейня;;+7 (915) 060-21-85;ул. Маши Порываевой, 34, Москва;coffeeshopcompany.ru;55.772 37.649;cafe
Осетинские пироги Pir & Rog;;+7 (915) 300-50-05;Дурасовский пер., 1, стр. 1, Москва;pirrog.ru;55.755 37.649;cafe
White fox, кофейня;;+7 (901) 147-74-95;Подсосенский пер., 8, стр. 2, Москва;whitefoxcafe.ru;55.758 37.650;cafe
Cofix;;+7 (916) 454-41-27;Каланчёвская ул., 11, стр. 1, Центральный административный округ, Красносельский район, Москва;cofix.global;55.770 37.651;cafe
Est-Caffe, кафе;+7 (495) 507-76-79;+7 (905) 511-07-04;улица Покровка, 38 ст5;;55.762 37.652;cafe
Études Café;;+7 (901) 469-41-85, +7 (910) 457-44-65;ул. Покровка, 38А, Москва;etudes-cafe.ru;55.762 37.651;cafe
Честная кухня, ресторан;+7 (495) 607-50-90;+7 (985) 181-10-50, +7 (925) 024-02-00;Садовая-Черногрязская ул., 10/25, Москва;chestnayakuhnya.ru;55.767 37.652;cafe
Еда по-домашнему;;+7 (926) 702-65-01, +7 (916) 606-34-33, +7 (901) 147-97-83;Лялин пер., 3, стр. 2, Москва;edakakdoma.ru;55.761 37.652;cafe
Восточный дворик;+7 (499) 975-48-63;;Каланчёвская ул., 4/2с1, Центральный административный округ, Красносельский район, Москва;vostochny-dvorik.ru;55.771 37.652;cafe
Алтаргана, уютное кафе;;+7 (915) 492-48-30;Садовая-Черногрязская ул., 3Б, стр. 1, Москва;altargana-moscow.ru;55.767 37.652;cafe
Бейрут, кафе;+7 (495) 625-59-10;+7 (929) 603-20-90, +7 (916) 123-12-01;Машкова ул., 22, Москва;beirutcafe.ru;55.764 37.653;cafe
Клуб выпускников МГУ, кафе;;+7 (916) 168-71-08, +7 (991) 714-56-21, +7 (929) 567-89-91;Садовая-Черногрязская улица, 16/18;mgu-club.ru;55.765 37.655;cafe
Мегрули, кафе;;+7 (919) 728-50-00;улица Покровка, 48 ст1;megruli-cafe.ru;55.763 37.655;cafe
Смайл, арт-кафе;+7 (495) 917-77-80;;улица Покровка, 48 ст1;smilekafe.ru;55.763 37.655;cafe
А.Ф. Кони, кафе;+7 (499) 265-78-08;;Новая Басманная ул., 9, Москва;af-koni.ru;55.770 37.655;cafe
Каюк-компания, кафе-бар;+7 (495) 607-97-68;;Новорязанская ул., 2/7, Москва;kaukcom.com;55.771 37.656;cafe
Наше SPA;+7 (495) 917-86-83;+7 (915) 088-88-83;ул. Покровка, 45, стр. 2, Москва;nashe-spa.ru;55.763 37.653;cafe
Оджахури, ресторан;+7 (495) 621-60-02, +7 (495) 917-53-04;;Садовая-Черногрязская ул., 22, стр. 1, Москва;ojakhuri.ru;55.764 37.655;cafe
Советские Времена;+7 (495) 917-46-21;;ул. Покровка, 50/2с1, Москва;;55.764 37.655;cafe
Аддис Абеба, кафе-бар;+7 (495) 916-24-32;;Земляной Вал улица, 6 ст1;cafe-addisabeba.com;55.762 37.657;cafe
Хинкальная №1, кафе;+7 (495) 508-37-07;+7 (916) 495-35-00, +7 (925) 134-27-27;улица Старая Басманная, 7 ст1;хинкальная1.рф , xinkalnaya1.ru;55.765 37.657;cafe
Bigati Bar, винный бар;;+7 (977) 674-23-04;Земляной Вал улица, 1/4 ст1;bigati-bar.ru;55.764 37.658;cafe
Тарелка, столовая другого формата;+7 (777) 285-84-58, +7 (499) 346-00-82, +7 (812) 383-55-03, +7 (812) 383-55-01;+7 (995) 090-92-63, +7 (999) 545-58-98, +7 (999) 202-59-82, +7 (927) 775-33-00, +7 (911) 936-64-53, +7 (965) 764-19-48, +7 (904) 648-21-80, +7 (981) 871-90-54, +7 (965) 078-01-97, +7 (927) 774-33-00;ул. Земляной Вал, 9, Москва;tarelkas.ru;55.762 37.658;cafe
Dvor, бар;;+7 (903) 589-01-51;Земляной Вал улица, 7;dvorproject.com;55.763 37.658;cafe
Шоколадница;;+7 (915) 473-84-91;ул. Земляной Вал, 18-22с1, Москва;shoko.ru;55.760 37.657;cafe
Хинкальная № 1;+7 (495) 608-44-27;;Старая Басманная ул., 7, Москва;xinkalnaya1.ru;55.765 37.657;cafe
Тануки, сеть японских ресторанов;+7 (499) 649-22-23;;ул. Земляной Вал, 26, стр. 1, Москва;rest.tanukifamily.ru , tanukifamily.ru , tanuki.ru;55.758 37.657;cafe
Хинкальная № 1;+7 (499) 261-29-48;;Новая Басманная ул., 13/2с1, Москва;xinkalnaya1.ru;55.770 37.657;cafe
Florentini city, ресторан;+7 (495) 608-03-50;;Старая Басманная ул., 9, корп. 1, Москва;florentinicafe.ru;55.765 37.658;cafe
Стейк&Бургер Мираторг, бургерная;;+7 (985) 423-98-79, +7 (916) 795-44-18;ул. Земляной Вал, 9, Москва;shop.miratorg.ru , miratorg.ru , burgermiratorg.shop;55.761 37.658;cafe
Двор;+7 (495) 789-01-51;;ул. Земляной Вал, 7, Москва;dvorproject.com;55.763 37.658;cafe
Шоколадница;;+7 (977) 401-63-67, +7 (915) 473-84-57;ул. Земляной Вал, 33, Москва;shoko.ru;55.758 37.659;cafe
Benedict, городское кафе;+7 (495) 790-93-90;+7 (903) 790-93-90;ул. Земляной Вал, 33, Москва;benedict-cafe.ru;55.757 37.659;cafe
Gross coffee, кофейня;;+7 (985) 515-72-06;Верхняя Сыромятническая ул., 2, Москва;gross-coffee.clients.site;55.754 37.660;cafe
Cofix, кофейня фиксированной цены;;+7 (977) 172-06-14;ул. Земляной Вал, 27, стр. 2, Москва;cofix.global;55.759 37.659;cafe
Cream Bar, кафе-мороженое;+7 (495) 783-25-58;+7 (903) 754-35-45;ул. Земляной Вал, 33, Москва;creambar.ru;55.758 37.659;cafe
The Hummus;;+7 (926) 426-79-38, +7 (916) 578-26-95;Старая Басманная ул., вл15, Москва;thehummus.ru;55.766 37.660;cafe
Zапойzаешь, караоке-зал;+7 (499) 404-21-70;;улица Казакова, 8а ст2;zapoizaesh.ru;55.763 37.662;cafe
Чито-ра, трактир;+7 (499) 444-74-74;;улица Казакова, 10/2 ст1;chito-ra.ru;55.762 37.663;cafe
Cofix;;+7 (977) 269-76-48;Верхний Сусальный пер., 4/6с3, Москва;cofix.global , cofix.ru;55.755 37.661;cafe
Коала;;+7 (977) 327-38-38;Новая Басманная ул., 23, стр. 3, Москва;koalarest.ru;55.770 37.661;cafe
15-й шар, бильярдный клуб-ресторан;+7 (495) 258-42-19;+7 (968) 450-35-31, +7 (926) 096-16-15;ул. Казакова, 8, стр. 3, Москва;15shar.ru;55.762 37.661;cafe
ЗАпойЗАешь;+7 (499) 325-56-64;;ул. Казакова, 8, стр. 2, Москва;zapoizaesh.ru;55.763 37.661;cafe
Пространство Внутри;;+7 (968) 083-28-49, +7 (968) 730-05-13, +7 (903) 356-76-76;ул. Казакова, 8, стр. 3, Москва;vnutri.space;55.762 37.661;cafe
Хинкальная на Арме, кафе;+7 (495) 626-41-51;;Нижний Сусальный пер., 5, стр. 2, Москва;hinkali.vip;55.760 37.662;cafe
Meating-Митинг;;+7 (919) 996-05-51, +7 (910) 438-69-35;Нижний Сусальный пер., 5, стр. 2, Москва;meating-miting.clients.site;55.761 37.662;cafe
Компот;;+7 (963) 924-32-92;2-й Сыромятнический пер., 1, Москва;cafe-kompot.ru , kompot-cafe.ru;55.754 37.663;cafe
Золотой Дракон, кафе быстрого питания;+7 (495) 369-16-88, +7 (499) 975-55-66;;Нижний Сусальный пер., 4, стр. 3, Москва;goldendragon.ru;55.762 37.663;cafe
Восточная Пташка;;+7 (910) 085-85-87;Нижний Сусальный пер., 5, стр. 1, Москва, Россия;ptaha.rest;55.761 37.663;cafe
Symposy Wine&Tapas;+7 (495) 983-35-90;;Нижний Сусальный пер., 5, стр. 4, Москва;symposy-winetapas.clients.site;55.760 37.663;cafe
Публика, кафе-бар;;+7 (901) 762-16-50;Старая Басманная ул., 18, стр. 4, Москва;publiquecafe.com;55.766 37.664;cafe
Arma craft, крафтовый паб;;+7 (903) 172-32-34, +7 (977) 378-27-08;Нижний Сусальный пер., 5, стр. 9, Москва;;55.761 37.664;cafe
Omg! Coffee, кофейня;;+7 (903) 722-69-54;Нижний Сусальный пер., 5, стр. 10, Москва;omgcake.ru , omgcafe.ru , omgcoffee.ru;55.761 37.664;cafe
Цурцум, кафе;+7 (495) 783-89-48;;4-й Сыромятнический переулок, 1/8 ст6;;55.756 37.665;cafe
Ma&Mi, студия красоты;+7 (495) 991-06-41;+7 (985) 086-67-06, +7 (925) 847-48-34, +7 (977) 757-58-87, +7 (963) 640-62-40, +7 (985) 991-06-41, +7 (926) 521-11-72;Нижний Сусальный пер., 5, стр. 13, Москва;maandmi.ru;55.758 37.664;cafe
Цурцум_кафе;;+7 (966) 121-85-33;4-й Сыромятнический пер., 1/8с6, Москва;deliverymenu.ru;55.756 37.665;cafe
Coffee Frisbee;+7 (495) 917-17-99, +7 (495) 917-46-46;+7 (905) 519-99-50, +7 (965) 214-65-98;4-й Сыромятнический пер., 1/8с9, Москва;winzavod.ru;55.756 37.666;cafe
Трапеzа, столовая;;+7 (925) 514-05-81;Нижний Сусальный пер., 5, стр. 19, Москва;eda.trapezza.com , trapezza.com;55.759 37.666;cafe
Ela, ресторан;+7 (495) 252-75-95;;Новая Басманная ул., 32, Москва;ela.rest;55.770 37.667;cafe
На Басманной, кафе;+7 (499) 261-45-73, +7 (499) 261-92-41;+7 (985) 338-63-64, +7 (926) 149-45-37;Старая Басманная ул., 34, Москва;nabasmannoi.ru;55.769 37.669;cafe
Encore Cafe;+7 (495) 297-10-37;;Гороховский пер., 12, стр. 5, Москва;linktr.ee;55.765 37.667;cafe
Буфетрина;;+7 (915) 107-96-59, +7 (903) 108-69-01;Нижняя Сыромятническая ул., 10, стр. 9, Москва;bufetrina.ru;55.753 37.668;cafe
Мох Волна;;+7 (910) 457-48-40, +7 (916) 814-31-80;Нижняя Сыромятническая ул., 10, стр. 7, Москва;moxveganfood.ru;55.752 37.669;cafe
Скалка;;+7 (925) 566-22-90;Нижняя Сыромятническая ул., 10, стр. 4, Москва;pirogi-skalka.ru;55.752 37.670;cafe
Bitter drop, кофейня;;+7 (985) 519-84-49, +7 (985) 489-11-80;Нижняя Сыромятническая ул., 10, стр. 4, Москва;bitter-drop.business.site;55.752 37.670;cafe
Element Coffee;;+7 (915) 397-61-53;Доброслободская ул., 2, Москва;apps.apple.com;55.769 37.671;cafe
Mission • Ethical Space;;+7 (966) 666-47-80, +7 (926) 158-78-20;Спартаковская ул., 3, стр. 3, Москва;mission.moscow;55.771 37.671;cafe
Nino Cafe;;+7 (925) 552-22-10, +7 (936) 444-70-46, +7 (984) 333-41-97;Доброслободская ул., 3, Москва;nino-cafe.ru;55.769 37.672;cafe
Верди;+7 (495) 640-08-34;;ул. Радио, 7, стр. 1, Москва;verdi.rest;55.765 37.672;cafe
Автомузей Автомобили Мира;+7 (495) 988-80-40;;Самокатная ул., 4, стр. 34, Москва;automuseum.ru;55.755 37.675;cafe
1901 comfort food zone, ресторан узбекской кухни;;+7 (905) 720-07-07;Самокатная ул., 4, стр. 11, Москва;;55.757 37.676;cafe
Месье круассан, кафе;+7 (499) 261-68-74, +7 (812-67) 0-98-21;+7 (981) 171-31-67, +7 (929) 648-12-34;Бауманская ул., 42, Москва;croissant-cafe.ru;55.771 37.679;cafe
Му-Му;;+7 (985) 178-89-98;Ладожская ул., 1, Москва;cafemumu.ru;55.771 37.679;cafe
Temple bar, ресторан;+7 (499) 267-57-30, +7 (495) 747-77-55, +7 (499) 163-61-85, +7 (499) 734-89-91;+7 (925) 953-80-04, +7 (925) 953-80-06;Ладожская ул., 2/37, Москва;templebar.ru;55.771 37.679;cafe
Палотта, кафе;+7 (499) 677-16-21;+7 (977) 881-47-78, +7 (916) 607-27-03;Денисовский пер., 30, стр. 1, Москва;palottabeer.ru , palotta.ru , foodkort.cafe;55.767 37.678;cafe
Пороселло, кафе-бар;;+7 (985) 806-46-56, +7 (967) 555-84-17;Бауманская ул., 42, Москва;porosello-baumanka.clients.site;55.771 37.679;cafe
Cofix;;+7 (903) 101-92-19, +7 (925) 858-87-86;Бауманская ул., 54, Москва;cofix.global;55.769 37.679;cafe
Кулинарная лавка братьев Караваевых;+7 (499) 500-44-52, +7 (495) 790-85-99;;Бауманская ул., 56/17, Москва;karavaevi.ru;55.769 37.679;cafe
Тбилисо;+7 (495) 632-16-02;;Бауманская ул., 58/3с2, Москва;tbilisobaumanskaya.ru;55.768 37.679;cafe
Шоколадница;;+7 (915) 473-84-28;Ладожская ул., 1, Москва;shoko.ru;55.771 37.679;cafe
Kalabasa, кафе;;+7 (985) 288-87-97, +7 (926) 013-86-22, +7 (926) 308-33-38;наб. Академика Туполева, 15, корп. 26, Москва;kalabasa.ru , shop.kalabasa.ru;55.763 37.680;cafe
351 Bar;;+7 (926) 535-03-51, +7 (991) 222-68-51;ул. Фридриха Энгельса, 3-5с1, Москва;351bar.ru;55.771 37.680;cafe
Calma!;;+7 (901) 778-71-55;ул. Фридриха Энгельса, 3-5с2, Москва, Россия;calma-cafe.ru;55.772 37.680;cafe
Донер хауз, кафе быстрого обслуживания;;+7 (962) 931-31-78;Ладожская ул., 7, Москва;;55.772 37.683;cafe
Чай Будешь Лаунж;;+7 (985) 085-98-28;наб. Академика Туполева, 15Б, Москва;;55.761 37.682;cafe
АндерСон, семейное кафе-кондитерская;;+7 (909) 656-05-18;наб. Академика Туполева, 15, Москва;cafe-anderson.ru;55.761 37.683;cafe
Смоки;;+7 (909) 937-77-26;Посланников пер., 18, стр. 1, Москва;smokie.clients.site;55.770 37.684;cafe
Taco Time;+7 (495) 199-93-13;;Старокирочный пер., 16/2с1, Москва;taco-time.ru;55.768 37.684;cafe
Nagoya;;+7 (915) 092-62-93, +7 (965) 335-88-26;Старокирочный пер., 16/2с1, Москва;nagoyamsc.ru;55.768 37.684;cafe
CHICKO;;+7 (977) 709-44-48;Старокирочный пер., 16/2с1, Москва;;55.768 37.684;cafe
ГЛАВПИРОГ;+7 (495) 256-02-56, +7 (495) 108-62-46;;Старокирочный пер., 16/2с1, Москва;glavpirog.ru;55.769 37.684;cafe
Гастро Бистро Шаверма-Братуха;;+7 (901) 789-68-98;Малая Почтовая ул., 2/2с1, Москва;bratukha.ru;55.770 37.686;cafe
Офицерское, кафе-столовая;;+7 (968) 647-52-70, +7 (926) 136-19-27;Красноказарменная ул., 3, стр. 1, Москва;офицерское-кафе.рф;55.761 37.690;cafe
Оvца, кафе;;+7 (926) 458-94-99, +7 (958) 100-38-12, +7 (926) 309-18-81;пр. Завода Серп и Молот, 2А, Москва;ovza.ru;55.755 37.695;cafe
Телиани, кафе;+7 (495) 971-34-84;+7 (926) 389-16-98;Лефортовский Вал улица, вл11;teliani.net;55.758 37.701;cafe
Pub Daddy, бар;+7 (495) 362-20-50;+7 (985) 138-38-38;Солдатская ул., 6А, Москва;pubdaddy.ru;55.765 37.701;cafe
Гурмэ Ланч;+7 (495) 221-02-21;;пр. Завода Серп и Молот, 10, Москва;gourmetlunch.ru;55.752 37.704;cafe
ШаурмаRoom, магазин фастфудной продукции;;+7 (977) 813-21-34;ул. Лефортовский Вал, 9А, Москва;shaurmaroom.ru;55.759 37.704;cafe
Твое Кафе;+7 (495) 545-10-63;+7 (900) 968-11-03;Энергетическая ул., 14, корп. 1, Москва;tvoe-kafe.ru;55.759 37.709;cafe
Энергия, кофейня;;+7 (999) 803-77-61;Энергетическая ул., 14, корп. 1, Москва;enrgy.coffee;55.759 37.709;cafe
Роза ветров, кафе-бар;+7 (495) 295-90-94;+7 (936) 242-50-59;Сторожевая, 4 ст1;caferozavetrov.ru;55.766 37.710;cafe
Котлет.Нет, кафе;;+7 (926) 680-55-05;Боровая, 10 к1;kotletnet.ru;55.771 37.714;cafe
Лефортово, трактир;+7 (495) 361-28-82, +7 (495) 362-06-94;;Энергетическая ул., 22, Москва;traktir-lefortovo.ru;55.757 37.715;cafe
Сыто пьяно, кафе;;+7 (901) 730-77-64;Авиамоторная ул., 41Б, Москва;sito-piano.ru;55.753 37.717;cafe
Шарманка, кафе;+7 (495) 940-62-91;;Авиамоторная ул., 33, Москва;kafe-sharmanka.ru;55.757 37.717;cafe
Cofix, кофейня фиксированной цены;;+7 (968) 784-18-71;Авиамоторная ул., 14, Москва;cofix.global , cofix.ru;55.752 37.717;cafe
Хинкали vs хачапури, кафе;+7 (495) 924-08-88, +7 (495) 365-01-01;+7 (985) 227-99-09, +7 (985) 924-08-88;просп. Будённого, 30А, Москва;хинкали-хачапури.рф , хинкали-хачапури.com;55.761 37.735;cafe
СУШИ СЕТ;;+7 (985) 755-90-90;просп. Будённого, 51, корп. 5, Москва;setsushi.ru , clck.ru;55.759 37.739;cafe
Burger club, кафе быстрого питания;;+7 (929) 942-01-97, +7 (925) 040-00-08;ш. Энтузиастов, 31, Москва;burgerclub.ru , burgerclub.com , svetopt24.ru;55.759 37.751;cafe
Столичный повар, столовая;+7 (495) 419-22-45;;Электродная ул., 2, стр. 12, Москва;столичныйповар.рф;55.754 37.750;cafe
Пир, кафе;;+7 (916) 754-23-19;Электродный пр., 8А, Москва;piruem.org;55.762 37.752;cafe
ПокеМо;;+7 (985) 454-38-20;Электродная ул., 2, стр. 32, Москва;pokemo.clients.site;55.754 37.753;cafe
Cofix;;+7 (925) 377-76-06;ш. Энтузиастов, 31, Москва;cofix.global , cofix.ru;55.759 37.752;cafe
Сели-поели, кафе-пельменная;;+7 (926) 858-30-90, +7 (929) 653-03-62;Электродный проезд, 16;selipoeli.com;55.760 37.753;cafe
Бар Ось Зла;;+7 (904) 567-33-64;Электродная ул., 2, стр. 32, Москва;os-zla.ru;55.754 37.752;cafe
Pho street, вьетнамское кафе;;+7 (916) 038-63-37;Электродная ул., 2, стр. 32, Москва;phostreet.cafe;55.754 37.753;cafe
О! Суши, служба доставки суши;+7 (499) 964-47-90, +7 (495) 142-36-23;;Электродная ул., 2, стр. 32, Москва;ent.osushi.su , osushi.su;55.754 37.753;cafe
Шаурма энд Пипл;;+7 (906) 089-29-26;Электродная ул., 2, стр. 32, Москва;shaurmapeople.ru;55.754 37.753;cafe
Dos Обedos, столовая;;+7 (916) 608-68-08, +7 (903) 722-47-04;Электродная ул., 8, стр. 4, Москва;dosobedos.ru;55.752 37.754;cafe
Каприоль;+7 (495) 517-43-82;+7 (925) 585-66-01, +7 (925) 517-43-91;ш. Энтузиастов, 31Д, Москва;kskizmailovo.ru;55.761 37.756;cafe
Дело Вкуса;;+7 (977) 349-14-64;ул. Плеханова, 11, Москва;zakaz-edy.com;55.752 37.762;cafe
Луч;+7 (495) 786-99-25, +7 (495) 672-93-36, +7 (495) 672-23-64;;1-я Владимирская ул., 10Д, стр. 3, Москва;luchhotel.com;55.759 37.772;cafe
Чайхана-24;+7 (495) 664-46-12;+7 (929) 661-00-10;ш. Энтузиастов, 64, Москва;chaihana-24.com;55.763 37.777;cafe
Буханка, пекарня;;+7 (903) 139-67-91, +7 (967) 123-67-91;3-я Владимирская ул., 6, Москва;buhanka.ru;55.762 37.785;cafe
Leon, ресторан;+7 (495) 305-79-90;+7 (991) 237-10-03, +7 (991) 237-70-03;ул. Металлургов, 29А, Москва;leon-restoran.ru;55.760 37.792;cafe
Сушишоп;+7 (812) 493-44-44;+7 (936) 105-95-88;3-я Владимирская ул., 6, Москва;sushishop.ru;55.762 37.785;cafe
Три перца, гриль-бар;+7 (495) 302-32-76;+7 (916) 492-88-65;Новогиреевская улица, 31/45;tripertsa.com , tripertsa.ru;55.754 37.800;cafe
MuzOn, караоке-бар;+7 (495) 149-59-95;+7 (915) 347-32-38;улица Металлургов, 62 к1;muzon.bar;55.760 37.809;cafe
White Star Lounge;;+7 (904) 567-21-89;Новогиреевская ул., 29, корп. 1, Москва;;55.756 37.798;cafe
Хлебная лавка, пекарня;;+7 (926) 347-38-88, +7 (925) 779-58-88, +7 (926) 477-74-09, +7 (926) 123-32-82, +7 (903) 222-89-38, +7 (926) 210-70-62;Зелёный просп., 54А, Москва;хлебнаялавка.рф;55.752 37.813;cafe
KFC, ресторан быстрого обслуживания;+7 (495) 021-13-87;;Зелёный просп., 83, Москва;yandexpriority.onelink.me , kfc.ru;55.752 37.820;cafe
Ночной дворик, ресторан;+7 (495) 510-70-82, +7 (495) 508-66-20;;Свободный просп., 2А, Москва;nochnoydvorik.ru;55.766 37.822;cafe
Бодрум;;+7 (939) 222-70-70;Свободный просп., 33, Москва;bodrumm.clients.site;55.753 37.819;cafe
Вкус востока, бистро;;+7 (903) 245-40-06, +7 (926) 459-60-26, +7 (925) 108-02-99, +7 (903) 108-44-71, +7 (901) 576-50-72, +7 (906) 037-95-34, +7 (999) 112-02-30, +7 (977) 348-01-08, +7 (905) 718-00-97, +7 (901) 779-30-38;Зелёный просп., 83Б, Москва;vkus-vostoka24.ru;55.752 37.821;cafe
KFC, ресторан быстрого обслуживания;;+7 (925) 954-36-41;Саянская ул., 10А, Москва;yandexpriority.onelink.me , kfc.ru;55.767 37.830;cafe
Шаурмовский;;+7 (985) 848-88-88;ул. Сталеваров, 3Л, стр. 7, Москва;shaurmovsky.ru;55.758 37.842;cafe
Аквалюкс, автомоечный комплекс;+7 (495) 149-22-09;;ул. Маршала Прошлякова, 11, корп. 1, Москва;aqualux.pro;55.789 37.389;cafe
LA Plage, открытое пространство;+7 (495) 135-54-52;;4-я линия Хорошёвского Серебряного Бора, 7 ст1;laplagesbor.ru;55.781 37.405;cafe
Улетай, кафе;+7 (495) 152-22-28;;4-я линия Хорошёвского Серебряного Бора, 11 ст1;uletay.com;55.777 37.408;cafe
Шатер Адмирал;;+7 (925) 748-99-22, +7 (985) 158-88-64;4-я линия Хорошёвского Серебряного Бора, вл. 111, Москва;serbor.info;55.780 37.405;cafe
Сосны;+7 (495) 721-90-00;+7 (968) 890-80-90;1-я линия Хорошёвского Серебряного Бора, 10, стр. 1, Москва;pines.royal-zenith.ru;55.784 37.444;cafe
НЕбулошная;+7 (495) 989-84-83, +7 (495) 669-87-91;;просп. Маршала Жукова, 78, корп. 5, Москва;nebuloshnaya.ru;55.781 37.449;cafe
Чеми, хинкальная;+7 (495) 947-02-68;+7 (965) 115-11-01, +7 (966) 115-11-00;Живописная ул., 14, Москва;chemicafe.ru;55.785 37.456;cafe
Стадиум;+7 (495) 947-06-29;+7 (977) 326-12-03;Живописная ул., 21, стр. 5, Москва;stadium-rk.com;55.792 37.453;cafe
Таекпицца;;+7 (916) 843-47-43, +7 (985) 769-12-81;Живописная ул., 12, корп. 1, Москва;taekpizza.ru;55.784 37.457;cafe
Dead Rabbit Pub, кафе;+7 (495) 204-44-13;;просп. Маршала Жукова, 59, Москва;deadrabbit.net;55.778 37.459;cafe
Пуаро;;+7 (968) 690-56-16;Карамышевская наб., 58, Москва;delivery-club.ru;55.775 37.460;cafe
Well`s home cafe, кафе;+7 (495) 587-70-43, +7 (495) 108-48-14, +7 (495) 204-44-06;+7 (968) 579-36-60, +7 (999) 976-11-22;бул. Генерала Карбышева, 13А, Москва;wellscafe.com;55.781 37.469;cafe
VS, ресторан-караоке;+7 (499) 136-63-36, +7 (499) 938-46-82;;ул. Маршала Тухачевского, 41, корп. 1, Москва;karaokeloungevs.ru;55.784 37.469;cafe
Азбука кофе, экспресс-кофейня;;+7 (916) 250-99-92;бул. Генерала Карбышева, 13, корп. 1, Москва;azbukakofe.com;55.782 37.470;cafe
Алло! Пицца, сеть пиццерий;+7 (495) 260-02-16;;ул. Маршала Тухачевского, 30, Москва;allopizza.su;55.784 37.474;cafe
Шоколадница, кофейня;;+7 (985) 369-98-05;просп. Маршала Жукова, 38, корп. 1, Москва;shoko.ru;55.777 37.472;cafe
Курдюк, шашлычная;+7 (495) 226-88-35, +7 (495) 500-22-00, +7 (495) 708-25-53;+7 (925) 500-22-00;ул. Народного Ополчения, 22, корп. 1, Москва;kurdyuk.com;55.779 37.480;cafe
У Русико, хинкальная;+7 (495) 942-60-50;+7 (903) 621-68-37, +7 (903) 164-83-01;ул. Народного Ополчения, 22, корп. 1, Москва;urusiko.ru;55.780 37.480;cafe
Beer loft, гастропаб;+7 (495) 374-83-83;+7 (903) 187-85-87;Мнёвники, 23;beerloftbar.ru;55.774 37.481;cafe
Бир Лофт;+7 (495) 108-53-14;;ул. Мнёвники, 23, Москва;beerloftbar.ru;55.774 37.481;cafe
Cha Cha;;+7 (916) 077-55-55;ул. Мнёвники, 21, Москва;chacha.moscow;55.774 37.481;cafe
Остерия итальянцы, ресторан;+7 (495) 690-88-66;+7 (917) 556-64-37;ул. Расплетина, 12, корп. 1, Москва;italoste.ru;55.791 37.483;cafe
Eat&Enjoy;;+7 (925) 995-35-98, +7 (995) 504-51-75;ул. Маршала Тухачевского, 18, Москва;eatandenjoy.ru;55.783 37.484;cafe
Компотик, столовая;+7 (495) 215-55-41;+7 (926) 913-60-77;ул. Народного Ополчения, 40, корп. 4, Москва;kompotik.ru;55.789 37.489;cafe
Тут Шаурма, кафе быстрого питания;;+7 (917) 595-00-22, +7 (967) 171-87-44;ул. Народного Ополчения, 42, корп. 1, Москва;;55.791 37.490;cafe
Эндемик;+7 (495) 128-30-33;;ул. Берзарина, 8, Москва;endemic.rest;55.788 37.491;cafe
Кнакер;+7 (482-42) 2-57-54, +7 (495) 419-96-00, +7 (498) 683-67-47, +7 (482-42) 6-18-82, +7 (495) 637-91-36, +7 (482-42) 6-18-81, +7 (482-42) 3-70-90;;3-я Хорошёвская ул., 25, корп. 5, Москва;knaker.ru;55.785 37.492;cafe
Скалка;;+7 (985) 643-94-00;3-я Хорошёвская ул., 25, корп. 5, Москва;pirogi-skalka.ru;55.786 37.492;cafe
Svoy, гастропаб;;+7 (929) 655-03-83;3-я Хорошёвская ул., 27, корп. 1, Москва;asianbistro.ru;55.786 37.495;cafe
Грузинчик, кафе;+7 (495) 999-04-71;+7 (985) 999-04-71;3-я Хорошёвская ул., 27, корп. 1, Москва;gruzinchikcafe.ru;55.786 37.495;cafe
Just, кафе-бар;;+7 (991) 099-79-71;3-я Хорошёвская ул., 21, корп. 1, Москва;just-cafe.ru;55.785 37.497;cafe
Come a casa, пиццерия;;+7 (926) 198-91-99;3-я Хорошёвская ул., 21, корп. 1, Москва;come-a-casa.ru;55.785 37.497;cafe
Balanceat;;+7 (916) 258-74-44;3-я Хорошёвская ул., 21А, Москва;menu.fijicafe.ru;55.786 37.499;cafe
У Мангала, кафе;+7 (499) 740-62-07;;ул. Маршала Бирюзова, 1, стр. 1, Москва;umangala.ru;55.790 37.500;cafe
Берёзовая роща, кафе;+7 (499) 943-54-92;+7 (904) 567-19-32, +7 (985) 922-83-92;ул. Куусинена, 8А, Москва;berrosha.ru;55.789 37.513;cafe
Сикварули;+7 (495) 765-52-22;+7 (999) 768-01-05, +7 (985) 765-52-22;ул. Куусинена, 11, корп. 2, Москва;xarchopuri.ru;55.783 37.514;cafe
Вкус хлеба, кафе-пекарня;+7 (499) 762-81-04;+7 (916) 447-95-02;пр. Берёзовой Рощи, 10, Москва;bakeryvkushleba.ru;55.789 37.519;cafe
Кнакер, супермаркет;+7 (495) 198-15-32;;пр. Берёзовой Рощи, 8, Москва;knaker.ru;55.788 37.519;cafe
One price coffee, экспресс-кофейня;;+7 (926) 555-22-49;Хорошёвское ш., 27, Москва;onepricecoffee.com;55.777 37.523;cafe
Шоколадница, кофейня;;+7 (916) 669-14-06;Хорошёвское ш., 27, Москва;shoko.ru;55.778 37.523;cafe
SpaceFood Cafe;+7 (346) 244-23-21, +7 (499) 638-22-65, +7 (353) 266-34-99;+7 (985) 711-59-99, +7 (926) 850-95-97;пр. Берёзовой Рощи, 12, Москва;exitgames.ru;55.791 37.520;cafe
Траттория Vabene!;+7 (499) 705-33-75;;ул. Гризодубовой, 4, корп. 4, Москва;vabenepizza.ru;55.785 37.521;cafe
Камбуз;;+7 (916) 839-48-45;Хорошёвское ш., 35, корп. 1, Москва;;55.777 37.522;cafe
Cinnabon, кафе-пекарня;;+7 (925) 925-32-50;Хорошёвское ш., 27, Москва;cinnabonrussia.com;55.777 37.524;cafe
Гастробар;+7 (495) 981-96-74;+7 (985) 222-57-59;Ходынский бульвар, 22;gastro-bar.ru;55.790 37.524;cafe
Cofix, кофейня фиксированной цены;;+7 (916) 657-77-25, +7 (925) 466-70-43;Хорошёвское ш., 27, Москва;cofix.global , cofix.ru;55.777 37.524;cafe
B.R.B. #скоровернусь;+7 (495) 123-46-71, +7 (495) 921-71-61;;Хорошёвское шоссе, 23 к1;cafebrb.ru , brbcafe.ru;55.777 37.528;cafe
Буханка, пекарня;;+7 (962) 918-26-56;Хорошёвское ш., 25А, корп. 2, Москва;buhanka.ru;55.775 37.527;cafe
B. R. B. скоровернусь;+7 (495) 108-59-46;;Хорошёвское ш., 23, корп. 1, Москва;cafebrb.ru;55.777 37.528;cafe
Krispy Kreme;;+7 (985) 481-22-00;Ходынский бул., 4, Москва;;55.790 37.529;cafe
Sabbia, точка продажи кофе на песке;;+7 (991) 239-59-30, +7 (999) 857-09-73, +7 (916) 857-33-62, +7 (901) 469-51-83;Ходынский бул., 4, Москва;sabbia.clients.site;55.791 37.530;cafe
Dim sum&co, паназиатское кафе;+7 (495) 139-26-70;+7 (916) 850-20-53;Ходынский бул., 4, Москва;dimsumandco.ru;55.791 37.530;cafe
Франклинс бургер, бургерная;;+7 (916) 052-63-04;Ходынский бул., 4, Москва;franklins.ru;55.791 37.530;cafe
Wowfers;;+7 (962) 951-04-08;Ходынский бул., 4, Москва;aviapark.com;55.791 37.530;cafe
Gagawa;;+7 (964) 508-89-07;Ходынский бул., 4, Москва;gagawa.ru;55.791 37.531;cafe
Summer love frozen yogurt, международное кафе замороженных йогуртов;;+7 (926) 753-83-23, +7 (909) 987-78-47;Ходынский бул., 4, Москва;bbburgers.ru , summerlove.ru;55.790 37.531;cafe
Maison d’eclair;;+7 (925) 318-67-01, +7 (926) 133-03-04;Ходынский бул., 4, Москва;maisondeeclair.ru;55.791 37.531;cafe
Волконский, кафе-пекарня;;+7 (963) 754-16-20;Ходынский бул., 4, Москва;wolkonsky.com;55.790 37.532;cafe
Cofix;;+7 (915) 277-05-21;ул. Авиаконструктора Микояна, 10, Москва;cofix.ru;55.790 37.534;cafe
Аэрофоб&я, кафе;;+7 (967) 022-88-22;улица Авиаконструктора Сухого, 2 к2;aerofobiyacafe.ru;55.787 37.542;cafe
Шоколадница;;+7 (915) 492-24-80;ул. Авиаконструктора Микояна, 10, Москва;shoko.ru;55.790 37.534;cafe
Буханка;;+7 (903) 265-62-76;ул. Полины Осипенко, 10, корп. 1, Москва;buhanka.ru;55.780 37.534;cafe
KFC, ресторан быстрого обслуживания;;+7 (963) 630-45-78;Ходынский бул., 2, Москва;yandexpriority.onelink.me , kfc.ru;55.789 37.537;cafe
Jeffrey`s coffeeshop, кофейня;;+7 (962) 928-34-80;ул. Авиаконструктора Сухого, 2, корп. 1, Москва;jeffreys.ru;55.786 37.542;cafe
СТБ Премиум сервис;;+7 (916) 249-82-40;Хорошёвское ш., 32А, Москва;org-pit.org;55.776 37.542;cafe
XIV, ресторан;+7 (495) 134-35-14, +7 (499) 705-21-71;;Хорошёвское ш., 14, Москва;restxiv.ru;55.774 37.548;cafe
Bon appeti, кафе;+7 (495) 978-20-05;+7 (901) 517-20-05;1-й Хорошёвский пр., 2/17, Москва;bon-apeti.ru;55.778 37.550;cafe
БарБариста, кофейня;;+7 (917) 527-83-99;1-й Хорошёвский пр., 14, корп. 1, Москва;;55.775 37.546;cafe
Колхида, ресторан грузинской кухни;+7 (499) 795-70-17, +7 (495) 787-79-44, +7 (499) 397-89-88;+7 (962) 948-60-48, +7 (926) 784-23-62;Беговая ул., 7, Москва;kolhida-cafe.ru;55.778 37.556;cafe
Гречка, столовая;;+7 (995) 300-61-06;Беговая ул., 6А, Москва;grechka.clients.site;55.776 37.556;cafe
Шоколадница, кофейня;;+7 (926) 901-22-24;Ленинградский просп., 36, Москва;shoko.ru;55.791 37.559;cafe
Cofix, кофейня фиксированной цены;;+7 (977) 904-01-48;Ленинградский просп., 36, Москва;cofix.global , cofix.ru;55.792 37.561;cafe
Allegro Lobby Bar&Lounge;+7 (495) 995-14-70, +7 (495) 995-14-50, +7 (495) 995-14-60, +7 (495) 995-14-80, +7 (495) 995-00-09, +7 (495) 129-03-12;;Ленинградский проспект, 31а;monarchhotels.ru;55.783 37.561;cafe
KFC, ресторан быстрого обслуживания;+7 (495) 198-09-30;;Ленинградский просп., 36, Москва;yandexpriority.onelink.me , kfc.ru;55.791 37.561;cafe
Главпирог, кафе-пекарня;+7 (495) 108-62-47;;Беговая ул., 17, корп. 1, Москва;glavpirog.ru;55.782 37.560;cafe
T&w Coffee Co;;+7 (965) 130-20-06;Ленинградский просп., 31А, стр. 1, Москва;takeandwake.biz , гдекофе.рф , takeandwake.ru;55.783 37.560;cafe
Hot Food, столовая;;+7 (962) 962-25-33, +7 (919) 237-47-25;Ленинградский просп., 31, стр. 3, Москва;hotfooddelivery.ru;55.784 37.561;cafe
Mátes Pizza, пиццерия;+7 (495) 011-22-33;;Ленинградский просп., 29, корп. 3, Москва;mates-group.ru;55.784 37.562;cafe
Волконский, кафе-пекарня;;+7 (926) 231-42-03;Ленинградский просп., 29, корп. 1, Москва;wolkonsky.com;55.785 37.563;cafe
Шантимэль, французская кондитерская;+7 (495) 220-08-20, +7 (495) 491-15-32, +7 (499) 404-08-80, +7 (495) 491-30-92, +7 (495) 491-45-81;+7 (985) 220-08-20, +7 (926) 270-89-75, +7 (968) 686-00-00;ул. Расковой, 1, Москва;chantimele.ru;55.787 37.571;cafe
Бир крафт;;+7 (915) 397-10-94;ул. Бутырский Вал, 2, Москва;;55.777 37.585;cafe
Житница, служба доставки еды;+7 (495) 374-85-88;;ул. Правды, 23, Москва;jitnitsa.ru;55.789 37.582;cafe
GreenVkus;;+7 (925) 371-99-56, +7 (969) 118-82-22;Ленинградский просп., 15, стр. 14, Москва;greenvkus.ru;55.781 37.571;cafe
БирХеванс ресторан бар;+7 (499) 530-00-09;+7 (999) 345-34-85;ул. Расковой, 14, Москва;beerheavens.ru;55.787 37.572;cafe
Венский цех;+7 (495) 666-56-13;+7 (903) 228-22-43;Ленинградский просп., 15, стр. 3, Москва;torty.ru;55.781 37.573;cafe
Суп, кафе;+7 (495) 945-24-54;;Скаковая ул., 17, стр. 2, Москва;;55.778 37.573;cafe
Хлеб & Co;;+7 (985) 761-94-17;Ленинградский просп., 24, Москва;eatout.ru , xleb.co;55.783 37.574;cafe
Ля фантази;;+7 (926) 363-12-31;Ленинградский просп., 13, стр. 1, Москва;lafantasi.ru;55.781 37.574;cafe
Ача-чача, ресторан абхазской кухни;+7 (495) 545-46-57;;Ленинградский просп., 9Б, стр. 1, Москва;achachacha.ru;55.781 37.575;cafe
Романо, кафе;+7 (495) 612-57-75, +7 (495) 612-57-63;;ул. Правды, 3/1, Москва;;55.784 37.576;cafe
Шоколадница, кофейня;;+7 (915) 474-45-89;Ленинградский просп., 12, Москва;shoko.ru;55.780 37.579;cafe
Lima, ресторан-бар перуанской кухни;+7 (495) 614-17-49;+7 (977) 757-20-10;Ленинградский проспект, 10;limamoscow.ru;55.779 37.580;cafe
Pinsapositana, пиццерия;;+7 (999) 964-70-85;3-я ул. Ямского Поля, 9, Москва;pinsapositana.ru;55.782 37.580;cafe
Ресторан турецкой кухни Eleven Meathouse;;+7 (904) 567-23-64;ул. Грузинский Вал, 11, стр. 3, Москва;11meat.ru;55.774 37.579;cafe
Скалка, пироговая;;+7 (925) 242-32-98;3-я ул. Ямского Поля, 9, Москва;pirogi-skalka.ru;55.782 37.581;cafe
Lure Oyster Bar, рыбный ресторан;;+7 (967) 011-88-11;3-я ул. Ямского Поля, 9, Москва;lureoysterbar.ru;55.782 37.581;cafe
Кит и планктон, бар;;+7 (926) 917-53-78;Ленинградский просп., 2, Москва;whalebar.ru;55.779 37.582;cafe
8bitpizza, кафе с современной итальянской кухней;;+7 (977) 797-21-70;улица Правды, 24 ст3;8bitpizza.ru;55.788 37.583;cafe
Capito, кафе авторской кухни;+7 (495) 488-65-97;+7 (926) 090-00-02;3-я улица Ямского Поля, 2 к13;capito.moscow;55.781 37.583;cafe
Cofix, кофейня фиксированной цены;;+7 (926) 186-74-79, +7 (903) 960-06-23;площадь Тверская Застава, 7, стр. 1, Москва;cofix.global , cofix.ru;55.777 37.582;cafe
Friends coffee;;+7 (966) 195-70-69;3-я ул. Ямского Поля, 2, корп. 13, Москва, Россия;;55.781 37.583;cafe
Блины. Кофе. Пианино;;+7 (977) 376-80-47;ул. Правды, 24, стр. 3, Москва;;55.788 37.583;cafe
Footbe;+7 (495) 540-49-67;;ул. Правды, 24, стр. 2А, Москва, Россия;footbe.ru;55.787 37.583;cafe
Мимино, кафе;+7 (499) 110-25-50, +7 (495) 468-00-82, +7 (499) 250-25-10;;Лесная ул., 1/2, Москва;cafemimino.ru;55.777 37.585;cafe
СУП, кафе;+7 (499) 251-13-83;+7 (917) 595-49-07;1-я Брестская ул., 62, Москва;cafesoup.ru;55.775 37.586;cafe
Чан чан, китайское кафе;+7 (495) 142-76-75;+7 (977) 753-18-17;улица Лесная, 1/2;chanchan.ru;55.777 37.586;cafe
Кулинарная лавка братьев Караваевых;+7 (495) 790-99-51;;Лесная ул., 1/2, Москва;karavaevi.ru;55.777 37.586;cafe
Mr.Help&friends, бар;+7 (495) 627-67-36;;Тверская-Ямская 1-я, 27 ст1;mrhelpbar.ru;55.776 37.586;cafe
Кимчи;+7 (495) 698-46-88, +7 (495) 748-87-48, +7 (495) 514-04-26;+7 (926) 748-80-08;Лесная ул., 5А, Москва;kimchicafe.ru;55.779 37.586;cafe
Family resto-bar, кафе-бар;;+7 (968) 873-10-11;ул. Правды, 24, стр. 8, Москва;familyrestobar.ru;55.787 37.584;cafe
8bit Pizza;;+7 (926) 262-60-73;ул. Правды, 24, стр. 3, Москва;8bitpizza.ru;55.788 37.584;cafe
Kikidze;;+7 (925) 605-05-54, +7 (925) 605-06-00;площадь Тверская Застава, 2, стр. 2, Москва;kikidze.com;55.775 37.584;cafe
Хинкальная;+7 (495) 476-45-66;;2-я Брестская ул., 39, стр. 2, Москва;gg-group.ru , kafekhinkalnaya.ru;55.774 37.585;cafe
Three tuns pub, бар;;+7 (905) 592-77-87, +7 (905) 592-77-52;2-я Брестская ул., 39, стр. 2, Москва;threetunspub.ru;55.774 37.585;cafe
It's СоТ;;+7 (963) 943-47-47, +7 (915) 015-20-23;1-я ул. Ямского Поля, 17, корп. 12, Москва;itscot.ru;55.784 37.585;cafe
ЧанЧан;+7 (495) 108-46-33;;Лесная ул., 1/2, Москва;chanchan.ru;55.777 37.586;cafe
Лофт для вечеринки;;+7 (903) 610-43-24, +7 (906) 774-90-64;1-я Тверская-Ямская ул., 25, стр. 1, Москва;loft-rating.ru , loft-moskva.ru;55.775 37.586;cafe
Булка, ресторан-пекарня;+7 (495) 108-44-63;;Большая Грузинская ул., 69, Москва;bulkabakery.ru;55.774 37.586;cafe
Магадан, рыбный ресторан;+7 (495) 136-96-63, +7 (495) 136-96-64;+7 (985) 022-00-20, +7 (965) 105-11-15;ул. Бутырский Вал, 10, Москва;novikovgroup.ru , pinskiy.co , delivery.pinskiy.co;55.778 37.587;cafe
Corner, бар-ресторан межкультурной гастрономии;+7 (499) 250-07-31;;Большая Грузинская ул., 76, Москва;cornerstreet.ru;55.773 37.587;cafe
Udcкафе;+7 (499) 250-27-12;;Большая Грузинская ул., 76, Москва;upsidedowncake.ru;55.774 37.587;cafe
Maestrello, пиццерия;;+7 (985) 129-84-39;Большая Грузинская ул., 76, Москва;pizzamaestrello.com;55.774 37.587;cafe
Steak it easy, демократичный хоспер-бар;+7 (495) 544-53-77;+7 (985) 776-72-76, +7 (958) 100-94-61;Лесная ул., 9, Москва;steakiteasy.ru;55.779 37.588;cafe
Paul, французское кафе-пекарня;;+7 (903) 138-01-05;Лесная ул., 7, Москва;paulmoscow.taplink.ws , clck.ru;55.779 37.588;cafe
Ku: Рамен Изакая бар;+7 (495) 032-13-12, +7 (499) 652-51-91, +7 (499) 609-00-69;;Большая Грузинская ул., 69, Москва;kuramen.ru , didelivery.ru;55.774 37.586;cafe
Blizz cafe&bar;;+7 (930) 333-52-40;Бумажный пр., 4, Москва;;55.786 37.586;cafe
Pinky, лавка чая с шариками;;+7 (977) 105-66-88;Лесная ул., 10-16, Москва;;55.779 37.589;cafe
Layerz Bakery, кафе;;+7 (915) 189-51-57;Новослободская ул., 73, стр. 1, Москва;delivery.restik.com;55.791 37.590;cafe
Хинкальная;+7 (495) 923-99-03;+7 (968) 776-03-81;Новослободская ул., 65, стр. 4, Москва;kafehinkalnaya.ru;55.788 37.591;cafe
Traveler's Coffee;+7 (3832) 02-17-03, +7 (495) 127-05-57;+7 (915) 304-00-10;ул. Чаянова, 3/40, Москва;travelers-coffee.com;55.774 37.591;cafe
Espresso bar, экспресс-кофейня;;+7 (985) 357-09-98, +7 (916) 716-07-97;Оружейный пер., 41, Москва;;55.774 37.606;cafe
Black Angus, стейк-хаус с мужским характером;+7 (495) 128-02-74, +7 (499) 113-00-01;;Тверская-Ямская 1-я, 16/23;blackangus.rest;55.773 37.592;cafe
Рыба моя market, ресторан быстрого питания;+7 (495) 784-68-58, +7 (495) 229-31-77, +7 (495) 120-88-53;+7 (985) 147-63-57;Лесная ул., 20, стр. 3, Москва;myfish.msk.ru;55.780 37.593;cafe
Edinorog cafe;;+7 (977) 346-63-05, +7 (911) 922-97-98, +7 (925) 600-19-18, +7 (985) 570-80-52;Лесная ул., 20, стр. 3, Москва;edinorogcafe.ru , edinorogshop.ru;55.780 37.592;cafe
Gt. Coffee;;+7 (999) 845-43-38;Лесная ул., 20, стр. 3, Москва;;55.780 37.593;cafe
Thali & Dosa Indian;+7 (495) 666-56-67;+7 (995) 898-39-72, +7 (991) 566-32-52;Лесная ул., 20, стр. 3, Москва;thalidosa.ru , webhost1.ru;55.780 37.593;cafe
Bistro by Ruski;+7 (495) 788-88-10;+7 (985) 726-00-88, +7 (903) 785-00-80;Лесная ул., 20, стр. 3, Москва;eatcommerce.ru , depomoscow.ru;55.780 37.593;cafe
The truffle, кафе-трюфельная;;+7 (926) 241-71-11;Лесная ул., 20, стр. 3, Москва;eatcommerce.ru , depomoscow.ru;55.781 37.593;cafe
Crema;;+7 (999) 976-85-84;Лесная ул., 20, стр. 3, Москва;;55.780 37.593;cafe
Три утки, кафе быстрого обслуживания;+7 (495) 109-88-89;+7 (916) 227-06-37;Лесная ул., 20, стр. 3, Москва;3ducks.ru;55.780 37.593;cafe
Bổ, вьетнамское кафе;;+7 (991) 685-68-60;Лесная ул., 20, стр. 3, Москва;eatcommerce.ru , depomoscow.ru;55.780 37.593;cafe
Любовь и сладости, кондитерская;;+7 (967) 022-99-03, +7 (910) 004-85-10;Лесная ул., 20, стр. 3, Москва;loveandsweets.ru;55.780 37.593;cafe
Matcha Botanicals;;+7 (926) 881-85-25;Лесная ул., 20, стр. 3, Москва;matchabotanicals.ru;55.780 37.593;cafe
Хинкали point, кафе грузинской кухни;+7 (495) 946-60-04;;Лесная ул., 20, стр. 1, Москва;;55.781 37.593;cafe
Raw to go, бистро;;+7 (977) 122-65-12, +7 (915) 419-23-13;Лесная ул., 10-16, Москва;rawtogo.ru;55.779 37.590;cafe
Soul in the bowl, кафе быстрого обслуживания;+7 (495) 773-70-53;;Лесная ул., 20, стр. 3, Москва;soulinthebowl.ru;55.780 37.593;cafe
Bfl’s;;+7 (929) 513-15-68, +7 (965) 331-05-24;Лесная ул., 20, стр. 3, Москва;;55.780 37.593;cafe
Лепим и варим;;+7 (929) 500-76-14;Лесная ул., 20, стр. 3, Москва;lepimivarim.ru;55.780 37.593;cafe
Vеганутые, кафе быстрого питания;;+7 (985) 226-22-18;Лесная ул., 20, стр. 3, Москва;eatcommerce.ru , depomoscow.ru;55.780 37.593;cafe
Gilo Pasta & Pizza;;+7 (925) 079-59-27, +7 (903) 672-20-62;Лесная ул., 20, стр. 3, Москва;gilo.moscow;55.780 37.593;cafe
Mollusca, ресторан;+7 (495) 297-04-04, +7 (495) 297-11-11, +7 (495) 297-22-22, +7 (495) 297-33-33;;Лесная ул., 20, стр. 3, Москва;eatcommerce.ru , depomoscow.ru , mollusca.ru;55.780 37.593;cafe
Ryba international, суши-бар;+7 (495) 260-78-89;;Лесная ул., 20, стр. 3, Москва;ryba.moscow;55.780 37.594;cafe
Guns&Bears Pub, бар;;+7 (926) 648-80-25;Новослободская улица, 46 ст1;gbpub.ru;55.786 37.596;cafe
Шоколадница, кофейня;;+7 (965) 157-31-24;ул. Чаянова, 12, Москва;shoko.ru;55.776 37.596;cafe
Кулинарная лавка братьев Караваевых;+7 (495) 790-98-14;;3-я Тверская-Ямская ул., 15, Москва;karavaevi.ru;55.772 37.596;cafe
Мимино, кафе;+7 (499) 973-28-82, +7 (495) 542-65-05, +7 (495) 507-01-63, +7 (495) 131-23-32;+7 (909) 169-84-25, +7 (925) 401-09-61;Новослободская, 36/1;miminocafe.ru;55.785 37.597;cafe
Баяр;;+7 (916) 572-38-85, +7 (916) 469-09-02;Новослободская ул., 50/1с2, Москва;;55.787 37.595;cafe
Росинка;;+7 (985) 426-40-80;Новослободская ул., 45А, Москва;rosinka.online;55.785 37.595;cafe
Кальянная Философия;;+7 (977) 267-79-77, +7 (958) 100-50-94;Новослободская ул., 45А, Москва;filhookah.ru;55.785 37.595;cafe
МосДонер;+7 (499) 972-44-12, +7 (495) 266-67-82;;Новослободская ул., 46, стр. 1, Москва;mosdoner.ru;55.786 37.595;cafe
Суши Авеню;;+7 (999) 350-50-55;Новослободская ул., 45Б, Москва, Россия;sushiav.ru;55.785 37.596;cafe
Просвет;+7 (499) 972-07-09;;ул. Фадеева, 10, Москва;;55.776 37.597;cafe
SeDelice French bakery;;+7 (925) 853-62-41;Новослободская ул., 36/1с1, Москва;sedelice.ru;55.784 37.597;cafe
Spiritory, гастробар;+7 (178) 080-80-80;+7 (925) 733-38-88;1-й Тверской-Ямской переулок, 14;krepkymir.ru;55.773 37.598;cafe
Пан Запекан, кулинария;;+7 (967) 144-64-40;Новослободская ул., 16, Москва;panzapekan.ru;55.782 37.599;cafe
Булкер, столовая;+7 (499) 251-44-84;;1-й Тверской-Ямской пер., 18, Москва;bulker.ru , goo.gl , bulkerdostavka.ru;55.774 37.599;cafe
Кутята coffee shop, кофейня;;+7 (999) 819-43-38;Весковский пер., 3, Москва;kootyata.coffee;55.780 37.599;cafe
Море Море;+7 (495) 877-44-65, +7 (495) 782-83-21;+7 (901) 147-74-75, +7 (925) 672-84-86;Новослободская ул., 24, стр. 1, Москва;moremorest.ru , moremore.restoplace.ws;55.783 37.598;cafe
Nobo, кафе;;+7 (996) 855-80-04;Новослободская ул., 24А, стр. 3, Москва;tap.link;55.783 37.599;cafe
Ми Пьяче;+7 (495) 626-30-77, +7 (499) 250-08-93, +7 (495) 777-77-51;;ул. Чаянова, 22, стр. 4, Москва;mipiace.ru;55.778 37.599;cafe
A'petit;+7 (499) 250-19-30;+7 (981) 887-62-42;1-й Тверской-Ямской пер., 18, Москва;o-petit.ru;55.774 37.599;cafe
Молодежь, кафе-бар;+7 (499) 978-51-20, +7 (499) 978-31-38;;Сущёвская ул., 21, стр. 8, Москва;barmolodezh.ru;55.782 37.600;cafe
Пороселло, кафе-бар;+7 (495) 668-60-46;;Сущёвская ул., 21, стр. 7, Москва;porosello-suschevskaja-ulitsa.clients.site;55.782 37.600;cafe
Кулинарная лавка братьев Караваевых;+7 (495) 790-98-80;;Весковский пер., 7, Москва;karavaevi.ru;55.779 37.600;cafe
Shwarm, кафе;;+7 (969) 990-14-70;Новослободская ул., 16А, Москва;shwarm.ru;55.782 37.600;cafe
Дружба, фуд-холл;+7 (495) 989-49-98;+7 (903) 790-00-38;Новослободская ул., 4, Москва;druzhba.moscow;55.780 37.601;cafe
Шоколадница;;+7 (966) 065-23-33;Новослободская ул., 10, стр. 1, Москва;shoko.ru;55.781 37.600;cafe
Cofix, кофейня фиксированной цены;;+7 (977) 886-48-22;Новослободская ул., 10, стр. 1, Москва;cofix.global , cofix.ru;55.780 37.600;cafe
Кальян;+7 (499) 978-08-46;+7 (999) 233-91-01;Новослободская ул., 14/19с8, Москва;cafekalyan.ru;55.781 37.600;cafe
Ландринъ, ресторан;+7 (499) 978-21-00;+7 (905) 720-60-20;Сущёвская ул., 9, стр. 4, Москва;landrin.msk.ru;55.780 37.601;cafe
Кулинарная лавка братьев Караваевых;+7 (495) 662-75-52, +7 (495) 139-69-43;;Сущёвская ул., 27, стр. 1, Москва;karavaevi.ru;55.784 37.601;cafe
Tucci project;;+7 (929) 918-88-79;Новослободская ул., 4, Москва;tucci-project.ru;55.780 37.601;cafe
Cofix, кофейня фиксированной цены;;+7 (964) 718-81-31;Сущёвская ул., 13-15, Москва;cofix.global , cofix.ru;55.781 37.602;cafe
Сербский Роштиль Дружба;+7 (495) 792-83-82;+7 (939) 555-63-09, +7 (985) 992-80-01;Новослободская ул., 4, Москва;roshtil.clients.site , roshtil.business.site , serb.clients.site;55.780 37.602;cafe
Самарканд, кафе быстрого питания;;+7 (977) 696-10-30;Новослободская ул., 4, Москва;samarkandrest.ru;55.780 37.601;cafe
The tipsy pub, ирландский паб;+7 (495) 636-29-02;;Сущёвская ул., 9, Москва;publifegroup.ru , tipsypub.ru , bspubshop.ru;55.781 37.602;cafe
Му-му, сеть кафе;+7 (499) 678-40-38;+7 (916) 070-05-25;Новослободская ул., 4, Москва;cafemumu.ru;55.779 37.602;cafe
Cinnabon, кафе-пекарня;;+7 (966) 079-11-26;Долгоруковская ул., 40, Москва;cinnabonrussia.com;55.778 37.602;cafe
Зайкафе, антикафе;;+7 (939) 555-32-79, +7 (925) 373-15-15;Селезнёвская ул., 4, Москва;zaycafe.ru;55.780 37.604;cafe
Tom Yam Bar, бистро;;+7 (985) 134-95-54;Новослободская ул., 4, Москва;tomyambar.eda.rest;55.780 37.601;cafe
Вереница На Сущевке, кафе-столовая;;+7 (926) 939-29-83, +7 (977) 953-17-14, +7 (910) 470-97-67, +7 (912) 165-99-39, +7 (903) 766-73-43;ул. Сущёвский Вал, 16, стр. 4, Москва;verenitsa.ru;55.791 37.602;cafe
Сущевский двор, ресторан;+7 (499) 978-00-10, +7 (495) 684-29-63;+7 (963) 667-60-60, +7 (929) 956-69-63;2-й Вышеславцев пер., 17, Москва;syshevskiydvor.ru;55.791 37.605;cafe
Ред36, столовая;+7 (495) 710-99-35;+7 (965) 397-28-15;Краснопролетарская ул., 36, Москва;red36.ru;55.780 37.605;cafe
Bloom-n-brew, кофейня;;+7 (995) 508-44-30, +7 (977) 337-63-24, +7 (995) 905-64-96, +7 (916) 228-51-98;Краснопролетарская ул., 16, стр. 2, Москва;bloomnbrew.com;55.778 37.607;cafe
Бодрый день, мини-кофейня;+7 (383) 375-00-24;+7 (968) 173-55-45, +7 (923) 775-00-24;Селезнёвская ул., 22, Москва;franchise.bodryi-den.ru , bodryi-den.ru;55.781 37.607;cafe
MamaMai;;+7 (930) 319-16-44, +7 (966) 203-75-23;Садовая-Каретная ул., 4-6с1, Москва;mamamai-kafe.ru;55.772 37.606;cafe
Кулинарная лавка братьев Караваевых;+7 (499) 503-67-34;;Краснопролетарская ул., 16, стр. 1, Москва;karavaevi.ru;55.777 37.607;cafe
Либерто, кафе быстрого обслуживания;+7 (499) 978-22-71;;Селезнёвская ул., 15, стр. 2, Москва;liberto-kafe.ru;55.781 37.608;cafe
Rishon, кафе кошерной кухни;+7 (495) 641-32-01, +7 (495) 645-05-50;;ул. Образцова, 11, стр. 1А, Москва;jewish-museum.ru;55.789 37.608;cafe
Пардес, кофейня;+7 (495) 540-57-70;;ул. Образцова, 19, стр. 9, Москва;pardes.ru;55.790 37.609;cafe
Локо, кафе;+7 (495) 684-28-05;+7 (916) 697-05-30;ул. Образцова, 22, Москва;cafeloko.ru;55.789 37.610;cafe
Хорошее место, кафе;+7 (495) 205-71-61;+7 (926) 002-06-26;улица Образцова, 14;goodplacelounge.ru;55.788 37.611;cafe
Deliсatessen, бар под землей;+7 (495) 699-39-52;;Садовая-Каретная улица, 20 ст2;delicatessen.bar;55.773 37.611;cafe
Винил и Вино;+7 (499) 938-48-07, +7 (499) 490-60-23;;ул. Каретный Ряд, 8, Москва;vinyl.wine;55.773 37.610;cafe
Supernova, пиццерия;;+7 (985) 356-46-26;Садовая-Каретная ул., 20, стр. 1, Москва;supernovapizza.ru;55.773 37.610;cafe
Black hat bar, карибский паб;+7 (495) 148-43-88;;Садовая-Каретная ул., 20, стр. 1, Москва;blackhatbar.ru;55.773 37.611;cafe
Хаят, кафе;;+7 (968) 089-78-49, +7 (926) 498-96-12, +7 (925) 977-77-20;Выползов пер., 7, стр. 2, Москва;hayat.moscow;55.779 37.627;cafe
Law&son, шотландский бар;+7 (495) 649-01-89;+7 (999) 840-35-71, +7 (925) 078-05-31;Садовая-Каретная улица, 24/7;lawsonbar.ru;55.773 37.612;cafe
Кампа, кафе;+7 (495) 788-05-41;+7 (967) 187-54-10;Октябрьский пер., 12, Москва;cafekampa.ru;55.787 37.612;cafe
Кофе пью, кофейня;+7 (495) 259-52-00;;1-й Самотёчный пер., 9, стр. 1, Москва;coffeepiu.ru , coffee-piu.com;55.777 37.614;cafe
Ecle, ресторан;+7 (495) 688-85-73;;Октябрьская ул., 5, Москва;ecle.ru;55.785 37.614;cafe
Эльйон, кошерный кафе-магазин;+7 (495) 789-49-74;+7 (916) 019-07-70, +7 (919) 770-67-70;Октябрьская ул., 18, Москва;elyon.ru;55.787 37.614;cafe
Лоза, кафе;;+7 (977) 709-18-97;Институтский переулок, 2/1;bonvaron.ru;55.784 37.615;cafe
Золотая цапля, чайный клуб;;+7 (903) 796-70-30;1-й Волконский пер., 10, Москва;jin-lu.ru;55.775 37.617;cafe
У Сальваторе, остерия;+7 (495) 232-92-09, +7 (495) 688-56-51, +7 (495) 681-13-26;;Самотёчная ул., 13, Москва;usalvatore.ru;55.778 37.617;cafe
Пита&Сувлаки, греческое кафе;+7 (499) 993-98-59;+7 (968) 524-48-66;Самотёчная улица, 13 ст2;;55.777 37.618;cafe
Shaverma Moscow;;+7 (967) 208-40-80;Лазаревский пер., 4, Москва;shaverma-moscow.clients.site;55.791 37.613;cafe
Скалка;;+7 (926) 751-72-93;Суворовская площадь, 1/52к2, Москва;pirogi-skalka.ru;55.781 37.614;cafe
Пан Запекан;;+7 (968) 446-06-81;Октябрьская ул., 9/1, Москва;panzapekan.ru;55.786 37.614;cafe
Хинкальный дом, кафе;+7 (495) 689-55-05;+7 (968) 482-72-72;Октябрьская ул., 38, корп. 1, Москва;hink38.ru;55.790 37.614;cafe
В Темноте;+7 (495) 688-33-96, +7 (495) 688-30-56;+7 (966) 338-06-10;Октябрьская ул., 2, Москва;v-temnote.ru;55.785 37.614;cafe
Столовая-пекарня;+7 (495) 177-27-37;;Садовая-Самотёчная ул., 7, стр. 1, Москва;royalfood.ru;55.774 37.616;cafe
Итальянец;+7 (495) 688-64-01;;Самотёчная ул., 13, Москва;italianets.ru , italian.ru;55.778 37.618;cafe
Церковная трапеза, кафе;+7 (495) 681-07-65;;Олимпийский проспект, 9 ст3;armenianchurch.ru;55.788 37.620;cafe
Michael Collins, ирландский паб;+7 (495) 256-80-00;;Цветной бульвар, 21 ст2;collinspub.ru;55.772 37.620;cafe
Пироги, вино и гусь, ресторан;+7 (499) 272-09-22;;Цветной бульвар, 23 ст1;pvgoose.com;55.773 37.621;cafe
Амадеус, кафе-бар;+7 (499) 530-00-81;+7 (969) 769-47-82, +7 (926) 111-16-65;Олимпийский просп., 22, Москва;amadeus-club.ru , amadeus-restoran.ru , amadeus-rest.ru;55.786 37.623;cafe
Симит хауз, кафе;;+7 (926) 206-80-81;Олимпийский просп., 14, Москва;simithouse.ru;55.779 37.624;cafe
Bakery, кондитерская;+7 (495) 931-90-38, +7 (495) 931-90-00;+7 (915) 302-84-03;Олимпийский просп., 18/1, Москва;bakery.azimuthotels.com;55.785 37.624;cafe
Fire lake grill & Cocktail bar, ресторан;+7 (495) 221-77-77, +7 (495) 221-76-76;;Самарская ул., 1, Москва;firelake.moscow;55.785 37.626;cafe
Ra'men;;+7 (985) 550-81-52;Цветной бул., 21, стр. 7, Москва;ramen.taplink.ws;55.772 37.620;cafe
Крошка картошка, ресторан быстрого питания;+7 (495) 995-22-49;+7 (965) 265-36-77;Цветной бул., 25, стр. 1, Москва;kartoshka.com;55.773 37.621;cafe
Krispy Kreme;;+7 (916) 120-61-14;Цветной бул., 21, стр. 1, Москва;;55.772 37.621;cafe
Пипл&паста;+7 (495) 699-77-12;;Цветной бул., 25, стр. 1, Москва;people-pasta.ru;55.773 37.621;cafe
Kafin;+7 (495) 587-83-92;+7 (926) 014-00-05;Олимпийский просп., 16, стр. 5, Москва;kafin.com;55.784 37.624;cafe
На Щепкина, хинкальная;+7 (495) 681-19-33, +7 (495) 981-19-33;;ул. Щепкина, 25/20, Москва;shepkina.com;55.778 37.629;cafe
Кулинарная лавка братьев Караваевых;+7 (495) 136-25-43;;ул. Щепкина, 33, Москва;karavaevi.ru;55.780 37.629;cafe
Courvoisier, кафе;+7 (495) 632-99-95;;Малая Сухаревская площадь, 8;courvoisier.cafe;55.773 37.630;cafe
Барик Брю;;+7 (917) 551-98-19;ул. Щепкина, 33, Москва;barikbrew.clients.site;55.780 37.629;cafe
Cofix, кофейня фиксированной цены;;+7 (966) 160-60-58;ул. Щепкина, 47, стр. 1, Москва;cofix.global , cofix.ru;55.781 37.629;cafe
Эгоистка;+7 (495) 607-47-16;;просп. Мира, 7, стр. 3, Москва;egoistka-club.ru;55.775 37.631;cafe
Слава, кафе;+7 (495) 631-42-14;;просп. Мира, 21, стр. 1, Москва;cafe-slava.ru;55.778 37.632;cafe
Скалка, пироговая;;+7 (977) 496-41-31;Трифоновская ул., 56, Москва;pirogi-skalka.ru;55.790 37.632;cafe
Ваби саби, японское кафе;;+7 (985) 129-74-02;просп. Мира, 29, Москва;vabisabi.ru;55.780 37.633;cafe
Шоколадница, кофейня;;+7 (910) 485-41-24;просп. Мира, 29, Москва;shoko.ru;55.780 37.633;cafe
Масала Хаус, ресторан индийской кухни;+7 (495) 684-49-90;;просп. Мира, 79, Москва;masalahouse.ru;55.790 37.634;cafe
Stand-up House;;+7 (964) 632-77-70, +7 (905) 007-74-77;просп. Мира, 12, стр. 1, Москва;standuphouse.ru;55.775 37.633;cafe
Fleur cafe`, ресторан;+7 (495) 783-65-00, +7 (495) 225-82-82;;ул. Сущёвский Вал, 74, Москва;moscow-hi.ru;55.791 37.633;cafe
Udcкафе;+7 (499) 390-37-91;+7 (925) 572-64-76;просп. Мира, 26, стр. 1, Москва;upsidedowncake.ru;55.777 37.633;cafe
Yumbaker, кафе-кондитерская;;+7 (966) 171-57-47, +7 (963) 651-18-89;просп. Мира, 26, стр. 1, Москва;now.yumbaker.ru , yumbaker.com;55.778 37.633;cafe
Skuratov coffee roasters, кофейня;;+7 (925) 459-74-22;просп. Мира, 26, стр. 1, Москва;skuratovcoffee.ru;55.778 37.633;cafe
Кулинарная лавка братьев Караваевых;+7 (495) 139-69-47;;просп. Мира, 26, стр. 1, Москва;karavaevi.ru;55.778 37.633;cafe
Мороженое 18+ Alcreme;+7 (495) 664-98-47;+7 (904) 553-36-68, +7 (925) 219-77-63;просп. Мира, 26, стр. 1, Москва;alcreme.ru;55.778 37.633;cafe
Санта базилия, итальянский ресторан;;+7 (939) 111-94-53;просп. Мира, 26, стр. 1, Москва;mariasanta.ru , cafesanta.ru;55.777 37.633;cafe
Чайная тайга;;+7 (926) 181-87-87, +7 (985) 626-13-55;просп. Мира, 26, стр. 1, Москва;taigatea.ru;55.778 37.633;cafe
Совиный Дом, антикафе;;+7 (985) 556-17-75;просп. Мира, 79, стр. 2, Москва;owldom.ru;55.791 37.634;cafe
French Bakery;;+7 (926) 922-06-66;просп. Мира, 48, стр. 11, Москва;sedelice.ru;55.782 37.634;cafe
Кафетериус;;+7 (991) 256-90-20;просп. Мира, 26, стр. 5, Москва;cafeterius.ru;55.777 37.634;cafe
Point 242, кофейня;;+7 (926) 303-81-40;просп. Мира, 61, Москва;point242.ru;55.786 37.635;cafe
Тбилисо, хинкальный дом;+7 (495) 684-66-68;;просп. Мира, 78, Москва;traktirtbiliso.ru;55.791 37.635;cafe
Garnets, кафе;+7 (495) 669-32-15;+7 (905) 700-61-00, +7 (905) 000-61-00, +7 (985) 229-92-35;проспект Мира, 68 вл1;garnetscafe.ru , rassolnikov.moscow;55.788 37.636;cafe
Beerside, пивной гастропаб;+7 (495) 414-30-74, +7 (495) 363-86-15;;Большая Сухаревская площадь, 9, Москва;beerside.ru;55.772 37.638;cafe
Шоколадница, кофейня;;+7 (968) 792-71-20;просп. Мира, 77, корп. 1, Москва;shoko.ru;55.790 37.634;cafe
Рассольников, ресторан;;+7 (904) 567-26-88, +7 (929) 644-38-50;просп. Мира, 68, стр. 1А, Москва;rassolnikov.moscow;55.788 37.636;cafe
Садовый буфет;+7 (495) 134-49-95;+7 (965) 306-63-03;просп. Мира, 26, стр. 2, Москва;hortusrest.ru , vokrugsada.club;55.777 37.636;cafe
M33 art space;;+7 (903) 150-67-61;1-й Коптельский пер., 26, стр. 1, Москва;m33art.space;55.776 37.639;cafe
Хинкальная на Спасской;+7 (495) 542-43-37;+7 (926) 877-88-76;Большая Спасская ул., 11, стр. 1, Москва;hinkali-na-spasskoi.com;55.774 37.640;cafe
Шаурма в Пите;;+7 (999) 670-46-85, +7 (925) 275-55-55, +7 (915) 111-11-85;Большая Спасская ул., 8, стр. 1А, Москва;shaurmavpite.ru;55.776 37.643;cafe
Cinnabon, кафе-пекарня;;+7 (968) 066-55-50;Комсомольская площадь, 3, Москва;cinnabonrussia.com;55.776 37.655;cafe
KFC, ресторан быстрого обслуживания;;+7 (963) 630-51-17;Комсомольская площадь, 3, Москва;kfc.ru;55.777 37.655;cafe
Шоколадница, кофейня;;+7 (916) 484-05-50;Комсомольская площадь, 3, Москва;shoko.ru;55.776 37.655;cafe
Cofix;;+7 (977) 380-14-54;Комсомольская площадь, 3, Москва;cofix.global , cofix.ru;55.777 37.655;cafe
Fresh шаурма;;+7 (925) 934-10-36, +7 (925) 150-33-38, +7 (926) 373-54-60;Комсомольская площадь, 3, Москва;freshburgers.ru;55.777 37.655;cafe
Empath cafe;;+7 (963) 927-01-89;3-й Красносельский пер., 19, стр. 4, Москва;empath-cafe.ru;55.785 37.656;cafe
Шафран, кафе;+7 (499) 264-77-55;+7 (966) 164-77-55;Малая Красносельская ул., 14, Москва;shafrancafe.com;55.786 37.658;cafe
Рис, кафе;;+7 (903) 142-25-53;Комсомольская площадь, 6;cafe-rice.ru;55.776 37.660;cafe
Чинар-а, кафе;+7 (499) 269-77-57;;ул. Сокольнический Вал, 22, Москва;chinar-a.ru;55.792 37.660;cafe
Каравай;;+7 (926) 735-03-70, +7 (969) 032-94-22;Комсомольская площадь, 2, Москва;hotimedu.ru;55.774 37.656;cafe
Fiji Lounge, центр паровых коктейлей;;+7 (968) 066-24-24;Малая Красносельская ул., 14, Москва;fijilounge.ru;55.786 37.658;cafe
Аут;;+7 (906) 062-00-76;Верхняя Красносельская ул., 8, корп. 3, Москва;ayt.pub;55.785 37.660;cafe
Рис;;+7 (901) 461-41-37;Комсомольская площадь, 6, Москва;cafe-rice.ru;55.776 37.660;cafe
Шоколадница;;+7 (915) 473-89-42;Краснопрудная ул., 3/5с1, Москва;shoko.ru;55.777 37.660;cafe
Пиццерия паб;;+7 (903) 142-25-33;Комсомольская площадь, 6, Москва;pizzeria-pub.ru;55.777 37.661;cafe
АндерСон, семейное кафе-кондитерская;;+7 (903) 124-27-87;Верхняя Красносельская ул., 7, стр. 2, Москва;cafe-anderson.ru;55.785 37.661;cafe
Imperial, кафе в стиле ар-деко;;+7 (936) 888-80-77;Краснопрудная ул., 12, Москва;imperial.cafe;55.777 37.661;cafe
Милано, пиццерия и суши-бар;+7 (495) 920-54-54, +7 (495) 755-40-70;+7 (909) 218-58-11, +7 (965) 116-75-57, +7 (903) 755-40-70;Верхняя Красносельская ул., 3А, Москва;milanofood.ru;55.786 37.665;cafe
Теремок, ресторан быстрого питания;+7 (495) 648-68-16;+7 (968) 839-55-22, +7 (999) 900-33-33;Верхняя Красносельская ул., 3А, Москва;tdktroyka.ru;55.786 37.665;cafe
Coffee way;+7 (474) 255-10-06;+7 (910) 441-74-34;Верхняя Красносельская ул., 3А, Москва;coffeeway.ru;55.786 37.665;cafe
Andy coffee, кофейня;;+7 (920) 297-91-79;Новорязанская ул., 18, стр. 2, Москва;andycoffee.ru;55.772 37.662;cafe
Вьетнамское кафе;;+7 (963) 753-61-62, +7 (916) 753-92-12;Новорязанская ул., 25, стр. 1, Москва;thanh.ru , thanhcafe.ru;55.772 37.664;cafe
Фреш;;+7 (925) 211-39-27;Ольховская ул., 4, корп. 2, Москва;fresh.cafe;55.773 37.666;cafe
Cinnabon;;+7 (995) 157-94-29;Верхняя Красносельская ул., 3А, Москва;cinnabonrussia.com , tdktroyka.ru;55.785 37.666;cafe
Ля Фантази;;+7 (926) 776-37-27;Краснопрудная ул., 22-24, Москва;lafantasi.ru;55.779 37.666;cafe
Cofix;;+7 (925) 418-17-11, +7 (966) 190-36-38;Краснопрудная ул., 26, Москва;cofix.global , cofix.ru;55.779 37.667;cafe
Шоколадница;;+7 (985) 316-23-47;Краснопрудная ул., 26, Москва;shoko.ru;55.780 37.667;cafe
Harat`s pub, ирландский паб;;+7 (977) 756-83-03;Краснопрудная ул., 15, Москва;moscow.harats.com;55.781 37.668;cafe
Бравос, мини-кофейня;+7 (343) 288-75-79, +7 (351) 750-63-73, +7 (3952) 97-09-33, +7 (4912) 47-46-44, +7 (4932) 49-03-32, +7 (4942) 54-44-48, +7 (499) 321-20-43, +7 (812) 455-45-40, +7 (812) 565-45-26;+7 (916) 535-35-53, +7 (915) 150-40-99, +7 (903) 628-95-00, +7 (904) 508-80-13, +7 (910) 515-31-48, +7 (911) 580-15-55, +7 (913) 827-70-21, +7 (914) 258-58-17, +7 (914) 669-43-81, +7 (914) 927-09-33;Краснопрудная ул., 15, Москва;coffee-tea-bravos.ru , bravos.coffee;55.781 37.668;cafe
Ош, кафе-чайхана;;+7 (926) 843-83-83;Краснопрудная ул., 15, Москва;chajhana-no-83.clients.site;55.781 37.668;cafe
Буржуй, кафе;+7 (495) 369-31-67, +7 (495) 984-69-31;+7 (905) 797-57-44;Нижняя Красносельская улица, 40/12 к8;burjui-club.ru;55.775 37.672;cafe
Masseter Kitchen&Bar;+7 (495) 098-00-75;+7 (911) 011-04-54, +7 (916) 380-26-51;Нижняя Красносельская ул., 35, Москва;masseter-resto.com;55.776 37.672;cafe
Stopexpress;;+7 (929) 900-78-26;Гаврикова ул., 4ст1, Москва;stopexpress.ru;55.779 37.672;cafe
Pivzavod77, кафе-бар;+7 (495) 580-32-77, +7 (495) 626-31-77;+7 (903) 188-40-67, +7 (985) 095-19-93;Спартаковский переулок, 2 ст1;pivzavod77.ru;55.779 37.674;cafe
Кулинарная лавка братьев Караваевых;+7 (495) 139-69-49;;Спартаковская ул., 16, Москва;karavaevi.ru;55.772 37.676;cafe
Financier, кафе-кондитерская;+7 (495) 935-85-84;;Нижняя Красносельская ул., 35, стр. 50, Москва;financiercafe.ru;55.774 37.674;cafe
The Hummus;;+7 (964) 582-51-06;Нижняя Красносельская ул., 35, стр. 59, Москва;thehummus.ru;55.777 37.675;cafe
Барвиха lounge, сеть баров паровых коктейлей;;+7 (926) 926-19-82;Нижняя Красносельская ул., 35, стр. 59, Москва;barvikhagroup.ru;55.776 37.675;cafe
Арарат, кафе армянской кухни;+7 (495) 909-15-17;+7 (926) 624-49-33, +7 (916) 858-77-50;Нижняя Красносельская ул., 35, стр. 59, Москва;yavthai.moscow , horeca-magazine.ru , horeca.ru;55.777 37.675;cafe
Гастроферма, гастрономический лофт;+7 (499) 110-00-21;+7 (909) 969-07-90, +7 (925) 005-84-26;Нижняя Красносельская ул., 35, стр. 59, Москва;gastroferma.ru;55.777 37.675;cafe
Дагестанская лавка;;+7 (966) 134-61-19;Нижняя Красносельская ул., 35, стр. 59, Москва;daglavka.com;55.777 37.675;cafe
Грейп лаундж;;+7 (925) 166-37-96, +7 (965) 166-37-96;Спартаковская ул., 16, Москва;graip.ru , grapekafe.ru;55.772 37.676;cafe
Тапчан, ресторан;+7 (499) 490-02-34;;Русаковская ул., 27, Москва;тапчан.рф , tapchanmsk.ru , tapchanrestoran.ru , tapchanbanket.ru;55.787 37.677;cafe
KFC, ресторан быстрого обслуживания;+7 (495) 663-99-82;;Спартаковская ул., 24, Москва;kfc.ru;55.773 37.677;cafe
Реберная №1, гриль-бар;;+7 (925) 125-60-62;Русаковская ул., 27, стр. 2, Москва;rebro1.ru;55.787 37.677;cafe
Rainbow Pub, ирландский паб;;+7 (965) 107-73-87;Сокольническая площадь, 4;;55.791 37.678;cafe
Проект МКЦ;;+7 (977) 456-04-37;Спартаковская площадь, 16/15с3, Москва;проектмкц.com;55.776 37.678;cafe
Stim Coffee;;+7 (981) 947-28-11, +7 (911) 766-07-67, +7 (951) 646-96-39, +7 (953) 376-33-14;Спартаковская площадь, 16/15с4, Москва;stimcoffeehome.ru;55.776 37.678;cafe
Шоколадница, кофейня;;+7 (910) 495-37-56;Сокольническая площадь, 4А, Москва;shoko.ru;55.790 37.679;cafe
Pastoria cafe, кафе;+7 (499) 398-25-53;+7 (925) 651-30-70;Бауманская улица, 33/2 ст1;pastoria.cafe;55.773 37.679;cafe
Кулинарная лавка братьев Караваевых;+7 (495) 139-69-37;;Русаковская ул., 31, Москва;karavaevi.ru;55.789 37.679;cafe
KFC, ресторан быстрого обслуживания;+7 (495) 911-69-62;;Сокольническая площадь, 9А, Москва;yandexpriority.onelink.me , kfc.ru;55.791 37.680;cafe
Золотая Вобла, народный бар;;+7 (925) 018-45-15;Сокольническая площадь, 9, Москва;vobla.ru;55.790 37.680;cafe
Му-му, сеть кафе;;+7 (916) 502-90-23;Сокольническая площадь, 9, Москва;cafemumu.ru;55.790 37.681;cafe
Шоколадница;;+7 (985) 316-26-34;Бауманская ул., 33/2с1, Москва;shoko.ru;55.773 37.679;cafe
Cofix;;+7 (916) 942-21-77, +7 (985) 710-72-70;Бауманская ул., 33/2с1, Москва;cofix.global , cofix.ru;55.773 37.679;cafe
МясВегас;;+7 (925) 892-80-50;Бауманская ул., 11, стр. 8, Москва, Россия;meatvegas.ru;55.777 37.679;cafe
Pastoria;+7 (499) 688-08-08;;Бауманская ул., 33/2с1, Москва;pastoria.cafe;55.773 37.679;cafe
Tsingtao;;+7 (985) 247-70-77;Спартаковская площадь, 16/15с2, Москва;arthai.ru;55.776 37.680;cafe
Brrrew!, кофейня;;+7 (965) 286-20-90;Бакунинская ул., 8, Москва;;55.773 37.681;cafe
Дружба;;+7 (917) 569-81-84;Новая Переведеновская ул., 1/7, Москва;;55.779 37.682;cafe
Открытая кухня, кафе;;+7 (995) 000-03-33;ул. Фридриха Энгельса, 31/35, Москва;cooklikemary.ru;55.775 37.686;cafe
Гастроферма, гастрономический лофт;;+7 (903) 720-73-36;Бакунинская ул., 69, стр. 1, Москва;gastroferma.ru;55.778 37.690;cafe
НеБаланда;+7 (495) 979-12-34, +7 (499) 964-56-77;;Бакунинская ул., 69, стр. 1, Москва;nebalanda.ru;55.779 37.691;cafe
Ставр, кафе;+7 (499) 785-21-59;;1-я Боевская ул., 6, Москва;stavrcafe-sokolniki.ru;55.792 37.693;cafe
BlackBerry Lounge;;+7 (901) 538-59-88;Бакунинская ул., 74-76к1, Москва;blackberrylounge.com;55.779 37.691;cafe
Комод, кафе;+7 (495) 780-35-33;+7 (926) 589-99-82;Бакунинская ул., 73, стр. 3, Москва;cafekomod.com;55.781 37.692;cafe
Парламент, столовая;+7 (495) 641-64-92;+7 (901) 386-79-99, +7 (926) 799-84-59;Бакунинская ул., 92, стр. 1, Москва;restoran-parlament.ru;55.780 37.693;cafe
T&S Lounge;+7 (499) 495-14-92;;Большая Почтовая ул., 43-45с1, Москва;teaandsmoke.ru , tslounge.moscow;55.777 37.694;cafe
Ля Фантази;;+7 (926) 776-37-28;Большая Почтовая ул., 38/1, Москва;lafantasi.ru;55.782 37.697;cafe
Русская трапеза, кафе быстрого питания;;+7 (903) 505-10-96;Большая Семёновская ул., 16, Москва;russtrapeza.ru;55.782 37.704;cafe
Черный Кот, кафе-столовая;+7 (495) 968-36-39;+7 (916) 328-93-25;площадь Журавлёва, 2, стр. 2, Москва;biznesbufet.ru;55.784 37.702;cafe
KFC, ресторан быстрого обслуживания;;+7 (925) 954-36-31;Большая Семёновская ул., 20, Москва;kfc.ru;55.782 37.705;cafe
Шеф повар, хинкальная;+7 (499) 785-03-38;+7 (925) 545-87-89, +7 (903) 780-88-30, +7 (977) 833-87-89;Большая Семёновская ул., 15, Москва;rushef.ru , hinkali-unas.ru;55.783 37.705;cafe
Sedelice, французская пекарня;;+7 (968) 512-82-27;Большая Семёновская ул., 20, Москва;sedelice.ru;55.782 37.705;cafe
Снеди Феди, рестобуфет;;+7 (967) 207-79-97;Электрозаводская ул., 27, стр. 8, Москва;snedi-fedi.ru;55.792 37.706;cafe
Пан Запекан;;+7 (968) 446-06-88;Большая Семёновская ул., 27, корп. 1, Москва;panzapekan.ru;55.782 37.709;cafe
Шоколадница, кофейня;+7 (499) 390-99-41;;Большая Семёновская ул., 27, корп. 1, Москва;shoko.ru;55.782 37.709;cafe
Стейк & Бургер Мираторг;;+7 (917) 553-21-50;Большая Семёновская ул., 27, корп. 1, Москва;burgermiratorg.shop , miratorg.ru;55.783 37.709;cafe
Festa&Тесто;;+7 (999) 555-98-95, +7 (925) 509-40-61, +7 (961) 689-36-88;Малая Семёновская ул., вл11/2, Москва;;55.786 37.711;cafe
Сочи, кафе;;+7 (993) 345-27-05;Мажоров переулок, 5/3;;55.783 37.712;cafe
Express Market;+7 (495) 963-21-47, +7 (495) 963-00-03, +7 (495) 780-90-90;;Семёновская площадь, 1, Москва;semenovsky.ru;55.783 37.721;cafe
Мацони, грузинское кафе;;+7 (966) 381-55-66;Большая Семёновская ул., 45, Москва;kafematsoni.ru;55.782 37.713;cafe
Ням-ням, кафе;;+7 (967) 283-22-32;ул. Семёновский Вал, 12, Москва;nyam-nyam.eda.rest;55.776 37.714;cafe
KFC, ресторан быстрого обслуживания;+7 (495) 725-26-86;;ул. Измайловский Вал, 2, Москва;kfc.ru;55.783 37.719;cafe
Токио Рамен, лапшичная;;+7 (977) 255-53-23, +7 (925) 505-92-95, +7 (969) 122-22-44, +7 (991) 339-53-23;Семёновская площадь, 1, Москва;tokyoramen.ru;55.783 37.720;cafe
Вареничная № 1;;+7 (926) 229-06-91;Семёновская площадь, 1, Москва;varenichnaya.ru;55.783 37.720;cafe
BB Grill, ресторан европейской кухни;+7 (499) 166-93-52, +7 (495) 108-99-22, +7 (495) 635-48-31, +7 (495) 953-68-28, +7 (499) 226-16-27, +7 (495) 145-86-62, +7 (495) 181-52-22, +7 (495) 730-15-95;+7 (969) 047-48-77;Семёновская площадь, 1, Москва;bbgrill.rest , bbcafe.ru;55.783 37.720;cafe
Тифлисъ, ресторан;+7 (495) 695-10-56, +7 (495) 365-09-75, +7 (499) 166-01-01;+7 (985) 449-32-32, +7 (985) 491-32-32;Измайловское ш., 3А, Москва;restorantiflis.ru , tiflis.ru;55.780 37.721;cafe
Star hit cafe, кофейня;+7 (495) 633-57-57, +7 (812) 448-69-48;+7 (916) 985-79-91;Семёновская площадь, 1, Москва;starhitcafe.ru , hearst-shkulev-media.ru , shkulevholding.ru;55.783 37.721;cafe
Пицца и гирос;;+7 (903) 623-83-33;Семёновская площадь, 7, корп. 17А, Москва;pizza-giros.ru;55.784 37.722;cafe
Ором, кафе;;+7 (906) 721-25-25, +7 (925) 085-25-25, +7 (925) 167-12-22, +7 (905) 532-25-25;Семёновская площадь, 7, корп. 17, Москва;oromcafe.ru;55.783 37.721;cafe
Франклинс бургер, бургерная;;+7 (916) 052-64-83;Семёновская площадь, 1, Москва;franklins.ru;55.783 37.722;cafe
Библиотека, кафе-столовая;;+7 (925) 857-14-20, +7 (925) 801-98-11;Вельяминовская ул., 34, Москва;kafe-stolovaja-biblioteka.clients.site;55.785 37.722;cafe
Лето Близко, караоке-бар;+7 (495) 909-84-94, +7 (495) 098-00-79;+7 (916) 820-20-65;Ткацкая ул., 5, стр. 2, Москва;leto-blizko.ru;55.786 37.723;cafe
Московский дворик, кафе;;+7 (903) 133-70-12;ул. Ибрагимова, 20, Москва;mosdvor.su;55.785 37.731;cafe
Лемонграсс, кафе;+7 (495) 645-04-10, +7 (219) 251-33-69;+7 (985) 396-75-85, +7 (958) 100-49-18;Мироновская ул., 25, Москва;lemongrasscafe.ru;55.788 37.733;cafe
Алло! Пицца, сеть пиццерий;+7 (495) 260-02-37;;Ткацкая ул., 32А, Москва;allopizza.su;55.786 37.735;cafe
Мамина еда, магазин домашней еды;;+7 (965) 302-59-84, +7 (923) 604-49-49, +7 (917) 562-16-38;Борисовская ул., 1, Москва;;55.785 37.735;cafe
Гурман, кафе-бар;+7 (495) 779-08-90;;Щербаковская ул., 53, корп. 15, Москва;kafe-bar-gurman.ru;55.783 37.734;cafe
Веселая черепашка, кафе;+7 (495) 476-43-50, +7 (495) 764-37-73;;Кирпичная ул., 48, Москва;f-o-o-d.ru;55.779 37.740;cafe
Мята Lounge, центр паровых коктейлей;;+7 (926) 604-46-66;Щербаковская ул., 53, корп. 2, Москва;;55.783 37.737;cafe
Буханка;;+7 (925) 224-90-29;Вольная ул., 28/4к2, Москва;buhanka.ru;55.775 37.738;cafe
Man Gal;;+7 (958) 502-53-35;2-й Вольный пер., 11, Москва;;55.774 37.740;cafe
Хаус, кафе-бар;+7 (495) 792-98-98, +7 (495) 644-08-95, +7 (495) 792-99-13, +7 (495) 181-92-32, +7 (495) 792-98-50;;Измайловское ш., 71, корп. 2Б, Москва;hotelbeta.ru;55.790 37.747;cafe
Матрёшка, кафе;;+7 (916) 488-61-62;Измайловское шоссе, 71 к4гд;;55.791 37.748;cafe
Гамма-дельта, ресторанный комплекс;+7 (495) 737-70-91;+7 (916) 620-01-86, +7 (916) 620-50-92;Измайловское шоссе, 71 к4г-д;restoran-izmailovo.ru;55.791 37.748;cafe
Ваня и Гоги, кафе;+7 (499) 166-45-84;+7 (929) 547-84-41;Измайловское ш., 71, корп. А, Москва;cafevangogi.ru;55.790 37.750;cafe
Лесной уют, кафе;+7 (499) 165-22-54;+7 (915) 234-56-92, +7 (985) 200-90-91;Народный просп., 17, стр. 24, Москва;lesnoy-uyt.ru;55.775 37.754;cafe
Лесное;;+7 (963) 728-24-22, +7 (904) 568-55-73, +7 (901) 256-15-04;Народный просп., 17, стр. 28, Москва;lesnoe-rest.ru , izles.ru;55.774 37.748;cafe
Венское;+7 (495) 737-70-46, +7 (495) 737-70-52, +7 (495) 737-70-70, +7 (495) 737-71-23, +7 (495) 737-70-00, +7 (499) 166-61-65;;Измайловское ш., 71к4Г-Д, Москва;izmailovo.ru;55.792 37.748;cafe
5 Stars Coffee;;+7 (925) 679-84-34;Измайловское ш., 69Ж, стр. 1, Москва;;55.788 37.748;cafe
Эль-шарк;+7 (495) 739-38-49, +7 (495) 504-49-29;+7 (906) 706-49-00;Измайловское ш., 71к4Г-Д, Москва;izmailovogd.ru , izmailovo.ru;55.792 37.749;cafe
Ваби Саби;;+7 (916) 653-14-82;Измайловское ш., 71, корп. А, стр. 1, Москва;vabisabi.ru;55.789 37.749;cafe
Чёрная пантера;+7 (495) 737-71-40;+7 (925) 120-64-60;Измайловское ш., 71к4Г-Д, Москва;amazoniyarest.ru , izmailovo.ru;55.792 37.748;cafe
Хинкальная 24;;+7 (919) 778-51-51, +7 (969) 088-51-51, +7 (909) 627-51-51, +7 (995) 111-51-51;Измайловское ш., 71, корп. 5, Москва;hinkalnaya-24.ru;55.790 37.750;cafe
Сольфасоль, семейное кафе;+7 (499) 165-72-01;+7 (926) 094-60-05;Первомайская ул., 14, Москва;solfasolspb.ru , sol-fa-sol.ru;55.791 37.776;cafe
Пиццы захотеЛОСЬ, кафе-пиццерия;;+7 (925) 430-30-30, +7 (925) 530-30-30;Магнитогорская ул., 1, Москва;pizzalos.ru;55.774 37.821;cafe
Ранние пташки;;+7 (985) 931-09-92;Нижняя Первомайская ул., 35/9, Москва;;55.791 37.805;cafe
Cinnabon, кафе-кондитерская;;+7 (925) 744-68-61;Новорижское шоссе 22 км, вл1 ст1;cinnabonrussia.com;55.801 37.299;cafe
Шоколадница, кофейня;;+7 (903) 727-82-98;Строгинский бул., 1, корп. 2, Москва;shoko.ru;55.806 37.396;cafe
Буханка, пекарня;;+7 (999) 599-54-04;Строгинский бул., 14, корп. 3, Москва;buhanka.ru;55.803 37.401;cafe
Пекарня Буханка;;+7 (968) 929-72-44;ул. Твардовского, 12, корп. 3, Москва;buhanka.ru;55.793 37.401;cafe
Стандарт Вкуса;+7 (499) 401-77-92;;ул. Твардовского, 14, корп. 2, Москва;standart-vkusa.ru;55.794 37.405;cafe
Империя Пиццы;+7 (499) 648-76-16, +7 (495) 790-77-97, +7 (495) 432-58-81;;Таллинская ул., 24, корп. 4, Москва;ipizza.ru;55.798 37.406;cafe
Строгинская гавань, ресторан;+7 (495) 757-90-38;;Строгинский бул., 21, Москва;strogino-gavan.ru;55.804 37.406;cafe
Рожь: хлеб и кофе, кофейня;;+7 (915) 407-93-35;ул. Маршала Катукова, 24, корп. 1, Москва;;55.805 37.415;cafe
Бистро Локал;;+7 (967) 039-43-38;Авиационная ул., 77, корп. 2, Москва;zayac-shlyapa.ru;55.809 37.451;cafe
Старый батумъ, ресторан;+7 (499) 720-49-13, +7 (495) 942-44-85;+7 (915) 329-99-79;ул. Академика Бочвара, 7, корп. 1, Москва;oldbatum.ru;55.806 37.462;cafe
Пинта, пивной ресторан;+7 (499) 190-46-55;;ул. Маршала Василевского, 17, Москва;pintapr.ru;55.809 37.462;cafe
Wine for you, рестобар;+7 (495) 984-30-16, +7 (495) 648-18-65, +7 (495) 229-97-43;;Щукинская ул., 42, Москва;restaurants-for-you.ru;55.809 37.463;cafe
Баскин Роббинс;;+7 (917) 553-14-60;Щукинская ул., 42, Москва;baskinrobbins.ru;55.809 37.464;cafe
Cofix, кофейня фиксированной цены;;+7 (985) 020-78-59;Щукинская ул., 42, Москва;cofix.global , trkschuka.ru , cofix.ru;55.810 37.464;cafe
Воккер, городская лапшичная;;+7 (985) 857-07-05;Щукинская, 42;wokker.ru;55.809 37.464;cafe
Шоколадница, кофейня;;+7 (926) 641-28-06;Щукинская ул., 42, Москва;trkschuka.ru , shoko.ru;55.809 37.464;cafe
Суши Сет;;+7 (977) 979-50-20;ул. Академика Бочвара, 7, корп. 2, Москва;setsushi.ru , clck.ru;55.806 37.463;cafe
Cinnabon;;+7 (926) 432-80-96;Щукинская ул., 42, Москва;cinnabonrussia.com;55.809 37.464;cafe
АндерСон, семейное кафе-кондитерская;;+7 (906) 740-94-79;ул. Маршала Бирюзова, 32, Москва;cafe-anderson.ru;55.799 37.483;cafe
Do.bro coffee, кофейня;;+7 (914) 040-21-01, +7 (916) 999-64-27, +7 (914) 567-78-76, +7 (914) 564-87-29, +7 (914) 561-30-39, +7 (916) 917-91-30, +7 (962) 285-20-47;ул. Маршала Василевского, 5, корп. 1, Москва;dobro-coffee.com , dobromskvasilevskogo.taplink.ws , dobro-coffee.ru;55.804 37.472;cafe
Д-кафе на Щукинской;;+7 (926) 715-08-37;Щукинская ул., 2, Москва;д-кафе.москва;55.810 37.483;cafe
Шоколадница, кофейня;;+7 (916) 667-40-87;ул. Маршала Бирюзова, 32, Москва;shoko.ru;55.800 37.484;cafe
Примавера, ресторан;+7 (499) 194-89-62;;ул. Маршала Бирюзова, 21, Москва;primavera.su;55.795 37.491;cafe
Траттория Иль Тортеллино;+7 (495) 607-46-12, +7 (499) 194-12-75;;ул. Маршала Бирюзова, 22, корп. 1, Москва;food-italy.ru;55.796 37.490;cafe
Жираф, кафе быстрого обслуживания;;+7 (926) 388-42-49;1-й Волоколамский пр., 10, стр. 1, Москва;giraffecafe.ru;55.805 37.490;cafe
Surf coffee × flat, кофейня;;+7 (916) 752-10-86, +7 (929) 613-40-80;ул. Маршала Бирюзова, 18, Москва;surfcoffee.ru;55.795 37.491;cafe
Mr. Kebab, кафе быстрого питания;;+7 (985) 042-83-33;Дубосековская ул., 7, Москва;;55.811 37.498;cafe
Хлебница, пекарня;+7 (3412) 91-65-53;+7 (926) 332-81-69;ул. Народного Ополчения, 47, корп. 1, стр. 1, Москва;hlebnitca.ru;55.793 37.493;cafe
Foodie urban eco market;;+7 (910) 496-58-77;улица Маршала Рыбалко, 2 к8;foodie.myresto.online;55.797 37.497;cafe
Шоколадница, кофейня;;+7 (985) 369-98-02;ул. Народного Ополчения, 49, корп. 1, Москва;shokokids.ru , shoko.ru;55.795 37.495;cafe
Тамада, ресторан;+7 (499) 194-31-41, +7 (499) 198-82-57;+7 (962) 822-34-75;ул. Народного Ополчения, 48, корп. 1, Москва;tamada-rest2000.ru;55.794 37.495;cafe
The Loft, центр паровых коктейлей;;+7 (995) 333-16-59, +7 (929) 915-14-97;ул. Маршала Рыбалко, 2, корп. 6, Москва;timetosmoke.ru;55.797 37.497;cafe
Botteganova organic store, семейный ресторан;+7 (495) 740-33-96;;ул. Маршала Рыбалко, 2, корп. 9, Москва;botteganova.org , naturabottega.com;55.798 37.497;cafe
Хамон&Вино;+7 (495) 969-79-29;+7 (977) 483-84-23;ул. Маршала Рыбалко, 2, корп. 9, Москва;elparador.net;55.797 37.497;cafe
Jeffrey`s coffeeshop, кофейня;;+7 (963) 607-05-19, +7 (903) 795-63-45;Волоколамское ш., 11, стр. 2, Москва;jeffreys.ru;55.806 37.498;cafe
Кафе;;+7 (964) 769-23-51;улица Врубеля, 13а ст2;upsidedowncake.ru , traktir-sokol.ru;55.804 37.499;cafe
Taam hummus bar, кафе;;+7 (995) 922-76-55, +7 (925) 597-71-53;Волоколамское ш., 6, Москва;;55.808 37.500;cafe
У Адама, кафе-ресторан;+7 (499) 158-52-16, +7 (499) 938-46-65, +7 (499) 158-02-11;+7 (925) 599-09-99;Ленинградское ш., 3, стр. 1, Москва;u-adama.ru;55.809 37.505;cafe
Colorcoffee, экспресс-кофейня;;+7 (999) 711-22-98;Волоколамское ш., 1, стр. 1, Москва;;55.807 37.505;cafe
Пурмарили, кафе-пекарня;;+7 (968) 395-59-55;Волоколамское ш., 1, стр. 1, Москва;georgianfood.online;55.806 37.506;cafe
СССР, чебуречная;;+7 (985) 546-39-17;Ленинградский просп., 75, корп. 1Б, Москва;chebureky.ru;55.805 37.511;cafe
Хлебная лавка;+7 (499) 685-17-75;+7 (903) 009-50-09, +7 (926) 577-56-87;Часовая ул., 11, стр. 4, Москва;;55.808 37.530;cafe
ЦДР;+7 (499) 728-07-67, +7 (499) 728-14-78, +7 (499) 250-87-24, +7 (495) 946-29-28, +7 (499) 250-18-09;+7 (903) 188-03-69, +7 (909) 647-02-36, +7 (980) 463-64-58;Ленинградский просп., 71, корп. Г, Москва;teatrcdr.ru;55.804 37.516;cafe
Умное кафе;+7 (495) 159-15-09, +7 (495) 120-05-20;+7 (910) 476-53-21;Ленинградский просп., 80, корп. 11, Москва;experimentanium.ru;55.809 37.511;cafe
Следующая Станция Сокол;;+7 (916) 779-26-68, +7 (925) 352-99-89, +7 (985) 258-03-50;Балтийская ул., 3, Москва;;55.807 37.511;cafe
Максима пицца, итальянское кафе;+7 (499) 162-08-37, +7 (499) 152-08-37;;Ленинградский просп., 78, корп. 1, Москва;maxima-pizza.ru;55.806 37.514;cafe
KFC, ресторан быстрого обслуживания;+7 (495) 198-09-23;;Ленинградский просп., 76А, Москва;kfc.ru;55.806 37.515;cafe
BigСуши, кафе быстрого обслуживания;;+7 (977) 334-14-88, +7 (985) 303-88-98, +7 (915) 166-25-90, +7 (985) 759-69-69;2-я Песчаная ул., 3, Москва;bigsushii.ru;55.796 37.516;cafe
Кулинарная лавка братьев Караваевых;+7 (499) 654-04-47, +7 (495) 790-98-64;;Балтийская ул., 5, Москва;karavaevi.ru;55.808 37.512;cafe
7 элемент, кафе-бар;+7 (499) 157-54-08;+7 (925) 037-77-40, +7 (901) 515-01-44;Новопесчаная ул., 10, стр. 1, Москва;;55.799 37.514;cafe
Центр драматургии и режиссуры, театр;+7 (495) 728-07-67;;Ленинградский просп., 71, корп. Г, Москва;teatrcdr.ru;55.804 37.516;cafe
Сокол, кафе;+7 (499) 157-05-98;+7 (963) 641-62-55;Чапаевский пер., 12, Москва;kafe-dlya-svadby.ru;55.798 37.518;cafe
Хуан хэ, ресторан;+7 (499) 343-09-05;+7 (915) 215-40-05;1-й Балтийский пер., 3/25, Москва;huanhemoscow.ru;55.810 37.519;cafe
Крутые желтки, кафе быстрого питания;;+7 (925) 059-88-28;Ленинградский просп., 70, Москва;zheltkimoscow.ru;55.804 37.520;cafe
М2 органик клуб, ресторан;+7 (495) 025-01-98, +7 (495) 025-30-30, +7 (495) 025-02-03, +7 (495) 025-00-65, +7 (495) 025-03-11;+7 (966) 371-02-16;пр. Аэропорта, 8, Москва;ferma-m2.ru , m2-gastro.ru , m2-cafe.ru , m2-shop.ru;55.797 37.522;cafe
АндерСон, семейное кафе-кондитерская;+7 (495) 626-60-55;;Ленинградский просп., 74, стр. 8, Москва;cafe-anderson.ru;55.807 37.518;cafe
Скалка, пироговая;;+7 (925) 204-92-43;Чапаевский пер., 12, корп. 2, Москва;pirogi-skalka.ru;55.799 37.519;cafe
Гранат Black;+7 (495) 255-53-33, +7 (495) 255-55-51;;ул. Луиджи Лонго, 2/10, Москва;granatblack.ru;55.800 37.519;cafe
Кубдари, ресторан;+7 (499) 350-86-96;+7 (906) 779-77-69, +7 (906) 771-77-46, +7 (966) 350-86-86;Ленинградский просп., 70, Москва;kubdari.ru;55.804 37.520;cafe
Академия, кафе-пиццерия;+7 (495) 775-75-33;;Ленинградский просп., 72, корп. 1, Москва;academiya.ru;55.806 37.520;cafe
Кулинарная лавка братьев Караваевых;+7 (495) 790-86-07;;Ленинградский просп., 72, корп. 1, Москва;karavaevi.ru;55.806 37.520;cafe
Petrushka;;+7 (966) 666-93-71;Ленинградский просп., 72, корп. 3, Москва;alcon.petrushkagroup.com;55.805 37.521;cafe
Surf coffee × takeoff, кофейня;;+7 (916) 724-72-51;пр. Аэропорта, 8, стр. 9, Москва;surfcoffee.ru;55.798 37.522;cafe
Черчилль паб, ресторан;+7 (499) 151-07-22, +7 (499) 151-67-10;+7 (926) 796-02-38, +7 (926) 291-73-38, +7 (985) 220-41-49;Ленинградский просп., 66, Москва;churchillspub.ru;55.803 37.525;cafe
Три жирафа, кафе;+7 (499) 157-33-56;+7 (916) 260-76-71, +7 (916) 796-10-64, +7 (985) 964-36-56;ул. Острякова, 6, Москва;cafe-25331.business.site;55.800 37.526;cafe
Surf coffee × east west, кофейня;;+7 (910) 050-64-47;Ленинградский просп., 66, Москва;surfcoffee.ru;55.803 37.526;cafe
Harat`s pub, ирландский паб;+7 (499) 750-14-54;;ул. Авиаконструктора Микояна, 12, Москва;moscow.harats.com;55.792 37.527;cafe
KFC, ресторан быстрого обслуживания;;+7 (925) 305-13-78;Часовая ул., 13, Москва;kfc.ru;55.809 37.528;cafe
Столафе, кафе;;+7 (916) 676-97-38;ул. Авиаконструктора Микояна, 12, Москва;stolafe.ru;55.792 37.529;cafe
Вкуснота, кафе-бистро;;+7 (916) 772-11-11, +7 (916) 436-98-11, +7 (968) 789-88-88;Часовая ул., 11, стр. 2, Москва;vkusnota.su;55.808 37.530;cafe
KFC, ресторан быстрого обслуживания;+7 (495) 023-12-55, +7 (495) 771-71-61, +7 (495) 771-60-80;;Ленинградский просп., 62А, Москва;yandexpriority.onelink.me , g-a.ru , kfc-bucket.ru , kfc.ru;55.802 37.531;cafe
Шоколадница, кофейня;;+7 (915) 474-49-03;Ленинградский просп., 62А, Москва;shoko.ru;55.802 37.532;cafe
Cinnabon;;+7 (926) 488-27-44;Ленинградский просп., 62А, Москва;cinnabonrussia.com;55.802 37.532;cafe
Бар Wild Tony;;+7 (965) 135-73-74, +7 (926) 573-14-20, +7 (904) 567-50-85;Ленинградский просп., 47, стр. 13, Москва;wildtony.ru;55.800 37.532;cafe
Кулинарная лавка братьев Караваевых;+7 (495) 139-69-31;;ул. Черняховского, 4, Москва;karavaevi.ru;55.802 37.533;cafe
Eat Street;+7 (495) 960-12-42;;Планетная ул., 45, Москва;eatstreet.ru;55.806 37.540;cafe
Sattva, магазин;+7 (499) 325-53-20;+7 (926) 678-33-66;Ленинградский просп., 52, Москва;sattvashop.ru , sattva.moscow;55.797 37.540;cafe
Персоны, кафе;;+7 (985) 581-99-54;Ленинградский просп., 37, Москва;msk.cafepersons.ru;55.792 37.541;cafe
Место хлеба, кафе-пекарня;;+7 (916) 959-11-20, +7 (925) 794-07-13, +7 (915) 185-65-65;ул. Черняховского, 19, Москва;mestohleba.ru , mestaudoma.ru;55.808 37.541;cafe
Hookah place аэропорт;;+7 (968) 646-76-62;ул. Черняховского, 19, Москва;hookahplace.ru;55.808 37.541;cafe
Хлеб'N'Мясо;;+7 (926) 731-33-33;Планетная ул., 45, Москва;hleb-n-myaso.ru;55.806 37.539;cafe
ЛаХинкаЛи;+7 (495) 760-78-88;+7 (985) 760-78-88;Планетная ул., 45, Москва;lahinkali.ru;55.806 37.539;cafe
Пять звезд менеджемент;+7 (495) 280-05-02;;4-я ул. 8 Марта, 6А, Москва;pzmmoscow.ru;55.803 37.550;cafe
Крабетерия;;+7 (925) 786-65-77;Кочновский пр., 4, корп. 2, Москва;crabeteria-kafe.ru;55.806 37.545;cafe
Первый нос, бар-винотека;+7 (495) 990-74-04;+7 (903) 296-95-81;Кочновский пр., 4, корп. 2, Москва;1nos.ru;55.806 37.545;cafe
Донер & гриль, киоск фастфудной продукции;;+7 (965) 362-22-03, +7 (980) 011-13-76, +7 (980) 018-46-45;ул. Вучетича, 5, Москва;donerandgrill.ru;55.807 37.560;cafe
Pizza express, кафе-пиццерия;;+7 (991) 624-70-60, +7 (903) 502-83-04;ул. Вучетича, 13, Москва;pizzaexpress24.ru , pizza-express24.ru;55.811 37.558;cafe
Скалка, пироговая;;+7 (925) 584-88-59;ул. Верхняя Масловка, 21, Москва;pirogi-skalka.ru;55.796 37.560;cafe
Буфет, кафе-столовая;+7 (495) 614-42-21;+7 (916) 221-88-45;Старый Петровско-Разумовский проезд, 5/13;;55.800 37.561;cafe
Coffee like, кофе-бар;+7 (3412) 90-82-92;+7 (912) 010-99-00;Ленинградский просп., 36, Москва;coffee-like.com;55.792 37.562;cafe
Jacky Jacky, гастробар;;+7 (903) 727-90-60;Верхняя Масловка, 20 ст1;jacky-jacky.com;55.796 37.562;cafe
29 park lane, гастрономический бар-ресторан;+7 (495) 614-92-73, +7 (495) 665-75-85, +7 (495) 414-39-29;;Петровско-Разумовский пр., 29, Москва;29parklane.ru;55.804 37.562;cafe
В лососе;;+7 (925) 496-86-88;Старый Петровско-Разумовский пр., 15-17, Москва;vlosose.ru;55.800 37.559;cafe
Лес, гастропаб;;+7 (926) 199-22-34;ул. Верхняя Масловка, 21, Москва;lesbar.ru;55.796 37.560;cafe
Итальянские каникулы, кафе;;+7 (939) 840-24-56;Петровско-Разумовская аллея, 10, корп. 3, Москва;vacanze-italiane.ru;55.794 37.560;cafe
Олимп;;+7 (966) 181-12-42;Петровско-Разумовский пр., 27А, стр. 2, Москва;olimp-klub.ru;55.803 37.562;cafe
Джеки Джеки;;+7 (925) 741-97-97;ул. Верхняя Масловка, 20, стр. 1, Москва;jacky-jacky.com;55.796 37.562;cafe
CoffeeТУТ;;+7 (925) 997-87-91;Мишина ул., 38, Москва;;55.797 37.563;cafe
Скалка, пироговая;;+7 (926) 840-08-78;Петровско-Разумовский пр., 16, Москва;pirogi-skalka.ru;55.798 37.569;cafe
ГончаровЪ, арт-кафе;+7 (495) 685-26-90;+7 (925) 542-84-57, +7 (926) 713-00-99, +7 (964) 552-58-00;Петровско-Разумовский пр., 16, Москва;mskr.ru;55.798 37.569;cafe
Суши Пятница, служба доставки еды;+7 (495) 198-02-02;;Тимирязевская ул., 11, Москва;sushi-friday.ru;55.810 37.569;cafe
Мини-хинкальная;;+7 (967) 144-18-89, +7 (977) 466-77-46;улица Нижняя Масловка, 20;mini-hinkalnaya.ru;55.792 37.571;cafe
Кафе для поминок;+7 (499) 380-88-06;;ул. Верхняя Масловка, 10, стр. 4, Москва;кафедляпоминок.рф;55.793 37.566;cafe
Замок, кафе;+7 (4732) 05-90-47, +7 (812) 600-77-33, +7 (3832) 07-80-51, +7 (4012) 65-84-48, +7 (8462) 29-51-03, +7 (812-70) 3-36-90, +7 (495) 613-28-81, +7 (499) 705-30-10, +7 (8432) 02-37-37;+7 (961) 999-93-93, +7 (966) 165-93-33, +7 (965) 446-40-06, +7 (968) 932-15-52;ул. Верхняя Масловка, 10, стр. 4, Москва;кафе-замок.рф , megagroup.ru;55.793 37.566;cafe
Вьетмания;;+7 (926) 088-28-91;Бутырская ул., 6, Москва;nic.ru , vietmania.ru;55.796 37.585;cafe
Люси пицца;;+7 (964) 539-34-77;Новодмитровская ул., 1, стр. 12, Москва;lusyspizza.page.link;55.807 37.584;cafe
Джентльмены Удачи, бильярдный клуб;;+7 (926) 133-03-37;Тимирязевская ул., 2/3, Москва;lucky-gentlemen.ru;55.807 37.572;cafe
Lavanda;;+7 (977) 949-93-03, +7 (985) 948-32-37;2-я Квесисская ул., 25, Москва;;55.795 37.573;cafe
1 Этаж;+7 (495) 611-51-48;;ул. Костякова, 6/5, Москва;1etajj.com;55.812 37.573;cafe
Mad Steam, бар паровых коктейлей;;+7 (905) 509-18-18;1-я Квесисская ул., 18, Москва;zoon.ru , themadsteam.clients.site;55.794 37.578;cafe
Cofix, кофейня фиксированной цены;;+7 (968) 320-11-32;Бутырская ул., 97, Москва;cofix.global , cofix.ru;55.808 37.580;cafe
Шоколадница, кофейня;;+7 (964) 577-66-95;Бутырская ул., 95, Москва;shoko.ru;55.807 37.581;cafe
KFC, ресторан быстрого обслуживания;;+7 (925) 005-44-71;Бутырская ул., 89, Москва;kfc-russia.ru , yandexpriority.onelink.me , kfc.ru;55.806 37.581;cafe
Ma Mi ханойская лапша;;+7 (925) 488-88-48, +7 (925) 089-88-87;Вятская улица, 27 к2;mami.moscow;55.797 37.582;cafe
Slava, ресторан;+7 (499) 811-00-77;+7 (968) 811-00-77;Вятская ул., 27, стр. 7, Москва;slava-cafe.ru , slavarest.ru;55.796 37.581;cafe
Инжир, чайхана;;+7 (968) 012-69-71, +7 (964) 942-24-24, +7 (989) 091-03-03, +7 (918) 187-60-60, +7 (985) 048-77-77, +7 (909) 168-13-13;Бутырская улица, 69;familygardengroup.ru , chaihana-injir.com;55.803 37.583;cafe
Cofix, кофейня фиксированной цены;;+7 (901) 511-57-40, +7 (985) 358-81-61;Бутырская ул., 86Б, Москва;cofix.global;55.808 37.582;cafe
Pandora Hall, банкетный зал;;+7 (916) 999-20-66, +7 (939) 111-33-22;Бутырская ул., 62, Москва;mbk-banket.com;55.803 37.584;cafe
Шоколадница, кофейня;;+7 (985) 310-41-02;Бутырская ул., 7, Москва;shoko.ru;55.794 37.584;cafe
Iskra, гастробар;+7 (499) 409-16-29;;Большая Новодмитровская, 36 ст9;iskra.bar;55.806 37.584;cafe
Yug, грузинское бистро;+7 (499) 991-69-00;;Большая Новодмитровская, 36 ст9;apps.apple.com , yug.cafe;55.806 37.584;cafe
Ветераны фалафеля, кафе авторской кухни;;+7 (916) 693-77-93;Новодмитровская ул., 1, стр. 9, Москва;;55.807 37.583;cafe
Азия, супермаркет восточных продуктов;+7 (499) 325-44-07, +7 (499) 638-28-42;+7 (926) 456-50-06;Новодмитровская ул., 1, стр. 2, Москва;supermarketasia.ru;55.806 37.584;cafe
Буханка, пекарня;;+7 (903) 144-00-93, +7 (916) 579-83-56;Новодмитровская ул., 1, стр. 2, Москва;buhanka.ru;55.806 37.584;cafe
Такеши;;+7 (901) 147-78-40;Новодмитровская ул., 1, стр. 6, Москва;takeshisushibar.ru;55.807 37.584;cafe
Lars Vegans, бразильская закусочная;;+7 (926) 845-54-85, +7 (916) 795-19-38;Новодмитровская ул., 1, стр. 23, Москва;larsvegans.ru;55.806 37.585;cafe
Алохапоке;;+7 (977) 456-80-29, +7 (993) 353-30-13;Большая Новодмитровская ул., 36, стр. 9, Москва;alohapoke.msk.ru , tap.link;55.805 37.585;cafe
Причал моряка, рыбный ресторан;;+7 (915) 055-75-22;Новодмитровская ул., 1, стр. 1, Москва;prichalmoriaka.ru;55.806 37.585;cafe
The Rusty pub, кафе-бар;;+7 (999) 880-20-03, +7 (958) 100-23-87;Большая Новодмитровская ул., 36, стр. 6, Москва;therustypub.ru;55.806 37.585;cafe
Cofix, кофейня фиксированной цены;;+7 (977) 836-37-31;Бутырская ул., 2/18, Москва;cofix.global , cofix.ru;55.794 37.587;cafe
Оранжерея Кафе-буфет & Доставка;;+7 (985) 437-14-77;Новодмитровская ул., 5А, стр. 1, Москва, Россия;orangybuffet.ru;55.807 37.588;cafe
Coffee Boy;;+7 (991) 609-02-17;Новодмитровская ул., 5А, стр. 1, Москва;kafemayak.ru;55.807 37.588;cafe
PhoPlus;;+7 (963) 768-68-86;Новодмитровская ул., 5А, стр. 2, Москва;phoplus.ru;55.807 37.589;cafe
Баракат, чайхана;;+7 (963) 681-85-84, +7 (903) 561-10-80, +7 (926) 429-63-39;Новодмитровская ул., 2, корп. 2, Москва;chayhanabarakat.choiceqr.com;55.804 37.590;cafe
Shirshov & сo, пекарня;;+7 (931) 358-42-84;ул. Сущёвский Вал, 5, стр. 5, Москва;shirshov-bakery.com;55.794 37.590;cafe
Breakfast hunters, ресторан;;+7 (930) 962-63-60, +7 (916) 234-06-58;Новодмитровская ул., 2, корп. 2, Москва;breakfast-hunters.ru;55.805 37.590;cafe
Гуд суши;+7 (495) 137-00-37;;Новодмитровская ул., 2, корп. 4, Москва;goodsushi.ru;55.804 37.591;cafe
Vice burgers, бургерная;;+7 (926) 136-19-98;Новодмитровская ул., 2, корп. 2, Москва;vicefood.ru;55.805 37.591;cafe
Свежъ, городское кафе;;+7 (916) 440-12-13;Новодмитровская ул., 2, корп. 4, Москва;svezh.cafe;55.804 37.591;cafe
Pacha Mama. Smoothie Point;;+7 (995) 508-83-02;Новодмитровская ул., 2, корп. 5, Москва;pachamama.ru;55.803 37.591;cafe
Лав пельмень, бистро;;+7 (960) 588-42-41;Новодмитровская ул., 2, корп. 5, Москва;лавпельмень.рф , lavpelmen.wixsite.com;55.804 37.591;cafe
Кафе Мандарин;;+7 (925) 882-40-45;Складочная ул., 1Д, стр. 2, Москва;;55.797 37.593;cafe
Золотая Вобла, народный бар;;+7 (925) 316-55-85;ул. Сущёвский Вал, 9, Москва;vobla.ru;55.793 37.592;cafe
Шоколадница, кофейня;;+7 (915) 492-17-39;ул. Сущёвский Вал, 5, стр. 8, Москва;shoko.ru;55.796 37.592;cafe
Кафе Сайгон;;+7 (916) 310-28-88;ул. Сущёвский Вал, 5, стр. 22, Москва;cafesaigonmsk.com;55.793 37.593;cafe
Coffee wake, кофейный бар;;+7 (916) 383-22-22, +7 (926) 327-00-00, +7 (910) 435-00-00;ул. Сущёвский Вал, 5, стр. 12, Москва;coffeewake.ru;55.797 37.593;cafe
Сунели, грузинский ресторан;;+7 (939) 555-48-69;ул. Сущёвский Вал, 14Б, Москва;suneli.info;55.792 37.601;cafe
Playground, спортивный игровой центр;+7 (499) 550-20-24, +7 (499) 490-09-23;;Складочная ул., 1, стр. 1, Москва;playground.moscow;55.800 37.595;cafe
Poke&TomYum, ресторан;;+7 (977) 674-51-96;Складочная ул., 1, стр. 1, Москва;mypoke.ru;55.800 37.596;cafe
Ванильное небо;;+7 (916) 785-29-72;ул. Двинцев, 12, корп. 1А, Москва;vnebo.vip;55.796 37.600;cafe
Волконский, кафе-пекарня;;+7 (926) 941-97-80;ул. Сущёвский Вал, 22, Москва;wolkonsky.com;55.793 37.605;cafe
Jeffrey's;;+7 (995) 791-83-69;ул. Сущёвский Вал, 22, Москва;jeffreys.ru;55.792 37.605;cafe
Stopexpress;;+7 (929) 900-91-51;Огородный пр., 7А, Москва;stopexpress.ru;55.811 37.606;cafe
Пан Запекан, кулинария;;+7 (968) 446-06-86;1-й Стрелецкий пр., 14, Москва;panzapekan.ru;55.798 37.609;cafe
Proftesto, ресторан;+7 (495) 798-30-98;+7 (964) 142-32-22;ул. Сущёвский Вал, 43, Москва;msk.proftesto.ru , proffresto.ru;55.793 37.610;cafe
Id Cafe;+7 (495) 128-89-80;+7 (999) 985-85-85;1-й Стрелецкий пр., 14/21, Москва;ideal-day.com;55.799 37.609;cafe
Barshowplace;;+7 (916) 676-18-37, +7 (903) 274-13-35;1-я Ямская ул., 8, Москва;barshow.ru;55.795 37.610;cafe
KFC, ресторан быстрого обслуживания;+7 (495) 021-15-22;;ул. Сущёвский Вал, 59, Москва;yandexpriority.onelink.me , kfc.ru;55.794 37.615;cafe
Кейтеринг Сезоны;+7 (499) 426-03-02;;17-й пр. Марьиной Рощи, 4, корп. 1, Москва;cafesezony.ru;55.809 37.612;cafe
Taco Boom;+7 (499) 444-54-56;;Шереметьевская ул., 6, корп. 1, Москва;tacoboom.ru;55.795 37.617;cafe
Баскин Роббинс;;+7 (926) 906-65-56, +7 (985) 203-76-06;Шереметьевская ул., 6, корп. 1, Москва;baskinrobbins.ru;55.795 37.617;cafe
Кофетун-сушитун;;+7 (965) 374-24-02, +7 (928) 100-15-48, +7 (906) 478-97-27, +7 (906) 462-05-81, +7 (965) 883-63-53;Шереметьевская ул., 6, корп. 1, Москва;appetit-resto.ru;55.795 37.617;cafe
Шоколадница, кофейня;;+7 (985) 201-01-15;Шереметьевская ул., 6, корп. 1, Москва;shoko.ru;55.795 37.617;cafe
KFC, ресторан быстрого обслуживания;+7 (495) 198-09-85;;Шереметьевская ул., 20, Москва;yandexpriority.onelink.me , kfc.ru;55.803 37.618;cafe
Роял Индия;;+7 (926) 004-72-22;Шереметьевская ул., 20, Москва;royalindia.ru;55.803 37.618;cafe
Крафт-бар;+7 (495) 510-03-60;;улица Бочкова, 5;крафтбар.рф;55.810 37.634;cafe
Тёщин Борщ;+7 (495) 615-16-77, +7 (495) 616-67-54;+7 (903) 750-71-01;просп. Мира, 97, Москва;teschinborsch.ru;55.810 37.636;cafe
Чаме-Чаме;;+7 (925) 534-77-72;ул. Бочкова, 6, корп. 2, стр. 2, Москва;chame-chame.ru;55.811 37.634;cafe
Шоколадница, кофейня;;+7 (985) 310-48-14;просп. Мира, 97, Москва;shoko.ru;55.808 37.636;cafe
Шоколадница, кофейня;;+7 (926) 090-16-54;просп. Мира, 112, Москва;shoko.ru;55.807 37.638;cafe
Кулинарная лавка братьев Караваевых;+7 (495) 790-98-21;;просп. Мира, 116А, Москва;karavaevi.ru;55.809 37.638;cafe
Клешни и Хвосты, раковарня;+7 (499) 397-76-55;+7 (925) 738-08-69;просп. Мира, 118, Москва;alekseevskaya.kleshnihvosti.ru , kleshnihvosti.ru;55.811 37.638;cafe
Скалка, пироговая;;+7 (999) 853-10-28;просп. Мира, 102, корп. 2, Москва;pirogi-skalka.ru;55.802 37.637;cafe
Тбилисо, трактир;+7 (495) 788-95-33;;Староалексеевская ул., 5, Москва;traktirtbiliso.ru;55.810 37.645;cafe
Кольраби, столовая;;+7 (917) 512-16-89;просп. Мира, 102, стр. 31, Москва;kohlrabi.ru;55.801 37.639;cafe
Relax Lounge, караоке-бар;;+7 (925) 050-62-40;Новоалексеевская ул., 12, стр. 1, Москва;relaxl.ru;55.808 37.644;cafe
Маковка, пекарня;;+7 (966) 350-13-18;Новоалексеевская ул., 12, стр. 1, Москва;p-makovka.ru , makovka.pro;55.808 37.645;cafe
Espressoroom;+7 (495) 660-82-63;;3-я Мытищинская ул., 16, стр. 60, Москва;;55.807 37.646;cafe
Спорт тайм, кафе;;+7 (985) 140-55-40, +7 (925) 190-19-54;улица Сокольнический Вал, 9а;sportsokolniki.ru;55.794 37.664;cafe
Чае, чайный клуб;+7 (495) 749-01-68;+7 (985) 226-15-63, +7 (903) 549-01-68;Песочная аллея, 7А, Москва;chaye.ru;55.794 37.666;cafe
Фиалка, кафе;+7 (499) 268-58-86, +7 (499) 268-87-16, +7 (499) 268-79-82;+7 (926) 818-58-40, +7 (903) 249-49-98;Песочная аллея, 5, Москва;park.sokolniki.com;55.794 37.670;cafe
Green park Sokolniki, кафе;;+7 (926) 667-77-57;Песочная аллея, 2;greenparkcafe.ru;55.794 37.674;cafe
Под кедром, кафе-шашлычная;+7 (499) 268-19-88;;2-й Лучевой просек, 2;шашлычная-ск.рф;55.796 37.675;cafe
Борго, кафе;+7 (495) 476-64-34, +7 (495) 728-08-82;;2-й Полевой пер., 2, корп. 1, Москва;borgocafe.ru;55.792 37.681;cafe
Лебяжье, кафе;;+7 (903) 765-32-18, +7 (903) 621-50-59, +7 (985) 610-60-22;Майский просек, 2, Москва;;55.801 37.685;cafe
Хочу шаурму;;+7 (991) 699-70-72;Колодезный пер., 3, стр. 26, Москва;restaurant-109270.business.site;55.796 37.700;cafe
Ашлянфу, кафе;;+7 (926) 030-00-25, +7 (926) 313-40-53;ул. Стромынка, 19А, Москва;ashlyanfu-msk.ru;55.795 37.699;cafe
Мелисса Флеминг;;+7 (925) 267-44-72;Малый Олений пер., 23, Москва;melissa-fleming.ru;55.804 37.695;cafe
Яуза, ресторан;+7 (499) 268-62-04, +7 (499) 269-81-00, +7 (499) 269-01-27;;ул. Стромынка, 22, Москва;restoran-yauza.ru;55.794 37.703;cafe
Илья Муромец, ресторан;;+7 (909) 634-44-39;Преображенская ул., 2, Москва;restoran-muromets.ru;55.795 37.706;cafe
Lock stock, ирландский паб;+7 (495) 964-33-01;;Преображенская улица, 2;локсток.рф;55.794 37.706;cafe
Чайхана Самарканд;;+7 (991) 699-70-74, +7 (925) 766-04-54, +7 (985) 910-82-40;Колодезный пер., 3, стр. 26, Москва;;55.796 37.701;cafe
Хинкальная;+7 (495) 603-15-07;+7 (985) 500-87-87;Краснобогатырская ул., 72, стр. 2, Москва;hinkalnaya-kb.ru;55.804 37.707;cafe
Летняя веранда;;+7 (967) 198-11-14;Краснобогатырская ул., 72, стр. 19, Москва;hinkalnaya-kb.ru;55.804 37.707;cafe
Уют, хинкальная;+7 (495) 652-88-75;+7 (985) 227-75-44;Преображенская площадь, 7 ст1;hinkalidom.ru;55.796 37.709;cafe
Нью-Йорк пицца и гриль, кафе;+7 (495) 651-61-65;;Суворовская ул., 12, Москва;ny-pizzagrill.ru;55.792 37.711;cafe
МакЛарен`с Паб;+7 (812) 987-33-23, +7 (495) 205-33-23;;Краснобогатырская ул., 90, стр. 2, Москва;maclarens.ru;55.801 37.709;cafe
Profitrolly, семейный ресторан;+7 (495) 788-08-10;+7 (929) 586-09-88;Краснобогатырская ул., 90, стр. 2, Москва;profitrolly.ru;55.800 37.709;cafe
Халяльная чайхана;+7 (495) 203-14-82;+7 (977) 891-61-44;Краснобогатырская ул., 79, стр. 3А, Москва;;55.805 37.710;cafe
Траттория Evi, кафе;+7 (495) 663-54-72, +7 (495) 476-52-81;+7 (916) 355-51-34;ул. Буженинова, 30, стр. 3, Москва;cafe-evi.ru;55.792 37.710;cafe
Adria Mare;;+7 (906) 000-43-33;Краснобогатырская ул., 90, стр. 1, Москва;adriamare.ru;55.800 37.713;cafe
Duckstar`s, кафе-бар;+7 (499) 394-73-61;+7 (910) 411-78-80;Большая Черкизовская, 6;duckstarsbar.ru , duckstarsbar.pro;55.796 37.719;cafe
САМОМОЙ 24, автомойка самообслуживания;+7 (499) 391-75-25;+7 (926) 645-85-54, +7 (926) 645-87-20, +7 (926) 070-23-29, +7 (929) 902-59-56, +7 (985) 117-11-81;Халтуринская ул., 11А, Москва;vegarussia.ru;55.802 37.727;cafe
Пивной разлив, магазин;;+7 (967) 056-08-35;Халтуринская ул., 17, Москва;pivnoj-razliv.clients.site;55.804 37.725;cafe
Вайбс;+7 (812) 982-83-23;+7 (905) 222-83-23;Открытое ш., 4, стр. 1, Москва;yourvibes.ru;55.809 37.730;cafe
Шоколадница, кофейня;;+7 (915) 492-16-14;Открытое ш., 4, стр. 1, Москва;shoko.ru;55.809 37.730;cafe
Пшеница, детское кафе;+7 (495) 647-64-74;;Большая Черкизовская, 15;;55.802 37.733;cafe
Рим, кафе-бар;;+7 (906) 732-81-81;Большая Черкизовская ул., 22, Москва;rim-cafe.ru;55.799 37.734;cafe
Экопродукты;;+7 (901) 771-54-18;Большая Черкизовская ул., 20, корп. 1, Москва;vegs.bio;55.798 37.732;cafe
Le Chateau, ресторан-клуб;;+7 (905) 721-11-88, +7 (917) 571-79-01;Большая Черкизовская ул., 24А, стр. 1, Москва;clublechateau.ru;55.795 37.738;cafe
Банкетный зал Галерея;;+7 (985) 922-58-85, +7 (915) 260-09-09;Измайловское ш., 73Ж, Москва;banketgallery.ru;55.794 37.750;cafe
KFC;+7 (499) 161-79-33;;Окружной пр., вл2Ас1, Москва;yandexpriority.onelink.me , kfc.ru;55.804 37.744;cafe
Pinkman`s model pub, паб;;+7 (926) 373-83-23, +7 (999) 797-82-43;Измайловское шоссе, 73ж ст9;;55.794 37.753;cafe
Бабушкин буфет, кафе;;+7 (905) 591-11-66, +7 (929) 996-09-58;Измайловское ш., 73Ж, Москва;thali.me;55.794 37.752;cafe
Русский Винтаж;+7 (495) 974-01-29, +7 (498) 628-05-50, +7 (498) 628-09-98;+7 (916) 550-25-85, +7 (926) 184-89-41;Измайловское ш., 73Ж, стр. 9, Москва;russian-vintage.ru;55.794 37.753;cafe
I-tal corner, вегетарианский кафетерий;;+7 (906) 705-14-14;Измайловское ш., 73Ж, стр. 8, Москва;italcorner.ru;55.794 37.753;cafe
Евровосток, кафе;+7 (495) 981-54-50;+7 (999) 965-47-55, +7 (906) 098-75-75;Щёлковское ш., 3, стр. 1, Москва;gorodhobby.ru;55.803 37.754;cafe
Кальянный Кот;+7 (495) 103-41-72;+7 (926) 935-84-00;Измайловское ш., 73Ж, стр. 5, Москва;hookahcat-lounge.ru;55.795 37.754;cafe
Эссе, кофейня;+7 (499) 940-05-64;;Никитинская ул., 13, Москва;cafeesse.com;55.799 37.775;cafe
Шоколадница, кофейня;;+7 (909) 992-10-57;Измайловская площадь, 1, Москва;shoko.ru;55.792 37.775;cafe
Veranda grill cafe;;+7 (903) 566-83-33;Первомайская ул., 19, Москва;adriamare.ru;55.793 37.779;cafe
Casa di Famiglia, итальянское кафе;+7 (495) 643-08-88, +7 (495) 465-10-13;;Первомайская ул., 43, Москва;webkredo.ru , casadifamiglia.ru;55.793 37.786;cafe
Бол бол фуд, кафе быстрого обслуживания;+7 (495) 462-20-51, +7 (495) 462-28-51, +7 (495) 462-12-07;;Щёлковское ш., 45А, Москва;bolbolfood.ru;55.810 37.788;cafe
Лакомка, городское кафе;+7 (499) 367-32-45, +7 (499) 165-35-20;+7 (901) 187-54-88;Первомайская ул., 47/19, Москва;cafelakomka.ru;55.793 37.788;cafe
В окошках, кафе;+7 (495) 211-52-48;+7 (916) 835-08-55;5-я Парковая ул., 25, Москва;saitviz.ru , vokoshkah.ru;55.795 37.788;cafe
Измайловские бани, оздоровительный комплекс;+7 (499) 748-93-89, +7 (499) 367-61-59, +7 (499) 165-98-54, +7 (499) 116-30-03;+7 (905) 503-25-25;6-я Парковая ул., 21, Москва;zoon.ru , izmajlovskie-bani.ru , izmbani.ru , измайловскиебани.рф;55.792 37.791;cafe
Coffeelovers;+7 (495) 249-55-42;+7 (925) 446-89-99, +7 (985) 220-29-29;Первомайская ул., 42, Москва;coffeelovers.ru;55.793 37.788;cafe
Бульвар. Шашлык-сити, кафе;+7 (499) 290-02-01;+7 (977) 460-27-64;7-я Парковая ул., 15, стр. 3, Москва;shashlikcity.ru;55.797 37.793;cafe
Явмясо, ресторан;+7 (495) 179-01-79, +7 (812-67) 0-77-77;;Сиреневый бул., 25А, Москва;yavmyaso.ru;55.803 37.796;cafe
KFC, ресторан быстрого обслуживания;+7 (499) 963-81-89;;Уральская ул., 1, стр. 2, Москва;yandexpriority.onelink.me , kfc.ru;55.811 37.798;cafe
Fresh doner, бистро;;+7 (903) 781-43-63;9-я Парковая ул., 59, корп. 2, Москва;fresh-doner.clients.site;55.808 37.798;cafe
Клюква, центр паровых коктейлей;;+7 (926) 660-05-58;Верхняя Первомайская ул., 36, стр. 1, Москва;;55.799 37.798;cafe
Black cat pub, ирландский паб;+7 (495) 965-69-23;;Измайловский бульвар, 47;blackcatpub.ru;55.797 37.800;cafe
Шоколадница, кофейня;;+7 (915) 473-93-94;9-я Парковая ул., 30, Москва;shoko.ru;55.795 37.800;cafe
Ритм и вкус, кафе-бар;;+7 (929) 503-04-28;Щёлковское шоссе, 79 к1;ritmivkus.ru;55.811 37.809;cafe
Шоколадница, кофейня;;+7 (916) 484-13-31;Сиреневый бул., 31, Москва;shoko.ru;55.804 37.800;cafe
KFC;;+7 (929) 918-77-17;9-я Парковая ул., 30, Москва;yandexpriority.onelink.me , kfc.ru;55.795 37.800;cafe
МТЕВАНИ, кафе грузинской кухни;;+7 (903) 000-07-95;9-я Парковая ул., 66, корп. 3, Москва;mtevanicafe.ru;55.807 37.800;cafe
Шоколадница;;+7 (916) 669-18-73;Щёлковское ш., вл75, Москва;shoko.ru;55.811 37.800;cafe
KFC;;+7 (925) 954-36-38;Щёлковское ш., вл75, Москва;kfc.ru;55.811 37.800;cafe
Vanwok;;+7 (999) 767-53-47;Щёлковское ш., вл75, Москва;;55.811 37.800;cafe
Франклинс Бургер;;+7 (916) 710-18-49;Щёлковское ш., вл75, Москва;franklins.ru;55.811 37.800;cafe
Кафе Натахтари;+7 (495) 923-50-50;;Щёлковское ш., вл75, Москва;cafenatahtari.ru;55.811 37.800;cafe
Мир кулинарии, кафе;;+7 (916) 780-00-00;Измайловский бул., 38, Москва;cafe-46453.business.site;55.796 37.801;cafe
Hot Dog Bulldog;;+7 (925) 385-06-86;Щёлковское ш., вл75, Москва;hotdogbulldog.ru;55.811 37.799;cafe
Фудсайд, кафе фастфудной продукции;+7 (499) 130-68-78;;Первомайская ул., 81, Москва;food-side.ru;55.793 37.802;cafe
Саамо, грузинское кафе;+7 (495) 465-01-60;+7 (903) 193-24-90;Первомайская ул., 87, Москва;cafesaamo.ru;55.794 37.804;cafe
Кампус, кафе;+7 (499) 502-90-20, +7 (495) 642-44-41;+7 (925) 642-44-41;Первомайская улица, 94;kampus-cafe.ru;55.793 37.808;cafe
Street coffee bar, кофейня;;+7 (977) 281-45-37;Первомайская ул., 105, Москва;;55.794 37.810;cafe
Реснота, продуктовый дом;+7 (495) 122-25-00, +7 (499) 404-13-39;;Измайловский бул., 55, Москва;resnota.ru;55.797 37.803;cafe
Баскин Роббинс;+7 (499) 367-01-21;;Первомайская ул., 88, Москва;baskinrobbins.ru;55.793 37.808;cafe
Девичья башня, ресторан;+7 (495) 295-00-43;+7 (926) 003-47-26, +7 (968) 944-18-22;13-я Парковая ул., 36, Москва;;55.807 37.812;cafe
Тихий дом, кафе;;+7 (926) 163-33-93;16-я Парковая ул., 45, Москва;;55.808 37.829;cafe
Stardogs;;+7 (926) 360-12-60;Щёлковское ш., 100, корп. 100, Москва;stardogs.ru;55.811 37.831;cafe
Les;+7 (495) 125-01-00;+7 (926) 796-23-92, +7 (965) 226-56-56, +7 (977) 444-59-19;Щёлковское ш., 100, корп. 10, Москва;lesfitness.ru;55.811 37.835;cafe
Марика, грузинское кафе;;+7 (999) 001-37-31, +7 (977) 646-42-32;ул. Генерала Белобородова, 24, Москва;kafemarika.ru;55.831 37.354;cafe
Уютная трапеза, компания по проведению поминальных обедов;;+7 (926) 783-20-25;ул. Генерала Белобородова, 30, Москва;yutnaya-trapeza.ru;55.830 37.354;cafe
Кофе с Печенькой;;+7 (919) 963-94-75, +7 (919) 963-91-35;ул. Рословка, 37, Москва;кофеспеченькой.рф;55.831 37.362;cafe
Топор;;+7 (965) 155-60-00, +7 (985) 756-29-00;Тушинская ул., 18, Москва;restorantopor.ru;55.828 37.444;cafe
Kultura, центр паровых коктейлей;;+7 (915) 040-00-33, +7 (995) 900-90-66;Тушинская ул., 17, Москва;kultura-life.ru;55.827 37.444;cafe
Pub 28/13, бар;;+7 (969) 111-28-13;пр. Стратонавтов, 11, корп. 1, Москва;;55.828 37.434;cafe
Однажды в Самарканде, чайхана;+7 (499) 229-24-22, +7 (495) 125-09-08, +7 (499) 999-01-51, +7 (499) 324-24-43, +7 (495) 023-25-22;;пр. Стратонавтов, 12, стр. 1, Москва;vsamarkande.ru;55.828 37.435;cafe
Рандеву, кафе;;+7 (963) 977-07-79, +7 (964) 596-44-45;пр. Стратонавтов, 12, стр. 1, Москва;kaferandevu.ru;55.828 37.435;cafe
Мираж;;+7 (910) 413-14-53;пр. Стратонавтов, 9, Москва, Россия;;55.827 37.436;cafe
KFC, ресторан быстрого обслуживания;;+7 (963) 630-27-42;пр. Стратонавтов, 9, корп. 2, Москва;kfc.ru;55.827 37.436;cafe
Шеff накормит, кафе-столовая;+7 (499) 375-63-65;+7 (985) 696-05-96, +7 (926) 803-93-08, +7 (926) 172-56-30;Тушинская ул., 24, стр. 3, Москва;edavtushino.ru;55.829 37.437;cafe
Гурман-кафе;;+7 (993) 370-75-52;Тушинская ул., 18, Москва;app.evva.space;55.828 37.444;cafe
Сказка, кафе-клуб;+7 (495) 980-04-71;+7 (926) 169-99-39, +7 (996) 674-06-77, +7 (929) 533-20-60, +7 (925) 520-91-93;Тушинская ул., 17, Москва;skazkatushino.ru;55.827 37.445;cafe
Alpha_Lounge;;+7 (999) 924-22-56, +7 (901) 256-59-40;Тушинская ул., 16, Москва;alphalounge.ru;55.827 37.445;cafe
Bigсуши, мини-кафе;;+7 (916) 150-08-21;ул. Габричевского, 10, корп. 1, Москва;bigsushii.ru;55.817 37.460;cafe
Кафетерий №1;+7 (499) 193-77-78;+7 (903) 383-96-98;шоссе Волоколамское, 30 ст1;kafetery1.ru;55.813 37.480;cafe
Паровозик, кафе-столовая;+7 (499) 678-44-20;+7 (962) 952-92-51;Ленинградское ш., 29, Москва;parovozik-cafe.ru;55.830 37.487;cafe
Хлебный двор, кафе-пекарня;+7 (499) 499-10-11, +7 (495) 988-54-66, +7 (495) 139-80-44;+7 (916) 763-88-88, +7 (919) 722-47-30;Ленинградское ш., 25, Москва;hlebniydvor.ru , shaurmangal.ru;55.828 37.489;cafe
Кафетерий № 1;;+7 (964) 783-99-88;Волоколамское ш., 30, Москва;kafetery1.ru;55.813 37.480;cafe
Cote d`Azur Moscow, банкетный зал;+7 (495) 565-36-46;+7 (926) 011-27-67, +7 (926) 671-38-15, +7 (903) 585-93-93, +7 (916) 300-89-03;Ленинградское ш., 25А, стр. 1, Москва;laguna-palace.ru;55.828 37.480;cafe
Pique-Nique;;+7 (906) 013-01-31, +7 (985) 125-65-46;3-я Радиаторская ул., 9, Москва;pique-nique.clients.site;55.819 37.491;cafe
Zest Coffee & Wine;;+7 (964) 508-42-18;Ленинградское ш., 16А, стр. 8, Москва;zestcafe.ru;55.824 37.496;cafe
Bar Bq Cafe;+7 (495) 258-09-95, +7 (495) 197-77-11, +7 (495) 660-88-88;+7 (966) 371-44-72;Ленинградское ш., 16А, стр. 8, Москва;barbqcafe.ru , metropolis.moscow;55.824 37.495;cafe
Волконский, кафе-пекарня;;+7 (926) 316-55-64;Ленинградское ш., 16А, стр. 8, Москва;wolkonsky.com;55.824 37.495;cafe
Швили;;+7 (968) 681-10-55;Ленинградское ш., 16А, стр. 8, Москва;shvilibistro.ru;55.824 37.495;cafe
МосКальян;;+7 (965) 433-33-07;Ленинградское ш., 16А, стр. 8, Москва;mos-lounge.ru , mosfranchise.com;55.824 37.495;cafe
Кабуки;+7 (495) 782-89-78;;Ленинградское ш., 16А, стр. 8, Москва;mykabuki.ru;55.823 37.496;cafe
Hot Dog Bulldog;;+7 (925) 950-68-83;Ленинградское ш., 16А, стр. 4, Москва;hotdogbulldog.ru;55.823 37.497;cafe
Франклинс бургер, бургерная;;+7 (916) 052-66-23;Ленинградское ш., 16А, стр. 4, Москва;franklins.ru;55.823 37.497;cafe
Cinnabon, кафе-пекарня;;+7 (926) 618-55-02;Ленинградское ш., 16А, стр. 4, Москва;cinnabonrussia.com;55.823 37.497;cafe
Лепим и варим;;+7 (929) 500-64-37;Ленинградское ш., 16А, стр. 4, Москва;lepimivarim.ru;55.823 37.497;cafe
China Life, кафе быстрого питания;;+7 (925) 911-23-77;Ленинградское ш., 16А, стр. 4, Москва;chinalife.moscow;55.823 37.497;cafe
Cofix, кофейня фиксированной цены;;+7 (977) 442-49-60;2-й Войковский пр., 2/11, Москва;cofix.global;55.818 37.497;cafe
One price coffee, экспресс-кофейня;+7 (495) 015-31-53;;Ленинградское ш., 16А, стр. 4, Москва;onepricecoffee.com;55.823 37.497;cafe
АндерСон;;+7 (926) 674-54-91;Ленинградское ш., 16А, стр. 4, Москва;cafe-anderson.ru;55.822 37.497;cafe
Gagawa;;+7 (968) 091-31-35;Ленинградское ш., 16А, стр. 4, Москва;gagawa.ru;55.823 37.498;cafe
Udcкафе;+7 (499) 399-36-93;;Ленинградское ш., 16А, стр. 4, Москва;upsidedowncake.ru;55.822 37.498;cafe
Шоколадница, кофейня;;+7 (915) 473-76-54;Ленинградское ш., 16А, стр. 4, Москва;shoko.ru;55.823 37.498;cafe
Krispy Kreme;;+7 (985) 481-44-99;Ленинградское ш., 16А, стр. 4, Москва;;55.823 37.498;cafe
KFC;+7 (495) 198-09-49;;Ленинградское ш., вл14с1, Москва;kfc-russia.ru , yandexpriority.onelink.me , kfc.ru;55.821 37.498;cafe
Тануки, сеть японских ресторанов;+7 (499) 530-81-88;;Ленинградское ш., 16А, стр. 2, Москва;tanukifamily.ru , tanuki.ru;55.822 37.499;cafe
Wildschwein, ресторан;+7 (499) 150-03-63, +7 (495) 945-22-34;+7 (977) 295-04-10;Ленинградское ш., 8, корп. 2, Москва;wildschwein.ru;55.817 37.501;cafe
Go! Кофе, экспресс-кофейня;+7 (499) 490-23-29;;Старопетровский пр., 1, стр. 2, Москва;baby-store.ru , coffeeout.ru , pravdacoffee.ru;55.823 37.500;cafe
Блинная Три Сковородки;;+7 (916) 552-64-78, +7 (966) 317-74-14, +7 (999) 879-10-82;Старопетровский пр., 1, стр. 2, Москва;3skovorodki.ru;55.824 37.501;cafe
Ача-чача, ресторан абхазской кухни;+7 (727) 347-00-02, +7 (727) 347-05-02, +7 (727) 347-06-93;;Старопетровский пр., 2, стр. 3, Москва;achachacha.ru , eda.yandex;55.821 37.501;cafe
Буханка;;+7 (980) 215-51-48;Нарвская ул., 1А, корп. 4, Москва;buhanka.ru;55.831 37.501;cafe
Bizone, центр паровых коктейлей;;+7 (977) 713-78-48, +7 (968) 844-49-22;Ленинградское ш., 8/2, корп. 1, Москва;vbizone.ru;55.817 37.502;cafe
Библиотека путешествий, кафе-столовая;;+7 (926) 522-10-50;улица Коптевская, 69а ст6;библиотека10.рф;55.831 37.515;cafe
KFC, ресторан быстрого обслуживания;+7 (495) 198-09-42;;ул. Зои и Александра Космодемьянских, 23, Москва;kfc.ru;55.824 37.518;cafe
Курдюк, шашлычная;;+7 (985) 226-88-35;ул. Космонавта Волкова, 12, Москва;kurdyuk.com;55.816 37.518;cafe
Сациви+, кафе грузинской кухни;+7 (495) 744-30-30;+7 (926) 905-74-64, +7 (962) 911-12-61, +7 (915) 147-40-90;улица Зои и Александра Космодемьянских, 30/32 к1;cafesatsivi.ru , satsivi.ru;55.823 37.521;cafe
Иксики, детский центр;;+7 (966) 010-18-81;ул. Зои и Александра Космодемьянских, 23, Москва;;55.824 37.518;cafe
Talenta Food;;+7 (929) 519-22-29;ул. Космонавта Волкова, 29, корп. 1, Москва;talentafood.ru;55.818 37.525;cafe
Coffprice, кафе;;+7 (925) 440-12-34;Тимирязевская ул., 10/12, Москва;coffprice.ru;55.812 37.568;cafe
City buzz, кафе европейской и восточной кухни;+7 (499) 977-47-77, +7 (499) 977-34-22, +7 (495) 782-90-00, +7 (499) 977-35-02, +7 (499) 977-33-55, +7 (499) 977-31-55, +7 (499) 977-28-88;+7 (962) 987-40-02;Дмитровское шоссе, 27;parktower.ru;55.827 37.572;cafe
KFC, ресторан быстрого обслуживания;+7 (495) 198-09-74;;Дмитровское ш., 13, корп. 1, Москва;yandexpriority.onelink.me , kfc.ru;55.818 37.573;cafe
Август13;;+7 (915) 352-42-42, +7 (985) 222-03-64;Дмитровское ш., 13, Москва;avgust13.ru;55.817 37.573;cafe
StopExpress;;+7 (929) 900-49-82;Дмитровское ш., вл21с1, Москва;stopexpress.ru;55.823 37.573;cafe
Шоколадница, кофейня;;+7 (985) 310-40-93;Дмитровское ш., 13А, Москва;shoko.ru;55.818 37.574;cafe
KFC, ресторан быстрого обслуживания;+7 (495) 198-09-73;;ул. Яблочкова, 21, стр. 3, Москва;yandexpriority.onelink.me , kfc.ru;55.819 37.578;cafe
Буханка;;+7 (985) 878-89-80;ул. Яблочкова, 19-21, Москва;buhanka.ru;55.819 37.577;cafe
Gladiator, бильярдный клуб;+7 (495) 610-17-41;+7 (929) 636-37-71;Фонвизина, 17;bcgladiator.ru;55.821 37.587;cafe
Ресторан Кепи;;+7 (969) 266-66-68, +7 (904) 567-24-81;ул. Руставели, 6, корп. 6, Москва;kepirestaurant.ru;55.812 37.589;cafe
МарFино, пиццерия;+7 (495) 785-91-65, +7 (495) 196-80-25;+7 (916) 903-02-82;Большая Марфинская ул., 4, корп. 3, Москва;express-f.ru;55.827 37.595;cafe
Злачное место, паб;+7 (495) 618-60-07;;ул. Руставели, 15, Москва;zluchnoepub.ru , pubmoscow.ru;55.814 37.598;cafe
Твин Пигз, ресторан;+7 (495) 615-11-63, +7 (495) 615-11-12;;ул. Академика Королёва, 19А, Москва;twinpigs.info , twinpigs.ru;55.821 37.607;cafe
Баскин Роббинс;+7 (495) 740-20-19;;Огородный пр., 16, стр. 22, Москва;br-delivery.ru , baskinrobbins.ru;55.816 37.600;cafe
Халяль, кафе быстрого питания;+7 (495) 532-86-90;+7 (926) 525-28-03;Огородный пр., 14, Москва;archakov.su;55.814 37.602;cafe
Лав, кафе;+7 (495) 726-04-45;;1-я Останкинская улица, вл7а ст17;kafe-lav.ru;55.829 37.615;cafe
Русский чай, кафе;+7 (495) 967-25-27;+7 (964) 787-61-41, +7 (926) 603-81-98;1-я Останкинская улица, 7а ст18;ruschai.com;55.829 37.617;cafe
Пончики;+7 (495) 683-85-71;;1-я Останкинская ул., с1, Москва;ostankinskie-ponchiki.ru;55.824 37.617;cafe
Русский чай;;+7 (985) 967-25-27;1-я Останкинская ул., 7А, стр. 18, Москва;;55.829 37.617;cafe
Оттепель;+7 (495) 748-61-02;+7 (926) 496-09-05, +7 (926) 120-64-71;просп. Мира, 119, стр. 311, Москва;ottepel-restoran.ru;55.831 37.619;cafe
Академия, кафе-пиццерия;+7 (495) 956-66-90;;Аргуновская ул., 3, корп. 1, Москва;academiya.ru;55.816 37.619;cafe
Скалка, пироговая;;+7 (925) 246-48-98;1-я Останкинская ул., 23, Москва;pirogi-skalka.ru;55.824 37.622;cafe
Мамма Италия, пиццерия;;+7 (915) 182-20-20;Хованская ул., 20, Москва;mammaitalia.msk.ru;55.829 37.623;cafe
Владикавказ, шашлычная;+7 (495) 644-56-67, +7 (499) 760-22-94;;проспект Мира (ВДНХ), 119 ст531;tripiroga.ru;55.831 37.626;cafe
Росизо;+7 (495) 350-05-44, +7 (495) 350-02-95, +7 (499) 241-29-11, +7 (495) 350-33-27;+7 (910) 240-64-41, +7 (995) 626-32-69;просп. Мира, 119, стр. 516, Москва;olympia.digital , rosizo.ru , knigi516.ru;55.830 37.620;cafe
АндерСон на даче;;+7 (903) 545-05-28;просп. Мира, 119, стр. 136, Москва;cafe-anderson.ru;55.828 37.628;cafe
Shawarma VIP House;;+7 (985) 648-46-46;просп. Мира, 119, стр. 66А, Москва;shawarmavip.ru;55.832 37.631;cafe
Наследие;+7 (495) 686-05-36, +7 (495) 682-93-51;;ул. Космонавтов, 2, Москва;nasledie-hotel.ru;55.820 37.644;cafe
Mezzo Forte, кафе-клуб;+7 (495) 602-24-46;;1-я Останкинская улица, 53;;55.824 37.632;cafe
Арарат, выставочно-дегустационный зал;;+7 (992) 555-45-45;проспект Мира (ВДНХ), 119 ст68;araratdeg.ru;55.831 37.633;cafe
Остерия Трио, кафе-пиццерия;+7 (495) 225-49-90;;проспект Мира (ВДНХ), 119 ст619;osteria-trio.ru;55.831 37.635;cafe
Вьетнамская кухня;+7 (495) 966-11-16;+7 (968) 720-79-29, +7 (925) 200-22-24;1-я Останкинская ул., 55, Москва;nogtevayakuhnya.business.site;55.824 37.635;cafe
Фудмаркет;;+7 (968) 808-16-96, +7 (925) 506-22-33;пр. Ольминского, 3А, стр. 3, Москва;barrelgreen.com;55.812 37.632;cafe
Шаурма бар;+7 (495) 686-48-68;;ул. Академика Королёва, 3, Москва;;55.821 37.634;cafe
Петтина burger, кафе-бар;+7 (495) 686-55-31;+7 (903) 746-30-26;ул. Космонавтов, 2А, Москва;pettina.ru;55.821 37.644;cafe
Катюша, отель;+7 (495) 241-20-10;+7 (903) 235-20-20, +7 (925) 544-10-92, +7 (915) 424-46-16;ул. Кибальчича, 9, Москва;otelkatyusha.ru;55.817 37.646;cafe
РусПыш;;+7 (965) 107-00-58;Россия, Москва, Северо-Восточный административный округ, Останкинский район, Выставка достижений народного хозяйства, аллея Космонавтов;ruspish.ru;55.827 37.637;cafe
Базилик, кафе;+7 (499) 136-59-98;+7 (903) 136-59-98;просп. Мира, 120, корп. 1, Москва;bazilik-cafe.com;55.812 37.639;cafe
Бухара Чайхана;;+7 (901) 368-26-20, +7 (991) 559-21-88;просп. Мира, 124, корп. 3, Москва;buhara-chajhana.clients.site;55.816 37.640;cafe
Miragrill, ресторан;+7 (495) 683-80-40;+7 (901) 256-53-90;просп. Мира, 124, корп. 4, Москва;miragrill.info;55.816 37.640;cafe
Сицилия;+7 (495) 644-88-77, +7 (495) 476-48-47;;Ярославская ул., 13А, стр. 1, Москва;siciliaresto.ru;55.819 37.645;cafe
Летний сад;+7 (499) 226-23-16;;Ярославская ул., 15, корп. 1, Москва;rendv.ru;55.821 37.647;cafe
Бохо, маникюр-кафе;;+7 (926) 919-02-91;Ярославская ул., 21А, Москва;dikidi.net;55.824 37.649;cafe
Варим тепло;;+7 (977) 853-66-40;Ярославская ул., 8, корп. 4, Москва;;55.817 37.647;cafe
Ресторан Ярославский;+7 (495) 125-03-17, +7 (499) 750-23-54, +7 (495) 488-96-76;+7 (909) 672-41-60, +7 (965) 110-88-86;Ярославская ул., 8, корп. 1, Москва;yaroslavhotel.com , yarest.ru;55.818 37.647;cafe
Дизайн, кафе;+7 (499) 426-11-26;;Ярославская ул., 8, корп. 8, Москва;dehotel.ru;55.817 37.648;cafe
Скалка, пироговая;;+7 (925) 785-50-37;ул. Космонавтов, 12, Москва;pirogi-skalka.ru;55.821 37.653;cafe
Рача, кафе;+7 (495) 585-15-95, +7 (495) 232-44-35;+7 (966) 035-95-55, +7 (926) 108-98-05;ул. Константинова, 11А, Москва;kafe-racha.ru;55.817 37.656;cafe
Мацони, кафе;;+7 (965) 235-18-18, +7 (968) 998-18-18;ул. Бориса Галушкина, 18, Москва;maconi-cafe.ru;55.823 37.657;cafe
Северянин, кафе;+7 (495) 969-56-59;+7 (903) 969-56-59, +7 (965) 241-48-40;ул. Бориса Галушкина, 26, Москва;;55.821 37.664;cafe
De form, компания по изготовлению униформ под заказ;;+7 (925) 173-78-79, +7 (915) 431-28-36;Краснобогатырская ул., 2, стр. 2, Москва;deformdesign.com;55.815 37.691;cafe
Шаурма в Пите;+7 (495) 545-45-32;+7 (968) 473-33-14, +7 (968) 563-55-55;Краснобогатырская ул., 2, стр. 2, Москва;shaurmavpite.ru , novoxpro.ru;55.816 37.691;cafe
KFC, ресторан быстрого обслуживания;;+7 (929) 916-04-32;Краснобогатырская ул., 13, Москва;kfc.ru;55.815 37.694;cafe
Trattoria Stefano, ресторан;+7 (495) 131-40-13;;1-я Мясниковская улица, 2;;55.817 37.702;cafe
Севгилим, кафе;;+7 (925) 720-44-62, +7 (926) 157-83-78;Краснобогатырская ул., 2, стр. 84, Москва;;55.814 37.694;cafe
Фа минор, арт-кафе;+7 (499) 169-66-91;+7 (916) 333-80-22;Ивантеевская ул., 4, корп. 1, Москва;cafefaminor.ru;55.820 37.717;cafe
Шашлык 100%;;+7 (968) 768-22-22;Открытое ш., 5А, стр. 1, Москва;шашлык100.рф;55.814 37.733;cafe
KFC;;+7 (929) 920-70-24;Открытое ш., вл9, Москва;kfc.ru;55.816 37.738;cafe
Мелиса, кафе;;+7 (925) 861-02-49, +7 (903) 627-58-44;Монтажная ул., 9, стр. 1, Москва;;55.814 37.773;cafe
Автомойка;+7 (495) 652-67-45;+7 (999) 111-33-66;Байкальская ул., 9Б, Москва;autolavaggio.ru , moikavao.ru;55.817 37.790;cafe
Анненфельд, кафе;+7 (495) 603-77-12;;Уральская ул., 17, Москва;annenfeld.ru;55.820 37.798;cafe
Il mio posto, кафе;+7 (495) 466-82-55;;Уральская ул., 6, корп. 1, Москва;ilmiocafe.ru;55.813 37.799;cafe
Старый дворик;;+7 (967) 018-80-18;Байкальская ул., 29, Москва;старый-дворик.рф;55.818 37.809;cafe
Березка, кафе;+7 (495) 645-09-82, +7 (495) 770-89-74;+7 (965) 295-88-00, +7 (965) 294-88-00;Курганская улица, вл9а ст1;cafe-berezka.ru;55.830 37.811;cafe
Суши шоп, магазин суши;+7 (812) 318-51-44, +7 (495) 933-34-35;+7 (916) 500-27-79;Уссурийская ул., 5, Москва;sushishop.ru;55.825 37.812;cafe
Березки, пиццерия;;+7 (991) 222-14-96, +7 (915) 399-33-99, +7 (915) 299-22-99;Курганская ул., 4А, Москва;bar-berezki.ru , cafe-berezka.ru;55.830 37.816;cafe
Pivo.Bar, пивной бар;;+7 (929) 501-28-56;Алтайская ул., 19, стр. 1А, Москва;pivo-bar.qr-cafe.ru;55.822 37.823;cafe
ВоблакеВкуса;;+7 (916) 850-49-90, +7 (916) 245-75-05;Хабаровская ул., 15, Москва;;55.823 37.823;cafe
Stopexpress;;+7 (925) 913-01-96;МКАД, 104-й километр, 3, Москва;stopexpress.ru;55.814 37.842;cafe
Я щамс, кафе-пекарня;;+7 (917) 574-64-15, +7 (926) 121-77-70, +7 (910) 459-64-68;Главная ул., 21А, Восточный административный округ, район Восточный, Москва;;55.821 37.870;cafe
Хинкальная.Ge, кафе;+7 (495) 752-48-01;+7 (926) 310-31-30;улица Барышиха, 21 к3;hinkalnaya-msk.ru;55.845 37.348;cafe
На шашлычок, кафе;;+7 (966) 029-41-41, +7 (966) 137-47-47, +7 (965) 210-11-22;3-й Митинский пер., 1, Москва;;55.849 37.352;cafe
Барбарашек, кафе;;+7 (999) 890-66-68;Митинская ул., 41, Москва;barbarashek.ru;55.850 37.354;cafe
AllCanape;+7 (495) 545-22-92;;ул. Генерала Белобородова, 9, Москва;allcanape.ru;55.837 37.354;cafe
Русские традиции, банкетный зал;;+7 (915) 024-60-67, +7 (925) 596-98-56;ул. Генерала Белобородова, 12, корп. 1, Москва;zalrustradicii.ru;55.836 37.354;cafe
Ананас;+7 (495) 794-78-05, +7 (495) 759-98-55, +7 (495) 509-86-18;+7 (903) 509-86-18;ул. Генерала Белобородова, 13, Москва;bk-ananas.ru , fitnes-mitino.ru , sauna-ananas.ru;55.836 37.355;cafe
Волконский, кафе-пекарня;;+7 (901) 723-80-71;Дубравная ул., 34/29, Москва;wolkonsky.com;55.846 37.358;cafe
Проба, гастробар;+7 (495) 776-98-99;+7 (985) 776-98-99;Дубравная ул., 34/29, Москва;probabar.ru;55.847 37.359;cafe
Cofix, кофейня фиксированной цены;;+7 (999) 674-90-56;Дубравная ул., 34/29, Москва;cofix.global , cofix.ru;55.846 37.359;cafe
KFC, ресторан быстрого обслуживания;;+7 (926) 900-67-22;Дубравная ул., 34/29, Москва;yandexpriority.onelink.me , kfc.ru;55.846 37.359;cafe
KFC, ресторан быстрого обслуживания;+7 (495) 751-33-15;;Митинская ул., 40, Москва;yandexpriority.onelink.me , tc-mitino.ru , kfc.ru;55.848 37.360;cafe
Шоколадница, кофейня;;+7 (985) 316-27-78;Митинская ул., 40, Москва;shoko.ru;55.848 37.360;cafe
DimSum &со;+7 (495) 258-94-19;+7 (985) 520-06-01;Дубравная ул., 34/29, Москва;dimsumandco.ru;55.846 37.359;cafe
Pushka rockets pub, бар;;+7 (929) 676-25-23, +7 (915) 177-12-17;Митинская ул., 27, корп. 2, Москва;;55.844 37.362;cafe
ВкусВилл, магазин с доставкой полезных продуктов;+7 (495) 663-86-02, +7 (495) 902-71-76, +7 (495) 902-66-97;+7 (925) 028-85-53, +7 (925) 439-97-45, +7 (925) 776-30-28;Пятницкое ш., 21, Москва;vkusvill.ru;55.847 37.371;cafe
Гранат, служба доставки обедов;;+7 (926) 872-49-60, +7 (910) 474-64-88;Митинская ул., 25, корп. 3, Москва;granat-company.ru;55.843 37.363;cafe
Бар Каб;;+7 (916) 363-90-03;Митинская ул., 25, корп. 4, Москва, Россия;;55.844 37.364;cafe
Ичибан, кафе;+7 (495) 920-66-89;+7 (925) 361-81-87;Митинская ул., 28, корп. 2, Москва;ichiban-mitino.ru , sushi-ichiban.ru;55.846 37.369;cafe
Круа-сан;;+7 (958) 111-37-90, +7 (915) 493-73-73;Митинская ул., 26, Москва;kryasan.myresto.online;55.844 37.370;cafe
СУШИ СЕТ;;+7 (926) 233-90-70, +7 (966) 319-85-02;Пятницкое ш., 21, Москва;setsushi.ru , clck.ru;55.847 37.371;cafe
Анголино Итальяно, ресторан;;+7 (925) 926-05-12;Пятницкое ш., 21, Москва;angolinoitaliano.ru;55.847 37.371;cafe
Kids castle Mitino, детский игровой зал;+7 (116) 570-47-16;+7 (995) 100-17-17;Новотушинский проезд, 10 к2;kids-castle.pro;55.841 37.381;cafe
Vinesis, гастробар;+7 (495) 477-96-87;+7 (999) 836-52-23;Митинская ул., 16, Москва;vinesis.ru;55.843 37.373;cafe
Каймак, чайхана;;+7 (985) 713-67-67;Пятницкое ш., 21, корп. 1, Москва;kajmak.ru;55.847 37.373;cafe
Вкусная сказка, кафе;+7 (495) 799-55-25;+7 (925) 010-02-22, +7 (915) 459-97-01, +7 (962) 996-68-35, +7 (967) 058-30-00;Пятницкое ш., 18, Москва;8pflyh.space , hotelmitino.ru;55.844 37.383;cafe
Легенда, бильярдный клуб;;+7 (999) 809-11-11;Пятницкое ш., 3, Москва;legendbc.ru;55.836 37.386;cafe
Sumo sushi;;+7 (965) 443-18-18, +7 (966) 023-76-25;Пятницкое ш., 18, Москва;;55.844 37.384;cafe
Styling Bull Cafe;+7 (495) 765-66-88;;ул. Василия Петушкова, 3, корп. 3, Москва;;55.835 37.401;cafe
Серебряная ложка, семейное кафе;+7 (495) 948-42-27;;ул. Василия Петушкова, 13, корп. 2, Москва;silverspoon-msk.ru;55.839 37.402;cafe
HookahPlace Garage;;+7 (939) 555-32-90;ул. Василия Петушкова, 8, стр. 20, Москва;hookahplace.ru;55.837 37.408;cafe
Сундук, кафе;;+7 (930) 333-61-05, +7 (967) 025-71-27;Походный пр., 23, Москва;sunduk.familycooks.ru;55.843 37.423;cafe
ZeКафетерия;;+7 (963) 999-20-40;Походный пр., 24, Москва;zatet.ru;55.842 37.424;cafe
Лагатта, пиццерия;+7 (495) 643-46-96, +7 (495) 644-96-86, +7 (495) 999-80-61;+7 (925) 561-68-75, +7 (925) 561-68-17, +7 (926) 122-11-75;Сходненская, 25;lagattapizza.ru;55.845 37.439;cafe
KFC, ресторан быстрого обслуживания;+7 (495) 725-40-99;+7 (926) 374-51-40, +7 (929) 900-74-50;ул. Героев Панфиловцев, 1А, Москва;kfc.ru;55.852 37.439;cafe
Шоколадница, кофейня;;+7 (916) 079-28-45;Сходненская ул., 25, Москва;shoko.ru;55.846 37.439;cafe
Zotto, кафе;+7 (495) 589-75-55;+7 (925) 000-08-85, +7 (925) 100-07-55;Сходненская ул., 37, Москва;madeinzotto.ru;55.849 37.439;cafe
Кофе Мусс;;+7 (912) 010-63-47, +7 (914) 840-76-66, +7 (926) 493-15-77;ул. Героев Панфиловцев, 2, Москва;coffee-moose.com;55.852 37.440;cafe
Мир шашлыков, ресторан;+7 (499) 493-85-75, +7 (499) 493-51-62;+7 (903) 576-02-00;бул. Яна Райниса, 13, Москва;mir-sha.ru;55.849 37.433;cafe
Cofix, кофейня фиксированной цены;;+7 (977) 722-88-78;Сходненская ул., 37, Москва;cofix.global;55.850 37.439;cafe
Рандеву, кафе;+7 (499) 492-08-50;+7 (968) 873-66-77;Химкинский бул., 16, корп. 1, Москва;kafe-randevu.ru , vopros2org.ru , 84994920850.tt34.ru , cafe-randevuskhodnenskaya.business.site;55.852 37.442;cafe
Добродомик офис;;+7 (921) 906-90-66, +7 (921) 383-92-02;Лодочная ул., 3, стр. 7, Москва;dobrodomik.ru;55.837 37.442;cafe
Франклинс бургер, бургерная;;+7 (916) 052-55-43;Сходненская ул., 56, Москва;franklins.ru;55.850 37.443;cafe
KFC, ресторан быстрого обслуживания;+7 (495) 198-09-28;;Сходненская ул., 56, Москва;yandexpriority.onelink.me , kfc.ru;55.850 37.444;cafe
Эрмитаж, ресторан;+7 (495) 490-49-00;+7 (925) 022-69-15;Вишнёвая ул., 13, Москва;4904900.ru;55.835 37.447;cafe
Крошка Картошка;;+7 (915) 349-89-68;Химкинский бул., вл7-23, Москва;kartoshka.com;55.850 37.443;cafe
Cofix;;+7 (985) 236-81-60;Химкинский бул., вл7-23, Москва;cofix.global , cofix.ru;55.851 37.444;cafe
ВкИнобар;+7 (495) 604-16-80;+7 (977) 677-63-22;Сходненская ул., 56, Москва;kino-baltika.ru;55.851 37.446;cafe
Мечта;;+7 (926) 487-19-65, +7 (925) 348-57-50;Вишнёвая ул., 13А, Москва;mechtarest.ru;55.835 37.447;cafe
Трактир на лодочной;+7 (495) 121-72-01;;ул. Свободы, 35, стр. 39, Москва;налодочной.рф;55.837 37.451;cafe
Мерси Баку, ресторан;;+7 (968) 660-05-55;ул. Свободы, 55, Москва;mersibaku.ru;55.850 37.452;cafe
Little panda, кафе;;+7 (915) 232-75-70;ул. Мещерякова, 3, Москва;pandateam.ru;55.832 37.452;cafe
У Михалыча, кафе-ресторан;+7 (495) 911-70-71, +7 (495) 491-57-50;+7 (925) 929-32-26;ул. Свободы, 24/9, Москва;u-mihalicha.ru;55.834 37.454;cafe
Премьер Пицца;+7 (495) 730-54-58, +7 (495) 221-07-17, +7 (495) 505-77-66;+7 (925) 507-80-82;ул. Свободы, 35, Москва;premierpizza.ru;55.841 37.453;cafe
Кафе;;+7 (966) 007-00-47, +7 (926) 051-29-49, +7 (968) 547-86-56;ул. Свободы, 24/9, Москва;norok.kafebar.ru;55.834 37.454;cafe
Everest & Hills hookah, Лаундж-бар Everest Hookah;;+7 (968) 447-48-48;ул. Свободы, 48, стр. 1, Москва;;55.848 37.454;cafe
Hatimaki, кафе;;+7 (966) 045-17-86;ул. Свободы, 42, Москва;hatimaki.ru;55.845 37.455;cafe
ЛавЛаваш, кафе;;+7 (916) 539-74-21, +7 (985) 922-29-10;Ленинградское ш., 47, Москва;lavlavash.ru;55.846 37.476;cafe
SPORT CLUB G5+, кафе;;+7 (916) 219-45-67;Ленинградское ш., 45Б, стр. 2, Москва;bpkclub.ru;55.845 37.475;cafe
Lightroom;+7 (499) 344-41-01;;Ленинградское ш., 84, Москва;lr-rechnoy.ru;55.848 37.476;cafe
БарKas;;+7 (909) 697-79-75;просп. Вернадского, 86В, Москва;barkas.moscow;55.837 37.481;cafe
KFC, ресторан быстрого обслуживания;+7 (499) 380-76-89;;Кронштадтский бул., 3А, Москва;yandexpriority.onelink.me , kfc.ru;55.841 37.485;cafe
Шоколадница, кофейня;;+7 (929) 696-06-76;Кронштадтский бул., 3А, Москва;shoko.ru;55.840 37.485;cafe
Груша;;+7 (925) 724-73-56;Россия, Москва, Северный административный округ, Головинский район;grusha.cafe;55.842 37.486;cafe
Mr Brown, кофейня;+7 (831-42) 3-55-12, +7 (343) 298-03-48, +7 (812) 244-67-77, +7 (8632) 26-44-99, +7 (495) 645-39-67;+7 (916) 132-72-47;Пулковская ул., 4, корп. 3, Москва;mr-brown.ru;55.844 37.486;cafe
Ели Шашлык;;+7 (969) 056-55-55, +7 (916) 747-07-65, +7 (916) 777-09-29, +7 (968) 729-88-99;Кронштадтский бул., 3, стр. 3, Москва;eli-shashlik.ru;55.840 37.487;cafe
Sedelice, французская пекарня;;+7 (926) 982-71-21;Кронштадтский бул., 7, Москва;sedelice.ru;55.841 37.488;cafe
Чебуреки и манты, кафе быстрого обслуживания;;+7 (991) 703-18-28, +7 (929) 670-18-72, +7 (991) 775-18-28, +7 (929) 669-92-50, +7 (999) 915-18-28, +7 (929) 670-18-28;ул. Адмирала Макарова, 6, стр. 13, Москва;;55.836 37.490;cafe
Нияма, японский ресторан;;+7 (963) 782-84-45;Головинское ш., 5, корп. 1, Москва;niyama.ru;55.840 37.491;cafe
Хинкарули, лавка грузинской кухни;;+7 (910) 458-51-41, +7 (958) 630-88-04;Головинское ш., 5, корп. 1, Москва;hinkaruli.ru;55.840 37.492;cafe
CoffeeBar'17;;+7 (985) 191-07-34;Головинское ш., 5, корп. 1, Москва;coffeebar17.ru;55.840 37.491;cafe
Шоколадница;;+7 (985) 310-48-39;Головинское ш., 5, корп. 1, Москва;shoko.ru;55.841 37.491;cafe
Pho hanoi, вьетнамское кафе;+7 (495) 662-45-72;;Головинское ш., 5, корп. 1, Москва;phostreet.cafe , vodny-mall.ru;55.840 37.491;cafe
Cofix;;+7 (965) 165-00-18;Головинское ш., 5, корп. 1, Москва;cofix.global , cofix.ru , vodny-mall.ru;55.840 37.492;cafe
Скалка, пироговая;;+7 (969) 062-90-55;Головинское ш., 11, Москва;pirogi-skalka.ru;55.840 37.494;cafe
Буханка;;+7 (980) 215-51-46;Кронштадтский бул., 6, корп. 4, Москва;buhanka.ru;55.841 37.494;cafe
Мск lounge, лаундж-бар;+7 (473) 275-88-83;;Кронштадтский бул., 6, корп. 2, Москва;mskofficial.ru;55.841 37.494;cafe
Эллеон, банкетный зал;+7 (499) 150-36-75;+7 (903) 263-23-43;Выборгская ул., 16, стр. 1, Москва;elleoncafe.ru;55.834 37.495;cafe
Meat лав, бургерная;;+7 (903) 215-44-40, +7 (926) 503-74-17;Головинское ш., 10Б, Москва;;55.837 37.497;cafe
Княжий дворик;+7 (499) 347-21-06;+7 (926) 512-15-22;Кронштадтский бул., 37Г, Москва;sticker666.wixsite.com;55.849 37.504;cafe
Белый лебедь, кафе;;+7 (966) 316-01-75, +7 (926) 158-06-55;Михалковская ул., 38, стр. 6, Москва;;55.841 37.518;cafe
Долина, кафе;+7 (499) 153-34-57;+7 (964) 550-23-23, +7 (968) 339-00-88;Михалковская ул., 13, Москва;bella-grand.obiz.ru;55.839 37.527;cafe
Autostory;+7 (495) 191-27-76, +7 (495) 191-46-06, +7 (495) 172-52-95;;Коптевская ул., 71, Москва;autostory.pro;55.832 37.519;cafe
Коп-team;;+7 (965) 433-96-37, +7 (916) 040-77-78, +7 (985) 464-13-22;Коптевская ул., 22, Москва;kopteamkafe.ru , cop-team.ru;55.831 37.520;cafe
Мангал Шашлык;;+7 (968) 428-51-51, +7 (903) 235-41-41, +7 (964) 780-00-77;Михалковская ул., вл9, Москва;mangalshashlyk.ru;55.839 37.529;cafe
KFC;+7 (495) 198-09-86;;Михалковская ул., 4, Москва;kfc.ru;55.837 37.537;cafe
ФГУП Нами центр технической экспертизы;+7 (495) 456-31-32, +7 (495) 456-31-94, +7 (495) 456-30-91, +7 (495) 453-30-57, +7 (495) 456-40-21, +7 (495) 456-60-00, +7 (495) 456-57-00;+7 (980) 170-44-79;Автомоторная ул., 2, стр. 12, Москва;expertise.nami.ru , nami.ru;55.849 37.544;cafe
Старый город;+7 (495) 508-28-29, +7 (499) 154-11-12;+7 (903) 508-28-29;Большая Академическая ул., 41/1с1, Москва;stariygorod.su;55.834 37.533;cafe
Скалка, пироговая;;+7 (925) 202-34-42;Михалковская ул., 4, Москва;pirogi-skalka.ru;55.837 37.538;cafe
Батоно, кафе-хинкальная;+7 (495) 789-73-77;+7 (901) 256-62-06, +7 (964) 775-15-75;Дмитровское ш., 56, корп. 1, стр. 2, Москва;hinkalibatono.ru;55.848 37.569;cafe
Эскалоп, кафе;;+7 (915) 087-09-44;Дмитровское ш., 48, корп. 1, Москва;кафе-эскалоп.рф;55.845 37.570;cafe
Аладдин-Системс;+7 (495) 482-09-98, +7 (495) 482-23-17, +7 (495) 482-23-48;;Гостиничная ул., 9, Москва;systems.ru , aladsys.com;55.846 37.580;cafe
KFC, ресторан быстрого обслуживания;+7 (495) 198-09-51;;Локомотивный пр., 4, Москва;kfc.ru;55.838 37.577;cafe
Шаурма по-братски;;+7 (910) 216-63-33, +7 (968) 485-29-77;3-й Нижнелихоборский пр., 15/27, Москва;шаурма.рф;55.847 37.572;cafe
Bunker Pub Beer, бар;;+7 (965) 161-68-47, +7 (930) 333-59-59;Дмитровское ш., 30, корп. 1, Москва;bunker-pub-beer.clients.site;55.839 37.574;cafe
Мята Lounge, центр паровых коктейлей;;+7 (930) 969-53-86;Ботаническая ул., 41, корп. 7, Москва;myata-botanicheskaya.ru;55.846 37.584;cafe
Самарканд, кафе быстрого питания;;+7 (968) 017-11-65, +7 (966) 110-50-50;Сигнальный пр., 7Б, стр. 3, Москва;samarkandrest.ru;55.849 37.589;cafe
KFC, ресторан быстрого обслуживания;;+7 (925) 003-86-15;Сигнальный пр., 17, Москва;kfc.ru;55.851 37.599;cafe
Все лень, кафе-ресторан;;+7 (925) 206-47-52;проспект Мира (ВДНХ), 119 ст528;vselen-vdnh.ru;55.836 37.615;cafe
Спецбуфет особого назначения, кафе;+7 (495) 005-28-85;+7 (915) 479-51-22;проспект Мира (ВДНХ), 119 пав54;sbufet.ru;55.836 37.622;cafe
Калина, кафе-кулинария;;+7 (925) 744-20-12;Сельскохозяйственная ул., 35, Москва;kalinacafe.ru;55.852 37.624;cafe
Ферма, кафе;+7 (499) 877-19-81, +7 (495) 968-31-28, +7 (495) 191-49-89, +7 (499) 877-12-74;+7 (967) 275-67-33, +7 (969) 283-90-79;1-я Останкинская улица, 119 ст244а;gorodskayaferma.ru;55.839 37.626;cafe
Таверна у околицы, кафе;;+7 (915) 232-17-52;проспект Мира (ВДНХ), 119 ст326;taverna-vdnh.ru;55.837 37.629;cafe
Шоколот;+7 (495) 739-00-97, +7 (495) 739-00-91, +7 (499) 677-77-77, +7 (499) 677-99-99;+7 (915) 492-63-89;просп. Мира, 119, стр. 23, Москва;tickets.moskvarium.ru , moskvarium.ru;55.833 37.618;cafe
Баскин Роббинс;;+7 (926) 209-05-88;просп. Мира, 119, стр. 575, Москва;baskinrobbins.ru;55.835 37.620;cafe
Сад Гранат;;+7 (999) 711-03-83, +7 (999) 811-99-99;просп. Мира, 119, стр. 170, Москва;wowmosaic.moscow;55.837 37.624;cafe
Bổ;;+7 (999) 920-52-12;просп. Мира, 119, стр. 56, Москва;;55.836 37.624;cafe
Московское небо;+7 (495) 748-61-01;+7 (925) 031-61-01, +7 (925) 016-23-81, +7 (926) 120-54-46;просп. Мира, 119, стр. 422, Москва;mosnebo-restoran.ru;55.835 37.626;cafe
Свадьба соек;+7 (495) 923-30-00, +7 (495) 287-77-22, +7 (495) 123-45-62, +7 (495) 117-82-97, +7 (499) 259-96-10, +7 (499) 132-75-40, +7 (495) 152-22-20;;просп. Мира, 119, стр. 550, Москва;restexpert.ru , kafe-svadba-soek.restexpert.ru;55.838 37.626;cafe
ЛапшаWOK;;+7 (916) 698-61-43;просп. Мира, 119, стр. 501, Москва;coffeerocket.ru;55.836 37.626;cafe
LeoCoffee;+7 (495) 744-37-40;;просп. Мира, 119, стр. 501, Москва;;55.836 37.626;cafe
Чайхана Долина;;+7 (926) 791-54-85, +7 (968) 362-87-50, +7 (916) 106-16-26;просп. Мира, 119, стр. 60, Москва;;55.834 37.628;cafe
Toscana Market;;+7 (965) 387-32-64;Сельскохозяйственная ул., 38, корп. 1, Москва;;55.847 37.629;cafe
Буханка;;+7 (962) 918-29-70, +7 (926) 974-93-24;Сельскохозяйственная ул., 38, корп. 2, Москва;buhanka.ru;55.847 37.631;cafe
Дэнди Пицца;;+7 (926) 079-02-80, +7 (985) 176-10-38, +7 (925) 934-77-28, +7 (926) 071-23-52, +7 (917) 512-49-41, +7 (915) 450-00-26;Сельскохозяйственная ул., 38, корп. 2, Москва;dandypizza.com;55.847 37.632;cafe
Пекарня;;+7 (903) 009-01-84;Сельскохозяйственная ул., 9, Москва;gorpekarnia.ru;55.834 37.645;cafe
Лаборатория мороженого;;+7 (915) 170-14-64;просп. Мира, 119, стр. 417, Москва;vdnh.ru;55.834 37.632;cafe
Кофе-пойнт Техноград;+7 (495) 108-55-16, +7 (495) 222-71-23, +7 (495) 743-16-12, +7 (499) 348-81-52;+7 (985) 222-71-23, +7 (905) 598-50-65;просп. Мира, 119, стр. 63, Москва;cateringvip.ru;55.835 37.632;cafe
Фуд-корт Техноград;;+7 (906) 031-04-80;просп. Мира, 119, стр. 318, Москва;cateringvip.ru;55.835 37.633;cafe
Риччи Каприччи;;+7 (925) 599-97-77;просп. Мира, 119, стр. 523, Москва;ricci-capricci.ru;55.832 37.634;cafe
Loo Chi, кафе;;+7 (915) 385-85-99;Лазоревый пр., 5, корп. 1, Москва;loochi.ru;55.848 37.635;cafe
Bakery mart, кафе-кондитерская;;+7 (903) 226-68-42, +7 (985) 777-36-33;Лазоревый пр., 5, корп. 4, Москва;bakerymart.ru;55.848 37.637;cafe
Китчен;;+7 (926) 966-99-22;Лазоревый пр., 3, Москва;cafe-kitchen.ru;55.849 37.637;cafe
Нейборс, бургер-бар;;+7 (985) 109-75-96, +7 (964) 776-59-15;Лазоревый пр., 1А, корп. 1, Москва;neibors.ru;55.848 37.640;cafe
Лаки Сувлаки;;+7 (965) 195-24-27;Россия, Москва, парк Сад будущего;luckysouvlaki.ru;55.842 37.640;cafe
Чайхона № 1 Пловбери;+7 (495) 966-62-53;;просп. Мира, 211, корп. 2, Москва;chajhona-1-ploveberry.clients.site;55.845 37.661;cafe
Mosweet, кондитерская;;+7 (916) 835-18-42;просп. Мира, 211, корп. 2, Москва;;55.846 37.661;cafe
Домашний вкус, кафе-пекарня;+7 (495) 285-05-65;+7 (925) 786-03-59, +7 (925) 203-39-96, +7 (903) 787-98-60;Малахитовая ул., 7, Москва;dv-bakery.ru;55.833 37.657;cafe
Мимино, кафе;;+7 (925) 507-01-63;просп. Мира, 169, корп. 1, Москва;miminocafe.ru;55.837 37.658;cafe
Gagawa;;+7 (964) 508-87-30;просп. Мира, 211, корп. 2, Москва;gagawa.ru;55.846 37.660;cafe
Ливан Хаус, гриль-кафе;;+7 (906) 735-28-68;просп. Мира, 211, корп. 2, Москва;livanhouse.ru;55.845 37.660;cafe
Koreana light, ресторан корейского стрит-фуда;+7 (812) 490-74-64;;просп. Мира, 211, корп. 2, Москва;koreanalight.ru;55.845 37.661;cafe
Барслона, кафе быстрого питания;+7 (812) 900-01-13, +7 (812) 900-01-12;+7 (926) 468-99-69, +7 (985) 863-23-23;просп. Мира, 211, корп. 2, Москва;barslona.ru;55.845 37.661;cafe
Cinnabon, кафе-пекарня;;+7 (926) 423-26-72;просп. Мира, 211, корп. 2, Москва;cinnabonrussia.com;55.846 37.661;cafe
Франклинс бургер, бургерная;;+7 (993) 222-72-68;просп. Мира, 211, корп. 2, Москва;franklins.ru;55.846 37.661;cafe
Лепим и Варим в Европолисе;+7 (495) 966-64-98;+7 (926) 262-45-85;просп. Мира, 211, корп. 2, Москва;lepimivarim.ru;55.845 37.661;cafe
Ikigai Sushi&Ramen Bar, кафе быстрого обслуживания;;+7 (981) 933-05-73, +7 (911) 259-74-52, +7 (911) 142-86-91, +7 (921) 180-98-39;просп. Мира, 211, корп. 2, Москва;ikigaispb.ru;55.845 37.662;cafe
DimSum & Co;;+7 (985) 360-03-61;просп. Мира, 211, корп. 2, Москва;dimsumandco.ru;55.845 37.660;cafe
Cofix, кофейня фиксированной цены;;+7 (985) 381-19-89, +7 (925) 988-67-86, +7 (985) 938-19-89;просп. Мира, 211, корп. 2, Москва;cofix.global , cofix.ru;55.846 37.661;cafe
Грузинские Традиции, кафе быстрого питания;;+7 (925) 535-85-06;просп. Мира, 211, корп. 2, Москва;gruztrad.ru;55.845 37.661;cafe
Bros Burritos, бистро;+7 (812) 498-08-44, +7 (812) 418-23-30, +7 (812) 458-01-51, +7 (812) 458-01-50, +7 (813) 648-29-50;+7 (999) 512-32-90, +7 (952) 273-40-40;просп. Мира, 211, корп. 2, Москва;brosburritos.ru;55.845 37.661;cafe
О! Эскимо;;+7 (951) 665-39-43, +7 (952) 280-72-36, +7 (985) 108-60-65;просп. Мира, 211, корп. 2, Москва;oeskimo.ru;55.845 37.661;cafe
Paul, французское кафе-пекарня;;+7 (903) 666-86-36;просп. Мира, 211, корп. 2, Москва;paulmoscow.taplink.ws , clck.ru;55.846 37.666;cafe
Будайский дворик, ресторан;+7 (499) 181-14-83;+7 (909) 977-77-84, +7 (947) 342-15-80, +7 (903) 290-20-70;Будайский пр., 8, Москва;budaiskidvorik.tilda.ws;55.836 37.669;cafe
Традиции Здоровья;;+7 (985) 505-40-60;ул. Красная Сосна, 24, стр. 1, Москва;tzfood.ru;55.845 37.684;cafe
Кипарис, кафе-бар;+7 (495) 794-17-14;+7 (985) 083-49-19, +7 (901) 518-53-28;ул. Барышиха, 44, корп. 1, Москва;cafekiparis.ru;55.857 37.344;cafe
Чайхона №1, ресторан;+7 (499) 968-91-62, +7 (499) 704-01-11, +7 (495) 927-55-55;;Пятницкое ш., 39, Москва;chaihona.ru , chaihona1.ru;55.855 37.355;cafe
KFC, ресторан быстрого обслуживания;+7 (499) 426-64-20;;Пятницкое ш., 39, Москва;kfc.ru;55.855 37.355;cafe
Пекарня.UZ, кондитерская пекарня;;+7 (977) 556-34-53;Пятницкое ш., 39, Москва;;55.855 37.355;cafe
Буханка;;+7 (926) 663-56-85;Муравская ул., 38, корп. 2, Москва;buhanka.ru;55.862 37.373;cafe
Юма;+7 (495) 495-71-16;+7 (901) 147-76-95;Туристская ул., 31, корп. 1, стр. 1, Москва;restyuma.ru;55.858 37.419;cafe
Алаверды;;+7 (926) 325-15-09;Туристская ул., 31к1, Москва;restoranalaverdi.ru;55.857 37.419;cafe
KFC, ресторан быстрого обслуживания;+7 (495) 725-40-98;+7 (926) 374-49-76;Планерная ул., 7, Москва;kfc.ru;55.864 37.435;cafe
Мархал, кафе;+7 (495) 944-45-45, +7 (495) 944-42-42;+7 (910) 461-12-24;Планерная ул., 12, Москва;marhal-planernaya.ru , marhal.ru;55.861 37.437;cafe
Корнели Пицца;+7 (495) 120-00-33;;ул. Героев Панфиловцев, 7, Москва;cornelipizza.ru;55.857 37.432;cafe
Шаверма-братуха, точка быстрого питания;;+7 (977) 395-05-97, +7 (925) 650-25-28;Планерная ул., 12, корп. 1, Москва;bratukha.ru;55.862 37.437;cafe
Братья Grimm, ресторан;;+7 (901) 400-47-18, +7 (903) 222-66-03, +7 (916) 975-34-00, +7 (906) 703-64-55;улица Свободы, 56 ст8;cafe-grimm.ru;55.861 37.450;cafe
Аморино, кафе;+7 (499) 497-27-32;;Химкинский бул., 14, корп. 1, Москва;amorinocafe.ru;55.852 37.446;cafe
Mercury Lounge Bar;;+7 (968) 998-71-71;ул. Свободы, 71А, корп. 2, Москва;mercury-lounge.ru;55.861 37.448;cafe
Кафе Легенда;+7 (495) 496-97-97, +7 (495) 496-75-05;+7 (985) 000-63-20;ул. Свободы, 71, корп. 3, Москва;cafelegenda.ru;55.860 37.448;cafe
Мастер Гриллер;;+7 (977) 823-30-95;Россия, Москва, парк Северного речного вокзала;;55.852 37.468;cafe
Старые друзья, кафе;+7 (495) 626-95-28;+7 (965) 280-44-42;Ленинградское ш., 65, стр. 1, Москва;;55.866 37.460;cafe
Баракат, чайхана;;+7 (903) 143-22-11;Валдайский пр., 8, Москва;chayhanabarakat.ru;55.866 37.468;cafe
Кетчуп & Горчица;;+7 (926) 090-15-55;ул. Свободы, 56, стр. 1, Москва;;55.860 37.453;cafe
Приват Спорт;+7 (495) 775-60-20;+7 (985) 039-34-63;Смольная ул., 63Б, Москва;extreme-shop.ru;55.870 37.470;cafe
Хизмат, кафе восточной кухни;;+7 (926) 987-55-55;Смольная ул., 24Г, стр. 4, Москва;chaihana.hizmat.ru;55.861 37.484;cafe
Cofix, кофейня фиксированной цены;;+7 (911) 769-09-47;Фестивальная ул., 2Б, Москва;club.cofix.ru , cofix.global , voice.cofix.global;55.854 37.477;cafe
Крошка картошка, ресторан быстрого питания;;+7 (967) 202-74-38;Фестивальная ул., 2Б, Москва;kfc-russia.ru , kartoshka.com , kfc.ru;55.854 37.477;cafe
Му-му, сеть кафе;;+7 (916) 359-42-27;Фестивальная ул., 2Б, Москва;cafemumu.ru;55.855 37.478;cafe
KFC, ресторан быстрого обслуживания;+7 (495) 198-09-52;;Фестивальная ул., 13, корп. 1, Москва;kfc.ru;55.856 37.476;cafe
Шоколадница, кофейня;;+7 (916) 669-29-04;Фестивальная ул., 13, корп. 1, Москва;shoko.ru;55.856 37.478;cafe
ARZON FOOD, магазин выпечки;;+7 (965) 107-77-88;Фестивальная ул., 17, корп. 1А, Москва;vsamarkande.ru;55.856 37.479;cafe
Мосшашлык;;+7 (909) 963-03-03;Смольная ул., 24Г, стр. 1, Москва;мосшашлык.рф , donerking.ru;55.860 37.484;cafe
Вельвет, караоке-бар;+7 (495) 979-63-82;+7 (901) 519-63-82;Фестивальная ул., 8А, Москва;velvetbar.ru;55.859 37.491;cafe
Via Романо, ресторан;+7 (495) 545-34-80, +7 (495) 545-34-79;;ул. Лавочкина, 34, Москва;viaromano.ru;55.857 37.493;cafe
Bali Lounge, лаундж-кафе;;+7 (904) 568-21-88;ул. Ляпидевского, 22, Москва;bali-lounge.ru;55.859 37.493;cafe
Morocco;;+7 (985) 997-60-70, +7 (985) 977-60-70;Петрозаводская ул., 34, Москва;moroccomoscow.ru;55.867 37.489;cafe
Workout Bar;;+7 (903) 726-60-44, +7 (925) 392-55-44;Флотская ул., 7, стр. 1, Москва;hype.rest;55.854 37.496;cafe
Mansard restaurant&hall, ресторан;+7 (495) 796-26-36;;ул. Лавочкина, 7А, стр. 1, Москва;mansard-moscow.ru;55.855 37.493;cafe
Тбилисоба, кафе;+7 (495) 451-15-60;+7 (985) 563-47-33;Петрозаводская ул., 24А, стр. 2, Москва;tbilisobacafe.ru;55.867 37.493;cafe
Эллилагер, гастропаб;;+7 (985) 074-94-41, +7 (925) 905-10-04;ул. Ляпидевского, 22, Москва;;55.859 37.493;cafe
Виват Пицца, сеть кафе;+7 (498) 600-36-75, +7 (495) 451-07-86, +7 (495) 780-87-83, +7 (495) 730-55-66, +7 (495) 980-66-22, +7 (495) 500-40-40, +7 (495) 780-80-90, +7 (499) 164-55-49;;Петрозаводская ул., 24Б, Москва;vivatpizza.ru;55.867 37.494;cafe
Скалка, пироговая;;+7 (925) 292-50-06;ул. Лавочкина, 34, Москва;pirogi-skalka.ru;55.856 37.494;cafe
Легенда, кафе;;+7 (965) 101-07-07;Петрозаводская ул., 22А, стр. 1, Москва;legendacafe.ru;55.867 37.494;cafe
Бота, суши-пицца-бар;;+7 (925) 709-62-73, +7 (916) 067-34-97, +7 (977) 361-01-78, +7 (916) 269-94-12;Флотская ул., 5, стр. 3, Москва;botam.ru;55.852 37.495;cafe
KFC, ресторан быстрого обслуживания;+7 (495) 198-09-53;;Флотская ул., 7, стр. 1, Москва;kfc.ru;55.854 37.497;cafe
Тони Пиццони, пиццерия;;+7 (966) 666-40-36, +7 (995) 507-22-25;Флотская ул., 7, стр. 1, Москва;tony-pizzoni.clients.site;55.854 37.497;cafe
Алло! Пицца, сеть пиццерий;+7 (495) 260-02-73;;ул. Ляпидевского, 4, стр. 2, Москва;allopizza.su;55.855 37.499;cafe
Yellowfin Sushi;;+7 (905) 774-08-05, +7 (928) 337-20-00;Дегунинская ул., 10, стр. 2, Москва;yellowfinsushi.ru;55.866 37.537;cafe
Monso Cafe, кофейня;;+7 (985) 258-95-01;Ильменский пр., 14, корп. 6, Москва;;55.862 37.542;cafe
Mio palermo, кафе-пиццерия;;+7 (903) 550-53-73;Коровинское ш., 1А, Москва;mio-palermo.ru;55.864 37.545;cafe
Теремок, ресторан быстрого питания;;+7 (921) 505-76-08;Дмитровское ш., 89, Москва;teremok.com.ru;55.864 37.545;cafe
Занзибар, детский игровой центр;+7 (499) 906-90-22, +7 (495) 641-43-15;+7 (915) 314-39-57;Дмитровское ш., 89, Москва;mirxl.ru , zanzibarxl.ru;55.864 37.545;cafe
Шоколадница, кофейня;;+7 (985) 310-40-32;Дмитровское ш., 89, Москва;shoko.ru;55.864 37.545;cafe
Wok & Box;;+7 (915) 494-19-38, +7 (977) 142-88-64;Дмитровское ш., 89, Москва;wokandbox.ru;55.864 37.545;cafe
Бохо Лаундж;;+7 (985) 233-14-16;Дмитровское ш., 85, Москва;boholounge.ru;55.863 37.548;cafe
B&B Bradu Bar, демократичный гастробар;+7 (495) 960-68-66;+7 (903) 960-68-66;Митьковский проезд, 10а;bradubar.ru;55.798 37.670;cafe
Зарина, пиццерия;+7 (499) 480-20-00;+7 (985) 949-85-49;Бескудниковский бульвар, вл20а ст3;zarinapizza.ru;55.867 37.560;cafe
Level up lounge;;+7 (958) 100-87-45, +7 (926) 917-25-29;Дмитровское ш., 73, стр. 5, Москва;leveluplounge.taplink.ws;55.857 37.558;cafe
Burger Club;;+7 (985) 179-75-46;Дмитровское ш., 73, стр. 5, Москва;;55.856 37.558;cafe
P3 Coffee;;+7 (915) 112-58-71;Бескудниковский бул., 13, Москва;p3coffee.ru;55.864 37.559;cafe
Латарт, кофейня;;+7 (977) 938-89-76, +7 (906) 775-70-93;Бескудниковский бул., 13, Москва;;55.863 37.560;cafe
Зарина;;+7 (916) 072-90-27;Бескудниковский бул., 20А, Москва;zarinapizza.ru;55.867 37.560;cafe
Pro порции, кафе;;+7 (991) 104-09-96;Бескудниковский бул., 3, Москва;pro-portsii.ru;55.859 37.561;cafe
Гастро Бистро Шаверма-Братуха;;+7 (928) 967-52-94;Дубнинская ул., 10, корп. 4, Москва;bratukha.ru;55.864 37.572;cafe
Кафе-Столовая;;+7 (926) 837-08-28, +7 (926) 501-48-24;Поморская ул., 48А, стр. 1, Москва;project2640683.turbo.site;55.871 37.573;cafe
9 bar coffee;+7 (495) 118-26-54, +7 (495) 369-22-93;+7 (916) 634-11-06;Алтуфьевское шоссе, 43 ст1;9barcoffee.ru;55.870 37.581;cafe
9 Bar Coffe;;+7 (916) 691-92-33;Алтуфьевское ш., 43, Москва;9bar.org , 9barcoffee.ru;55.870 37.581;cafe
Otrada lounge, центр паровых коктейлей;;+7 (968) 606-01-10;Алтуфьевское ш., 28, Москва;;55.865 37.585;cafe
На углях, кафе-шашлычная;;+7 (966) 330-77-77;Алтуфьевское ш., 28, Москва;nauglax.ru;55.864 37.585;cafe
Кинза, кафе;;+7 (903) 014-90-60;Алтуфьевское ш., 16, Москва;kinza-za.ru;55.858 37.586;cafe
Пронто;;+7 (926) 907-17-67, +7 (926) 116-80-48;Алтуфьевское ш., 40Д, Москва;pronto24.ru , pronto-pizza.ru;55.871 37.590;cafe
Фонбет, спортбар;+7 (495) 994-24-10, +7 (495) 211-19-69;+7 (916) 553-64-62, +7 (915) 401-36-98, +7 (916) 998-07-85;ул. Декабристов, 8, Москва;barfonbet.ru , clck.ru , bit.ly;55.865 37.598;cafe
Бестужевъ, кафе-ресторан;;+7 (925) 242-04-52;Бестужевых, 7 к1;;55.870 37.601;cafe
Вах Гоги, ресторан;;+7 (915) 064-55-30, +7 (920) 372-88-88, +7 (926) 093-44-41, +7 (909) 995-58-82, +7 (926) 093-44-44;ул. Декабристов, 12, Москва;gruzinskayakuhnya.moscow;55.864 37.602;cafe
Синяя птица;+7 (495) 374-63-04;+7 (926) 244-22-22, +7 (916) 913-30-54, +7 (926) 091-16-62;ул. Бестужевых, 9Б, Москва;hockeymoscow.mossport.ru , mos.ru;55.871 37.600;cafe
CHICKO;;+7 (964) 593-82-57;ул. Декабристов, 12, Москва;;55.864 37.601;cafe
Золотая роща, ресторан;+7 (495) 902-60-61, +7 (495) 645-60-04, +7 (495) 902-60-62;+7 (968) 983-98-89, +7 (903) 200-67-64;ул. Бестужевых, 14, корп. 1, Москва;dostavka-otradnoe.ru , zolotaya-roshya.ru;55.871 37.610;cafe
Очаг, кафе;+7 (495) 968-51-75, +7 (499) 904-35-49;+7 (968) 743-84-44, +7 (926) 600-23-38;Олонецкая ул., 21Б, Москва;cafeochag.ru;55.856 37.620;cafe
Seabus sushi, суши-бар;+7 (499) 653-73-02;;Сельскохозяйственная ул., 35, Москва;seabus.moscow;55.852 37.625;cafe
Курага, ресторан;;+7 (926) 159-99-90, +7 (918) 623-55-80;Юрловский пр., 17, стр. 1, Москва;ресторанкурага.рф;55.871 37.619;cafe
Скала, кафе;+7 (495) 971-57-62;+7 (926) 638-20-33;ул. Декабристов, 43, стр. 1, Москва;skala-cafe.ru;55.860 37.620;cafe
Буханка;;+7 (967) 052-06-18;Олонецкая ул., 4, Москва;buhanka.ru;55.853 37.621;cafe
Proжарка, кафе быстрого обслуживания;;+7 (960) 178-93-11, +7 (996) 978-11-63;Олонецкая ул., 4, Москва;;55.853 37.621;cafe
Локация, пиццерия;;+7 (958) 100-81-56, +7 (964) 553-39-16;Сельскохозяйственная ул., 35А, Москва;lokacia.ru;55.852 37.622;cafe
Pizzamore, ресторан итальянской кухни;+7 (495) 181-00-76;+7 (977) 456-14-07;Сельскохозяйственная ул., 35, Москва;msk.pizzamore.online , pizzamore.online;55.852 37.623;cafe
Free&co;+7 (495) 477-32-73;+7 (967) 025-46-32, +7 (929) 829-29-99;пр. Дежнёва, 23, Москва;freecompany.org;55.870 37.637;cafe
Шоколадница, кофейня;;+7 (985) 369-98-76;пр. Дежнёва, 21, Москва;shoko.ru;55.871 37.638;cafe
Панчетта, кафе-пиццерия;+7 (495) 956-11-16, +7 (495) 472-23-44;+7 (915) 007-50-10;пр. Дежнёва, 13, Москва;pancetta.ru;55.871 37.640;cafe
Dirty Dance Bar, клуб;+7 (495) 025-02-33;+7 (980) 463-70-54;пр. Дежнёва, 13, Москва;dirtydancebar.ru;55.871 37.642;cafe
Буханка;;+7 (916) 243-28-43;Заповедная ул., 18, корп. 3, Москва;buhanka.ru;55.869 37.638;cafe
ХО;+7 (499) 180-04-97;+7 (985) 698-12-50;пр. Русанова, 25, Москва;xo-club.net;55.857 37.642;cafe
Kaloud Lounge;;+7 (925) 088-32-11;пр. Дежнёва, 13, Москва;kaloud-lounge.ru;55.871 37.642;cafe
ipho cafe, вьетнамское кафе;+7 (499) 495-02-86, +7 (499) 455-02-86;+7 (977) 770-64-77;Снежная ул., 27, Москва;iphocafe.ru;55.856 37.653;cafe
Cofix, кофейня фиксированной цены;;+7 (925) 702-21-54;Снежная ул., 27, Москва;cofix.global , cofix.ru;55.856 37.653;cafe
Шоколадница, кофейня;;+7 (985) 310-42-72;Снежная ул., 27, Москва;shoko.ru;55.857 37.653;cafe
Домашние обеды;;+7 (985) 117-11-78;Енисейская ул., 3, корп. 5, Москва;vivacatering.ru;55.859 37.655;cafe
Найти компании по вашему списку ИНН на exрort-base.ru;;;;;;cafe
Однажды в Самарканде, чайхана;+7 (495) 324-24-43;;ул. Менжинского, 38, корп. 1, стр. 2, Москва;vsamarkande.ru;55.870 37.661;cafe
Шоколадница, кофейня;;+7 (968) 792-71-34;Енисейская ул., 11, Москва;shoko.ru;55.865 37.661;cafe
МосКальян;;+7 (968) 888-66-77;Енисейская ул., 5, корп. 2, Москва;mos-lounge.ru , mosfranchise.com;55.860 37.659;cafe
KFC, ресторан быстрого обслуживания;;+7 (929) 631-00-34;ул. Менжинского, 32, Москва;yandexpriority.onelink.me , kfc.ru;55.870 37.666;cafe
Self club;+7 (495) 780-00-08, +7 (495) 470-34-94, +7 (499) 325-58-92, +7 (495) 190-75-64, +7 (499) 110-81-51;+7 (916) 135-91-60;Верхоянская ул., 9, Москва;selfclub.ru , restaurant.selfclub.ru;55.856 37.667;cafe
Енисей, кафе;+7 (499) 189-21-41, +7 (499) 938-43-74;;Енисейская ул., 2, стр. 2, Москва;enisey-cafe.ru;55.852 37.670;cafe
Кebabushki.ru, ресторан;;+7 (963) 999-98-24, +7 (968) 189-44-44;улица Лётчика Бабушкина, 1 ст3;kebabushki.ru;55.854 37.672;cafe
Пловная, кафе;+7 (499) 301-76-91;+7 (916) 472-55-59, +7 (916) 471-55-50;улица Лётчика Бабушкина, 30 ст1;catering-foodstream.ru;55.870 37.677;cafe
Автомир Богемия, официальный дилер Skoda;+7 (499) 588-81-22, +7 (499) 588-80-38, +7 (499) 588-80-66, +7 (495) 126-35-23, +7 (4852) 38-84-45, +7 (495) 234-33-66, +7 (499) 588-80-55;;Ярославское ш., 7, Москва;bogemia-skd.ru , bit.ly , bogemia-yar.ru;55.853 37.679;cafe
У Бабушки Лётчика;+7 (495) 116-01-31;;ул. Лётчика Бабушкина, 21/2, Москва;;55.866 37.675;cafe
Бишкек;;+7 (916) 471-55-59;ул. Лётчика Бабушкина, 30, стр. 1, Москва;karamel-lounge.ru , catering-foodstream.ru;55.870 37.677;cafe
BBQ point, гриль-бар;;+7 (903) 572-91-62;ул. Лётчика Бабушкина, 30, стр. 13, Москва;;55.871 37.677;cafe
Точка продажи клубники;+7 (495) 877-34-61;+7 (999) 768-00-08;ул. Лётчика Бабушкина, 30, стр. 13, Москва;tochkadyma.ru;55.871 37.677;cafe
Дача, кафе;;+7 (910) 870-42-69, +7 (916) 711-73-27, +7 (985) 928-99-99;ул. Менжинского, 6, стр. 6, Москва;nikolaykorsakov.com , stargrill.ru;55.866 37.683;cafe
Чап-чак, кафе восточной кухни;;+7 (903) 111-14-88;Ярославское ш., 22, корп. 3, Москва;chapchak.ru;55.857 37.686;cafe
Coffee Itself;;+7 (905) 791-78-78;ул. Дудинка, 1, Москва;;55.862 37.689;cafe
Муза;;+7 (916) 401-01-02;Ярославское ш., 26, Москва;mgsu.grabli.ru;55.856 37.691;cafe
Навои Халяль, чайхана;+7 (495) 971-59-88;+7 (916) 061-59-59, +7 (991) 595-18-11;Ярославское ш., 28, Москва;;55.861 37.693;cafe
Пловная №1, кафе;+7 (499) 182-57-38, +7 (495) 120-32-02;;Ярославское ш., 61, Москва;plovnaya1.com;55.865 37.699;cafe
Марина, ресторан;+7 (499) 183-04-54;;ул. Вешних Вод, 8, корп. 2, Москва;restoranmarina.ru;55.859 37.699;cafe
De bassus, пивной ресторан;+7 (499) 183-11-10, +7 (499) 183-11-38;;Ярославское ш., 111, Москва;debassus.msk.ru;55.870 37.710;cafe
Шарон Премиум, развлекательный комплекс;+7 (499) 673-39-33, +7 (495) 543-73-26;+7 (991) 222-70-81, +7 (968) 499-93-69, +7 (916) 363-09-09;Ярославское ш., 124, Москва;pr-sharon.ru;55.871 37.713;cafe
Моремания, кафе-магазин;;+7 (925) 645-64-02;Воротынская ул., 18, Москва;moremania.su , moremania.info;55.890 37.388;cafe
Kurkino Lounge;;+7 (993) 363-50-63, +7 (901) 256-80-35;Ландышевая ул., вл17, Москва;kurkino-lounge.ru;55.884 37.392;cafe
KFC, ресторан быстрого обслуживания;;+7 (925) 003-45-52;Правобережная ул., 1Б, Москва;yandexpriority.onelink.me , kfc.ru;55.881 37.448;cafe
Игралайф, развлекательный центр;+7 (495) 210-50-40;+7 (977) 831-25-79, +7 (985) 962-10-40, +7 (985) 210-50-40;Правобережная ул., 1Б, Москва;igralife.ru;55.881 37.449;cafe
Шашлындос, шашлычная;;+7 (910) 402-71-75, +7 (926) 120-22-26;улица Левобережная, 7;shashlik-delivery.ru;55.875 37.470;cafe
KFC Авто;;+7 (963) 630-86-24;Ленинградское ш., 71Б, стр. 2, Москва;yandexpriority.onelink.me , kfc.ru;55.877 37.450;cafe
KFC;;+7 (925) 001-19-89;ул. Дыбенко, 7/1, Москва;kfc.ru;55.879 37.479;cafe
Шаурму х@чу, точка быстрого питания;;+7 (926) 446-95-80, +7 (926) 446-95-81;ул. Дыбенко, 7, стр. 1, Москва;shaurmu-hachu.ru;55.879 37.480;cafe
Четыре комнаты, кафе;;+7 (926) 177-16-14;ул. Дыбенко, 36, корп. 1, Москва;cafe4komnaty.ru;55.876 37.484;cafe
Шашлык Шефф;;+7 (991) 277-07-08;ул. Маршала Федоренко, 10, стр. 1, Москва;shashlyk-sheff.ru;55.882 37.492;cafe
Буханка, пекарня;;+7 (966) 175-44-33;Базовская ул., 15, корп. 1, Москва;buhanka.ru;55.877 37.505;cafe
Мархал, караоке-кафе;+7 (499) 905-34-00;+7 (967) 117-33-00;Ангарская ул., 1, корп. 2, Москва;marhal.ru;55.872 37.510;cafe
Готика, кафе;+7 (495) 518-77-48, +7 (495) 740-08-46, +7 (495) 483-74-60, +7 (499) 458-11-77, +7 (495) 483-11-50;+7 (945) 483-11-50, +7 (925) 518-77-48;Ангарская ул., 39, Москва;gothica.su , готика.рф , gotika.su;55.879 37.524;cafe
Крымские чебуреки;;+7 (915) 492-67-55;Коровинское ш., 35, стр. 17, Москва;krimskie-chebureki.ru;55.883 37.515;cafe
Хазри, кафе;;+7 (966) 337-33-93, +7 (966) 077-85-58;Клязьминская ул., 15, Москва;;55.889 37.526;cafe
Купец, ресторан;+7 (495) 636-28-89, +7 (495) 211-46-45;+7 (926) 470-47-34;Лобненская ул., вл11, Москва;restorankupets.ru;55.890 37.530;cafe
Booblik lounge, лаундж-бар;;+7 (916) 636-28-38;Яхромская ул., 3, Москва;;55.883 37.539;cafe
Сахарочек, кофейня;;+7 (977) 669-00-17;Дмитровское ш., 107А, корп. 2, Москва;sakharochek.ru;55.879 37.538;cafe
Пикочино;;+7 (999) 012-22-22;Дмитровское ш., 107, корп. 2, Москва;piccochino.ru;55.879 37.541;cafe
Jamamai asian kitchen&bar, ресторан;;+7 (985) 785-77-66;Дмитровское ш., 107, корп. 2, Москва;jamamai.ru;55.879 37.542;cafe
Скалка, пироговая;;+7 (915) 122-96-34;Дмитровское ш., 107, корп. 2, Москва;pirogi-skalka.ru;55.880 37.543;cafe
Ретро, ресторан;+7 (495) 483-03-30;+7 (909) 156-64-77, +7 (977) 883-12-62, +7 (977) 142-26-24, +7 (903) 571-52-89;Дмитровское ш., 108, стр. 3, Москва;retro-restoran.ru;55.884 37.545;cafe
МосКальян;+7 (495) 152-59-17;+7 (966) 555-47-47;Дмитровское ш., 98С, Москва;mos-lounge.ru , mosfranchise.com;55.879 37.547;cafe
Кушай город, кафе-столовая;;+7 (925) 044-43-34, +7 (925) 888-13-28;Дмитровское ш., 100, стр. 2, Москва;кушайгород.рф;55.882 37.549;cafe
Бульвар, кафе-бар;+7 (499) 489-72-26;+7 (934) 333-58-88, +7 (967) 136-95-96;Бескудниковский бул., 40, корп. 3, Москва;bulvar403.com;55.874 37.551;cafe
Дежене, столовая;+7 (499) 689-75-18;+7 (915) 323-53-12, +7 (995) 299-57-38, +7 (925) 205-54-44;Дубнинская ул., 81А, Москва;dejeuner.ru;55.892 37.553;cafe
Оазис, кафе;;+7 (925) 050-00-76, +7 (925) 161-93-20;Дубнинская ул., 79, Москва;kafe-oazis.ru , oazis-kafe.ru;55.889 37.556;cafe
Омад, чайхана;;+7 (985) 663-91-39, +7 (926) 184-82-83;Дубнинская ул., 32, Москва;uzbekfood.ru;55.884 37.558;cafe
Пиццетория, кафе;+7 (495) 798-05-38;+7 (925) 311-18-65;Дубнинская ул., 53, корп. 1, Москва;pizzetoriya.ru;55.872 37.559;cafe
KFC;+7 (495) 198-09-39;;Дубнинская ул., 30А, стр. 1, Москва;kfc.ru;55.877 37.559;cafe
Бута бар;;+7 (925) 940-52-04;Илимская ул., 1, корп. 3, Москва;butabar.ru;55.891 37.569;cafe
KFC, ресторан быстрого обслуживания;+7 (495) 198-09-41;;Инженерная ул., 1, Москва;kfc.ru;55.879 37.582;cafe
Лотос, кафе;+7 (495) 798-58-15;+7 (925) 111-28-24;Инженерная, вл1а;banket-svadba.ru;55.878 37.583;cafe
Кулинария;;+7 (926) 621-59-13;Инженерная ул., 3, Москва;;55.879 37.581;cafe
Лотос;;+7 (925) 230-60-90;Инженерная ул., 1А, Москва;banket-svadba.ru;55.878 37.583;cafe
White star lounge, лаундж-кафе;;+7 (967) 000-22-99;Алтуфьевское ш., 72, Москва;;55.890 37.588;cafe
GuavaBar;+7 (495) 296-00-09, +7 (495) 926-00-09;+7 (968) 808-66-55;Алтуфьевское шоссе, 70 ст1;guavabar.ru;55.889 37.588;cafe
Pho Ханой, кафе быстрого обслуживания;;+7 (968) 077-89-22, +7 (968) 077-89-23, +7 (966) 117-77-68;Алтуфьевское ш., 70, корп. 1, Москва;;55.888 37.588;cafe
Чайхана;;+7 (968) 898-00-88, +7 (968) 898-88-17;Алтуфьевское ш., 70, корп. 1, Москва;villagusto.ru;55.888 37.589;cafe
Гуава Суши;+7 (495) 260-00-09;;Алтуфьевское ш., 70, корп. 1, Москва;guavasushi.ru , guavabar.ru;55.889 37.588;cafe
Гриль Хаус, ресторан;+7 (495) 585-21-21;;Алтуфьевское ш., 70, корп. 1, Москва;grille-house.com , grillhousemsk.ru;55.888 37.589;cafe
Зерно, мини-кофейня;;+7 (926) 522-84-51;ул. Плещеева, 2, стр. 1, Москва;rosneft-azs.ru;55.883 37.604;cafe
Два Бобра, кафе;+7 (499) 206-35-27;+7 (985) 776-36-36;улица Пришвина, 12 к2;propicom.ru;55.888 37.597;cafe
Алло! Пицца, сеть пиццерий;+7 (495) 260-02-39;;Костромская ул., 14Б, Москва;allopizza.su;55.885 37.599;cafe
Жигулевское в Бибирево, спортбар;;+7 (967) 112-50-05;Бибиревская ул., 7, корп. 2, Москва;bibirevopub.ru;55.880 37.594;cafe
Лампа, центр паровых коктейлей;;+7 (925) 690-03-03;ул. Пришвина, 3Г, Москва;;55.890 37.594;cafe
Два Бобра;;+7 (901) 748-15-16;ул. Пришвина, 12, корп. 2, Москва;2-bobra.ru;55.888 37.597;cafe
Лампа Lounge;+7 (426) 478-95-90;+7 (967) 439-05-79, +7 (961) 839-98-80;Костромская ул., 12Б, Москва;lampa-rest.ru;55.886 37.598;cafe
Мята Lounge, центр паровых коктейлей;+7 (495) 410-13-31, +7 (499) 112-35-38;;Костромская ул., 17, Москва;myata-bibirevo.com , myataofficial.com;55.885 37.601;cafe
KFC, ресторан быстрого обслуживания;;+7 (926) 900-72-91;ул. Пришвина, 22, Москва;yandexpriority.onelink.me , kfc.ru;55.885 37.602;cafe
Му-му, сеть кафе;+7 (499) 678-40-33, +7 (499) 207-57-71, +7 (499) 207-80-81, +7 (499) 207-86-70;+7 (985) 129-80-23, +7 (916) 820-39-31;ул. Пришвина, 22, Москва;cafemumu.ru , alexander-land.ru;55.886 37.602;cafe
Шир, кафе;+7 (495) 414-42-66, +7 (495) 008-85-47;;ул. Римского-Корсакова, 11, корп. 5, Москва;shire-cafe.ru;55.875 37.603;cafe
Палки-скалки, кафе;+7 (495) 445-99-07;;ул. Римского-Корсакова, 11, корп. 8, Москва;palki-skalki.ru , msk.palki-skalki.ru;55.876 37.604;cafe
Все шашлыки;;+7 (906) 707-87-00;ул. Плещеева, 4А, Москва;vse-shashliki.ru;55.884 37.605;cafe
Луна, кафе-бар;;+7 (968) 517-66-77;ул. Плещеева, 11В, Москва;timeweb.com , tweb.link;55.889 37.614;cafe
Заря, ресторан;;+7 (903) 210-01-01;ул. Лескова, 25, Москва;cafezarya.ru;55.892 37.622;cafe
Буханка;;+7 (980) 215-51-64;Юрловский пр., 14, корп. 3, Москва;buhanka.ru;55.879 37.613;cafe
Кафе Луна;+7 (499) 206-72-84, +7 (145) 007-15-66;+7 (964) 787-56-14;ул. Плещеева, 11В, Москва;timeweb.com , restaurant-cafe.ru , tweb.link;55.889 37.614;cafe
Ласточка, кафе;+7 (495) 470-38-55;;Полярная улица, вл7;кафе-ласточка.рф;55.874 37.637;cafe
Кафе Ласточка;;+7 (965) 287-88-33;Полярная ул., 7А, Москва;кафе-ласточка.рф;55.874 37.637;cafe
Алло! Пицца, сеть пиццерий;+7 (495) 260-02-29;;Полярная ул., 10, стр. 1, Москва;allopizza.su;55.875 37.638;cafe
Буханка, пекарня;;+7 (985) 507-46-45;пр. Шокальского, 33, Москва;buhanka.ru;55.883 37.648;cafe
Мегаполис Кафе;+7 (499) 476-05-91;;ул. Молодцова, 2А, Москва;megapolis.cafe;55.878 37.646;cafe
Chicken father, кафе быстрого питания;;+7 (999) 920-02-23, +7 (977) 151-40-50, +7 (985) 275-41-46;Широкая ул., 11, Москва;chicken-father.clients.site;55.888 37.661;cafe
Шоколадница, кофейня;;+7 (985) 369-93-09;Широкая ул., 13А, Москва;shoko.ru;55.888 37.662;cafe
Хлеб с маслом, кафе-пекарня;;+7 (967) 275-65-10, +7 (905) 721-32-04;ул. Грекова, 8, стр. 1, Москва;hlebsmaslom.ru;55.886 37.662;cafe
KFC, ресторан быстрого обслуживания;+7 (499) 948-28-05;;Староватутинский пр., 14, Москва;yandexpriority.onelink.me , kfc.ru;55.876 37.666;cafe
Subway;;+7 (919) 775-70-33;пр. Шокальского, 50А, Москва;subway.ru;55.884 37.671;cafe
Джари, грузинское бистро;+7 (495) 928-00-79;;Широкая ул., 27, Москва;djari.ru;55.888 37.675;cafe
Stopexpress;;+7 (925) 912-92-26;Енисейская ул., 46, Москва;stopexpress.ru;55.879 37.670;cafe
Maппа;;+7 (909) 159-22-64, +7 (967) 145-50-64;Тайнинская ул., 9, стр. 5, Москва;mappa-menu.ru;55.883 37.684;cafe
Аршин, кафе-ресторан;+7 (499) 530-07-07;+7 (985) 364-03-04, +7 (925) 463-22-24, +7 (901) 345-22-24;Осташковский пр., 8, стр. 2, Москва;cafearshin.ru;55.877 37.684;cafe
Тайна, кафе;;+7 (910) 460-61-76, +7 (968) 507-58-08;Тайнинская ул., 19, Москва;kafe-taina.ru;55.886 37.685;cafe
Dolce & Gamarjoba;;+7 (985) 804-56-62;ул. Малыгина, 20, Москва;;55.884 37.689;cafe
Скалка, пироговая;;+7 (926) 018-41-42;ул. Малыгина, 5, корп. 1, Москва;pirogi-skalka.ru;55.880 37.696;cafe
АндерСон, семейное кафе-кондитерская;;+7 (903) 237-96-02;Стартовая ул., 9, корп. 2, Москва;cafe-anderson.ru;55.886 37.701;cafe
Кальянный дворик;;+7 (926) 657-61-17, +7 (968) 441-75-45, +7 (977) 421-28-66;ул. Малыгина, 1, стр. 2, Москва;kalyandvorik.ru;55.877 37.701;cafe
Палехский дворик, кафе;+7 (499) 340-82-09, +7 (499) 182-35-10;;Палехская ул., 126, Москва;palehdvor.ru;55.877 37.712;cafe
Сметана, пельменная;+7 (499) 183-14-10;;ул. Егора Абакумова, 9, Москва;cafe-smetana.ru;55.879 37.714;cafe
Каспий;;+7 (995) 111-21-21;Ярославское ш., 146, корп. 2, Москва;;55.879 37.730;cafe
Вьетбэп, ресторан быстрого питания;;+7 (963) 972-82-22;Ярославское ш., 146, корп. 1, Москва;vietbep.ru;55.878 37.730;cafe
Хинкальная;;+7 (909) 920-29-29, +7 (916) 600-94-41;Ярославское ш., 146, корп. 1, Москва;xinkalishop.ru;55.878 37.731;cafe
Dan Toc Quan, кафе вьетнамской национальной кухни;;+7 (905) 508-79-99;Ярославское ш., 146, корп. 1, Москва;dantocquan.clients.site;55.878 37.731;cafe
Хлебный дом, пекарня;+7 (481) 233-99-63;+7 (920) 305-42-23;Пятницкое шоссе дублёр, 51д;hleb-dom.com;55.902 37.264;cafe
Имерети, ресторан грузинской и европейской кухни;+7 (495) 191-18-88, +7 (499) 401-91-16;;Соколово-Мещерская ул., 25, Москва;imereti.org;55.903 37.385;cafe
Икура, суши-бар;+7 (495) 721-05-21, +7 (495) 649-41-42;;Родионовская ул., 12, стр. 2, Москва;ikura-bar.ru , ximki-pizza.ru;55.894 37.390;cafe
Сытая утка, ресторан;+7 (495) 317-01-99, +7 (495) 445-01-76, +7 (495) 225-92-95;;Соколово-Мещерская ул., 16/114, Москва;s-utka.ru , re-utka.ru;55.898 37.391;cafe
Прокофий и Булочка, кофейня;+7 (499) 213-67-89;;Соколово-Мещерская ул., 14, Москва;coffee-pirogi.ru;55.897 37.392;cafe
Скалка, пироговая;;+7 (916) 862-35-37;Родионовская ул., 10, корп. 1, Москва;pirogi-skalka.ru;55.896 37.391;cafe
Волконский, кафе-пекарня;;+7 (977) 776-79-38;Родионовская ул., 10, корп. 1, Москва;wolkonsky.com;55.895 37.392;cafe
Bel posto, семейное кафе;;+7 (995) 896-90-90, +7 (995) 920-46-77, +7 (950) 033-49-66, +7 (903) 781-90-90, +7 (977) 274-46-77;Соловьиная Роща, 11;bel-posto.ru , nibrand.ru;55.896 37.396;cafe
Барбошко, кафе;;+7 (968) 000-00-59;ул. Соловьиная Роща, 11, Москва;barboshko.ru;55.897 37.397;cafe
Севан, кафе;;+7 (903) 750-99-33;МКАД 79 Километр, вл9;cafesevan.ru;55.895 37.501;cafe
Stopexpress;;+7 (929) 900-73-40;Ижорская ул., 31Б, Москва;stopexpress.ru;55.896 37.526;cafe
Встреча, кафе;;+7 (962) 091-77-77, +7 (985) 780-37-38;Карельский бул., 4А, Москва;vstrecha.cafe;55.892 37.536;cafe
KFC, ресторан быстрого обслуживания;+7 (495) 198-09-84;;Дмитровское ш., 163А, Москва;kfc.ru;55.909 37.540;cafe
Star hit cafe, кофейня;;+7 (926) 841-33-51;Дмитровское ш., 163А, корп. 1, Москва;starhitcafe.ru;55.910 37.541;cafe
Шоколадница, кофейня;;+7 (985) 310-40-90;Дмитровское ш., 163А, корп. 1, Москва;shoko.ru;55.910 37.542;cafe
Еда Greek;;+7 (962) 513-82-93, +7 (905) 194-06-02;Дмитровское ш., 163А, корп. 1, Москва;edagreek.ru;55.909 37.540;cafe
Шеф Бургер, кафе-бистро;+7 (495) 147-01-30;+7 (926) 531-20-47;Дмитровское ш., 116Д, Москва;shefburger.ru;55.902 37.549;cafe
KFC Авто;;+7 (925) 005-42-15;МКАД, 82-й километр, вл18, Москва;kfc.ru;55.909 37.559;cafe
Мята Signature Алтуфьево;;+7 (926) 471-69-61;ул. Лескова, 3Г, Москва;myata-altufyevo.ru;55.899 37.592;cafe
Альбатрос, кафе;;+7 (999) 879-97-34;Череповецкая ул., 12А, Москва;;55.898 37.573;cafe
Пить есть!, паб-ресторан;;+7 (985) 479-41-52;Алтуфьевское ш., 97Б, Москва;pitest.ru;55.903 37.586;cafe
Coffee way;;+7 (991) 958-73-91, +7 (900) 697-94-54;Алтуфьевское ш., 86, корп. 1, Москва;coffeeway.ru;55.898 37.588;cafe
Островок Суши;;+7 (977) 742-70-04, +7 (926) 846-74-56;Алтуфьевское ш., 86, корп. 1, Москва;ostrowok-sushi.ru;55.898 37.588;cafe
Автограф;+7 (499) 909-51-13, +7 (499) 408-09-22, +7 (499) 909-09-22;+7 (926) 363-55-47;ул. Лескова, 5, Москва;ravtograf.ru;55.899 37.595;cafe
Крепери;;+7 (977) 792-61-76;ул. Лескова, 14, Москва, Россия;creperie.ru.com;55.897 37.605;cafe
Шаровня на Белозерской;+7 (495) 877-28-88;+7 (985) 086-71-81, +7 (915) 393-34-23;Белозерская ул., 17Г, Москва;шаровня.москва;55.896 37.620;cafe
Свои люди, кафе-бар;;+7 (903) 190-78-69;Белозерская ул., 17Г, Москва;barsvoiludi.business.site;55.896 37.620;cafe
Topnado;;+7 (905) 724-04-05;ул. Лескова, 26А, Москва;;55.895 37.613;cafe
Государственное бюджетное общеобразовательное учреждение города Москвы школа Глория, корпус 10;+7 (528) 055-80-00, +7 (499) 206-90-74, +7 (499) 207-23-00;;ул. Корнейчука, 52А, Москва;gsg.mskobr.ru;55.895 37.625;cafe
Суши и пицца, кафе;;+7 (901) 531-11-37;Дмитровское ш., 169, корп. 6, Москва;sushi-and-pizza.ru;55.929 37.541;cafe
Буханка;;+7 (925) 009-09-17;Дмитровское ш., 124А, Москва;buhanka.ru;55.925 37.549;cafe
Кулинарный дворик 1996;;+7 (965) 322-11-12, +7 (965) 402-11-12;бул. Академика Ландау, 1, Москва;chudo-pechka.ru;55.920 37.551;cafe
Pizza Sole;+7 (499) 113-93-88;+7 (909) 930-90-88;бул. Академика Ландау, 1, Москва, Россия;sole-pizza.ru;55.920 37.551;cafe
Хлебопёкъ;;+7 (916) 719-28-64;бул. Академика Ландау, 3, Москва;;55.921 37.554;cafe
Чайхона;+7 (495) 729-93-39;+7 (903) 729-93-39;Международное ш., 28, стр. 16, Москва;moika-kafe.narod.ru;55.946 37.411;cafe
Аэрофлот Авиашкола;+7 (495) 223-55-55, +7 (495) 664-12-50, +7 (495) 544-33-24, +7 (495) 981-55-20;+7 (926) 055-70-35, +7 (925) 010-71-25, +7 (926) 001-44-19;Международное ш., 31, стр. 1, Москва;avb.ru;55.951 37.412;cafe
Маэстро, ресторан;;+7 (968) 800-44-99;9-я Северная линия, 19, Москва;maestrorestoran.ru;55.933 37.548;cafe
Апага, ресторан;+7 (499) 767-74-05;+7 (915) 395-21-55, +7 (903) 674-01-00;3-я Северная линия, 3, Москва;rest-apaga.ru;55.943 37.553;cafe
Караван, кафе;;+7 (915) 467-05-05;ул. Арсюкова, 5А, Москва;karavankafe.ru;55.933 37.557;cafe
Мацони, грузинское кафе;;+7 (980) 697-70-96;Ленинский просп., 28, Москва;kafematsoni.ru;55.713 37.589;cafe
Лаки Сувлаки;;+7 (964) 514-70-97;Россия, Москва, Пушкинская набережная;luckysouvlaki.ru;55.722 37.590;cafe
Парк Фили;+7 (499) 145-51-55, +7 (499) 142-05-36, +7 (499) 145-51-77, +7 (499) 145-45-05, +7 (499) 142-02-54, +7 (499) 145-53-00, +7 (499) 145-00-00;+7 (916) 660-91-78, +7 (916) 766-15-45;Большая Филёвская ул., 22, стр. 1, Москва;parkfili.ru;55.746 37.488;cafe
317, городское кафе;+7 (495) 605-19-97;+7 (926) 220-37-28, +7 (904) 567-18-82;Глубокий пер., 1/2, Москва;317.ru;55.755 37.570;cafe
+39 Trattoria & Pizzeria;+7 (495) 921-03-96;+7 (967) 126-71-59, +7 (967) 126-71-60;Новая Басманная ул., 23А, стр. 4, Москва;;55.770 37.662;cafe
Шоколадница, кофейня;;+7 (985) 201-01-22;Сходненская ул., 56, Москва;shoko.ru;55.851 37.444;cafe
Ботаника;+7 (499) 251-97-60;;Большая Грузинская ул., 61, стр. 1, Москва;botanica.moscow;55.772 37.584;cafe
The white hart pub, английский паб;+7 (495) 636-28-55;;Неглинная ул., 10, Москва;whitehart.ru , whitehartcity.ru;55.762 37.620;cafe
Кулинария Семьи Кожевниковых;;+7 (909) 634-08-83;Россия, Москва, поселение Краснопахорское, Калужское шоссе, 45-й километр, 4А;edatroitsk.ru;55.428 37.274;cafe
Fire;+7 (495) 877-08-88;;ул. Пришвина, 3, стр. 2, Москва;fire-cafe.ru;55.890 37.593;cafe
Чайхана Райхан;;+7 (925) 452-00-00;Большая Черёмушкинская ул., 21, Москва;chayhana.online;55.681 37.589;cafe
Shawarma King, бистро;;+7 (991) 575-54-69;Верхняя Радищевская ул., 22, Москва;shawarma-king.clients.site;55.743 37.653;cafe
Чебуреки Воробьевы горы;;+7 (967) 126-85-15;Россия, Москва, Андреевская набережная;restamama.ru;55.710 37.564;cafe
Угли, шашлычная;+7 (495) 480-04-80;;Ореховый бул., 45, Москва;ugli-msk.ru;55.615 37.743;cafe
Urban Food;;+7 (999) 928-33-50;Рязанский просп., 2/1к2Г, Москва;urbanfood-msk.ru;55.729 37.737;cafe
Бансонс Бургер Китчен;;+7 (995) 916-10-47;Лесная ул., 20, стр. 3, Москва;seeyour.info;55.781 37.593;cafe
ТыгыдыкКофе;;+7 (977) 759-98-74;Россия, Москва, поселение Сосенское, Скандинавский бульвар, 23, корп. 2;;55.555 37.514;cafe
Тода Пицца;;+7 (936) 247-12-69;Россия, Москва, поселение Сосенское, жилой комплекс Скандинавия, улица Эдварда Грига, 5;todapizza.ru;55.564 37.499;cafe
Дайтекофе;+7 (495) 151-08-77;+7 (991) 988-35-15;Ходынский бул., 4, Москва;jvcoffee.ru;55.791 37.529;cafe
Елоховское подворье, трапезный кафе-ресторан;+7 (495) 795-17-11;+7 (906) 040-33-33, +7 (969) 008-00-30;Спартаковская улица, 16;elokhovskoecafe.ru;55.772 37.676;cafe
Id Catering;;+7 (915) 128-80-55, +7 (925) 760-65-00, +7 (916) 044-04-42;ул. Маросейка, 15, Москва;idcatering.ru;55.758 37.637;cafe
Stardogs;;+7 (964) 769-70-85;Судостроительная ул., 13, Москва;stardogs.ru;55.681 37.672;cafe
FIRE, бургерная;;+7 (910) 165-48-80;3-й Павелецкий пр., 4, Москва;;55.713 37.645;cafe
Wave Hunters;;+7 (928) 433-11-31, +7 (916) 915-37-97, +7 (999) 881-10-22;Лётная ул., вл99А, Москва;wavehunters.ru;55.825 37.415;cafe
Хот-доги;;+7 (926) 401-33-67;Россия, Москва, парк Свибловские пруды;hot-dogi.clients.site;55.854 37.635;cafe
Империал;+7 (495) 203-27-32;+7 (926) 365-00-84, +7 (926) 242-40-55;Россия, Москва, поселение Филимонковское, квартал № 175, 1, стр. 1;imperial-1656502406.clients.site;55.546 37.304;cafe
Бэнтоки;;+7 (925) 500-95-72, +7 (925) 602-87-13;ул. Ивана Франко, 8, корп. 2, Москва;bentoki.ru;55.729 37.450;cafe
МСК Lounge;+7 (495) 991-95-99, +7 (495) 997-94-64, +7 (495) 997-55-77, +7 (495) 744-77-84, +7 (495) 997-97-58, +7 (495) 774-07-04, +7 (495) 991-08-03;;ул. Авиаконструктора Сухого, 2, корп. 1, Москва;mskofficial.ru;55.786 37.542;cafe
Белая обезьяна;;+7 (968) 859-55-00;ул. Маршала Катукова, вл33, Москва;white-monkey.ru;55.803 37.422;cafe
La Padella, кафе-пиццерия;;+7 (915) 071-90-86;6-я Радиальная улица, 5 к3;lapadella.ru;55.605 37.661;cafe
Black Star Burger, Поиск компаний по ключевым словам на export-bаse.ru;;+7 (967) 157-44-13;ул. Новый Арбат, 17, Москва;blackstarburger.ru;55.752 37.593;cafe
Франклинс бургер, бургерная;;+7 (910) 451-26-69;Профсоюзная ул., 61А, Москва;franklins.ru;55.656 37.542;cafe
Мята Lounge;+7 (495) 114-53-51, +7 (495) 278-11-38, +7 (499) 113-08-47, +7 (495) 114-53-50;;Новокузнецкая ул., 11/13, Москва;myata-novokuzneckaya.ru , myatacentr.ru;55.738 37.632;cafe
Юность;+7 (499) 242-48-60, +7 (499) 242-00-91, +7 (499) 242-48-61;+7 (963) 684-78-74;ул. Хамовнический Вал, 34, Москва;hotelyunost.com;55.722 37.563;cafe
Gutenberg, магазин чая и кофе;+7 (499) 649-00-20, +7 (499) 700-10-02;;Волоколамское ш., 73, Москва;gutenberg.ru;55.825 37.429;cafe
Fly coffee, кофейня;+7 (499) 993-91-13;+7 (936) 333-30-56;Бутырская ул., 46, стр. 1, Москва;flycoffee.ru;55.799 37.585;cafe
РыбаЛюбовь, гастробар;;+7 (903) 004-43-30, +7 (926) 687-87-98;Никольская ул., 10, Москва;rybalubov.ru;55.758 37.625;cafe
Шоколадница;+7 (495) 916-56-16;+7 (925) 306-06-80;Огородный пр., 14, Москва;shoko.ru;55.814 37.601;cafe
Burger club, кафе быстрого питания;;+7 (916) 188-08-66, +7 (963) 634-44-99;Россия, Москва, поселение Сосенское, бульвар Веласкеса, 4;burgerclub.com , burgerclub.ru;55.592 37.457;cafe
Costa Coffee, сеть кофеен;+7 (495) 788-44-88;+7 (917) 561-05-41, +7 (991) 555-52-22;Ходынский бул., 4, Москва;costacoffee.ru , hello.io;55.790 37.531;cafe
Вкус FM, кафе-столовая;;+7 (977) 853-00-08;3-й Сетуньский проезд, 10;vkus-fm.ru;55.733 37.534;cafe
Fest bar, пивной бар;+7 (499) 390-86-85;;Страстной бул., 4, стр. 3, Москва;fest.bar;55.765 37.608;cafe
KFC, ресторан быстрого обслуживания;+7 (499) 963-82-32, +7 (495) 212-00-00;+7 (905) 715-43-32;Измайловское ш., 69Г, Москва;kfc-russia.ru , yandexpriority.onelink.me , kfc.ru;55.788 37.750;cafe
Buddy Bar, кафе-бар;;+7 (964) 777-73-38;ул. Борисовские Пруды, 26, стр. 2, Москва;;55.639 37.759;cafe
Алло! Пицца, сеть пиццерий;+7 (495) 260-02-25, +7 (495) 445-95-49;;Новомарьинская ул., 14/15, Москва;allopizza.su;55.654 37.758;cafe
Лаваш №1, ресторан;+7 (495) 391-05-69;+7 (969) 080-00-80;Петровско-Разумовский пр., 10, Москва;lavash-1.ru;55.795 37.569;cafe
Street loft cafe, кафе;;+7 (915) 317-22-11;1-я Нововатутинская улица, 3;streetloftcafe.ru;55.516 37.355;cafe
KFC, ресторан быстрого обслуживания;+7 (495) 324-30-18;;Булатниковская ул., 2А, Москва;kfc.ru;55.580 37.652;cafe
Атмосфера;;+7 (968) 859-46-66, +7 (968) 377-35-35;2-я Кабельная ул., 10, Москва;;55.749 37.717;cafe
Плов Хаус, кафе;+7 (495) 490-65-67, +7 (495) 490-41-31;;улица Тушинская, 17;;55.827 37.444;cafe
Burger club, кафе быстрого питания;;+7 (926) 582-07-23, +7 (929) 900-61-11;Кавказский бул., 17, Москва;burgerclub.com , burgerclub.ru;55.631 37.671;cafe
Город Ветров, кафе;;+7 (926) 497-00-66, +7 (925) 887-03-29;Ореховый пр., 33, стр. 3, Москва;;55.619 37.730;cafe
Сырная лавка фермерские продукты;+7 (499) 994-30-04;+7 (977) 337-29-45;5, корп. А, Южный административный округ, район Чертаново Северное, микрорайон Северное Чертаново, Москва;sernur.club;55.638 37.592;cafe
Otium lounge, лаундж-бар;+7 (499) 346-83-71;+7 (905) 744-80-00;Усачёва ул., 10, стр. 1, Москва;otiumlounge.ru;55.729 37.572;cafe
Панда, кафе быстрого обслуживания;+7 (495) 646-04-24;;Большая Филёвская ул., 22, стр. 4А, Москва;pandapark.org;55.751 37.478;cafe
Орхан, кафе;;+7 (916) 339-23-23, +7 (996) 965-76-51, +7 (965) 328-86-86, +7 (905) 556-94-94;Елецкая ул., 35, корп. 2А, Москва;orhan.clients.site;55.603 37.740;cafe
Хинкали Gали, кафе;;+7 (925) 600-02-79, +7 (915) 211-41-61, +7 (977) 765-96-68, +7 (926) 648-44-36, +7 (909) 646-68-53;Футбольная, 17;horeca-home.com , hinkaligali.ru;55.514 37.372;cafe
Кафе;+7 (495) 120-19-79, +7 (495) 120-56-99, +7 (812) 317-13-73, +7 (812) 317-13-77, +7 (495) 120-56-33, +7 (343) 343-90-44, +7 (343) 343-20-33, +7 (495) 120-56-11, +7 (495) 120-23-99, +7 (495) 120-58-22;;ул. Авиаконструктора Сухого, 2, корп. 1, Москва;;55.786 37.542;cafe
Шоколадница, кофейня;;+7 (915) 473-72-58;Внуково аэропорт, терминал А;shoko.ru;55.603 37.283;cafe
Пион, кафе;+7 (499) 240-52-40, +7 (499) 244-05-24, +7 (499) 249-45-28;;Кутузовский просп., 21, Москва;onelink.to , pioner-cinema.ru;55.745 37.550;cafe
Парк Тауэр;+7 (499) 977-42-66;+7 (965) 211-66-77;Дмитровское ш., 27, Москва;parktower.ru;55.827 37.572;cafe
Cofix, кофейня фиксированной цены;;+7 (926) 370-27-52, +7 (916) 654-57-06;7-я Кожуховская ул., 9, Москва;cofix.global;55.710 37.675;cafe
Свой круг, кафе-клуб;+7 (495) 660-10-24;;2-й Кожевнический пер., 12, стр. 2, Москва;svoy-krug.ru;55.726 37.647;cafe
Маркет 24;+7 (495) 414-30-00, +7 (495) 136-37-96;;Малая Филёвская ул., 22, Москва;;55.737 37.466;cafe
Casa di Famiglia, итальянское кафе;+7 (495) 306-24-57;+7 (985) 643-08-88;ул. Металлургов, 7/18, Москва;webkredo.ru , casadifamiglia.ru;55.757 37.780;cafe
Пирвели, хинкальная;+7 (499) 785-13-12;+7 (904) 568-99-03;Новогиреевская улица, 29 к1;hinkali-nagatino.business.site , xinkalnayapirveli.ru;55.755 37.798;cafe
Щепкинъ;;+7 (905) 780-80-90;ул. Щепкина, 47, стр. 2, Москва;;55.782 37.629;cafe
Cofix;;+7 (968) 620-37-00, +7 (906) 011-11-37;Комсомольская площадь, 5, стр. 2, Москва;cofix.global , cofix.ru;55.778 37.655;cafe
Soul lounge;;+7 (967) 107-50-50, +7 (916) 381-54-25;ул. Рословка, 6, Москва;kypl-bar.ru;55.831 37.359;cafe
Булкер, столовая;+7 (499) 481-66-20;;Дмитровское ш., 100, корп. 2, Москва;bulker.ru , goo.gl;55.883 37.550;cafe
Кафе при ДЦ Рольф;+7 (495) 186-65-05;;Ярославское ш., 31, Москва;rolf-mitsubishi.ru , clck.ru , rolfcity.ru , rolf.ru , rolf-service.ru , hyundai.ru;55.860 37.688;cafe
Фудкорт Рестомаркет;+7 (495) 544-34-00, +7 (495) 544-34-73, +7 (495) 544-34-96, +7 (495) 544-34-97, +7 (495) 748-34-20, +7 (495) 748-34-80, +7 (495) 799-01-71, +7 (495) 966-19-29, +7 (495) 974-33-66, +7 (495) 974-33-99;+7 (991) 656-38-33, +7 (903) 799-01-71, +7 (910) 450-19-98;Москва, Калужско-Рижская линия, метро ВДНХ;vdnh.ru;55.832 37.631;cafe
Кафе / рестораны быстрого питания;;;;;;cafe
Брикет Маркет, фуд-корт;;+7 (905) 790-80-00, +7 (966) 888-09-62;Цветной бул., 15, стр. 1, Москва;briketmarket.com;55.771 37.620;cafe
Сокровища морей, магазин;+7 (499) 455-05-02;+7 (977) 000-00-92, +7 (903) 503-37-77, +7 (925) 839-38-71, +7 (985) 079-61-74;Лесная ул., 20, стр. 3, Москва;foodsea.ru;55.780 37.594;cafe
Рестораны;;;;;;cafe
Белые Аллеи, отель;+7 (495) 745-49-78;+7 (915) 024-03-06;71-й квартал, 1 ст2;white-lanes.ru;55.337 37.162;cafe
Белые аллеи;;+7 (915) 024-02-04;Россия, Москва, поселение Вороновское, квартал № 71, 1, стр. 2;white-lanes.ru;55.337 37.162;cafe
Фаворит, ресторан;;+7 (903) 108-89-02, +7 (968) 368-16-81;деревня Троицкое, 25;ресторан-фаворит.рф;55.387 37.416;cafe
Залесье, трактир;;+7 (915) 105-69-32;деревня Голохвастово, вл1;innzalesye.ru;55.373 37.206;cafe
Самовар & Сапог;;+7 (977) 800-08-57, +7 (977) 332-05-26;25, д. Троицкое;samovarsapog.ru;55.387 37.416;cafe
Лачи, загородный клуб;+7 (495) 374-69-01;+7 (985) 063-80-02;микрорайон Солнечный город-3, 230;luchy.ru;55.425 37.109;cafe
Таверна Бабы-Яги;+7 (499) 288-30-07;;2, микрорайон Солнечный город-2, д. Лужки;luchy.ru;55.425 37.112;cafe
Пикник на обочине, банкетный зал;+7 (495) 777-69-99, +7 (495) 850-10-15;;Калужское шоссе 41 км, 1а;piknic.ru;55.467 37.300;cafe
Якитория;+7 (495) 234-24-24;+7 (926) 510-07-01;Калужское шоссе, 41-й километр, 14, Троицк;yakitoriya.ru;55.457 37.295;cafe
Вкус Кахетии;+7 (496) 356-71-10;+7 (925) 388-80-50;Россия, Москва, Троицкий административный округ, Киевское шоссе, 57-й километр;xachapuri.business.site;55.476 36.936;cafe
Пицца Плюс;+7 (495) 255-56-11, +7 (495) 125-20-42;+7 (966) 124-23-32;Лесная ул., 39, Москва;pizzasplus.ru;55.781 37.590;cafe
Плескавица-Сербский гриль;;+7 (916) 261-01-01, +7 (966) 377-12-37;Академическая площадь, 5, Троицк;;55.485 37.306;cafe
Domenikana, гостиничный комплекс;;+7 (965) 274-92-74;деревня Мостовское, 73а;domenikana.com;55.487 37.467;cafe
Заречье, ресторан;+7 (495) 669-94-11;;Заречная, 14а;ресторан-заречье.рф;55.494 37.306;cafe
В Старом городе, ресторан;+7 (495) 744-72-27;+7 (926) 244-37-00, +7 (901) 334-51-29, +7 (926) 134-92-83;Городская, 6;vstaromgorode.ru , sddj.ru;55.493 37.322;cafe
Мята Lounge, центр паровых коктейлей;;+7 (909) 151-55-50;Фабричная площадь, 5, Троицк;;55.492 37.309;cafe
Наш Бараш, ресторан;+7 (495) 778-02-02;;Россия, Москва, поселение Десеновское, Армейская улица, 1;nashbarash.ru;55.510 37.361;cafe
Дворянский;+7 (495) 428-58-58, +7 (495) 428-58-31, +7 (495) 428-58-70, +7 (495) 428-58-28, +7 (495) 428-58-85, +7 (495) 428-58-42;;вл1, д. Рогозинино;imperialhotel.ru;55.529 37.197;cafe
Ок Ватутинки;+7 (495) 841-61-03, +7 (495) 276-88-08;;Москва, Новомосковский административный округ, Калужское шоссе, 15-й километр, с1;ok-vatutinki.ru;55.514 37.336;cafe
Desёnov, ресторан-караоке;;+7 (926) 615-91-11;Рябиновая, 9 ст2;desenov.ru;55.523 37.383;cafe
Karaoke Desenov;;+7 (984) 333-20-49;Рябиновая ул., 9, стр. 2, д. Десна;desenov.ru;55.522 37.383;cafe
Барское застолье, загородный ресторан;+7 (499) 964-51-78;+7 (977) 489-62-82, +7 (958) 100-43-02;40-й квартал, вл209 ст1;barskoezastolie.ru;55.540 37.432;cafe
Дрова Рулят Пицца на дровах;;+7 (901) 710-82-67, +7 (977) 766-73-40, +7 (977) 368-90-57, +7 (916) 778-40-93, +7 (901) 185-34-85, +7 (977) 104-71-77;Рабочая ул., 15, стр. 1, посёлок Первомайское;drovarulyat.ru;55.539 37.155;cafe
Vesna;+7 (495) 747-11-12;;Луговая ул., вл20Ас3, д. Рогозинино;vesna-club.com;55.540 37.184;cafe
Еак ФУД;;+7 (925) 045-62-62;209, д. Городище, СНТ Десна-Городище;;55.540 37.432;cafe
Бургерная Гордость;+7 (495) 070-72-93;;ул. Александры Монаховой, 90, корп. 3, посёлок Коммунарка;gordost.rest;55.543 37.481;cafe
Zames, гриль-бар;+7 (495) 739-23-47;+7 (916) 010-11-93;ул. Академика Понтрягина, 14, Москва;zamesbar.ru;55.533 37.498;cafe
Hookahplace, лаундж-бар;;+7 (995) 780-66-40;ул. Академика Понтрягина, 14, Москва;hookahplace.ru;55.533 37.498;cafe
Тарас Бульба, корчма;+7 (499) 350-77-44, +7 (495) 252-85-83;;ул. Бунинская Аллея, 7, Москва;tarasbulba.ru;55.536 37.516;cafe
Сушистор, суши-бар;+7 (495) 230-00-00;+7 (985) 880-82-06, +7 (926) 559-00-49;Бартеневская ул., 12, Москва;sushistore.ru , sushistor.ru;55.551 37.529;cafe
Ла Пьяцца;+7 (495) 787-26-15, +7 (495) 741-46-46;;ул. Адмирала Лазарева, 24, Москва;la-piazza.su;55.547 37.532;cafe
На луне, ресторан;+7 (495) 773-76-75, +7 (495) 179-47-77;;Венёвская ул., 2А, Москва;nalunebar.ru;55.550 37.542;cafe
Макадамия, ресторан;+7 (495) 118-21-31, +7 (495) 109-85-05, +7 (495) 128-87-07;+7 (926) 038-26-36;Венёвская ул., 2А, Москва;makadamiyarest.ru;55.550 37.542;cafe
Мята Lounge, центр паровых коктейлей;;+7 (999) 715-17-77;ул. Адмирала Лазарева, 2, Москва;myata-lounge-butovo.ru;55.547 37.543;cafe
Акира, ресторан;+7 (499) 743-62-72;;Венёвская ул., 4, Москва;akirasun.ru;55.548 37.543;cafe
Fresco Кагаоке;;+7 (964) 556-60-00, +7 (995) 577-69-18;Южнобутовская ул., 29, корп. 3, Москва;fresco-kagaoke.clients.site;55.539 37.537;cafe
Имна лаундж;;+7 (999) 006-90-90;ул. Поляны, 57, Москва;;55.550 37.544;cafe
Караоке-клуб ресторан Карамель;;+7 (968) 625-56-55, +7 (967) 207-76-11;бул. Адмирала Ушакова, 12, Москва;karaoke-karamel.ru;55.548 37.551;cafe
Сказка Бутово, ресторан;;+7 (999) 444-63-25, +7 (966) 352-52-62;Изюмская ул., 52А, Москва;skazkabutovo.ru;55.543 37.559;cafe
Якитория, японские рестораны;+7 (499) 643-29-00;+7 (925) 610-11-20;бул. Адмирала Ушакова, 7, Москва;yakitoriya.ru;55.547 37.551;cafe
КружкаПаб;;+7 (967) 190-90-48;бул. Адмирала Ушакова, 5, Москва;kruzhkapub.ru;55.547 37.553;cafe
New Moscow, ресторан;+7 (495) 646-62-61;+7 (964) 708-06-66, +7 (964) 533-85-55;деревня Сосенки, 150;shashlikmangal.online , newmoscow-rest.net;55.554 37.432;cafe
Чё хотэли пили-ели, ресторан грузинской кухни;+7 (495) 201-26-11;+7 (926) 325-51-51;Сосновая ул., 3А, д. Сосенки;chehoteli.ru;55.570 37.450;cafe
Хинкальная на Дубровке;;+7 (925) 670-90-76;Россия, Москва, Калужское шоссе, 27;khinkalnaya-dubrovka.ru;55.562 37.440;cafe
Sushi man, кафе;+7 (499) 490-10-54, +7 (495) 740-51-17;;ул. Липовый Парк, 2, посёлок Коммунарка;sushiman.moscow;55.572 37.492;cafe
Легенда, хинкальная;+7 (495) 691-96-26;+7 (930) 667-67-67;Россия, Москва, поселение Сосенское, Скандинавский бульвар, 1, корп. 1;khinkalnaya-legenda.ru;55.568 37.496;cafe
Честная рыба, сифудбар;+7 (495) 777-90-02;;Россия, Москва, поселение Сосенское, Скандинавский бульвар, 5, корп. 2;chestnayariba.ru;55.565 37.500;cafe
Стимзавод, лаундж-бар;;+7 (926) 147-07-07, +7 (968) 909-07-09;ул. Поляны, 5, Москва;steamzavod.ru;55.557 37.555;cafe
Грин Палас, ресторан-бильярдная;+7 (495) 713-12-45, +7 (495) 713-12-36;;ул. Грина, 15, Москва;greenpalace15.ru;55.568 37.565;cafe
Сунакку;;+7 (969) 000-71-70;ул. Академика Глушко, 15, Москва;сунакку.рф;55.566 37.560;cafe
Сказка Востока, ресторан;;+7 (906) 760-09-29, +7 (925) 510-76-61;Коктебельская ул., 11, стр. 3, Москва;skazka11.ru;55.564 37.585;cafe
Чайхона №1, ресторан;+7 (495) 928-33-33;;Старокачаловская ул., 5А, Москва;chaihona.ru , chaihona1.ru;55.570 37.578;cafe
Якитория, японские рестораны;+7 (499) 501-37-77;;бул. Дмитрия Донского, 11, Москва;yakitoriya.ru;55.567 37.576;cafe
Усадьба Пиросмани, ресторан;+7 (495) 229-44-78;;Лесные Поляны 1-я, 1а;usadbapirosmani.ru;55.589 37.472;cafe
Барбарис, бар-ресторан;;+7 (929) 955-95-35;посёлок Газопровода, 20а;;55.579 37.484;cafe
Кот Ч, ресторан-клуб;;+7 (909) 697-22-66;Ратная, 16 к3;kot-che.ru;55.577 37.571;cafe
Сахара, кафе;+7 (495) 215-15-15, +7 (495) 204-24-24;;МКАД 34 Километр, вл6;cafesahara.ru;55.580 37.577;cafe
Сахара;;+7 (926) 620-42-31;МКАД, 34-й километр, 6, Москва;cafesahara.ru;55.580 37.577;cafe
МосКальян;;+7 (968) 968-00-02;бул. Дмитрия Донского, 1, Москва;mos-lounge.ru , mosfranchise.com;55.575 37.580;cafe
Огни Баку, ресторан;+7 (495) 389-61-63, +7 (495) 389-61-36, +7 (829) 990-00-16, +7 (495) 088-88-87, +7 (495) 005-55-60;;Варшавское ш., 152, корп. 2, Москва;огнибаку.рф;55.592 37.599;cafe
Чайлэнд, парк развлечений;+7 (495) 660-60-07;+7 (985) 662-96-67, +7 (977) 621-66-62;Бирюлёвская ул., 43, Москва;chailand.org;55.587 37.667;cafe
Посейдон, ресторан;;+7 (925) 532-35-39, +7 (926) 283-22-98, +7 (926) 572-74-14;Загорьевская ул., 13, Москва;посейдон.москва;55.580 37.688;cafe
Усадьба Крёкшино, ресторан;;+7 (925) 149-85-85, +7 (985) 733-80-00;Озёрная ул., 2Б, посёлок совхоза Крёкшино;kreksino.ru;55.597 37.113;cafe
Guinness;;+7 (967) 021-33-44;2-я Рейсовая ул., 2, корп. 5, посёлок Внуково;r-group.ru;55.606 37.288;cafe
Оазис, ресторан;;+7 (926) 279-45-72;деревня Лапшинка, 150 ст3;oazis-vnukovo.ru;55.610 37.328;cafe
Три утки, кафе;;+7 (903) 790-62-49;деревня Лапшинка, 30/1в;three-ducks.ru , 3ducks.ru;55.612 37.339;cafe
Весна;+7 (495) 747-11-16;;вл8к13, д. Лапшинка;vesna-club.com;55.611 37.335;cafe
Terminal. Foodhall. Vnukovo;+7 (495) 414-41-02, +7 (495) 260-40-60;;30/1В, д. Лапшинка;terminalvnukovo.ru;55.612 37.339;cafe
Халва, ресторан;+7 (499) 444-38-03;;Калужское шоссе 22 км, 10 к1;halvarestoran.ru;55.597 37.464;cafe
Моккано;+7 (499) 444-22-15, +7 (499) 325-47-44;+7 (977) 444-99-15;Россия, Москва, поселение Сосенское, бульвар Веласкеса, 7, корп. 3;msk.mokkano.ru;55.594 37.460;cafe
Чайхана Анор;;+7 (925) 177-77-24;Россия, Москва, поселение Сосенское, Калужское шоссе, 22-й километр, 10соор14;anor24.ru;55.598 37.471;cafe
Mr. Burgerovich, бургерная;;+7 (963) 611-25-47;деревня Мамыри, 1;burgerovich.com;55.602 37.483;cafe
Subway;;+7 (925) 792-03-32;МКАД, 41-й километр, с1, Москва;subway.ru;55.604 37.492;cafe
Панчо Пицца;+7 (495) 363-66-54;;МКАД, 41-й километр, с1, Москва;panchopizza.ru;55.602 37.493;cafe
Subway;;+7 (926) 687-47-68;Москва, поселение Мосрентген, Калужское шоссе, 21-й километр, 3А, стр. 8;subway.ru;55.602 37.499;cafe
Артико, ресторан;+7 (495) 422-40-33;+7 (903) 764-12-23, +7 (962) 926-04-04;МКАД 38 Километр, вл6а ст4;artiko-cafe.ru;55.597 37.513;cafe
Devino, ресторан и бар;+7 (495) 421-88-88;;Вильнюсская ул., 5, Москва;devino-restaurant.ru;55.604 37.523;cafe
Порт, ресторан;+7 (495) 481-60-40, +7 (495) 481-60-60, +7 (495) 530-12-59, +7 (495) 481-60-41, +7 (495) 481-60-42;;Голубинская ул., 16, Москва;more-on.ru;55.598 37.527;cafe
IL Патио, итальянский ресторан;+7 (499) 666-04-00;+7 (968) 420-58-19, +7 (965) 319-23-96;Новоясеневский просп., 7, Москва;ilpatio.ru;55.608 37.533;cafe
Шпилька, ночной клуб;+7 (495) 423-00-22;+7 (964) 791-65-34;ул. Паустовского, 8, корп. 1, Москва;stripshpilka.ru;55.599 37.538;cafe
Урюк, ресторан;+7 (499) 650-86-78, +7 (495) 414-39-80;+7 (991) 989-73-32;Кировоградская ул., 13А, Москва;uryk.ru;55.612 37.605;cafe
IL Патио;+7 (495) 105-93-47;;Варшавское ш., 140, Москва;ilpatio.ru;55.612 37.606;cafe
Теремок, ресторан быстрого питания;+7 (495) 114-44-40, +7 (499) 644-99-99;;ул. Красного Маяка, 2Б, Москва;columbus-moscow.ru;55.611 37.607;cafe
Грузинские каникулы, ресторан домашней кухни;;+7 (963) 658-82-86, +7 (965) 374-12-77, +7 (922) 201-30-16, +7 (903) 245-38-44, +7 (927) 243-32-97, +7 (964) 522-06-58;Кировоградская ул., 13А, Москва;gruzinskie-kanikuli.ru;55.612 37.607;cafe
Goodman, стейк-хаус;+7 (495) 210-12-10, +7 (495) 210-32-10, +7 (495) 210-22-10;+7 (985) 786-52-21;Кировоградская улица, 13а;goodman.ru;55.611 37.607;cafe
Farш;;+7 (977) 972-10-37;Варшавское ш., 140, Москва;farshburger.ru;55.611 37.608;cafe
Subway;;+7 (967) 297-29-70;Варшавское ш., 140, Москва;subway.ru;55.611 37.608;cafe
Ёрш, сеть ресторанов;+7 (499) 218-27-37;;Липецкая ул., 2, корп. 8, Москва;ersh.su , tanukifamily.ru;55.608 37.665;cafe
Nabat Palace, ресторан;+7 (495) 343-54-21, +7 (495) 979-99-09;+7 (909) 936-10-10;Тамбовская ул., 4, Москва;;55.605 37.745;cafe
Joy house, ресторан;+7 (499) 550-38-38;;30-й квартал, 1 ст1;joy-house.ru;55.622 37.270;cafe
Oliva, ресторан;;+7 (968) 373-77-22, +7 (985) 012-88-33;деревня Ликова, 18а;oliva-likova.ru;55.620 37.271;cafe
Koala, мини-пиццерия;;+7 (903) 122-00-88;Россия, Москва, поселение Внуковское, улица Лётчика Ульянина, 5;koalapizza.ru;55.626 37.307;cafe
Арго;+7 (495) 920-39-39;+7 (999) 444-69-47;Россия, Москва, поселение Московский, квартал № 43;novayachaika.ru , gloria-club.com;55.617 37.341;cafe
Country Lounge;+7 (499) 490-66-53;+7 (917) 569-66-35, +7 (925) 811-11-56;Москва, поселение Внуковское, бульвар Андрея Тарковского, 1;country-lounge.ru;55.630 37.342;cafe
Georges;+7 (495) 479-09-00;;Москва, поселение Московский, Киевское шоссе, 23-й километр, 1;georges.tilda.ws;55.625 37.421;cafe
Иль Патио;;+7 (926) 979-71-66;Москва, поселение Московский, Киевское шоссе, 23-й километр, 1;ilpatio.ru;55.625 37.421;cafe
Чайхона № 1 братьев Васильчуков;;+7 (926) 979-30-47;Россия, Москва, поселение Марушкинское, Киевское шоссе, 32-й километр, 1, стр. 1;chaihona.ru;55.625 37.422;cafe
Стикс суши;;+7 (967) 280-70-79;Россия, Москва, поселение Московский, Киевское шоссе, 23-й километр, 1;stickssushi.ru;55.625 37.423;cafe
Dim Sum & Co;;+7 (915) 410-02-93;Москва, 23-й километр Киевского шоссе ,п. Московский, д. 1;dimsumandco.ru;55.625 37.423;cafe
#Farш;+7 (499) 530-80-19;;Киевское шоссе, 23-й километр, 1;farshburger.ru;55.624 37.424;cafe
Бкм, бильярдный клуб;;+7 (915) 055-06-03;ул. Академика Варги, 8, корп. 1, Москва;billiardmoscow.ru;55.630 37.474;cafe
БониМария;;+7 (915) 011-30-30;МКАД, 42-й километр, вл4с1, Москва;;55.622 37.481;cafe
Вкусный плов;;+7 (926) 705-44-44, +7 (915) 210-33-27;МКАД, 41-й километр, 4, стр. 14, Москва;msk.vplov.ru;55.612 37.488;cafe
Tokyo bay, японский ресторан;+7 (495) 661-13-13;+7 (977) 188-13-13, +7 (926) 187-13-13;Новоясеневский просп., 1, Москва;tokyobay.ru;55.619 37.509;cafe
Мята Lounge, центр паровых коктейлей;;+7 (966) 347-15-37;Профсоюзная ул., 142, корп. 1, стр. 1, Москва;myata-konkovo.ru , myataofficial.com;55.625 37.509;cafe
BFL’S;;+7 (903) 158-55-25;Профсоюзная ул., 126, корп. 3, Москва;;55.631 37.517;cafe
Китайские новости, китайский ресторан;+7 (495) 968-37-21, +7 (499) 490-47-21;;Профсоюзная ул., 126, корп. 3, Москва;chinanews.moscow;55.631 37.517;cafe
Муган, ресторан;+7 (495) 425-87-37, +7 (495) 425-56-10;;Соловьиный пр., 6А, Москва;муган.рф;55.616 37.550;cafe
Шпилька, стриптиз-клуб;+7 (495) 314-26-36;;Чертановская ул., 32, стр. 3, Москва;3142636.ru;55.619 37.592;cafe
Тануки, сеть японских ресторанов;+7 (499) 530-80-36, +7 (495) 223-22-23, +7 (343) 372-37-90, +7 (3472) 66-52-55, +7 (4732) 39-58-88, +7 (8312) 61-33-66, +7 (8432) 04-09-60, +7 (8462) 70-27-62, +7 (8612) 05-99-55;;Чертановская ул., 36, стр. 1, Москва;tanukifamily.ru;55.615 37.592;cafe
Якитория, японские рестораны;+7 (495) 984-24-35, +7 (495) 984-20-07;+7 (916) 042-21-62;Кировоградская ул., 24А, Москва;pragsky-grad.ru , yakitoriya.ru;55.612 37.603;cafe
Четыре сыра, пиццерия;;+7 (968) 475-80-01, +7 (985) 086-59-25, +7 (985) 333-76-06;Днепропетровская ул., 2, Москва;easyfood.rest;55.623 37.604;cafe
Taksim, ресторан турецкой кухни;+7 (495) 032-54-55;;Варшавское ш., 140, стр. 6, Москва;taksim.ru;55.612 37.605;cafe
SunFlower Парк, гостиница;+7 (495) 308-78-40, +7 (495) 357-57-00, +7 (499) 288-20-82, +7 (495) 967-18-33, +7 (495) 727-16-38, +7 (495) 933-04-04, +7 (495) 989-56-62, +7 (495) 627-74-88, +7 (495) 627-74-89, +7 (495) 580-28-28;+7 (919) 960-36-57;Кировоградская ул., 11, Москва;sunflowerpark.ru , hilton.ru;55.616 37.608;cafe
Бронзовый лев, английский паб;+7 (499) 725-73-27;+7 (916) 116-93-93, +7 (915) 100-01-19;Бакинская ул., 6, Москва;bronzelion.ru;55.626 37.657;cafe
Её Величества Екатерина Вторая;+7 (499) 725-73-76, +7 (495) 772-51-10, +7 (499) 725-72-23;;Дольская ул., 1, стр. 6, Южный административный округ, район Орехово-Борисово Северное, Москва;banket-ts.ru;55.617 37.684;cafe
Шахин-шах, ресторан;;+7 (968) 384-31-21;ул. Маршала Захарова, 6, корп. 1, Москва;shahin-shah.ru;55.624 37.705;cafe
Бирхен;+7 (495) 394-96-63, +7 (495) 789-15-65;;Каширское ш., 80, Москва;rkborisovsky.ru;55.625 37.709;cafe
Я люблю суши, служба доставки суши;;+7 (977) 717-60-98;Борисовский пр., вл18А, Москва;люблюсуши.рф;55.626 37.724;cafe
Много лосося;+7 (499) 755-78-70;;ул. Генерала Белова, 29А, Москва;thapl.com , mnogolososya.ru;55.615 37.721;cafe
TGI FRIDAYS;;+7 (903) 191-51-03;Каширское ш., 61Г, Москва;tgifridays.ru;55.622 37.713;cafe
Osteria Mario;;+7 (964) 507-75-84;Каширское ш., 61Г, Москва;osteriamario.ru;55.622 37.713;cafe
Zames, гриль-бар;;+7 (926) 350-49-63, +7 (915) 193-59-37;Каширское ш., 61Г, Москва;zamesbar.ru;55.622 37.714;cafe
Grut, пивоварня-ресторан;;+7 (916) 707-02-10;Шипиловская, 28а;grut.moscow;55.619 37.715;cafe
Тиберио;+7 (495) 648-93-33, +7 (495) 648-93-00, +7 (495) 648-92-92;;Шипиловская ул., 28А, Москва;hotelmilan.ru;55.619 37.714;cafe
Грют;;+7 (966) 888-21-36;Шипиловская ул., 28А, Москва;grut.moscow;55.619 37.714;cafe
Лили Ленд батуты, горки, банкеты для детей;+7 (495) 212-93-96;+7 (977) 901-48-64;ул. Генерала Белова, 8, Москва;lililand.ru;55.621 37.717;cafe
Manana, грузинский ресторан;+7 (499) 433-07-20, +7 (499) 782-60-90;;ул. Генерала Белова, 23А, Москва;mananarestaurant.ru , bulldozereat.onelink.me;55.616 37.720;cafe
Московский, банкетный зал;;+7 (916) 888-84-48, +7 (925) 480-51-99, +7 (985) 227-01-49;Шипиловская ул., 36, корп. 1, Москва;moskovskij77-19.moskvagid24.ru;55.620 37.721;cafe
Бими, магазин шаров и подарков;+7 (495) 220-62-06;+7 (985) 220-62-06;Шипиловская ул., 58, корп. 1, Москва;bimi.su;55.621 37.746;cafe
Ариана, ресторан;+7 (499) 725-43-27, +7 (495) 704-89-24, +7 (499) 725-43-29, +7 (495) 704-89-27;+7 (901) 147-92-11;Шипиловская ул., вл39А, Москва;rest-ariana.com , ariana-restoran.com;55.622 37.736;cafe
Кристалл;;+7 (906) 789-88-48, +7 (925) 506-42-26;Ореховый бул., вл31А, Москва;crystalhall.rest;55.614 37.733;cafe
Бакинский бульвар, ресторан;;+7 (985) 227-27-61;МКАД 19 Километр, вл6а;bbulvar.ru;55.619 37.783;cafe
Бакинский бульвар;+7 (495) 255-56-66;;МКАД, 19-й километр, 6А, Москва;bbulvar.ru;55.619 37.783;cafe
Старый век, ресторан;;+7 (965) 380-40-40, +7 (965) 380-50-50;ул. Скульптора Мухиной, 4, Москва;stary-vek.ru;55.644 37.348;cafe
Ресторан-бар Роял;+7 (495) 731-04-55;+7 (999) 800-04-55, +7 (926) 581-17-79;Боровское ш., 42, корп. 1, Москва;zoon.ru , royal-rest.ru;55.637 37.350;cafe
Тануки, сеть японских ресторанов;+7 (499) 530-82-22;;Боровское ш., 31, Москва;ersh.su , tanukifamily.ru , tanuki.ru;55.643 37.361;cafe
Якитория, японские рестораны;+7 (499) 739-04-59;;Боровское ш., 51, стр. 1, Москва;yakitoriya.ru;55.637 37.353;cafe
Takamura sushi;+7 (499) 112-38-17;;Производственная ул., 12, корп. 1, Москва;takamura-eats.ru;55.644 37.390;cafe
IL Патио, итальянский ресторан;+7 (495) 105-93-21;;ул. Авиаторов, 3А, Москва;ilpatio.ru;55.644 37.397;cafe
Кувшин, ресторан грузинской кухни;+7 (495) 755-01-97, +7 (495) 775-47-57;;ул. Академика Анохина, 58, Москва;restoran-kuvshin.ru;55.650 37.469;cafe
Поминальная Трапеза;+7 (495) 118-09-68;;ул. Академика Анохина, 60, Москва;pominalnayatrapeza.ru;55.649 37.469;cafe
Кувшинчик;+7 (495) 252-75-77;;ул. Академика Анохина, 58, Москва;restoran-kuvshin.ru;55.650 37.469;cafe
Cernovar bar;+7 (495) 203-90-54, +7 (499) 136-81-79, +7 (495) 008-27-07;;Ленинский проспект, 123в;cernovar-bar.ru;55.648 37.482;cafe
Orchestra karaoke room, караоке-бар;+7 (495) 234-92-48;+7 (903) 213-26-13;Ленинский проспект, 158;hotelsalut.ru;55.651 37.483;cafe
Сайзен, ресторан японской кухни;+7 (495) 234-94-30, +7 (495) 234-92-20;;Ленинский просп., 158, Москва;saizen.moscow;55.651 37.483;cafe
Piccante, ресторан итальянской кухни;+7 (495) 232-99-80;;Ленинский просп., 158, Москва;piccanterest.ru , hotelsalut.ru;55.652 37.483;cafe
Мята Signature;;+7 (926) 616-82-06;Ленинский просп., 123В, Москва;myata-galeon.ru;55.648 37.480;cafe
Скай-Вью;+7 (499) 271-58-48, +7 (495) 234-92-17;+7 (915) 310-17-75, +7 (925) 780-66-96, +7 (926) 057-35-77;Ленинский просп., 158, Москва;china-rest.com;55.651 37.483;cafe
Оркестра;+7 (495) 108-41-03;;Ленинский просп., 158, Москва;hotelsalut.ru;55.651 37.483;cafe
Якитория, японские рестораны;+7 (499) 793-46-72;;Профсоюзная ул., 104, Москва;yakitoriya.ru;55.642 37.524;cafe
Токио-city, городской ресторан;+7 (495) 966-25-40, +7 (495) 900-10-00;;ул. Миклухо-Маклая, 36А, Москва;tokyo-city.ru , msk.tokyo-city.ru;55.640 37.533;cafe
Чайхона №1, ресторан;+7 (495) 334-16-85;;ул. Бутлерова, 22, Москва;chaihona.ru , chaihona1.ru;55.650 37.534;cafe
Pshenizza restaurant&bar, ресторан;;+7 (999) 961-03-51, +7 (977) 460-80-08;Бутлерова, 17;pshenizzarest.ru;55.650 37.540;cafe
Арагви, ресторан;;+7 (991) 771-76-18;ул. Введенского, 13Е, Москва;;55.642 37.541;cafe
Бакинский Бульвар, ресторан;+7 (495) 940-93-98;+7 (926) 104-03-91;Балаклавский просп., 11А, Москва;bbulvar.ru;55.642 37.594;cafe
Пятерочка Кухня;;+7 (929) 507-89-35;Азовская ул., 32, Москва;5ka.ru;55.643 37.594;cafe
Крым;+7 (495) 318-49-81, +7 (495) 318-71-61, +7 (495) 318-88-72, +7 (495) 318-11-11, +7 (495) 318-35-36, +7 (495) 318-87-90, +7 (495) 318-00-00;+7 (965) 174-40-00;Большая Юшуньская ул., 1А, корп. 5, Москва;sevastopol-hotel.ru;55.650 37.594;cafe
Шу-шу, рестобар;+7 (499) 938-47-56, +7 (495) 773-01-11, +7 (495) 975-53-33;+7 (926) 788-01-11, +7 (926) 123-02-48;Азовская ул., 24, корп. 3, Москва;restobarshushu.ru;55.648 37.595;cafe
Теремок, ресторан быстрого питания;+7 (495) 736-93-95;;1А, Южный административный округ, район Чертаново Северное, микрорайон Северное Чертаново, Москва;;55.636 37.598;cafe
Larionov Grill & Bar;;+7 (916) 555-66-59;1, корп. 2, Южный административный округ, район Чертаново Северное, микрорайон Северное Чертаново, Москва;larionovbar.ru;55.637 37.598;cafe
Пицца Суши Аиша;;+7 (925) 401-53-68;1А, Южный административный округ, район Чертаново Северное, микрорайон Северное Чертаново, Москва;pizzasushiaisha.ru;55.637 37.600;cafe
Якитория, японские рестораны;+7 (495) 316-49-11;;Балаклавский просп., 14А, Москва;yakitoriya.ru;55.642 37.607;cafe
Дом Куксу, ресторан корейской кухни;+7 (495) 779-42-77;+7 (925) 596-90-90, +7 (926) 090-69-96;Симферопольский бул., 22, корп. 3, стр. 2, Москва;domkuksu.ru;55.647 37.605;cafe
Крафтъ 22, бар;+7 (495) 008-77-78;+7 (985) 203-22-22;Симферопольский бул., 22, корп. 1, Москва;kraft22.su;55.648 37.605;cafe
Колбасофф, ресторан;+7 (499) 938-40-75;;Симферопольский бул., 22, корп. 2, Москва;kolbasoff.ru , kolbasoff.su;55.648 37.605;cafe
IL Патио, итальянский ресторан;+7 (495) 105-93-12;;Варшавское ш., 97, Москва;ilpatio.ru;55.633 37.624;cafe
Фудхолл Гостиная А.;+7 (495) 134-06-53, +7 (495) 134-06-52;+7 (916) 681-31-23;Чонгарский бул., 7, Москва;adg-leasing.ru;55.651 37.612;cafe
IL Патио, итальянский ресторан;;+7 (968) 072-51-69;Чонгарский бул., 7, Москва;ilpatio.ru;55.652 37.612;cafe
Bollyfood, кафе индийской кухни;;+7 (985) 466-49-92, +7 (996) 976-65-13;Чонгарский бул., 7, Москва;bollyfoodmsk.ru;55.652 37.613;cafe
Кинто, ресторан;+7 (495) 334-42-01;+7 (967) 003-20-20, +7 (965) 404-11-67, +7 (926) 279-12-79, +7 (905) 583-56-65;Варшавское ш., 91, стр. 5, Москва;kinto.su;55.650 37.620;cafe
Кантемировский, гастрохолл;;+7 (967) 008-09-17, +7 (985) 451-90-75;Кантемировская ул., 47, Москва;gastrohallk.ru;55.638 37.657;cafe
Золотой самарканд, чайхана;;+7 (999) 803-00-00, +7 (900) 611-00-00;Пролетарский просп., 24Б, Москва;zolotoysamarkand.eda.rest;55.632 37.659;cafe
Шварц кайзер, бар;;+7 (906) 081-66-85;Москворечье, 31 к2;schwarzkaiser.ru;55.646 37.660;cafe
Шварцкайзер;+7 (499) 324-88-10;;ул. Москворечье, 31, корп. 2, Москва;schwarzkaiser.ru;55.646 37.660;cafe
Мти-ели, ресторан;+7 (499) 324-11-91;+7 (929) 580-25-94, +7 (905) 593-33-44;Каширское ш., 40, корп. 2, Москва;mti-eli.ru;55.649 37.662;cafe
Очаг гурманов, кафе;+7 (495) 344-75-92;+7 (966) 078-38-58;Каширское ш., 51, корп. 3, Москва;ochag-gurmanov.ru;55.640 37.690;cafe
Ресторан Веста -Банкетный зал доставка шашлыков;+7 (495) 998-23-29;+7 (903) 297-93-80, +7 (985) 998-23-29;Новочеркасский бул., 32, Москва;restoranvesta.ru;55.646 37.732;cafe
Сушистор, суши-бар;;+7 (916) 099-96-77;Новочеркасский бул., 55, Москва;sushistore.ru , sushistor.ru;55.648 37.742;cafe
Корчма Тарас Б.;+7 (495) 349-78-09;;Люблинская ул., 163/1, Москва;tarasbulba.ru;55.651 37.745;cafe
Теремок, ресторан быстрого питания;+7 (495) 662-82-50, +7 (495) 662-82-55, +7 (495) 662-82-51;;Люблинская ул., 169, корп. 2, Москва;mariel-tk.ru;55.649 37.745;cafe
Джонджоли;;+7 (903) 966-21-01;Новомарьинская ул., 1/163, Москва;ch1ef.ru;55.651 37.746;cafe
Хинкальная Деливери, онлайн-ресторан грузинской кухни;+7 (495) 664-38-28, +7 (499) 755-52-17;+7 (925) 918-18-18, +7 (925) 328-17-18, +7 (926) 918-18-18;Поречная, 3 к3;khinkalnaya-delivery.ru;55.645 37.751;cafe
Гранатовый сад №1, ресторан;+7 (499) 340-01-10, +7 (499) 340-25-52;+7 (968) 040-43-67;Поречная, 5/14 ст1;granatoviy-sad.ru;55.645 37.753;cafe
Мираж синема;+7 (812-67) 7-60-60;;Поречная ул., 10, Москва;mirage.ru , moscow.mirage.ru;55.649 37.770;cafe
Monkey Pizza;+7 (499) 284-25-55;+7 (925) 619-79-86, +7 (929) 567-59-63;Поречная ул., 10, Москва;monkeypark.ru;55.649 37.771;cafe
Оранж;+7 (495) 355-54-01, +7 (495) 355-54-56, +7 (495) 355-28-47, +7 (495) 355-28-56;;22, корп. 1, Юго-Восточный административный округ, район Капотня, 2-й квартал, Москва;eurociti.ru;55.638 37.802;cafe
Райский уголок, ресторан;+7 (495) 995-85-05;+7 (963) 712-07-05, +7 (929) 923-42-29;Боровский пр., 17А, Москва;ray-rest.ru;55.652 37.382;cafe
С акцентом, ресторан;+7 (495) 744-72-82;+7 (925) 052-62-82;Боровское ш., 6, корп. 3, Москва;sakcentom.ru;55.658 37.398;cafe
Точка приема батареек в магазине Лента;+7 (343) 311-14-51, +7 (3832) 30-27-45, +7 (3832) 30-27-46, +7 (495) 777-41-11, +7 (812) 380-61-31, +7 (812) 385-41-11, +7 (846) 379-14-50, +7 (8632) 04-21-28;;Москва, поселение Московский, МКАД, 47-й километр, вл31с1;;55.659 37.431;cafe
Пицца № 1;+7 (495) 161-00-61;;Боровское ш., 2А, корп. 3, Москва;setsushi.ru , mypizza-1.ru , clck.ru;55.661 37.411;cafe
Винный гастро бар Wine Zone;+7 (495) 220-06-09;+7 (985) 740-24-76, +7 (925) 388-88-00, +7 (985) 220-53-43, +7 (999) 553-17-61, +7 (985) 220-06-09;Боровское ш., 2, корп. 6, Москва;winezone.ru , winezone.bar;55.661 37.417;cafe
Хорошее место, ресторан;;+7 (926) 844-30-31, +7 (980) 697-71-07;Боровское ш., 2, корп. 5, Москва;horoshee-mesto-rest.ru;55.662 37.418;cafe
Дон Медальон, траттория;;+7 (930) 967-63-72;Россия, Москва, поселение Московский, улица Татьянин Парк, 14, корп. 4;donmedalion.ru;55.652 37.425;cafe
Дом Куксу, ресторан корейской кухни;;+7 (929) 656-29-86;просп. Вернадского, 86В, Москва;domkuksu.ru;55.662 37.480;cafe
Сыроварня, ресторан;;+7 (988) 293-96-96;просп. Вернадского, 86В, Москва;syrovarnya.com;55.662 37.480;cafe
Хлеб и вино, винный бар;;+7 (905) 717-56-99;просп. Вернадского, 94, корп. 8, Москва;xlebvino.com;55.653 37.476;cafe
Bao Mochi;+7 (812) 320-42-42;+7 (968) 809-83-38;просп. Вернадского, 86, Москва;baomochi.msk.ru , baomochi.ru;55.662 37.480;cafe
Мята Lounge, Мята Platinum Юго-Запад;;+7 (926) 584-73-08;просп. Вернадского, 86Б, Москва;myata-platinum-yugozapad.ru;55.662 37.481;cafe
Чайхона №1, ресторан;+7 (495) 745-60-60;;просп. Вернадского, 105, корп. 3, Москва;chaihona1.ru;55.664 37.485;cafe
Тимур, ресторан-бильярдная;+7 (495) 438-00-00;;Ленинский просп., 146, Москва;timur-restaurant.ru;55.656 37.496;cafe
Массимо;+7 (495) 641-10-00;;Ленинский просп., 146, Москва;astrus.ru;55.657 37.497;cafe
Subway;+7 (495) 433-13-10;;ул. Миклухо-Маклая, 11, Москва;subway.ru;55.654 37.501;cafe
Bocconcino, ресторан итальянской кухни;;+7 (929) 929-19-29, +7 (926) 926-59-26, +7 (958) 111-70-65;Ленинский просп., 109, Москва;bocconcino.ru;55.664 37.511;cafe
Дхаба;+7 (495) 609-23-17;+7 (991) 989-90-10;Ленинский просп., 146, Москва;dhaba.ru;55.657 37.498;cafe
Парковка при гостинице Центральный дом туриста;;+7 (929) 553-48-88;Ленинский просп., 146, Москва;astrus.ru;55.658 37.499;cafe
La Cabana Africana;;+7 (964) 586-15-16;ул. Миклухо-Маклая, 11Б, Москва;;55.653 37.502;cafe
Largo, ресторан;+7 (495) 222-38-48, +7 (495) 191-80-21;+7 (985) 222-38-48;Ленинский просп., 111, корп. 1, Москва;largorest.ru;55.661 37.508;cafe
Фабрис, ресторан;;+7 (999) 810-10-81, +7 (966) 666-52-65;Ленинский просп., 128, корп. 1, Москва;restaurantfabrice.ru;55.667 37.511;cafe
Теремок, ресторан быстрого питания;;+7 (915) 118-04-39;Ленинский просп., 109, Москва;;55.664 37.512;cafe
Hungry Dragon, кафе быстрого питания;;+7 (964) 522-30-88;Ленинский просп., 108, стр. 1, Москва;hungrydragon.ru;55.670 37.512;cafe
Рынок на Ленинском;+7 (495) 150-03-04;+7 (977) 335-51-72;Ленинский просп., 108, стр. 1, Москва;lp108.ru;55.670 37.512;cafe
Оджахури, грузинское кафе и лавка;;+7 (969) 100-10-03;Ленинский просп., 108, стр. 1, Москва;ojakhuri.ru;55.670 37.512;cafe
Pinzeria by Bontempi, кафе-пиццерия;+7 (495) 201-71-10;;Ленинский просп., 108, стр. 1, Москва;;55.670 37.512;cafe
Черетто море, ресторан;;+7 (917) 550-07-17, +7 (985) 400-07-17;ул. Удальцова, 1А, Москва;morey.ceretto.rest;55.671 37.519;cafe
Marmi;;+7 (901) 147-81-03;Профсоюзная ул., 68, корп. 1, Москва;marmibistro.ru;55.665 37.546;cafe
Бутчер, стейк-хаус;+7 (495) 609-64-14, +7 (495) 231-92-82, +7 (495) 774-26-35, +7 (499) 705-69-23, +7 (495) 220-87-16;+7 (925) 506-66-84;Профсоюзная ул., 45А, Москва;butchersteak.ru;55.667 37.552;cafe
Marea, ресторан;+7 (495) 532-81-15, +7 (495) 728-45-74, +7 (495) 227-98-74;;Профсоюзная ул., 45А, Москва;marea.restaurant;55.667 37.552;cafe
IL Патио, итальянский ресторан;;+7 (968) 072-51-76;ул. Гарибальди, 23, Москва;ilpatio.ru;55.671 37.554;cafe
Tgi fridays, ресторан американской кухни;;+7 (969) 013-25-30;ул. Гарибальди, 23, Москва;tgifridays.ru;55.671 37.555;cafe
Da Pino, итальянский ресторан;+7 (495) 419-22-06, +7 (495) 419-22-04, +7 (495) 748-16-48, +7 (495) 650-18-58, +7 (499) 177-53-10;;ул. Намёткина, 11, Москва;dapino.ru;55.663 37.554;cafe
Тарас Бульба, корчма;+7 (495) 718-35-22;;ул. Намёткина, 13Г, Москва;tarasbulba.ru;55.663 37.555;cafe
Винный ресторан La Carta;+7 (495) 419-55-35;+7 (910) 419-35-55;Херсонская ул., 43, Москва;restaurant-lacarta.ru;55.659 37.562;cafe
Region 05;;+7 (905) 512-05-05;ул. Каховка, 28, корп. 2, Москва;region05.com;55.660 37.563;cafe
Перчини;+7 (499) 130-46-70;;ул. Каховка, 29А, Москва;perchini.ru;55.657 37.570;cafe
Farш;+7 (499) 503-73-24;;ул. Каховка, 29А, Москва;farshburger.ru;55.656 37.570;cafe
ProSushi, ресторан;+7 (495) 116-50-09, +7 (8612) 03-45-24;+7 (903) 625-11-99;Нахимовский просп., 24, стр. 9, Москва;prosushi.ru , moscow.prosushi.ru;55.671 37.586;cafe
Мцхета, ресторан грузинской кухни;+7 (499) 122-22-20;+7 (901) 222-22-50;Керченская ул., 1Б, Москва;mcxeta.ru;55.655 37.583;cafe
Мята Lounge, центр паровых коктейлей;;+7 (925) 883-18-68;Азовская ул., 18, Москва;myata-sevastopolskaya.ru;55.656 37.598;cafe
Черный перец, ресторан;+7 (499) 130-85-65;+7 (903) 130-85-65;Симферопольский бул., 4, Москва;black-pepper-rest.ru;55.660 37.608;cafe
Ресторан Прованс;;+7 (904) 567-24-78;Варшавское ш., вл71к3, Москва;banquet-provence.ru;55.661 37.621;cafe
Усадьба Принца, ресторан;+7 (499) 613-08-77;;Каширское ш., 16, корп. 1, Москва;prince-hall.ru;55.662 37.633;cafe
Планета суши;+7 (495) 105-93-27;;Каширское ш., 26, Москва;ilpatio.ru , planetsushi.ru;55.654 37.647;cafe
Сытый лось, бар-ресторан;+7 (495) 212-20-75, +7 (495) 922-46-46, +7 (498) 777-11-77, +7 (499) 612-78-18, +7 (495) 922-75-78, +7 (495) 789-05-05, +7 (495) 228-81-08;+7 (985) 076-75-75, +7 (985) 539-55-77, +7 (985) 037-75-75, +7 (985) 538-55-77;Коломенский пр., 10, Москва;sitlos.ru;55.666 37.651;cafe
Шеф Хаус;;+7 (939) 555-68-40;Каширское ш., 24, стр. 3, Москва;chefhouse.rest;55.655 37.647;cafe
Food Armenia;+7 (495) 922-91-34;;Каширское ш., 25Б, Москва;foodarmenia.ru;55.656 37.648;cafe
Трапезная;;+7 (916) 845-07-37;просп. Андропова, 39, стр. 69, Москва;трапезная.москва;55.655 37.657;cafe
Брюсофф;+7 (499) 612-72-47;+7 (915) 220-05-06;просп. Андропова, 48, стр. 2, Москва;brusoff-karaoke.ru , dable-iat.ru;55.670 37.661;cafe
Чайхона №1, ресторан;+7 (495) 859-22-71;;Люблинская ул., 96, Москва;chaihona.ru , chaihona1.ru;55.657 37.740;cafe
Якитория, японские рестораны;+7 (495) 345-37-01;;ул. Перерва, 52, Москва;yakitoriya.ru;55.656 37.744;cafe
Мята Lounge, Мята platinum;;+7 (903) 254-70-44, +7 (925) 555-30-00;ул. Перерва, 56/2, Москва;myata-platinum-marino.ru;55.658 37.749;cafe
Суши звезда, ресторан;;+7 (963) 653-70-70;Мячковский бул., 3А, Москва;суши-звезда.рф;55.658 37.752;cafe
Бакинские Каникулы от Сим Сити;;+7 (915) 455-53-33;Братиславская ул., 20, Москва;simcity7.ru;55.657 37.761;cafe
Шелковый Путь;;+7 (967) 202-04-99;Братиславская ул., 30, Москва;chinaoyster.ru , shelkoviiput.ru;55.653 37.766;cafe
Subway;;+7 (925) 449-97-71;Рябиновая ул., 59, Москва;subway.ru;55.686 37.431;cafe
Мята Platinum;+7 (499) 404-24-74;+7 (977) 345-94-82;ул. Мичуринский Проспект, Олимпийская Деревня, вл19с1, Москва;myata-olimp-platinum.ru;55.673 37.458;cafe
Rich lounge, лаундж-бар;+7 (499) 688-82-75;+7 (958) 777-01-11, +7 (904) 567-03-55;ул. Лобачевского, 102, стр. 1, Москва;richlounge.ru;55.685 37.480;cafe
Шварцвальд, ресторан;+7 (499) 431-10-31, +7 (499) 431-05-11;;ул. Удальцова, 42, Москва;shwarz.ru , шварцвальд.com;55.684 37.491;cafe
Пицца For You;+7 (495) 984-30-14;;Мичуринский просп., 58, корп. 1, Москва;restaurants-for-you.ru;55.692 37.488;cafe
Black star gaming, игровой клуб;+7 (495) 363-48-33, +7 (495) 191-11-35;+7 (969) 346-13-13;просп. Вернадского, 56, Москва;blackstargaming.club;55.672 37.495;cafe
Nobis, гастробар;;+7 (995) 898-29-85;Мичуринский просп., 39, Москва;nobis-gastrobar.ru;55.691 37.502;cafe
Якитория;+7 (499) 138-28-34;;ул. Коштоянца, 2, корп. 1, Москва;yakitoriya.ru;55.681 37.492;cafe
Мангал-сити, ресторан;+7 (495) 940-66-64;+7 (916) 722-12-21;проспект Вернадского, 14а;mangal-city.ru;55.678 37.507;cafe
Мангал Сити;;+7 (919) 999-87-87;просп. Вернадского, 14А, Москва;mangal-city.ru;55.678 37.507;cafe
Мята Караоке;;+7 (903) 154-58-88, +7 (912) 309-57-19;просп. Вернадского, 37, корп. 2, Москва;myata-karaoke.ru;55.678 37.509;cafe
Дымзавод, лаундж-бар;+7 (495) 186-40-42;+7 (926) 257-63-04, +7 (926) 273-29-29;просп. Вернадского, 29, Москва;dymzavod.ru;55.682 37.517;cafe
Stage;+7 (812) 309-28-77;;просп. Вернадского, 29, Москва;;55.682 37.516;cafe
Symphony, ресторан;+7 (495) 799-12-83;+7 (962) 944-44-39;Ленинский проспект, 88 ст1;symphony-restoran.ru;55.677 37.526;cafe
Tgi fridays, ресторан американской кухни;;+7 (969) 013-25-36;просп. Вернадского, 6, Москва;tgifridays.ru;55.692 37.528;cafe
Torro grill, ресторан;+7 (495) 775-45-03, +7 (495) 640-10-20, +7 (495) 640-17-83;;просп. Вернадского, 6, Москва;torrogrill.ru;55.692 37.530;cafe
От мяса ДО рыбы;;+7 (915) 235-95-95;ул. Вавилова, 64/1с1, Москва;otidorest.ru;55.684 37.551;cafe
Наполеон, банкетный зал;+7 (499) 132-73-77, +7 (499) 132-06-30, +7 (499) 132-74-60;+7 (925) 280-50-06;ул. Гарибальди, 1А, Москва;zalnapoleon.ru;55.679 37.533;cafe
Osteria Alberobello, итальянский ресторан;;+7 (909) 655-02-28;Ленинский проспект, 75а;alberobello.msk.ru;55.686 37.544;cafe
Шикари, сеть азиатских ресторанов;;+7 (964) 636-16-14;Ленинский просп., 68/10, Москва;shikary.ru;55.689 37.545;cafe
True burgers, кафе быстрого питания;;+7 (964) 577-00-03;Ленинский просп., 68/10, Москва;trueburgers.ru;55.690 37.547;cafe
Якитория;+7 (495) 930-45-75;;Ломоносовский просп., 10/68, Москва;yakitoriya.ru;55.690 37.547;cafe
Клёвое бистро, ресторан;+7 (495) 937-56-70, +7 (495) 308-78-80;+7 (903) 790-15-96, +7 (918) 989-60-60, +7 (916) 915-13-16;улица Вавилова, 64;klevo.rest;55.684 37.551;cafe
Урюк, ресторан;+7 (495) 414-38-07;+7 (985) 761-84-91;ул. Вавилова, 69/75, Москва;uryk.ru;55.683 37.551;cafe
Соловей, караоке-бар;;+7 (963) 920-70-70, +7 (958) 577-80-29;ул. Вавилова, 69/75, Москва;soloway-club.ru;55.683 37.551;cafe
Печорин;;+7 (929) 936-19-46;ул. Вавилова, 64/1с1, Москва;pechorinbakery.ru;55.684 37.551;cafe
Якитория, японские рестораны;+7 (499) 128-93-43;;Профсоюзная ул., 33, стр. 1, Москва;yakitoriya.ru;55.672 37.557;cafe
У Эдуарда, ресторан;+7 (499) 128-85-71, +7 (499) 128-87-75;+7 (985) 067-70-71;Профсоюзная ул., 27, корп. 1, Москва;ueduarda.ru;55.674 37.560;cafe
Караоке Karaoke & Club MimoNot;+7 (495) 796-33-13;+7 (904) 567-22-07;Профсоюзная ул., 21А, Москва;мимонот.москва;55.676 37.561;cafe
Траттория Da Chicco, ресторан;+7 (499) 125-11-96;+7 (925) 293-87-02;Профсоюзная улица, 13/12;da-cicco.ru;55.681 37.567;cafe
Добрынинский;+7 (495) 445-96-25, +7 (495) 133-98-15;+7 (928) 100-55-75;Профсоюзная ул., 3, Москва;pbc.su , dobrynka-online.ru;55.686 37.573;cafe
Вилла Тифлис, кафе;;+7 (985) 789-94-49;Новочерёмушкинская ул., 34, корп. 1, стр. 2, Москва;villatiflis.ru;55.678 37.572;cafe
Ламаро, ресторан;;+7 (925) 068-01-77, +7 (929) 677-95-95, +7 (965) 134-06-06, +7 (965) 152-06-06;улица Дмитрия Ульянова, 5;lamaro.tilda.ws;55.692 37.562;cafe
Мята Lounge, центр паровых коктейлей;;+7 (977) 169-00-00;Нахимовский просп., 35, корп. 2, Москва;myata-naximovka.ru;55.673 37.575;cafe
Вера парк, ресторан с летней верандой;+7 (499) 129-89-77;+7 (965) 166-11-71, +7 (925) 868-70-88;Нахимовский просп., 35, корп. 2, Москва;verapark.ru;55.673 37.575;cafe
Сцена;;+7 (980) 697-64-59;Новочерёмушкинская ул., 21А, Москва;stsena-rest.ru;55.682 37.581;cafe
Shivam, ресторан;;+7 (929) 513-23-21;улица Дмитрия Ульянова, 42 ст1;shivam.ru;55.681 37.589;cafe
Шивам;+7 (499) 129-28-02;;ул. Дмитрия Ульянова, 42, стр. 1, Москва;shivam.ru;55.681 37.589;cafe
Ресторан грузинской кухни С грузинским акцентом;+7 (499) 127-54-56;+7 (904) 567-25-09;Нагорная ул., 25, стр. 1, Москва;gruzinskiy-akcent.ru;55.677 37.600;cafe
Шале, ресторан;+7 (495) 669-78-80, +7 (495) 108-59-30;+7 (916) 056-31-14;Электролитный пр., 7, корп. 2, Москва;shale.ru;55.675 37.611;cafe
Кондитерская Канарейка;;+7 (903) 799-20-50, +7 (995) 112-67-89, +7 (964) 517-03-30;Варшавское ш., 33, стр. 13, Москва;kanareika-cake.ru;55.691 37.623;cafe
База, бильярдный клуб;+7 (495) 287-77-52;;Электролитный проезд, 3 ст1;baza.place;55.675 37.616;cafe
База;;+7 (985) 169-45-06;Электролитный пр., 3, стр. 1, Москва;baza.place;55.675 37.616;cafe
Якитория, японские рестораны;+7 (495) 221-71-77;;Варшавское ш., 26, Москва;yakitoriya.ru;55.684 37.622;cafe
Варшавский, ресторан;+7 (499) 611-40-40, +7 (499) 611-79-97;;Варшавское ш., 34, Москва;varshavrest.ru , varshavskie-bani.ru;55.681 37.624;cafe
Мята Lounge, Мята Signature Варшавские Бани;;+7 (915) 331-34-34;Варшавское ш., 34, Москва;myata-nagatinskaya.ru , varshavskie-bani.myataofficial.com;55.680 37.623;cafe
Subway;;+7 (926) 908-31-53;Нагатинская ул., 2А, Москва;subway.ru;55.681 37.625;cafe
Kailas Catering;+7 (495) 015-37-31;;Варшавское ш., 46, стр. 2, Москва;kailas-catering.ru;55.673 37.624;cafe
Оливка, столовая;+7 (499) 507-22-23;+7 (925) 960-61-19, +7 (925) 047-09-13, +7 (926) 170-79-26, +7 (926) 520-32-03, +7 (925) 045-30-05, +7 (925) 960-22-92;Варшавское ш., 42, стр. 7, Москва;olivka.team;55.676 37.624;cafe
Brew kitchen, стильный гастробар;;+7 (929) 598-82-26;улица Нагатинская, вл4 к3;brewkitchen.ru;55.680 37.633;cafe
Вкусно-пироги, служба доставки;+7 (499) 394-07-89;+7 (925) 597-53-33, +7 (925) 846-29-99;Нагатинская ул., 3А, Москва;vkusno-pirogi.ru , arfa-pirogi.ru;55.682 37.631;cafe
Ресторан грузинской кухни Хинкали, Вино, Мимино;;+7 (965) 222-03-03, +7 (904) 567-22-31, +7 (904) 567-22-19;1-й Нагатинский пр., 11, корп. 3, Москва;hinkali-vino-mimino.ru , miminos.ru;55.677 37.633;cafe
Иверия, ресторан грузинской кухни;+7 (495) 788-75-81;+7 (903) 724-65-69;Нагатинская наб., 10, корп. 2, Москва;iveria.moscow;55.683 37.640;cafe
High Ground;;+7 (966) 888-20-35;Нагатинская ул., 16, Москва;hgngt.ru;55.679 37.645;cafe
Eat Smoke Sleep;+7 (495) 109-77-07, +7 (495) 414-29-67;;Нагатинская ул., 16, Москва;eatsmokesleep.ru , eat-smoke-sleep.clients.site;55.679 37.643;cafe
Айдабаран, семейный ресторан грузинской кухни;+7 (495) 127-08-87;+7 (903) 000-94-44;просп. Андропова, 22, Москва;aydabaran.ru , aidabaran.ru;55.683 37.663;cafe
Луи;+7 (343-74) 2-01-14;+7 (926) 847-47-59, +7 (916) 500-13-04;просп. Андропова, 37, Москва;louis-karaoke.ru;55.673 37.665;cafe
Пиццаменто;;+7 (969) 112-33-88;просп. Андропова, 37, Москва;pizzamento.ru;55.673 37.665;cafe
Верба, семейный ресторан;;+7 (925) 046-85-35, +7 (963) 682-23-83;просп. Андропова, 37, Москва;verba-rest.ru;55.673 37.665;cafe
Речниковъ;;+7 (915) 355-42-94;ул. Речников, 21, стр. 10, Москва;rechnikov-rest.ru;55.679 37.690;cafe
Теплоход Жемчужина;;+7 (916) 402-16-77;Коломенская ул., 2, Москва;teplohod-zhemchuzhina.ru;55.687 37.706;cafe
Семейный очаг, ресторан;+7 (495) 353-91-14;+7 (903) 014-44-47;Шоссейная ул., 13, Москва;7ochag.ru;55.688 37.725;cafe
Пульсар, кафе-бар;+7 (495) 353-18-51;+7 (967) 201-44-55;Шоссейная ул., 66, корп. 2, Москва;cafe-pulsar.ru;55.673 37.722;cafe
ГудСтори, рестопаб;;+7 (968) 910-30-00;Люблинская улица, 64;storypub.ru , goodstorypub.ru;55.672 37.739;cafe
Гуд Стори;;+7 (958) 111-37-26;Люблинская ул., 64, Москва;goodstorypub.ru;55.672 37.739;cafe
Сушистор, суши-бар;;+7 (968) 513-66-59;Краснодарская ул., 57, корп. 3, Москва;sushistore.ru , sushistor.ru;55.676 37.770;cafe
Гранат Холл, ресторан;+7 (495) 032-33-55, +7 (495) 032-33-44;;Цимлянская, вл2;granatgold.ru;55.672 37.776;cafe
Звездопад, ресторан;+7 (495) 359-90-00;+7 (968) 850-00-08;Ставропольский пр., 7, Москва;restaurant-74678.business.site;55.677 37.800;cafe
Брудер, пивной ресторан;+7 (495) 792-66-88;;Привольная ул., 59, Москва;julebino.beerbruder.ru , beerbruder.ru;55.683 37.844;cafe
Сити, хинкальная;+7 (495) 128-77-73, +7 (495) 095-00-05;;Привольная ул., 65/32, Москва;hinkali.city;55.682 37.851;cafe
Ковчег, ресторан;+7 (495) 706-39-05, +7 (495) 706-39-06;+7 (965) 117-93-11, +7 (965) 264-85-43;Жулебинский бул., 25, Москва;kovcheg.coffee;55.690 37.853;cafe
Рай, ресторан;+7 (495) 704-12-47, +7 (495) 704-78-10;;ул. Генерала Кузнецова, 12, Москва;r-rai.ru;55.690 37.859;cafe
Якитория;+7 (499) 796-03-38;;ул. Маршала Полубоярова, 1, Москва;yakitoriya.ru;55.691 37.860;cafe
Матрешка Сколково, ресторан;+7 (495) 445-02-01;+7 (925) 271-01-81;ул. Блеза Паскаля, 2, Западный административный округ, Можайский район, Инновационный центр Сколково, Москва;matrioshka.su;55.697 37.360;cafe
Skolkovo restaurant and bar, рестобар;+7 (495) 777-98-99, +7 (495) 280-37-61;+7 (964) 517-45-41;Сколковское шоссе, 50;skolkovogolf.com;55.695 37.380;cafe
Antica Italia, ресторан;+7 (495) 269-14-99;;улица Верейская, 29 ст134;antica-italia.ru;55.710 37.441;cafe
Antica Italia;;+7 (968) 983-27-80;Верейская ул., 29, стр. 33, Москва;antica-italia.ru;55.710 37.441;cafe
Урюк, ресторан;+7 (495) 129-09-09;;Аминьевское ш., 6, Москва;uryk.ru;55.707 37.457;cafe
Farш;;+7 (919) 005-99-52;Аминьевское ш., 6, Москва;farshburger.ru;55.707 37.457;cafe
Kikuhana, ресторан японской и корейской кухни;;+7 (926) 860-86-69;Аминьевское шоссе, 6;kikuhana.ru;55.707 37.458;cafe
Seasons;+7 (499) 271-97-07, +7 (499) 110-06-11, +7 (495) 542-44-44;+7 (958) 631-62-12;Ленинский просп., 109, Москва;activecloud.ru;55.708 37.457;cafe
Ostrov lounge;;+7 (925) 823-33-31, +7 (925) 823-33-34;Нежинская ул., 17, корп. 2, Москва;ostrov-lounge.ru;55.707 37.467;cafe
Tao Sushi Lab;;+7 (985) 556-62-89;Мосфильмовская ул., 88, корп. 4, стр. 1, Москва;taosushilab.ru;55.703 37.491;cafe
Россичъ, ресторан;+7 (499) 737-70-70;+7 (903) 720-90-39, +7 (926) 044-70-29;Нежинская улица, 9/1;restoran-rossich.ru;55.711 37.474;cafe
Ресторан Россичъ;+7 (499) 325-45-29;;Нежинская ул., 9, корп. 1, Москва;restoran-rossich.ru;55.711 37.474;cafe
Остерия Amici;+7 (495) 129-29-92;;Мосфильмовская ул., 88, корп. 4, Москва;;55.702 37.491;cafe
Мята Lounge, Мята Platinum Мосфильмовская;;+7 (977) 310-10-10;Мосфильмовская ул., 88, корп. 4, стр. 1, Москва;myata-platinum-mosfilm.ru;55.703 37.491;cafe
Идель, ресторан татарской кухни;;+7 (915) 125-11-20;Мичуринский просп., 29, Москва;idel.cafe;55.696 37.499;cafe
Plates, гастробар;+7 (495) 646-22-62;;Мичуринский просп., 34, Москва;plates.moscow;55.699 37.499;cafe
Гулиани, ресторан;+7 (499) 380-79-17, +7 (495) 121-01-31, +7 (499) 586-00-07;;Мичуринский проспект, 27;guliani.su , tc-tiara.ru;55.697 37.500;cafe
Банфи;+7 (499) 113-60-37;;Мичуринский просп., вл27, Москва;banfirestaurant.ru;55.697 37.500;cafe
IL Патио;+7 (499) 586-06-22;;Мичуринский просп., вл27, Москва;ilpatio.ru;55.698 37.501;cafe
Сесилиа;;+7 (985) 680-78-08;Мичуринский просп., 16, Москва;sesiliarestaurant.ru;55.703 37.507;cafe
Ocean basket, ресторан;+7 (495) 589-22-66;+7 (977) 456-22-21;Мичуринский просп., 7, Москва;oceanbasket.ru;55.702 37.511;cafe
Иван Дурдинъ, русский ресторан;+7 (499) 783-01-91, +7 (499) 783-01-92;+7 (919) 100-95-55, +7 (964) 700-07-10, +7 (968) 739-38-80;Мичуринский просп., 8, стр. 2, Москва;dostavka.durdinrest.ru , durdinrest.ru;55.706 37.511;cafe
Osteria Mario, домашний итальянский ресторан;;+7 (968) 899-62-95;Мичуринский просп., 3, Москва;osteriamario.ru;55.705 37.513;cafe
Subway;;+7 (985) 927-75-00;просп. Вернадского, 6, Москва;subway.ru;55.692 37.528;cafe
Osteria Mario, домашний итальянский ресторан;;+7 (964) 508-37-58;просп. Вернадского, 6, Москва;osteriamario.ru;55.692 37.529;cafe
Pauwel kwak, гастропаб;+7 (495) 730-40-02;;Мичуринский просп., 7, корп. 1, Москва;kwakpub.ru;55.700 37.513;cafe
Чуаньюй, ресторан китайской кухни;+7 (495) 241-19-98, +7 (495) 476-41-75;+7 (915) 357-96-66, +7 (904) 567-61-22;Мичуринский просп., 7, корп. 1, Москва;chy.rest;55.701 37.513;cafe
Хлеб насущный, кафе-пекарня;+7 (495) 419-21-47;;Ломоносовский просп., 25, корп. 2, Москва;hlebnasushny.ru;55.695 37.532;cafe
Anton beer bar&kitchen;+7 (495) 938-22-66;+7 (985) 999-63-01;просп. Вернадского, 6, стр. 3, Москва;antonbar.ru;55.693 37.534;cafe
Brasserie lambic, пивной ресторан;+7 (495) 104-94-11;;ул. Дмитрия Ульянова, 5А, Москва;;55.692 37.561;cafe
Субботица Риба;+7 (499) 325-47-38;;ул. Вавилова, 39, Москва;subbotitsa.ru;55.695 37.568;cafe
Аспендос, ресторан;+7 (495) 203-20-61;+7 (926) 203-10-97;Ленинский просп., 44, Москва;aspendos.ru;55.702 37.568;cafe
Ривьера, ресторан итальянской кухни;+7 (499) 724-11-11;;просп. 60-летия Октября, 8А, Москва;riviera.rest;55.701 37.578;cafe
Рестамама, офис;+7 (495) 106-28-50;;Андреевская наб., 2, стр. 5, Москва;restamama.ru;55.712 37.573;cafe
Тарас Бульба, корчма;+7 (495) 954-64-66;;Ленинский просп., 37, Москва;tarasbulba.ru;55.711 37.586;cafe
Анджело, ресторан;+7 (499) 135-51-75, +7 (499) 135-15-97;+7 (963) 757-97-79, +7 (915) 427-40-40, +7 (925) 304-38-04, +7 (985) 765-11-01;просп. 60-летия Октября, 5, корп. 3, Москва;restoran-angelo.ru , angelo-restaurant.ru;55.703 37.580;cafe
#Farш, бургерная;+7 (495) 276-70-79;;ул. Вавилова, 3, Москва;farshburger.ru;55.707 37.590;cafe
Жи есть, ресторан настоящей дагестанской кухни;;+7 (916) 625-00-01;ул. Орджоникидзе, 11, стр. 17, Москва;jiest.ru;55.708 37.591;cafe
Мята Lounge, Мята Signature Гагаринский;;+7 (903) 017-72-79, +7 (916) 473-44-42;ул. Орджоникидзе, 11, стр. 4, Москва;;55.709 37.592;cafe
Lalaland, шоу-ресторан и караоке;+7 (499) 686-05-35;+7 (985) 261-85-65, +7 (910) 495-98-88;2-й Донской пр., 10, стр. 2, Москва;lalaland.moscow , lalaland.msk.ru;55.710 37.594;cafe
Банкетный Зал Аниллито;+7 (495) 908-87-65;+7 (991) 222-65-71;5-й Донской пр., 21Б, стр. 10, Москва;;55.705 37.598;cafe
811, ресторан-бильярдная в британском стиле;;+7 (929) 595-09-00;5-й Донской пр., 23, Москва;811club.ru;55.702 37.604;cafe
Визирь Махалля&Граф Орловъ, ресторан;+7 (495) 952-65-22, +7 (495) 954-07-40, +7 (495) 954-05-83;;2-й Верхний Михайловский проезд, 2;graforlov.ru;55.710 37.605;cafe
Султан, ресторан;+7 (495) 958-29-21;+7 (964) 584-81-85;ул. Орджоникидзе, 3, стр. 5, Москва;sultanresto.ru;55.710 37.603;cafe
Lucky eye, ресторан;+7 (495) 670-01-71;+7 (966) 666-84-34;ул. Серпуховский Вал, 17, Москва;arabist.bar;55.711 37.613;cafe
Royal Palace, ресторан;+7 (495) 201-21-31;+7 (967) 100-07-27, +7 (926) 513-24-61;Варшавское шоссе, 27;royal-palace.rest;55.694 37.622;cafe
#Farш, бургерная;+7 (499) 530-80-20;;Большая Тульская ул., 11, Москва;farshburger.ru;55.710 37.624;cafe
IL Патио, итальянский ресторан;+7 (495) 105-93-87;;Большая Тульская ул., 11, Москва;ilpatio.ru;55.710 37.624;cafe
Maxlevel bar&lounge, бар-ресторан;+7 (499) 551-77-58, +7 (499) 551-88-03, +7 (499) 551-55-01, +7 (499) 551-88-78, +7 (495) 551-88-03;;Новоданиловская набережная, 6 к2;svo.aero , palmira-bc.ru;55.698 37.625;cafe
Chanh, кафе вьетнамской кухни;+7 (495) 799-09-01;;Варшавское ш., 9, стр. 1Г, Москва;osnova.chanh.ru;55.701 37.624;cafe
Pipndrop, гастрономический винный бар;;+7 (925) 727-04-54;Холодильный пер., 3, корп. 1, стр. 2, Москва;pipndrop.ru;55.709 37.625;cafe
Даниловский, ресторан;+7 (495) 954-05-03, +7 (495) 954-05-66;+7 (985) 690-08-47;Большой Староданиловский пер., 5, Москва;danilovsky.ru;55.710 37.628;cafe
Crop. coffee & smoothie bar;;+7 (999) 895-88-08;Варшавское ш., 9, стр. 1, Москва;crop-coffee.ru;55.700 37.626;cafe
Июль, гастробар;;+7 (930) 333-75-14;наб. Марка Шагала, 1, корп. 2, Москва;julygastro.ru;55.700 37.630;cafe
Dobycha steak bar, ресторан;+7 (495) 150-76-56;;Архитектора Щусева, 2 к1;dobycha.site;55.700 37.635;cafe
Farш;+7 (495) 966-63-50;;Автозаводская ул., 18, Москва;farshburger.ru;55.705 37.639;cafe
Урюк, ресторан;+7 (495) 984-91-08;;Автозаводская ул., 18, Москва;uryk.ru;55.705 37.640;cafe
Мята Lounge, Мята Edition;+7 (499) 113-13-57;+7 (925) 788-87-88, +7 (965) 388-66-88;Автозаводская ул., 23А, корп. 2, Москва;myata-edition-avtozavodskaya.ru;55.703 37.648;cafe
Центральная Станция;+7 (495) 675-69-75;+7 (916) 478-27-82;ул. Ленинская Слобода, 19, корп. 2, Москва;mcentralstation.com;55.707 37.649;cafe
РыбаЛюбовь, гастробар;;+7 (903) 004-41-10;ул. Ленинская Слобода, 26, корп. С, Москва;rybalubov.ru;55.709 37.653;cafe
StrEAT, гастрономическая улица;;+7 (985) 228-66-33;ул. Ленинская Слобода, 26, Москва;streatdelivery.ru , streat.obiz.ru;55.709 37.653;cafe
Сэр Хинкаль;+7 (495) 675-60-50;+7 (926) 210-50-56;Автозаводская ул., 17, корп. 1, Москва;sir-cafe-bar.ru;55.704 37.654;cafe
Aura;+7 (495) 803-36-15;+7 (967) 261-02-12;ул. Ленинская Слобода, 26, корп. С, Москва;aurarest.su;55.710 37.655;cafe
Друзья, пивной ресторан;+7 (495) 803-43-03;+7 (962) 984-53-33;Ленинская Слобода, 26 к C;druzya.bar;55.710 37.655;cafe
Strazek, чешский ресторан-пивоварня;+7 (495) 675-31-71;+7 (968) 570-31-71, +7 (903) 296-65-25, +7 (968) 557-31-71;улица Мастеркова, 8;strazek.com;55.707 37.657;cafe
LOFT HALL;+7 (495) 324-92-84, +7 (495) 023-68-44;;2-й Кожуховский пр., 29, корп. 6, Москва;lofthall.ru;55.699 37.655;cafe
Nota Bene;;+7 (985) 411-25-33;ул. Ленинская Слобода, 26, корп. С, Москва;notabenerestaurant.ru;55.710 37.655;cafe
Шикари, сеть азиатских ресторанов;;+7 (968) 666-92-31;просп. Андропова, 8, Москва;shikary.ru;55.695 37.665;cafe
Якитория, японские рестораны;+7 (499) 429-08-48;;просп. Андропова, 1, Москва;yakitoriya.ru;55.694 37.672;cafe
IL Патио, итальянский ресторан;+7 (495) 105-93-67;;7-я Кожуховская ул., 9, Москва;ilpatio.ru;55.710 37.675;cafe
Планета суши;;+7 (910) 466-89-38;просп. Андропова, 1, Москва;ilpatio.ru , planetsushi.ru;55.695 37.675;cafe
Мята Lounge, Мята Platinum;;+7 (980) 697-66-35, +7 (980) 697-66-21, +7 (985) 194-94-26;просп. Андропова, 1, Москва;myata-platinum-center.ru;55.694 37.675;cafe
Жаровня, гриль-кафе;+7 (495) 230-07-52;;просп. Андропова, 1, Москва;жаровня.рф;55.694 37.675;cafe
ЛаТраттория;+7 (499) 340-41-69;;просп. Андропова, 1, Москва;latrattoria.moscow;55.693 37.673;cafe
Идель, ресторан татарской кухни;;+7 (925) 377-00-15;Южнопортовая ул., 18, Москва;idel.cafe;55.707 37.684;cafe
ЕдуЕм;+7 (499) 350-80-22;+7 (922) 680-90-96;Угрешская ул., 2, стр. 11, Москва;eduem.ru;55.711 37.685;cafe
Банный Штаб;+7 (499) 495-41-24;+7 (999) 333-14-03, +7 (926) 965-46-76;ул. Трофимова, 36, Москва;banya.ru;55.704 37.686;cafe
Coffee and the City;+7 (495) 961-96-33;;Южнопортовая ул., 3, стр. 16, Москва;coffeeandthecity.ru;55.707 37.688;cafe
Барс, служба доставки блюд осетинской кухни;+7 (499) 394-77-97;+7 (926) 767-84-94, +7 (926) 767-85-05;Южнопортовая ул., 7, стр. 1, Москва;pirogibars.ru;55.707 37.693;cafe
Москвич, гостиница;+7 (499) 179-42-59, +7 (499) 178-42-02, +7 (499) 178-91-21, +7 (495) 709-55-55, +7 (499) 179-89-14, +7 (499) 176-88-10;;11-я ул. Текстильщиков, 1, стр. 1, Москва;hotelmoskvich.ru;55.705 37.736;cafe
Асаки, ресторан;+7 (495) 255-26-82, +7 (495) 255-26-62;+7 (901) 259-78-03;ул. Юных Ленинцев, 12, Москва;asaki.ru;55.699 37.741;cafe
Шварцкайзер;;+7 (985) 164-38-58;8-я ул. Текстильщиков, 9, Москва;schwarzkaiser.ru;55.704 37.743;cafe
Da Pino, итальянский ресторан;+7 (495) 306-78-39, +7 (495) 510-04-76, +7 (495) 585-50-35;;Волгоградский просп., 73, стр. 1, Москва;dapino.ru;55.710 37.744;cafe
Шикари, сеть азиатских ресторанов;;+7 (968) 072-51-28;Волгоградский просп., 119А, Москва;shikary.ru;55.706 37.765;cafe
Закон Бернулли, пивной ресторан;+7 (495) 919-41-11;;Волгоградский просп., 117, корп. 1, Москва;zakonbernulli.ru;55.706 37.763;cafe
Джонджоли, грузинский ресторан;+7 (495) 744-84-99;;Волгоградский просп., 117, корп. 3, Москва;ch1ef.ru;55.706 37.764;cafe
Водопад, ресторан;+7 (495) 713-91-40, +7 (499) 172-69-01, +7 (495) 541-07-43;+7 (905) 769-64-14;ул. Юных Ленинцев, 71, корп. 1, Москва;vodopad71.ru;55.700 37.768;cafe
Якитория, японские рестораны;+7 (495) 744-84-90;;Волгоградский просп., 133, корп. 2, Москва;yakitoriya.ru;55.705 37.772;cafe
White hall, ресторан;;+7 (985) 917-27-77, +7 (985) 917-37-77;Ферганская улица, 8;whitehall.rest;55.710 37.804;cafe
Фаэтон, ресторан;+7 (495) 780-55-90, +7 (495) 792-26-96;;ул. Академика Скрябина, 9, корп. 2, стр. 9, Москва;restoran-faeton.ru;55.711 37.796;cafe
Шварц Кайзер, магазин разливного пива;;+7 (906) 098-80-03;Ташкентская, 24 к1;schwarzkaiser.ru;55.701 37.810;cafe
Шварцкайзер;;+7 (916) 135-59-86;Ташкентская ул., 24, корп. 1, Москва;schwarzkaiser.ru;55.701 37.810;cafe
RED, кафе;+7 (495) 709-26-09;+7 (915) 103-11-22;Ферганский пр., 10Г, стр. 1, Москва;cafered.ru;55.696 37.821;cafe
Мята Lounge, центр паровых коктейлей;;+7 (999) 999-86-39;Хвалынский бул., 4, корп. 1, Москва;hvalynskiy.myataofficial.com;55.699 37.851;cafe
Генацвале, ресторан грузинской кухни;;+7 (926) 911-21-96;Лермонтовский просп., 10, корп. 1, Москва;genatsvale.moscow;55.701 37.852;cafe
John coffee, бургерная;+7 (495) 748-61-16;+7 (968) 363-09-70, +7 (965) 241-31-52;ул. Дмитриевского, 10, Москва;jcburgers.ru;55.709 37.885;cafe
Якитория, японские рестораны;;+7 (977) 537-85-22, +7 (977) 631-39-79;ул. Дмитриевского, 15, Москва;yakitoriya.ru;55.709 37.893;cafe
Суши love, магазин суши;+7 (495) 704-01-51;+7 (915) 025-36-85;Покровская ул., 16, Москва;kaliningrad-dostavka.sushi-love.ru , moskva-nekrasovka.sushi-love.ru , sushi-love.ru;55.700 37.934;cafe
Сезам, чайхана;+7 (495) 510-59-35;+7 (915) 125-50-50;Рябиновая ул., 14, Москва;chaihona-sezam.ru;55.714 37.422;cafe
Суши life, кафе;;+7 (977) 186-78-87;Гжатская ул., 5, корп. 1, Москва;project39754.eda.rest;55.714 37.437;cafe
Мята Lounge, центр паровых коктейлей;+7 (499) 322-91-52;+7 (903) 964-94-44, +7 (925) 607-76-80;Кутузовский просп., 88, Москва;kytyzovskiy.myataofficial.com , myata-kutuza88.ru;55.726 37.450;cafe
Ели сацебели, ресторан грузинской кухни;+7 (495) 226-55-45;+7 (925) 131-61-54;Гжатская ул., 5, корп. 1, Москва;elisacebeli.ru;55.714 37.437;cafe
Lavande, ресторан;+7 (499) 726-53-29;+7 (916) 818-91-96;ул. Ватутина, 18, корп. 2, Москва;lavanderest.ru;55.723 37.452;cafe
Опорный Пункт, крафт-паб;+7 (495) 088-38-56;;Славянский бул., 9, корп. 1, Москва;;55.726 37.469;cafe
CUTLET, ресторан-бургерная;+7 (495) 199-45-55, +7 (499) 271-00-03, +7 (495) 660-22-74;;Кутузовский просп., 57, Москва;cutletbar.ru , elgauchito.ru;55.728 37.476;cafe
Porto Maltese, ресторан;+7 (495) 506-21-31;+7 (903) 282-16-16, +7 (916) 208-81-80, +7 (906) 758-77-77, +7 (925) 506-21-31;Кутузовский просп., 57, Москва;portomaltese.ru;55.728 37.477;cafe
Bocconcino, ресторан итальянской кухни;;+7 (958) 111-70-52;Кутузовский просп., 57, Москва;bocconcino.ru;55.728 37.477;cafe
Спеттаколо;+7 (495) 740-90-98;+7 (968) 040-44-76, +7 (916) 562-00-00;Кутузовский просп., 48, Москва;;55.731 37.486;cafe
Сушистор, суши-бар;;+7 (926) 188-77-40;Славянский бул., 5, корп. 1, Москва;sushistore.ru , sushistor.ru;55.727 37.472;cafe
Чайхана;+7 (495) 287-08-18;;Кутузовский просп., 57, Москва;chaihana-oceania.ru;55.728 37.475;cafe
На Поклонной;+7 (499) 449-82-03;+7 (925) 823-46-77, +7 (985) 692-69-77;ул. Братьев Фонченко, 10, Москва;napoklonnoy.ru;55.729 37.510;cafe
Сангвиник WineClub, ресторан;+7 (499) 935-07-77;;Минская ул., 2, Москва;sangwineclub.ru;55.716 37.504;cafe
Цыцыла, ресторан грузинской кухни;;+7 (903) 570-41-11, +7 (903) 570-31-11;Минская ул., 2Г, корп. 1, Москва;cicila.ru , cycylarest.ru;55.718 37.503;cafe
Джимото;;+7 (926) 973-78-48;Минская ул., 2Г, корп. 1, Москва, Россия;jimoto.ru;55.718 37.503;cafe
Hamster, ресторан;;+7 (985) 533-36-02;Минская ул., 2В, корп. 4, Москва;hamster.rest;55.717 37.504;cafe
На Мосфильмовской, ресторан;+7 (499) 143-73-71;+7 (916) 580-45-47;Университетский просп., 25, Москва;namosfilmovskoy.com;55.716 37.518;cafe
Village Kitchen;+7 (499) 991-02-10;+7 (910) 082-01-01, +7 (906) 079-10-28;ул. Довженко, вл1, Москва;villagekitchen.ru;55.724 37.520;cafe
Воробьевы горы, ресторан;+7 (495) 150-57-00;+7 (985) 760-57-00;Мичуринский проспект, 6/2;vorobgori.ru;55.714 37.525;cafe
КТ Биро;+7 (499) 147-84-10;+7 (916) 963-94-38;Мосфильмовская ул., 42, стр. 1, Москва;ktbiro.taplink.ws;55.721 37.516;cafe
Ресторан при Московском гольф клубе;+7 (495) 278-02-02, +7 (495) 748-71-73;+7 (903) 773-37-70, +7 (916) 812-15-15, +7 (985) 760-25-93;ул. Довженко, 1, Москва;mcgc.ru;55.723 37.519;cafe
Якитория;+7 (499) 147-52-72;;Университетский просп., 19, Москва;yakitoriya.ru;55.714 37.522;cafe
Ресторан Воробьёвы Горы;;+7 (901) 256-98-27;Мичуринский просп., 6, корп. 2, Москва;vorobgori.ru;55.714 37.525;cafe
Белладжио, ресторан;+7 (499) 143-88-77, +7 (499) 143-88-87;+7 (915) 177-29-70, +7 (985) 695-42-84;Пырьева, 2 к2 ст14;bellagio.su , bellagiomoscow.ru;55.724 37.528;cafe
Veranda Riverside, ресторан;;+7 (995) 000-07-70;ул. Лужники, 24, стр. 34, Москва;verandariverside.ru;55.716 37.546;cafe
InCloud;+7 (495) 136-98-75, +7 (495) 150-90-85, +7 (495) 105-90-85;;ул. Лужники, 24, стр. 1, Москва;parkevent.ru;55.716 37.552;cafe
У Пиросмани, ресторан;+7 (499) 246-16-38, +7 (499) 255-79-26;+7 (901) 505-79-26;Новодевичий пр., 4, Москва;upirosmani.ru;55.729 37.558;cafe
Il Rosso, кафе-ресторан;;+7 (966) 333-77-22, +7 (969) 031-48-79;ул. Хамовнический Вал, 34, Москва;hotelyunost.com;55.722 37.563;cafe
Olymp Junior, ресторан;;+7 (985) 991-05-06, +7 (985) 991-04-09;ул. Лужники, 24, стр. 19А, Москва;olympjunior.com;55.712 37.555;cafe
Aqua Cafe;+7 (499) 755-69-89;;ул. Лужники, 24, стр. 4, Москва;novikovgroup.ru;55.713 37.558;cafe
Аладдин;;+7 (999) 660-69-99;Большая Пироговская ул., 37-43кА, Москва;aladdin-rest.ru;55.729 37.565;cafe
Ресторан Блюз;+7 (812) 605-05-25, +7 (495) 961-11-61, +7 (812) 337-25-15, +7 (499) 246-90-76, +7 (812) 605-05-55, +7 (495) 777-00-52, +7 (812) 740-38-88, +7 (495) 783-53-14, +7 (812) 242-99-00;;ул. Доватора, 8, Москва;cityhotelgroup.ru , blues-hotel.ru;55.724 37.568;cafe
Клево, рыбный ресторан;+7 (499) 530-83-20;;Усачёва ул., 26, Москва;klevo.rest , novikovgroup.ru;55.727 37.568;cafe
Ласточка, ресторан-яхта;+7 (495) 778-89-94;+7 (925) 408-33-58;Лужнецкая набережная, 26 ст1;restoran-lastochka.ru;55.712 37.568;cafe
Жирок, ресторан;;+7 (977) 453-83-53;Усачёва ул., 26, Москва;zhirok.moscow;55.727 37.568;cafe
неВинный, винный гастробар;;+7 (925) 577-77-30;Усачёва ул., 26, Москва;nevinniybar.ru , nevinniymsk.ru;55.727 37.568;cafe
Verd, бар-ресторан;;+7 (910) 001-99-94;улица Малая Пироговская, 8;verd.moscow;55.730 37.571;cafe
Индокитай;;+7 (910) 453-09-88;Усачёва ул., 26, Москва;indokitay.rest;55.727 37.568;cafe
Ласточка;+7 (495) 414-48-62, +7 (495) 777-87-88;;Россия, Москва, Лужнецкая набережная;restoran-lastochka.ru;55.712 37.568;cafe
Hibiki, ресторан;;+7 (968) 333-98-98;Трубецкая ул., 10, Москва;hibikirest.ru;55.727 37.576;cafe
Logovo, ресторан;;+7 (926) 787-00-54;ул. Хамовнический Вал, 2, Москва;logovo.vip;55.716 37.576;cafe
Greenside Bar;+7 (495) 215-29-99;;ул. Ефремова, 10с1к4/1, Москва;greenside.bar;55.726 37.574;cafe
Очаг, ресторан;+7 (499) 766-44-72;;ул. Ефремова, 12, стр. 2, Москва;cafe-ochag.ru;55.725 37.574;cafe
Рыбная мануфактура № 1;;+7 (916) 633-94-68;ул. Ефремова, 10с1к4/2, Москва;rm-1.ru;55.725 37.575;cafe
Black Market, современная гастрономия;+7 (495) 989-04-45;;Усачёва ул., 2, стр. 1, Москва;blackmarketcafe.ru;55.731 37.577;cafe
Ла Специя;+7 (495) 246-02-06, +7 (499) 246-02-06;+7 (967) 099-74-76, +7 (967) 099-76-74;Комсомольский просп., 30, Москва;laspeziacafe.ru;55.726 37.579;cafe
#Farш, бургерная;+7 (495) 937-88-48;;Комсомольский просп., 24, стр. 1, Москва;farshburger.ru;55.728 37.580;cafe
Fresco Cafe, ресторан;+7 (499) 242-05-62;;1-я Фрунзенская улица, 8;cafe-fresco.ru;55.728 37.585;cafe
Мята Signature;+7 (499) 677-48-95;+7 (925) 594-78-25, +7 (915) 251-77-33;Комсомольский просп., 15, Москва;myata-signature-frunzenskaya.ru , signature-frunzenskaya.myataofficial.com;55.730 37.588;cafe
Ambassadoria, ресторан;+7 (495) 221-97-87;+7 (980) 697-74-90, +7 (968) 732-32-58;Комсомольский просп., 13, Москва;ambassadoria-rest.ru;55.730 37.589;cafe
Терияки, ресторан;+7 (495) 098-04-09;;Ленинский просп., 15, Москва;;55.720 37.600;cafe
Флотилия Рэдиссон Ройал Москва;+7 (495) 228-55-55, +7 (495) 411-03-04, +7 (495) 788-09-99;;Пушкинская набережная, 1 ст1;radisson-cruise.ru;55.731 37.598;cafe
Белый журавль, ресторан корейской кухни;+7 (495) 542-23-23, +7 (495) 775-06-56, +7 (485) 708-35-44, +7 (499) 245-96-21;+7 (929) 533-74-24;Фрунзенская наб., 14, Москва;beliy-juravl.ru;55.731 37.593;cafe
Времена года, ресторан;+7 (499) 237-10-96, +7 (495) 959-95-12, +7 (499) 229-92-27, +7 (499) 229-07-25, +7 (499) 229-17-55, +7 (499) 229-06-88, +7 (499) 229-40-27;;ул. Крымский Вал, 9, стр. 20, Москва;vremena-goda.ru;55.724 37.596;cafe
Нескучный, ресторан;+7 (495) 532-97-42, +7 (495) 118-91-48;;ул. Крымский Вал, 9, стр. 26, Москва;нескучный.рф;55.723 37.598;cafe
Клаштер, бар;;+7 (999) 358-44-40;Ленинский просп., 11, стр. 1, Москва;klashterbar.ru;55.724 37.605;cafe
Югос, сербский ресторан;+7 (495) 740-48-58;+7 (926) 392-90-90, +7 (985) 233-80-86;Донская ул., 15, Москва;yugos-restoran.ru;55.724 37.608;cafe
Джон Донн, английский паб;;+7 (968) 665-51-04;Ленинский просп., 4, стр. 1А, Москва;jdpub.ru;55.728 37.609;cafe
Трамвай, винный бар;+7 (495) 198-19-10;+7 (991) 109-53-06;ул. Шаболовка, 19, Москва;tramwine.com;55.723 37.611;cafe
Примавера, ресторан;+7 (499) 236-17-70;;ул. Шаболовка, 17, Москва;primavera.su;55.724 37.611;cafe
Банкетный зал на метро Шаболовская;+7 (495) 633-94-51, +7 (495) 958-05-01;+7 (985) 344-42-38;ул. Шаболовка, 31Г, Москва;9-etazh.ru;55.720 37.610;cafe
See U;;+7 (929) 988-95-90, +7 (925) 123-51-20;ул. Шаболовка, 29, корп. 2, Москва;;55.722 37.611;cafe
Клуб офицеров;;+7 (925) 605-60-40;ул. Шаболовка, 2, стр. 1, Москва;клуб-офицеров.рф;55.727 37.611;cafe
Старая Япония;;+7 (903) 541-64-46;Стремянный пер., 38, Москва;oldjapan.ru;55.727 37.627;cafe
Greene King;+7 (499) 406-00-50;;Мытная ул., 7, стр. 1, Москва;gkpub.ru;55.722 37.619;cafe
Харбин, ресторан;+7 (499) 238-06-41;+7 (926) 595-52-68;улица Большая Якиманка, 56;harbin-msk.ru;55.731 37.612;cafe
Армянский дом, ресторан;+7 (495) 969-17-11, +7 (499) 237-50-00;+7 (903) 729-00-59;ул. Шаболовка, 2, стр. 1, Москва;arm-dom.ru;55.727 37.611;cafe
Semplice, траттория;+7 (499) 238-54-74;+7 (977) 553-70-09;ул. Коровий Вал, 7, стр. 1, Москва;semplice.su , semplicerest.ru , semplice-delivery.ru , trattoria-pizza.ru;55.729 37.615;cafe
Муссон, ресторан;+7 (495) 190-78-49, +7 (495) 646-16-05;+7 (991) 754-95-36;ул. Коровий Вал, 5, Москва;mussoncafe.ru;55.729 37.621;cafe
Золберг, паб;+7 (499) 237-67-01;;1-й Люсиновский пер., 3Б, Москва;zolberg.ru;55.728 37.622;cafe
Only Wine;;+7 (930) 999-81-03, +7 (916) 691-41-41;Мытная ул., 46/2с3, Москва;owrest.ru , onlywinebar.ru;55.720 37.617;cafe
Молли Гвиннз;+7 (499) 230-11-85, +7 (499) 230-13-68;;ул. Коровий Вал, 11, стр. 1, Москва;rmcom.ru;55.729 37.618;cafe
Лобиани, ресторан;+7 (499) 236-34-43;;Люсиновская ул., 53, Москва;lobiany.ru;55.719 37.623;cafe
Корчма Тарас Б.;+7 (499) 673-39-96;;Люсиновская ул., 7/8с1, Москва;tarasbulba.ru;55.729 37.624;cafe
Farш;+7 (499) 237-74-01;;Большая Серпуховская ул., 17, стр. 3, Москва;farshburger.ru;55.727 37.626;cafe
Rake, ресторан;+7 (495) 926-26-30;;Валовая ул., 26, Москва;rake.moscow;55.730 37.628;cafe
Tangiers Lounge Typography;;+7 (926) 354-88-55, +7 (916) 682-90-00, +7 (964) 710-20-20, +7 (958) 538-40-20, +7 (925) 132-22-42;Пятницкая ул., 71/5с2, Москва;tangiers-moscow.ru;55.731 37.628;cafe
Сандык партийный, узбекский ресторан;+7 (499) 235-55-35;;Партийный переулок, 1;sandyk-parti.ru;55.722 37.631;cafe
Сандык Партийный;;+7 (926) 390-25-96;1-й Щипковский пер., 2, Москва;sandyk-parti.ru;55.722 37.631;cafe
Якитория;+7 (495) 951-84-82;;Валовая ул., 18, Москва;yakitoriya.ru;55.731 37.631;cafe
Food Box;+7 (495) 120-40-44;;Кожевническая ул., 7, стр. 1, Москва;food-box.ru;55.730 37.645;cafe
Soupme, кафе;;+7 (926) 748-40-43;Летниковская ул., 10, стр. 5, Москва;;55.724 37.643;cafe
Oh My Craft, бар;+7 (499) 951-34-30, +7 (495) 134-14-31;;улица Зацепа, 21;mycraftpub.ru;55.730 37.633;cafe
Subway;;+7 (903) 961-74-80;Валовая ул., 6, Москва;subway.ru;55.731 37.634;cafe
Урюк;;+7 (985) 776-99-27;Валовая ул., 3, Москва;uryk.ru;55.730 37.634;cafe
Мята Lounge, Мята Platinum;;+7 (995) 735-99-99;Дубининская ул., 35, Москва;myata-platinum-paveletskaya.ru;55.725 37.637;cafe
Osteria Mario, домашний итальянский ресторан;;+7 (925) 929-11-97;Павелецкая площадь, 3, Москва;osteriamario.ru;55.730 37.637;cafe
Маэстро;+7 (495) 205-72-72, +7 (499) 713-88-35, +7 (499) 120-48-40, +7 (499) 235-34-45;+7 (968) 816-37-77, +7 (903) 610-40-05, +7 (926) 541-46-50;Дубининская ул., 55, Москва;maestroresto.ru , maestro-banket.ru;55.721 37.636;cafe
Sodexo;+7 (495) 246-01-10;;Павелецкая площадь, 2, стр. 2, Москва;;55.730 37.636;cafe
Планета суши;;+7 (963) 630-05-35;Павелецкая площадь, 1А, стр. 1, Москва;planetsushi.ru;55.730 37.637;cafe
Boston seafood & bar;+7 (495) 287-46-00, +7 (495) 228-46-00, +7 (495) 960-20-80;+7 (963) 629-95-58, +7 (926) 960-67-60;Летниковская ул., 2, Москва;boston-restaurant.ru;55.729 37.644;cafe
Россо Рива;+7 (495) 795-24-44;+7 (925) 604-37-44;Шлюзовая наб., 6, стр. 1, Москва;rossorivahotel.ru;55.731 37.647;cafe
AZIMUT Отель Дербеневская Москва;+7 (495) 788-36-76, +7 (495) 931-90-36, +7 (495) 987-21-11;;Дербеневская ул., 11А, стр. 18, Москва;azimuthotels.com;55.721 37.650;cafe
Фермербуфет;+7 (499) 673-33-77;+7 (962) 990-99-55;Дербеневская наб., 7, стр. 10, Москва;fermerbufet.ru;55.723 37.650;cafe
& Action, бар с выступлением профессиональных стендап-комиков;;+7 (966) 019-44-40, +7 (996) 019-44-40;Дербеневская наб., 7, стр. 12, Москва;astandup.ru , andaction.ru;55.723 37.652;cafe
LOFT HALL, Contrabanda;+7 (495) 120-19-05;;ул. Ленинская Слобода, 26, стр. 23, Москва;lofthall.ru , msk.lofthall.ru;55.713 37.654;cafe
Sanctuary, ресторан;+7 (495) 287-14-14, +7 (495) 287-14-01, +7 (495) 287-14-00;;ул. Симоновский Вал, 2, Москва;hi-tagansky.ru;55.729 37.661;cafe
Тарас Бульба, корчма;+7 (499) 764-15-32;;Велозаводская ул., 6, Москва;tarasbulba.ru;55.712 37.665;cafe
Torro grill, ресторан;+7 (495) 671-73-46;+7 (925) 302-50-29;3-й Крутицкий пер., 11, Москва;torrogrill.ru;55.731 37.667;cafe
Якитория, японские рестораны;+7 (495) 676-25-44;;Волгоградский просп., 15, Москва;yakitoriya.ru;55.729 37.677;cafe
Restocross, кейтеринговая компания;+7 (499) 409-23-15, +7 (495) 259-54-15;+7 (925) 098-93-33;Михайловский пр., 1, стр. 10, Москва;restocross.ru , uca24.ru;55.731 37.689;cafe
Игвт фильтр, фирма;+7 (495) 142-14-95;+7 (977) 750-36-14;Волгоградский просп., 45, Москва;gidrofiltrgroup.ru , мангал1.рф;55.713 37.723;cafe
Turas business park;+7 (499) 922-41-81, +7 (495) 532-51-56, +7 (499) 426-36-71;+7 (926) 932-76-66;1-й Грайвороновский пр., 20, стр. 35, Москва;turasvip.ru;55.721 37.727;cafe
Sultan palace, ресторан;+7 (499) 177-71-11;+7 (966) 177-55-11;улица Грайвороновская, 12 к2;sultanpalas.ru;55.720 37.732;cafe
Вечера на хуторе, корчма;+7 (495) 641-23-00, +7 (499) 171-49-48;+7 (966) 337-34-38;Рязанский просп., 65, корп. 2, Москва;corchma.com;55.720 37.782;cafe
Coffee week, кофейня;;+7 (915) 213-22-33;Рязанский просп., 30, корп. 2, Москва;linktr.ee , coffeeweek.ru;55.718 37.784;cafe
Белое озеро, ресторан;+7 (495) 700-43-27;+7 (993) 367-46-35, +7 (901) 757-37-85;Большая Косинская ул., 24А, Москва;res-bo.ru;55.714 37.856;cafe
Каспий, ресторан;+7 (499) 211-03-40;+7 (916) 394-52-65;ул. Руднёвка, 5, Москва;kaspiy-restoran.com;55.716 37.881;cafe
Находка, бар-ресторан;;+7 (916) 764-87-15, +7 (916) 764-88-30;Ярцевская ул., 19, Москва;nahodkabar.com;55.738 37.410;cafe
Даблби, кофейня;;+7 (925) 772-21-44, +7 (967) 530-06-50;Ярцевская ул., 19, Москва;double-b.ru;55.738 37.410;cafe
Isola, ресторан авторской кухни;+7 (495) 937-27-44;+7 (926) 119-01-60, +7 (926) 119-01-59;Ярцевская ул., 19, Москва;isolarestoran.ru;55.739 37.411;cafe
#Farш, бургерная;+7 (495) 771-63-03;;Ярцевская ул., 19, Москва;farshburger.ru;55.739 37.412;cafe
Eshak, ресторан;;+7 (925) 500-50-03, +7 (936) 000-14-14, +7 (936) 000-18-18;Рублёвское ш., 42, корп. 1, Москва;eshak.ru;55.751 37.412;cafe
На углях, ресторан;+7 (499) 390-09-30;+7 (966) 064-77-88, +7 (967) 074-33-00;Ярцевская ул., 22А, корп. 2, Москва;nauglyax.ru , tri-porosenka.com;55.738 37.415;cafe
Мята Cyber;;+7 (929) 511-68-57, +7 (980) 697-71-59;Ярцевская ул., 25А, Москва;myata-cyber-molodezhnaya.ru;55.741 37.415;cafe
Kano, спортбар;+7 (499) 624-10-90;+7 (901) 257-28-64;Ярцевская ул., 31, Москва;kano.rest;55.744 37.419;cafe
Якитория, японские рестораны;+7 (499) 149-09-55;;Ярцевская ул., 34, стр. 1, Москва;yakitoriya.ru;55.742 37.419;cafe
Fish bistro, кафе;+7 (495) 149-57-30;;ул. Крылатские Холмы, 7, корп. 2, Москва;fishb.ru;55.749 37.423;cafe
Hills, ресторан;+7 (495) 149-18-39;;ул. Крылатские Холмы, 7, корп. 2, Москва;thehills.ru;55.749 37.423;cafe
Бивер Паб;;+7 (905) 563-80-00;ул. Герасима Курина, 6, Москва;beaverpub.ru;55.733 37.485;cafe
Asia Hall, ресторан аутентичных блюд паназиатской кухни;+7 (495) 788-52-12;;Кутузовский просп., 48, Москва;asiahall.ru;55.732 37.489;cafe
Ташкент Сити, чайхана;;+7 (925) 072-99-99, +7 (966) 999-77-77;Минская ул., 6, корп. 3, Москва;tashkent-city.choiceqr.com , tashcity.eda.rest;55.734 37.488;cafe
Ji Jino;;+7 (968) 909-02-20;ул. Барклая, 10, Москва, Россия;jijino.ru;55.743 37.499;cafe
Сикварули, ресторан;;+7 (980) 697-68-27;ул. Василисы Кожиной, 13, Москва;sikvaruli-cafe.ru , sikvaruli-grand.ru , sikvaruli-restoran.ru;55.736 37.500;cafe
Мята Lounge, Мята Signature;;+7 (968) 414-55-55;ул. Василисы Кожиной, 13, Москва;signature-kozhynoy.myataofficial.com;55.736 37.501;cafe
Атмосфера, ресторан;;+7 (985) 480-07-97;ул. Василисы Кожиной, 1, корп. 1, Москва;atmosphererest.ru , atmosrest.ru;55.738 37.506;cafe
Бакинский Бульвар, ресторан;+7 (495) 407-07-08, +7 (499) 148-88-04;;ул. Неверовского, 15, Москва;bbulvar.ru;55.738 37.513;cafe
Фили, гастромаркет;+7 (499) 130-31-51, +7 (495) 149-33-05;+7 (985) 729-19-04, +7 (968) 834-32-53, +7 (909) 990-65-56, +7 (958) 830-70-92, +7 (916) 967-11-67, +7 (989) 209-59-39;Багратионовский пр., 1А, корп. 1, Москва;fili-food.ru;55.746 37.513;cafe
Chocolako;;+7 (995) 501-02-22, +7 (994) 999-88-77, +7 (925) 294-49-02;Новозаводская ул., 2, корп. 1, Москва;chocolako.ru;55.747 37.515;cafe
Фу Сян, ресторан китайской кухни;+7 (499) 499-01-59;+7 (926) 100-53-32;Кутузовский просп., 36А, Москва;fu-syan.ru;55.739 37.526;cafe
Престиж шайн лаунж;;+7 (906) 000-09-11;Кутузовский просп., 36, стр. 56, Москва;prestigefood.ru;55.743 37.525;cafe
Moloko shop, магазин;;+7 (915) 449-49-81, +7 (915) 432-05-32;Кутузовский просп., 36, стр. 11, Москва;molokogroup.com , shop.molokogroup.com;55.742 37.527;cafe
Sole E Luna Osteria Italiana;;+7 (995) 299-14-46;Кутузовский просп., 36, стр. 4, Москва;sole.rest;55.741 37.527;cafe
Ориентал экспресс, ресторан;;+7 (985) 110-07-07;Кутузовский просп., 32, корп. 2, Москва;orientalexpress.rest;55.743 37.531;cafe
Okra25;+7 (499) 444-26-28;;Киевская ул., 20, Москва;;55.739 37.547;cafe
Черное море, ресторан;;+7 (918) 020-69-00;Кутузовский просп., 32, Москва;blacksea.rest;55.740 37.532;cafe
Diamond Apartments, гостиница;+7 (499) 705-67-05;+7 (906) 705-17-05;1-й Красногвардейский проезд, 21 ст2;diamond-apart.com;55.750 37.534;cafe
SixFloor;+7 (499) 704-44-70;+7 (901) 147-94-91, +7 (906) 704-44-70;1-й Красногвардейский пр., 21, стр. 2, Москва;city-voice.ru;55.750 37.534;cafe
Birds, самый высокий ресторан и клуб в мире;+7 (495) 118-40-97, +7 (495) 777-71-11;;1-й Красногвардейский пр., 21, стр. 2, Москва;birds.city , ruski354.ru;55.749 37.534;cafe
Azur by Erdal, стейк-хаус;+7 (499) 938-63-48, +7 (499) 673-36-36;+7 (900) 621-33-33;1-й Красногвардейский пр., 22, стр. 2, Москва;azurbyerdal.ru;55.751 37.535;cafe
Bluefin Sushi Oysters;;+7 (991) 698-77-04;1-й Красногвардейский пр., 22, стр. 2, Москва;bluefin.moscow;55.751 37.535;cafe
Джонджоли, грузинский ресторан;;+7 (963) 725-35-05;Пресненская наб., 10, стр. 2, Москва;ch1ef.ru;55.748 37.535;cafe
Ресторан 360;;+7 (904) 567-22-78;Пресненская наб., 12, Москва;rst360.ru;55.750 37.537;cafe
Sixty, один из самых высоких ресторанов в Европе;+7 (495) 653-83-69, +7 (495) 653-83-68, +7 (812) 640-16-16;+7 (915) 240-60-60, +7 (967) 288-69-93;Пресненская наб., 12, Москва;sixtyrestaurant.ru , ginza.ru , clck.ru;55.749 37.537;cafe
Billion City, компания по сдаче апартаментов в аренду;;+7 (905) 555-53-47;Пресненская наб., 12, Москва;moscow-city.club;55.750 37.537;cafe
Мясо&рыба;+7 (495) 783-13-86;;Пресненская наб., 2, Москва;meat-and-fish.ru;55.748 37.538;cafe
Osteria Mario, домашний итальянский ресторан;;+7 (966) 371-44-62;Пресненская наб., 2, Москва;osteriamario.ru;55.749 37.539;cafe
Bamboo.bar, ресторан;;+7 (985) 970-43-41, +7 (985) 766-49-62, +7 (916) 501-05-91, +7 (916) 501-06-15, +7 (901) 469-47-15;Пресненская наб., 8, стр. 1, Москва;bamboobar.su;55.747 37.539;cafe
Tgi fridays, ресторан американской кухни;;+7 (906) 060-07-26;Пресненская наб., 2, Москва;tgifridays.ru;55.749 37.539;cafe
Steak it easy, демократичный хоспер-бар;;+7 (958) 100-93-29;Пресненская наб., 2, Москва;steakiteasy.ru;55.749 37.539;cafe
Урюк, ресторан;+7 (495) 999-63-50;;Пресненская наб., 8, стр. 1, Москва;uryk.ru;55.748 37.539;cafe
Tutto bene, ресторан;+7 (499) 490-00-39, +7 (499) 391-19-31;+7 (985) 767-50-20;Пресненская наб., 8, стр. 1, Москва;tuttobene.su;55.747 37.540;cafe
IL Патио, итальянский ресторан;+7 (495) 789-27-37;;Пресненская наб., 2, Москва;ilpatio.ru;55.750 37.540;cafe
MC Traders, ресторан;+7 (495) 664-89-99;+7 (968) 529-95-30;Пресненская наб., 2, Москва;mctraders.ru , all.accor.com;55.748 37.537;cafe
#Farш, бургерная;;+7 (965) 434-82-64;Пресненская наб., 6, стр. 2, Москва;farshburger.ru;55.748 37.540;cafe
Cutfish, суши-бистро;;+7 (925) 717-40-15, +7 (999) 351-09-00, +7 (903) 100-36-46, +7 (926) 936-78-76;Пресненская наб., 6, стр. 2, Москва;cutfishbistro.ru;55.748 37.540;cafe
Zafferano, ресторан;+7 (495) 236-10-11, +7 (495) 236-10-12, +7 (495) 984-65-88, +7 (499) 490-29-99;;Пресненская наб., 2, Москва;zafferanorest.ru;55.750 37.540;cafe
Nebo, центр паровых коктейлей;+7 (499) 955-57-85;+7 (977) 857-00-00;Пресненская наб., 6, стр. 2, Москва;nebo-lounge.ru;55.748 37.540;cafe
Дижестив, рестобар;;+7 (916) 325-39-74;Кутузовский просп., 33, Москва;digestifcafe.ru;55.742 37.541;cafe
Инсам, ресторан-гриль корейской кухни;+7 (499) 288-03-18;;Пресненская наб., 2, Москва;insam.kitchen , insam.rest;55.749 37.541;cafe
Bfl's;;+7 (969) 022-75-65;Пресненская наб., 4, стр. 1, Москва;;55.749 37.543;cafe
Dream city, панорамный ресторан;+7 (499) 643-83-22, +7 (495) 055-29-29, +7 (499) 643-83-21, +7 (495) 324-99-99, +7 (495) 055-28-28;+7 (965) 326-26-64, +7 (964) 643-85-29;Краснопресненская наб., 16, стр. 1, Москва;morafu.ru;55.748 37.544;cafe
Дельфин;+7 (895) 610-14-03;+7 (967) 182-89-85, +7 (985) 761-11-81;Краснопресненская наб., 16, стр. 1, Москва;korabliki.ru;55.748 37.544;cafe
Шейх Палас, ресторан;+7 (499) 249-31-28, +7 (499) 249-04-84;+7 (985) 289-94-31;Киевская ул., 20, Москва;sheihpalace.ru;55.739 37.546;cafe
Subway;;+7 (926) 151-00-30;Киевская ул., 20, Москва;subway.ru;55.739 37.548;cafe
UCT, лаундж-бар;+7 (495) 207-75-70;+7 (985) 838-65-40;Бережковская наб., 20, стр. 9, Москва;uct.ru;55.732 37.549;cafe
La Bellezza;;+7 (966) 666-56-72;Большая Дорогомиловская ул., 11, Москва;labellezzabar.com;55.746 37.553;cafe
Roxbury;+7 (495) 225-99-97, +7 (495) 777-44-74;;Большой Саввинский пер., 12, стр. 10Г, Москва;clubroxbury.ru;55.732 37.562;cafe
Peach, ресторан;+7 (495) 909-00-69;;Большой Саввинский пер., 12, стр. 10Г, Москва;peachrest.ru;55.732 37.561;cafe
Pinocchio, ресторан;+7 (499) 243-56-88, +7 (499) 243-67-52, +7 (495) 545-01-71, +7 (499) 243-70-15;;Кутузовский просп., 4/2, Москва;pinocchio-rest.ru;55.750 37.563;cafe
Romantic, ресторан;+7 (495) 229-83-08;+7 (985) 776-63-34;Кутузовский проспект, 2/1 ст1;buonomoscow.ru , ginza.ru , clck.ru;55.752 37.566;cafe
Soho Rooms;+7 (495) 988-74-74, +7 (495) 988-74-44;+7 (925) 035-61-15, +7 (985) 920-95-85;Саввинская наб., 12, стр. 8, Москва;sohorooms.com;55.733 37.562;cafe
Hunters, стриптиз-клуб;+7 (499) 288-79-01, +7 (499) 288-76-01;;Большой Саввинский пер., 12, стр. 7, Москва;club-aurora.ru , club-hunters.ru;55.733 37.563;cafe
Zemlya Moscow, ресторан;;+7 (926) 640-63-53;Большой Саввинский пер., 12, стр. 6, Москва;zemlyamoscow.online;55.734 37.564;cafe
Трубадур;+7 (495) 229-83-07;;Кутузовский просп., 2/1с1, Москва;ginza.ru , clck.ru;55.752 37.566;cafe
Mercedes Bar;+7 (495) 229-83-09, +7 (495) 221-55-55;;Кутузовский просп., 2/1с1, Москва;ukraina-hotel.ru , mercedesbarmoscow.ru;55.752 37.565;cafe
Веранда;+7 (495) 228-99-99, +7 (495) 411-00-25, +7 (495) 221-55-80;;Кутузовский просп., 2/1с1, Москва;ukraina-hotel.ru , radissonhotels.com , restoranveranda.ru;55.752 37.566;cafe
Subway;+7 (495) 221-24-46;;площадь Киевского Вокзала, 2, Москва;subway.ru;55.744 37.566;cafe
Marketplace, ресторан-маркет;;+7 (911) 820-90-20, +7 (981) 784-95-38, +7 (981) 169-88-28, +7 (981) 784-98-14, +7 (981) 784-96-16, +7 (911) 232-05-46, +7 (929) 577-73-77, +7 (981) 785-07-36, +7 (981) 854-48-33, +7 (981) 818-88-99;площадь Киевского Вокзала, 2, Москва;marketplace.me;55.744 37.567;cafe
#Farш, бургерная;;+7 (968) 912-89-70;площадь Киевского Вокзала, 2, Москва;farshburger.ru;55.745 37.567;cafe
Rolls & Bowls, ресторан быстрого питания;+7 (495) 609-09-38;+7 (915) 415-30-02, +7 (916) 422-50-89;площадь Киевского вокзала, 2;delivery.pinskiy.co;55.745 37.567;cafe
Урюк, ресторан;+7 (495) 211-08-88;;площадь Киевского Вокзала, 2, Москва;uryk.ru;55.745 37.568;cafe
Талавера, ресторан;+7 (495) 941-80-20;;площадь Европы, 2, Москва;talavera.moscow;55.742 37.566;cafe
Mukuzani, грузинский ресторан;+7 (495) 941-87-10;;площадь Европы, 2, Москва;gg-group.ru , mukuzani-rest.ru;55.742 37.568;cafe
Горожане, гастробар;+7 (495) 476-46-22, +7 (495) 136-94-70;+7 (965) 242-73-61;Большой Саввинский пер., 8, стр. 1, Москва;savvinskiy8.ru , gorozhane.clients.site;55.734 37.567;cafe
Кружкапаб;+7 (499) 240-22-74;;Бережковская наб., 8, Москва;polnayakruzhka.ru , kruzhkapub.ru;55.740 37.567;cafe
Medusa;;+7 (999) 444-65-47;площадь Киевского Вокзала, 2, Москва;novikovgroup.ru;55.745 37.568;cafe
Сумосан;+7 (495) 941-88-41;+7 (926) 048-70-41;площадь Европы, 2, Москва;sumosan.moscow , sumosan.com;55.742 37.568;cafe
Due Forni, ресторан;+7 (495) 500-10-60, +7 (495) 500-10-70;+7 (936) 500-11-16, +7 (936) 500-11-17;Большой Саввинский пер., 11, стр. 1, Москва;dueforni.ru;55.735 37.568;cafe
River palace, ресторан-теплоход;+7 (495) 222-05-32, +7 (499) 390-02-29;+7 (985) 222-05-32;Бережковская набережная, 1;riverpalace.ru;55.744 37.572;cafe
Hands, ресторан;;+7 (909) 930-90-60;Погодинская ул., 2, Москва;handsrestaurant.ru , breakfest.saltmagazine.ru;55.735 37.573;cafe
Avenue, ресторан;+7 (495) 640-80-34, +7 (495) 181-58-00;;Смоленская ул., 8, Москва;azimuthotels.com;55.746 37.580;cafe
Hands asian bistro, ресторан;;+7 (968) 930-90-60;Погодинская ул., 2, Москва;handsrestaurant.ru , handsasian.ru;55.735 37.572;cafe
Тинатин, ресторан;;+7 (985) 761-66-36, +7 (985) 761-66-63;ул. Плющиха, 58, стр. 1А, Москва;ginzaproject.ru , ginza.ru , clck.ru;55.737 37.575;cafe
#СибирьСибирь, ресторан;+7 (499) 652-51-61;;Смоленская, 8;moscow.sibirsibir.ru , sibirsibir.ru;55.746 37.580;cafe
Сахалин, рыбный панорамный ресторан;+7 (495) 108-71-59, +7 (495) 647-64-79;;Смоленская ул., 8, Москва;sakhalin-moscow.ru;55.746 37.580;cafe
La maree, гастрономический ресторан;+7 (499) 252-87-77;;Проточный пер., 7, Москва;algosoftmedia.com , lamaree.ru;55.750 37.581;cafe
Бельгийский гастрономический паб Брюссель;+7 (499) 755-51-55, +7 (499) 938-52-18;;Смоленская ул., 8, Москва;komitet.group;55.746 37.581;cafe
Chef`s Table, ресторан-театр уникального интерактивного формата;+7 (495) 510-51-01;;Смоленская площадь, 3, Москва;chefs-table.ru;55.748 37.581;cafe
Naomi Sushi;+7 (495) 845-30-35;;Шубинский пер., 2/3, Москва;naomisushi.moscow;55.747 37.580;cafe
Бабель, ресторан;+7 (499) 110-66-60;;1-й Николощеповский пер., 6, стр. 2, Москва;babel.msk.ru;55.749 37.580;cafe
Rico, ресторан;;+7 (915) 165-07-63, +7 (916) 530-82-36, +7 (985) 800-32-00;Ружейный пер., 6, стр. 2, Москва;rico-restaurant.ru;55.744 37.581;cafe
White Rabbit, ресторан-бар;+7 (495) 136-91-63, +7 (495) 799-13-52, +7 (499) 277-00-07, +7 (862) 240-00-00, +7 (495) 782-62-62, +7 (494) 264-29-00, +7 (499) 130-25-13, +7 (862) 274-44-44;+7 (968) 300-55-99, +7 (967) 324-92-33, +7 (926) 593-83-46;Смоленская площадь, 3, Москва;wrlab.ru , whiterabbitmoscow.ru , wrf.su;55.747 37.581;cafe
Dolce far niente, итальянский ресторан;;+7 (926) 783-83-37;Смоленская ул., 6, Москва;dolcefarniente.moscow;55.746 37.581;cafe
Ешь Фреш;;+7 (921) 402-33-76, +7 (999) 209-97-07, +7 (921) 784-63-16, +7 (926) 945-16-13;Смоленская площадь, 7-9, Москва;eshfresh.online;55.748 37.581;cafe
Мята Lounge, Мята Platinum Смоленская;;+7 (929) 918-89-99;Смоленская ул., 6, Москва;myata-smolenskaya.ru , smolenskaya.myataofficial.com;55.747 37.581;cafe
Tomorrow, ресторан высокой растительной кухни;+7 (495) 799-49-49, +7 (499) 394-61-24;;2-й Смоленский пер., 1/4, Москва;tomorrowrest.ru;55.747 37.582;cafe
Eat market, фудкорт;;+7 (939) 839-62-12;Смоленская площадь, 5, Москва;eatmarket.ru;55.748 37.582;cafe
La promenade, ресторан;+7 (495) 225-00-25;;Смоленская площадь, 6, Москва;lapromenade.business.site , mercure-moscow-arbat.com;55.749 37.584;cafe
Рыба мечты, ресторан;+7 (495) 127-08-88;+7 (916) 837-77-37;Смоленская площадь, 5, Москва;dreamfish.moscow;55.748 37.582;cafe
Grape wine&kitchen, ресторан-бар;;+7 (977) 938-67-49;Новинский бул., 7, Москва;grapewinefamily.ru , grapewines.ru;55.752 37.583;cafe
Джон Булл Паб;+7 (499) 241-06-44;;Карманицкий пер., 9, Москва;rmcom.ru;55.748 37.583;cafe
The Lounge, бар-ресторан;+7 (495) 287-05-21, +7 (495) 745-10-00;;Новинский бул., 8, стр. 2, Москва;lottehotel.com , lottehotel.ru;55.750 37.584;cafe
Megumi, японский ресторан;+7 (495) 287-05-55, +7 (495) 287-05-20, +7 (495) 287-05-00;;Новинский бул., 8, стр. 2, Москва;lottehotel.com , lottehotel.ru;55.750 37.584;cafe
Brisket BBQ, ресторан американской и европейской кухни;;+7 (964) 647-01-07;Смоленский бул., 15, Москва;brisketbbqrest.ru;55.742 37.584;cafe
Рыба моя, рыбный ресторан;;+7 (903) 253-41-41;ул. Льва Толстого, 18Б, Москва;perelmanpeople.com , myfish.msk.ru;55.735 37.585;cafe
Белый, ресторан;+7 (499) 113-49-78, +7 (495) 922-20-62;+7 (985) 922-20-62, +7 (969) 704-55-55;ул. Арбат, 55/32, Москва;beliyresto.ru , banket.beliyresto.ru;55.747 37.585;cafe
Cantinetta Antinori, ресторан;+7 (499) 241-37-71, +7 (499) 241-33-25;;Денежный переулок, 20;novikovgroup.ru , cantinettaantinori.ru;55.745 37.587;cafe
By the Wine, гастробар;;+7 (966) 163-99-99;улица Пречистенка, 40/2 ст2;btwine.ru;55.739 37.587;cafe
Levantine, ресторан авторской кухни;+7 (495) 788-82-98;;Новинский бул., 8, Москва;levantine.ru;55.751 37.584;cafe
Индрик;+7 (495) 708-38-83;+7 (985) 975-26-27;Зубовская ул., 5/36, Москва;indrik.moscow;55.738 37.584;cafe
Karaoke club & night bar Royal Arbat;+7 (495) 787-75-77, +7 (495) 197-75-57;+7 (925) 280-00-08;ул. Новый Арбат, 21, стр. 1, Москва;royalarbat.ru;55.752 37.584;cafe
Truba, авторский гриль-бар;+7 (495) 790-58-90;;ул. Льва Толстого, 23, корп. 7, стр. 3, Москва;truba.rest;55.735 37.585;cafe
Эдоко;+7 (495) 120-40-04;;Новинский бул., 8, Москва;edoko.ru;55.751 37.585;cafe
Тарас Бульба, корчма;+7 (499) 246-69-02;;Большой Лёвшинский пер., 19, стр. 2, Москва;tarasbulba.ru;55.741 37.586;cafe
I like pizza, пиццерия;+7 (495) 627-77-94, +7 (495) 928-88-59;;ул. Тимура Фрунзе, 11, стр. 19, Москва;ilikewine.ru;55.736 37.587;cafe
Почтмейстер, ресторан;+7 (499) 241-17-74;;ул. Арбат, 47/23, Москва;arbat47.ru;55.748 37.588;cafe
Босфор, ресторан;+7 (499) 241-93-20;;улица Арбат, 47/23;bosforrestoran.ru , bosforrest.ru;55.748 37.588;cafe
Венеция, ресторан;+7 (499) 241-00-47;;улица Арбат, 38/1 ст1;arbat38.ru;55.749 37.588;cafe
Академ, джаз-клуб;+7 (495) 532-47-23, +7 (499) 238-48-17, +7 (499) 237-48-17;+7 (929) 635-17-14, +7 (926) 258-99-20;Спасопесковский переулок, 1 ст1;academjazzclub.ru , clck.ru;55.749 37.588;cafe
Арбатский базар, ресторан;+7 (499) 252-79-50, +7 (499) 938-42-37, +7 (499) 252-79-51;;Плотников пер., 15, Москва;arbatskiybazar.ru;55.746 37.588;cafe
Эрик Рыжий, паб-ресторан;;+7 (926) 857-58-47;улица Арбат, 36/2 ст1;ericthered.ru , untappd.com;55.749 37.589;cafe
Regent, ресторан;;+7 (926) 435-55-54, +7 (926) 650-22-25;Плотников пер., 12, Москва;regent.rest;55.746 37.589;cafe
Fantomas Rooftop;;+7 (926) 455-10-25;Болотная наб., 3, стр. 2, Москва;;55.740 37.609;cafe
Hesburger;+7 (495) 580-63-23;;ул. Арбат, 22/2с4, Москва;hesburger.ru;55.750 37.593;cafe
Bagebi, ресторан грузинской кухни с винным погребом и зимним садом;+7 (495) 799-19-34;;улица Пречистенка, 19/11 ст1;bagebi.ru;55.741 37.593;cafe
Сейджи;+7 (499) 246-76-24;+7 (910) 433-17-18;Комсомольский просп., 5/2, Москва;seiji.ru;55.732 37.593;cafe
Cavina, винный магазин;+7 (495) 640-44-42, +7 (495) 637-21-58;+7 (925) 763-63-76;Мансуровский пер., 10, стр. 2, Москва;cavina.ru , flyinginn.ru , cavinabar.ru;55.740 37.594;cafe
Эларджи, семейный ресторан с домашней грузинской кухней;+7 (495) 627-78-97;;Гагаринский переулок, 15а;elardzhi.clients.site , ginza.ru , clck.ru;55.744 37.596;cafe
Арбат 13, ресторан;+7 (495) 181-95-13, +7 (495) 181-95-22;+7 (926) 291-66-66;ул. Арбат, 13, Москва;singer.bar , singer13.bar;55.751 37.597;cafe
Балалаечная, кафе-бар;+7 (495) 740-90-61;;ул. Арбат, 23, стр. 1, Москва;;55.750 37.595;cafe
Brasserie lambic, пивной ресторан;+7 (495) 085-51-49, +7 (495) 023-34-34;;Турчанинов пер., 3, стр. 5, Москва;;55.737 37.596;cafe
КИDO;;+7 (962) 911-92-33;пер. Сивцев Вражек, 8/16, Москва;kido.ru , msk.kido.ru;55.747 37.598;cafe
Гоголь-моголь, фуд-холл;;+7 (916) 555-20-19;Гоголевский бульвар, 19/2;gogl-mogl.ru;55.747 37.599;cafe
Баба Марта, ресторан;;+7 (926) 792-36-16, +7 (926) 601-94-69;улица Арбат, 9 ст1;babamarta.ru;55.752 37.598;cafe
15 Kitchen+Bar, ресторан;+7 (495) 098-03-81;+7 (977) 839-86-69;Пожарский пер., 15, Москва;15kitchenbar.com;55.742 37.601;cafe
Bardot, французское бистро;;+7 (925) 136-10-04, +7 (925) 758-53-53, +7 (926) 989-10-04, +7 (965) 157-29-88;ул. Остоженка, 5, Москва;fantazeryco.ru;55.743 37.601;cafe
Софи;+7 (495) 197-73-55;;1-й Обыденский пер., 9/12, Москва;sofierest.ru;55.743 37.602;cafe
Чемодан, бар-ресторан;+7 (495) 695-38-19;;Гоголевский бул., 25, стр. 1, Москва;chemodan-msk.ru;55.749 37.599;cafe
Il forno, ресторан;;+7 (905) 509-99-87, +7 (963) 657-83-95;ул. Остоженка, 3/14, Москва;ilforno.page.link , ilforno.ru , ilfornogroup.ru;55.744 37.602;cafe
Hamilton Lounge Bar, караоке-клуб;+7 (281) 240-12-14, +7 (495) 255-35-77, +7 (495) 255-34-44, +7 (182) 534-25-48;+7 (999) 444-86-40;Пречистенская набережная, 17;hamilton-lounge.ru;55.740 37.606;cafe
Yoko, ресторан;+7 (495) 995-88-86, +7 (495) 995-88-87, +7 (495) 637-13-70, +7 (495) 637-13-71;;Соймоновский пр., 5, Москва;buttgroup.net , yokomoscow.ru , novikovgroup.ru;55.743 37.604;cafe
IL Патио;;+7 (964) 724-68-08;ул. Волхонка, 15-17с1, Москва;ilpatio.ru;55.744 37.605;cafe
Cevicheria, ресторан;+7 (495) 132-23-77;;Пречистенская наб., 15, стр. 1, Москва;cevicheria-rest.ru;55.739 37.605;cafe
Танцы food&people, бар-ресторан;;+7 (985) 119-47-09;Пречистенская наб., 15, стр. 2, Москва;dancesfoodpeople.ru;55.739 37.605;cafe
Elysium Hall;+7 (495) 185-00-05, +7 (495) 124-84-28;;Пречистенская наб., 17-19, Москва;elysium-hall.ru;55.740 37.606;cafe
Караоке Hamilton Lounge Bar;+7 (495) 133-60-97;;Пречистенская наб., 17-19, Москва;hamilton-lounge.ru;55.740 37.606;cafe
Everland Moscow, ресторан;;+7 (977) 329-18-18;Староваганьковский пер., 19, стр. 1, Москва;everland.moscow;55.751 37.607;cafe
Лофт кафе 24 часа;;+7 (969) 346-73-96;Берсеневская наб., 6, стр. 3, Москва;loft-moskva.ru;55.741 37.609;cafe
Магадан Веранда;+7 (495) 114-56-55;+7 (905) 573-10-34;Берсеневский пер., 3/10с8, Москва;novikovgroup.ru , delivery.pinskiy.co;55.742 37.609;cafe
Gipsy bar, ночной клуб;+7 (495) 181-12-44, +7 (495) 151-03-51, +7 (495) 181-25-45, +7 (495) 256-30-01, +7 (495) 023-88-58;+7 (916) 306-92-69;Болотная наб., 3, стр. 2, Москва;bargipsy.com;55.740 37.610;cafe
Medusa Asian kitchen bar, ресторан;+7 (499) 702-07-80;;Берсеневский пер., 2, стр. 1, Москва;pinskiy.co , delivery.pinskiy.co;55.741 37.609;cafe
Perfect Pitch, ресторан;;+7 (999) 866-07-39;Берсеневский пер., 5, стр. 2, Москва;pitchrest.ru;55.741 37.610;cafe
Тарас Бульба, корчма;;+7 (903) 796-51-41;Моховая ул., 8, стр. 1, Москва;tarasbulba.ru;55.751 37.610;cafe
Пескаторе;+7 (499) 963-81-33;+7 (909) 963-55-11;Берсеневская наб., 16, стр. 9, Москва;pescatore-moscow.ru;55.743 37.610;cafe
WowMoscow lounge, панорамный ресторан с верандой на крыше;+7 (495) 374-92-99;+7 (965) 163-37-77;Берсеневский пер., 5, стр. 1, Москва;leclick.ru , clck.ru , wowmoscowlounge.ru;55.741 37.610;cafe
Крым terrace Moscow;+7 (495) 297-99-97;+7 (968) 642-66-67, +7 (926) 954-38-08;Болотная наб., 3, стр. 1, Москва;crimeaterracemoscow.ru , crimea.moscow;55.740 37.610;cafe
Foco, ресторан европейской кухни;+7 (495) 568-05-51;;ул. Большая Полянка, 51А/9, Москва;foco.restaurant;55.732 37.621;cafe
Президент-Отель, гостиничный комплекс;+7 (499) 688-90-15, +7 (499) 271-29-20, +7 (499) 325-56-82;;ул. Большая Якиманка, 24, Москва;president-hotel.ru;55.737 37.613;cafe
Высота 5642, ресторан;+7 (495) 135-82-12;;ул. Большая Якиманка, 26, Москва;vysota5642.rest;55.737 37.614;cafe
Mushrooms, итальянский ресторан;+7 (495) 995-21-78, +7 (495) 995-21-77, +7 (495) 725-25-78;;ул. Большая Якиманка, 22, Москва;mushroomsmoscow.ru;55.739 37.615;cafe
Вильям Басс, ресторан;+7 (495) 778-18-74;;улица Малая Якиманка, 9;rmcom.ru;55.740 37.616;cafe
Sally O`Briens, ирландский паб;+7 (495) 959-01-75;;ул. Большая Полянка, 1/3, Москва;sobmoscow.com;55.742 37.616;cafe
Чайхона №1, ресторан;+7 (499) 705-33-33;;ул. Большая Полянка, 1/3, Москва;chaihona.ru , chaihona1.ru;55.742 37.617;cafe
Гараж, ночной клуб-бар;;+7 (917) 515-88-11;улица Большая Полянка, 7/10 ст1;garageclub.ru;55.741 37.617;cafe
The cад, ресторан;+7 (495) 783-81-08, +7 (495) 783-81-09;;Якиманская наб., 4, стр. 1, Москва;thesad.ru;55.740 37.612;cafe
The Waiters, ресторан;+7 (495) 737-80-08, +7 (495) 737-80-09;+7 (985) 096-92-89;Якиманская наб., 4, стр. 1, Москва;thewaiters.ru;55.740 37.612;cafe
William Bass;;+7 (901) 517-40-17;ул. Малая Якиманка, 9, Москва;william-bass.rmcom.ru;55.740 37.616;cafe
Tangiers Lounge;+7 (701) 212-92-55, +7 (777) 910-77-55, +7 (897) 217-77-71;+7 (911) 470-99-99, +7 (988) 365-41-06;Кадашёвская наб., 6/1/2с1, Москва;tangierslounge.ru;55.743 37.617;cafe
Сиеста: вино&паста, ресторан;+7 (499) 394-77-01;;улица Большая Полянка, 30;siesta-cafe.ru;55.735 37.619;cafe
Paulaner brauhaus, пивоваренный ресторан;+7 (495) 380-48-06, +7 (495) 380-48-07;;1-й Казачий пер., 13, Москва;paulaner-brauhaus.ru;55.735 37.620;cafe
Villa Kadashi boutique hotel, гостиница;+7 (495) 953-12-90, +7 (495) 953-16-12;;2-й Кадашёвский переулок, 16 ст1;kadashihotel.com;55.744 37.622;cafe
Кантина Кадаши;+7 (495) 190-72-98;;2-й Кадашёвский пер., 16, стр. 1, Москва;kadashihotel.com;55.744 37.622;cafe
Nostromo, суши-бар;;+7 (925) 513-42-18;ул. Балчуг, 5, Москва;gastro.market;55.747 37.626;cafe
Мзиури, ресторан грузинской кухни;+7 (495) 098-03-36;;Климентовский пер., 14, Москва;mziurirest.ru;55.741 37.627;cafe
Бьёрн, ресторан северной кухни;+7 (495) 953-90-59;;Пятницкая улица, 3/4 ст1;bjorn.rest;55.746 37.627;cafe
Булка, ресторан-пекарня;+7 (495) 108-52-44;;Большой Толмачёвский пер., 4, стр. 1, Москва;bulkabakery.ru;55.741 37.623;cafe
El Asador, ресторан-сидрерия;+7 (495) 953-14-18, +7 (495) 476-61-48, +7 (495) 953-15-64;;ул. Большая Ордынка, 45, стр. 3, Москва;asador.ru;55.735 37.624;cafe
Tutta la vita, итальянский бар-ресторан;+7 (495) 782-18-70, +7 (495) 114-50-20;+7 (904) 567-21-05;ул. Большая Ордынка, 20, стр. 7, Москва;tuttalavita.ru;55.741 37.625;cafe
Энджел Скай;+7 (495) 199-93-09;+7 (926) 804-18-62;ул. Большая Ордынка, 13/9с1, Москва;angel-sky.ru;55.744 37.625;cafe
Burger heroes, бургер-бар;;+7 (967) 091-19-73;ул. Большая Ордынка, 19, стр. 1, Москва;burgerheroes.ru;55.742 37.625;cafe
Лаунж-бар Mr. Atlant;;+7 (966) 324-32-44;ул. Малая Ордынка, 37, Москва;;55.733 37.626;cafe
Бобс;;+7 (925) 495-40-27;ул. Балчуг, 5, Москва;pastabobs.ru;55.747 37.626;cafe
Lure Oysterbar;;+7 (928) 901-15-88;Пятницкая ул., 2/38с1, Москва;lureoysterbar.ru;55.746 37.627;cafe
Masters&Margaritas, бар-ресторан;;+7 (915) 110-05-93, +7 (915) 189-94-63, +7 (915) 041-62-37;Пятницкая улица, 5 ст1;restobarmm.ru;55.745 37.627;cafe
tacobar, мексиканский ресторан;+7 (495) 565-30-13;+7 (964) 942-63-85;Пятницкая улица, 59/19 ст5;tacobar.ru;55.733 37.628;cafe
Бор, ресторан;;+7 (936) 555-25-25;Пятницкая улица, 9/28 ст1;bor.rest;55.744 37.628;cafe
Drinks@Dinners, ресторан авторской кухни;+7 (499) 350-51-60;+7 (966) 183-03-00;Пятницкая улица, 46 ст1;drinks-dinners.ru;55.737 37.628;cafe
Сунжа, халяльный ресторан;;+7 (917) 585-88-17, +7 (903) 583-93-25;Пятницкая ул., 36, Москва;sunzha.rest;55.739 37.628;cafe
Мясной, ресторан;+7 (495) 951-94-40, +7 (495) 790-37-73;;Пятницкая ул., 26, Москва;ch1ef.ru;55.741 37.628;cafe
Prscco, бар-ресторан;;+7 (915) 306-09-31;Пятницкая ул., 24, Москва;prscco.ru;55.741 37.628;cafe
Mitzva Bar;;+7 (925) 059-25-01, +7 (936) 666-30-06;Пятницкая ул., 3/4с1, Москва;mitzva.bar;55.746 37.627;cafe
Профиль Cafe;+7 (495) 252-07-27, +7 (495) 108-59-87, +7 (495) 252-07-24;+7 (985) 828-73-38, +7 (903) 564-15-13;Пятницкая ул., 58, стр. 1, Москва;cafe.profilpro.ru;55.733 37.627;cafe
Концерт;+7 (495) 414-43-98;;Пятницкая ул., 6/1, Москва;koncert.su;55.744 37.628;cafe
Черетто море, ресторан;;+7 (926) 711-15-68;Пятницкая ул., 52, стр. 1, Москва;morey.ceretto.rest , more.ceretto.rest;55.735 37.628;cafe
Такобар;+7 (495) 108-71-27;;Пятницкая ул., 59/19с5, Москва;tacobar.ru;55.733 37.628;cafe
Frank by Баста, ресторан американской кухни;;+7 (926) 031-43-30;Пятницкая ул., 10, стр. 1, Москва;frankmeat.ru;55.744 37.628;cafe
Тарас Бульба, корчма;+7 (499) 673-04-07;;Пятницкая ул., 14, стр. 2, Москва;tarasbulba.ru , korchma-moscow.ru;55.743 37.628;cafe
Touch Chef`s place&bar, ресторан;+7 (495) 055-06-44, +7 (495) 414-13-27;;Садовническая наб., 7, Москва;touchgroup.ru , touch.rest;55.746 37.628;cafe
Молли Гвиннз;+7 (495) 959-58-52;;Пятницкая ул., 24, Москва;rmcom.ru;55.741 37.628;cafe
Джонджоли;+7 (495) 959-54-54;;Пятницкая ул., 29, Москва;ch1ef.ru;55.741 37.629;cafe
Грабли, ресторан фри-фло;+7 (495) 545-08-30;;Пятницкая ул., 27, стр. 1, Москва;grabli.ru , grabli.onelink.me;55.741 37.629;cafe
Osteria Mario, домашний итальянский ресторан;;+7 (968) 706-29-22, +7 (968) 681-21-86, +7 (964) 508-24-95;Пятницкая ул., 25, стр. 1Д, Москва;tigrus.com , tigrus.ru , osteriamario.ru;55.742 37.629;cafe
Хатико, бар;+7 (499) 964-50-33;+7 (991) 967-35-34, +7 (991) 767-35-34;Пятницкая ул., 25, стр. 1Д, Москва;hachikomoscow.ru;55.742 37.629;cafe
Зарядье, гастрономический ресторан;+7 (495) 531-09-50;+7 (985) 681-15-73;ул. Варварка, 6, стр. 3, Москва;zaryadyegastrocenter.ru , rappoport.restaurant;55.750 37.629;cafe
Козловица, чешская пивная;+7 (111) 001-54-14, +7 (495) 258-28-23, +7 (499) 978-80-83, +7 (378) 378-37-83, +7 (105) 263-15-69;+7 (916) 086-94-67;Пятницкая ул., 29, Москва;kozlovica.ru;55.741 37.629;cafe
Старый Стамбул, ресторан;;+7 (903) 136-40-70;Большой Овчинниковский переулок, 16;stariystambul.ru;55.745 37.630;cafe
Северэвер;;+7 (958) 100-35-42;Пятницкий пер., 4, стр. 1, Москва;ceverever.ru;55.743 37.630;cafe
Гроссбир, паб-гриль;+7 (499) 238-88-43, +7 (495) 648-50-56, +7 (499) 238-88-32, +7 (495) 414-38-01;+7 (965) 136-66-52;Большой Овчинниковский пер., 18, стр. 2, Москва;grossbeer.ru;55.744 37.630;cafe
Белфаст, ирландский паб;;+7 (926) 947-12-87;Средний Овчинниковский пер., 1, стр. 13, Москва;belfast-pub.ru;55.745 37.631;cafe
Прогресс Проджект;+7 (499) 322-46-22;+7 (964) 648-86-88;5-й Монетчиковский пер., 3, стр. 1, Москва;progressproject.ru;55.732 37.634;cafe
Osteria Unica;;+7 (985) 928-85-88;Овчинниковская наб., 20, стр. 1, Москва;unicarest.ru;55.744 37.635;cafe
Aquamarine, отель;+7 (495) 580-28-14, +7 (499) 238-13-78, +7 (495) 580-28-38, +7 (499) 230-77-88, +7 (495) 697-03-49, +7 (495) 580-28-29, +7 (495) 951-13-62;;Озерковская набережная, 26;aquamarinehotel.ru;55.739 37.637;cafe
Il pomodoro, ресторан;;+7 (968) 838-77-77;Садовническая улица, 54 ст2;ilpomodoro.ru;55.743 37.639;cafe
Карлсон, видовой ресторан;;+7 (985) 751-19-19, +7 (996) 888-78-88, +7 (958) 777-74-44, +7 (915) 286-06-28;Овчинниковская наб., 20, стр. 1, Москва;karlson-restorant.ru , ginzaproject.ru , ginza.ru , clck.ru;55.744 37.635;cafe
Community, гастрономический ресторан c авторской кухней;+7 (499) 811-08-11;+7 (968) 811-08-11;Космодамианская наб., 2, Москва;communitymoscow.ru;55.746 37.638;cafe
El Gaucho, мясной ресторан;+7 (499) 963-81-63, +7 (495) 953-28-76, +7 (495) 960-02-41;+7 (985) 960-02-41;Зацепский Вал улица, 6/13 ст1;elgaucho.ru;55.733 37.639;cafe
Le carré, ресторан и кондитерская;+7 (495) 374-97-44, +7 (495) 108-47-99;+7 (958) 640-24-66;Садовническая ул., 69, Москва;lecarre.rest;55.737 37.642;cafe
City Space, панорамный бар-ресторан;+7 (495) 221-53-57;;Космодамианская набережная, 52 ст6;cityspacebar.com;55.733 37.644;cafe
Stories, ресторан;+7 (495) 915-35-00;+7 (965) 352-92-17;Котельническая набережная, 1/15 к В;;55.748 37.645;cafe
Импровизация, ресторан-караоке;+7 (495) 959-49-90, +7 (495) 997-29-87;;Садовническая наб., 69, Москва;improvisation-karaoke.ru;55.738 37.640;cafe
Джонджоли;;+7 (916) 149-56-53;ул. Зацепский Вал, 2, стр. 3, Москва;ch1ef.ru;55.733 37.641;cafe
Рыба мечты, ресторан;;+7 (915) 377-73-77;Садовническая ул., 57, стр. 1, Москва;dreamfish.moscow;55.740 37.641;cafe
Пилзнер, чешская пивная;+7 (495) 951-36-89, +7 (499) 841-14-66;;Озерковская наб., 56, Москва;pilsner.ru;55.733 37.641;cafe
Paulaner Brauhaus;+7 (495) 380-48-08, +7 (495) 380-48-09;;Шлюзовая наб., 2/1с1, Москва;paulaner-brauhaus.ru;55.733 37.642;cafe
Кофемания;+7 (495) 781-16-90, +7 (499) 495-15-06;+7 (926) 991-20-00;Садовническая ул., 82, стр. 2, Москва;barmalini.ru , coffeemania.ru , pressdirect.ru;55.735 37.643;cafe
Barmalini, пиццерия;+7 (495) 721-31-82;;Садовническая ул., 82, стр. 2, Москва;barmalini.ru;55.735 37.643;cafe
Акапелла;+7 (495) 221-53-58;;Космодамианская наб., 52, стр. 6, Москва;acapellarestaurant.com;55.733 37.644;cafe
Чиндао, китайский ресторан;;+7 (964) 532-88-65, +7 (903) 729-16-89, +7 (999) 816-79-70, +7 (962) 911-61-15;Яузская ул., 5, Москва;chingdao.ru;55.749 37.645;cafe
Harvey&Monica, панорамный ресторан;+7 (495) 778-80-99;+7 (901) 778-81-99, +7 (901) 778-80-99;Котельническая набережная, 31;harveyandmonica.ru;55.741 37.646;cafe
Будвар, пивной ресторан;+7 (495) 915-15-98;;Котельническая набережная, 33 к1;budwar.ru;55.741 37.648;cafe
Harvey & Monica;+7 (495) 778-81-99;;Котельническая наб., 31, Москва;harveyandmonica.ru;55.742 37.646;cafe
Powerhouse;;+7 (965) 303-33-29;Гончарная ул., 7/4с1, Москва;delivery.pwrhs.moscow , pwrhs.moscow , band.link;55.746 37.646;cafe
Travel, ресторан-бар;+7 (495) 915-73-76;+7 (926) 777-77-08;Верхняя Радищевская ул., 7, стр. 1, Москва;travelrestobar.ru;55.744 37.650;cafe
Дарбази;+7 (495) 915-36-32, +7 (495) 915-06-69;;Николоямская ул., 16/2с7, Москва;darbazirest.ru;55.747 37.651;cafe
Старина Мюллер, пивной ресторан;+7 (495) 797-20-92, +7 (495) 797-20-93;;Воронцовская ул., 35Б, корп. 1, Москва;muller.ru;55.734 37.662;cafe
Brasserie lambic, пивной ресторан;+7 (495) 432-09-09, +7 (495) 125-23-60, +7 (3852) 72-14-69, +7 (383) 304-90-09, +7 (4732) 07-70-87;;Верхняя Радищевская, 15 ст1;lambic.ru;55.743 37.652;cafe
Игоря Бутмана на Таганке, джаз-клуб;+7 (495) 792-21-09;+7 (903) 792-21-09;Верхняя Радищевская ул., 21, Москва;moscow.butmanclub.ru , butmanclub.ru;55.743 37.653;cafe
Aruba seafood&bar, ресторан-бар;;+7 (977) 485-78-70;Народная ул., 4, стр. 1, Москва;arubabar.ru;55.740 37.652;cafe
Pub no pub;;+7 (903) 724-59-04;Таганская площадь, 86/1с1, Москва;pubnopub.ru;55.741 37.653;cafe
Dorffman;+7 (495) 679-86-88;+7 (916) 765-24-42, +7 (968) 040-41-83;Таганская площадь, 12, Москва;dorffman.com;55.740 37.654;cafe
Нью-Йорк пицца и гриль, кафе;+7 (495) 649-01-27;;Серебряническая наб., 29, Москва;ny-pizzagrill.ru;55.750 37.654;cafe
Шагал;+7 (495) 777-13-51;;ул. Земляной Вал, 70, Москва;shagal-restaurant.com;55.744 37.655;cafe
Burger heroes, бургер-бар;;+7 (985) 203-07-62;ул. Александра Солженицына, 1/5, Москва;burgerheroes.ru;55.742 37.655;cafe
Гусятникоff, ресторанный комплекс;+7 (495) 632-75-58;+7 (926) 533-45-25, +7 (904) 567-19-01, +7 (926) 533-44-56;ул. Александра Солженицына, 2А, стр. 2, Москва;gusyatnikoff.ru;55.742 37.657;cafe
IL Патио, итальянский ресторан;;+7 (906) 029-35-13;Таганская улица, 1;ilpatio.ru;55.742 37.656;cafe
Джонджоли;+7 (495) 269-53-33;;Николоямская ул., 28/60, Москва;ch1ef.ru;55.747 37.655;cafe
Канапе 24;+7 (499) 288-84-46;+7 (905) 544-11-09, +7 (985) 160-16-89;ул. Большие Каменщики, 9, стр. Б, Москва;canape24.ru;55.739 37.656;cafe
Теремок, ресторан быстрого питания;;+7 (985) 157-17-66;Таганская ул., 1, стр. 1, Москва;;55.742 37.656;cafe
Югославия, сербский ресторан;+7 (495) 915-31-52;;Николоямская улица, 40/22;yugoslavia-msk.ru;55.747 37.659;cafe
Раковарня Клешни и Хвосты;+7 (495) 665-94-95;;Таганская ул., 1/2с2, Москва;taganka.kleshnihvosti.ru;55.741 37.657;cafe
Суши на районе;+7 (499) 110-01-44, +7 (499) 110-92-00;;Николоямская ул., 38/23с1, Москва;theroomshotel.ru , thegoldenrooms.ru;55.747 37.659;cafe
Парабола, кафе;;+7 (910) 426-25-27;Воронцовская ул., 21, стр. 1, Москва;parabolacafe.ru;55.737 37.659;cafe
Пражка, аутентичный чешский ресторан;+7 (495) 781-26-99;+7 (909) 162-92-99;Воронцовская ул., 35Б, корп. 2, Москва;prazkarest.ru;55.734 37.663;cafe
Баран в казан, грузинский ресторан;+7 (495) 201-72-72;+7 (925) 741-53-60;Марксистская ул., 7, Москва;baranvkazan.ru;55.736 37.665;cafe
Burlesque & Virgins, Virgins;+7 (8312) 62-18-02, +7 (8352) 38-89-90, +7 (495) 921-45-07, +7 (495) 921-22-23, +7 (8432) 03-92-35;;Марксистская ул., 34, корп. 10, Москва;bur-club.ru , bur-vir-promo.ru , virginsclub.ru;55.734 37.664;cafe
Jumeirah lounge;;+7 (929) 501-01-50, +7 (985) 970-49-37;Марксистская ул., 34, корп. 10, Москва;jumeirahlounge.ru;55.734 37.664;cafe
Mishka Vodka Balalaika, семейный ресторан;+7 (499) 714-70-40;+7 (999) 883-20-60;Таганская ул., 38, стр. 1, Москва;mishkabalalaika.ru , restik.com;55.739 37.667;cafe
Джумбус, ресторан;;+7 (985) 221-85-43, +7 (903) 590-34-70;Добровольческая ул., 12, Москва;dzumbus.ru;55.745 37.668;cafe
Буфет, бутик-отель;+7 (495) 600-00-11, +7 (495) 988-28-57;+7 (967) 057-76-42;ул. Александра Солженицына, 46, Москва;cafe-buffet.ru , 9247.hoteels.ru;55.746 37.668;cafe
Mandarin;+7 (495) 723-51-17;+7 (903) 723-51-17, +7 (903) 505-44-93;Таганская ул., 29, стр. 1, Москва;cafetaganka.com;55.740 37.668;cafe
Кукушка;;+7 (903) 109-33-60;Таганская ул., 29, стр. 1, Москва;karaoketaganka.com;55.740 37.668;cafe
Монастырская трапезная;+7 (495) 911-26-07, +7 (495) 911-27-32;;Таганская улица, 58 ст12;hotelpokrovmon.ru;55.739 37.672;cafe
Экспромт, пивной ресторан;+7 (495) 911-58-11;+7 (925) 514-41-82, +7 (968) 968-59-99, +7 (926) 117-72-92;Школьная ул., 48, Москва;expromt.net;55.746 37.677;cafe
Star Lounge;;+7 (925) 990-03-35;Нижегородская ул., 9Г, Москва;star-lounge-rimskaja.clients.site;55.738 37.682;cafe
#Farш, бургерная;+7 (495) 287-24-96;;бул. Энтузиастов, 2, Москва;farshburger.ru;55.746 37.682;cafe
Осетинские-пироги;;+7 (915) 540-32-29;ул. Золоторожский Вал, 11, стр. 21, Москва;осетинские-пироги.москва;55.750 37.703;cafe
Мята Lounge, центр паровых коктейлей;+7 (499) 403-35-65;+7 (901) 339-94-34, +7 (925) 104-64-77;ш. Энтузиастов, 7А, Москва;myata-aviamotornaya.ru , zolotorozhskiy.myataofficial.com;55.749 37.702;cafe
Планета суши;;+7 (903) 720-86-65;ш. Энтузиастов, 12, корп. 2, Москва;planetsushi.ru;55.748 37.705;cafe
Fried chicken, кафе быстрого питания;;+7 (926) 666-11-41, +7 (905) 507-67-33;ш. Энтузиастов, 12, корп. 2, Москва;fried-chicken.ru;55.748 37.706;cafe
Козловица, чешская пивная;+7 (495) 673-12-21;;ш. Энтузиастов, 12, корп. 2, Москва;kozlovica.ru;55.748 37.706;cafe
Гостиница на Смирновской 25;+7 (499) 962-41-26, +7 (499) 962-45-45;+7 (917) 500-17-33;Смирновская ул., 25, стр. 4, Москва;hotel-smirnovskaya.ru;55.736 37.713;cafe
Subway;;+7 (926) 132-10-02;2-я Владимирская ул., 36, Москва;subway.ru;55.751 37.784;cafe
Lion, ресторан;+7 (495) 306-98-25;+7 (903) 540-06-27, +7 (903) 273-52-22;улица Перовская, 61/2;lion-restaurant.com;55.746 37.796;cafe
IL Патио, итальянский ресторан;+7 (495) 132-02-58;;Перовская ул., 61А, Москва;ilpatio.ru;55.745 37.798;cafe
Пипони, пиццерия;;+7 (929) 548-00-00, +7 (929) 546-00-00;Перовская ул., 66, корп. 4, Москва;пиццапипони.рф , pizzapiponi.ru;55.744 37.799;cafe
Гандзак, ресторан;+7 (495) 603-37-09;;Перовская ул., 73, стр. 1, Москва;gandzak.com;55.745 37.811;cafe
Джардино Ди Пино, итальянский ресторан;+7 (495) 539-53-07, +7 (495) 641-24-44;;Зелёный проспект, 62а;giardinodipino.ru;55.751 37.820;cafe
МосКальян;;+7 (966) 166-77-00;Свободный просп., 20А, Москва;mos-lounge.ru , mosfranchise.com;55.751 37.816;cafe
Зависимость 360;+7 (499) 460-59-91;+7 (932) 000-03-60, +7 (901) 256-86-91;Зелёный просп., 62А, Москва;zavisimost.rest;55.751 37.820;cafe
Jeremy`s club, клуб-ресторан;+7 (495) 703-56-00;+7 (925) 377-79-77;Новокосинская улица, 8 к2;jeremysclub.ru;55.734 37.856;cafe
Чайхона №1, ресторан;+7 (499) 746-63-14;;Городецкая ул., 5, Москва;chaihona.ru , chaihona1.ru;55.743 37.867;cafe
Friends&family, домашний ресторан;+7 (495) 412-10-01;+7 (903) 576-38-38;Осенний бульвар, 7 к2;friends-family.ru;55.758 37.406;cafe
Делишес;+7 (499) 792-61-10, +7 (495) 781-37-91;+7 (926) 988-83-95, +7 (906) 792-44-98;Рублёвское ш., 48/1, Москва;edimvkusno.ru;55.754 37.406;cafe
Тануки, сеть японских ресторанов;+7 (499) 530-80-13;;Осенний бул., 9, Москва;tanukifamily.ru;55.758 37.407;cafe
Ян Примус, пивной ресторан;+7 (499) 426-00-27, +7 (499) 658-00-00;;Осенний бул., 7, корп. 1, Москва;yanprimus.ru;55.758 37.407;cafe
Якитория, японские рестораны;+7 (495) 414-50-58;;Осенний бул., 18, корп. 1, Москва;yakitoriya.ru;55.762 37.408;cafe
Мята Lounge, Мята Platinum;;+7 (906) 063-22-22, +7 (977) 484-05-12;Осенний бул., 10, Москва;myata.one;55.758 37.409;cafe
Grill&Garden, ресторан;+7 (495) 123-55-95, +7 (495) 123-55-66;+7 (968) 416-51-91;ул. Народного Ополчения, 3, Москва;grill.garden;55.770 37.474;cafe
Азербайджан, ресторан;+7 (499) 946-34-30, +7 (495) 768-06-23;+7 (985) 768-06-23, +7 (925) 099-93-99, +7 (962) 919-18-18;ул. Демьяна Бедного, 4, Москва;aze-restoran.ru;55.770 37.487;cafe
Мята Lounge, Мята Signature Сердце Столицы;+7 (499) 444-13-00;+7 (985) 299-06-93;Шелепихинская наб., 34, корп. 2, Москва;myata-serdce-stolicy.ru;55.763 37.509;cafe
Мята Platinum;;+7 (926) 036-38-39;Береговой пр., 5А, корп. 4, Москва;myata-platinum-fili.ru;55.756 37.511;cafe
Septa, бар-ресторан;;+7 (915) 064-55-44, +7 (915) 064-99-44, +7 (944) 958-52-49;Большая Филёвская ул., 4, Москва;septa-wine.ru , studioba.ru;55.754 37.513;cafe
Shelby, ресторан-караоке;+7 (495) 252-76-72;+7 (929) 501-54-43;Шелепихинская набережная, 20;shelbybar.ru;55.757 37.519;cafe
Чайхана Райхан;;+7 (965) 102-21-10;4-я Магистральная ул., 18, стр. 1, Москва;rayhan24.ru;55.771 37.518;cafe
оdo sushi bar;;+7 (977) 444-15-50;Шмитовский пр., 39, корп. 1, Москва;odosushi.ru;55.754 37.523;cafe
Шашлык на углях;;+7 (964) 888-79-79, +7 (936) 111-05-66, +7 (963) 111-05-66, +7 (926) 549-30-55;1-я Магистральная ул., 8, стр. 7, Москва;shashliknauglyah.ru;55.769 37.527;cafe
Sigma, ресторан;;+7 (962) 922-88-99;улица Сергея Макеева, 9 к3;;55.762 37.551;cafe
Khajuraho, ресторан индийской кухни;+7 (499) 256-81-36, +7 (499) 256-72-02;+7 (962) 948-70-24;Шмитовский проезд, 14;khajuraho.ru;55.758 37.551;cafe
Нар-Шараб, ресторан;+7 (495) 643-06-44, +7 (495) 003-17-76;+7 (909) 906-49-45, +7 (926) 977-22-70;ул. Литвина-Седого, 10, стр. 2, Москва;patodesign.ru , narsharab.rest , narsharab.net;55.762 37.539;cafe
Якитория, японские рестораны;+7 (499) 256-57-16;;Шмитовский пр., 16, стр. 2, Москва;yakitoriya.ru;55.758 37.547;cafe
Чашки, кафе;+7 (495) 532-78-07;;Шмитовский пр., 16, стр. 2, Москва;chashki.ru;55.758 37.547;cafe
Мята Lounge, центр паровых коктейлей;;+7 (985) 381-45-35;Шмитовский пр., 16, стр. 2, Москва;presnya.myataofficial.com;55.758 37.547;cafe
Лавка раков, магазин морепродуктов;+7 (499) 444-07-45;+7 (991) 788-39-11;Шмитовский пр., 16, стр. 1, Москва;lavkarakov.com;55.759 37.550;cafe
Steak and beer corner, стейк-хаус;;+7 (977) 380-23-18;ул. Сергея Макеева, 4, Москва;sabcorner.ru;55.759 37.551;cafe
Чаiка;;+7 (977) 582-76-26;Краснопресненская наб., 12А, Москва;restoran-chaika.ru;55.753 37.556;cafe
Lobby Bar;+7 (495) 258-15-00, +7 (495) 258-16-99, +7 (495) 258-16-36, +7 (495) 258-16-72, +7 (495) 150-33-60;+7 (985) 120-81-75;Краснопресненская наб., 12, Москва;bar24.wtcmoscow.ru , wtcmoscow.ru;55.754 37.558;cafe
Китайский сад, ресторан;+7 (495) 967-06-17, +7 (495) 967-05-86;;Краснопресненская набережная, 12;chinagarden.ru;55.755 37.557;cafe
Sabor de la vida;+7 (495) 191-18-62;+7 (926) 222-30-22, +7 (926) 222-71-22;улица 1905 года, 10 ст1;sabordelavida.ru;55.768 37.559;cafe
Шинок, ресторан;+7 (495) 651-81-01;;ул. 1905 года, 2, Москва;;55.755 37.560;cafe
Казбек, грузинский ресторан;+7 (495) 651-81-00, +7 (495) 476-48-53;;ул. 1905 года, 2, Москва;mykazbek.ru;55.755 37.560;cafe
Beloque, ресторан;;+7 (977) 266-01-36;улица Рочдельская, 15 ст26;beloque.ru , tweb.link;55.755 37.561;cafe
Touche, винный бар;+7 (495) 798-78-28;;улица Рочдельская, 15 ст22;touchewinebar.ru;55.756 37.563;cafe
Rfr гриль, ресторан;+7 (495) 258-16-98, +7 (495) 258-12-12, +7 (495) 258-16-92, +7 (495) 252-16-98, +7 (495) 258-14-56;;Краснопресненская наб., 12, Москва;rfrgrill.ru , wtcmoscow.ru;55.754 37.558;cafe
Вкус жизни;+7 (499) 325-34-72, +7 (499) 259-00-06;+7 (915) 266-00-06;ул. 1905 года, 10, стр. 1, Москва;sdlv.ru;55.768 37.559;cafe
Донна Маргарита, ресторан;+7 (499) 682-70-00, +7 (499) 682-70-01;+7 (916) 339-68-83;ул. 1905 года, 2, стр. 1, Москва;novikovgroup.ru;55.756 37.560;cafe
Boom boom room, караоке-бар;+7 (495) 532-19-05;+7 (904) 567-19-60, +7 (929) 632-06-86;ул. 1905 года, 2, стр. 1, Москва;boom-boom-room.ru;55.755 37.560;cafe
Jagger hall, банкетный зал;;+7 (965) 436-40-81, +7 (903) 961-75-65;Рочдельская ул., 15, стр. 30, Москва;jagger-banket.ru , jagger-hall.ru;55.756 37.561;cafe
Раковарня на Трёхгорке, ресторан;;+7 (967) 071-10-13;Рочдельская ул., 15, стр. 30, Москва;;55.756 37.561;cafe
Заварка, ресторан-клуб;;+7 (932) 999-07-07;Рочдельская ул., 15, стр. 30, Москва;tap.link;55.756 37.561;cafe
Secret room, ночной клуб;;+7 (994) 333-38-88, +7 (925) 450-29-49;Рочдельская ул., 15, стр. 30, Москва;secretroommoscow.com;55.756 37.562;cafe
Uhvat, ресторан русской современной кухни;;+7 (977) 125-51-77;Рочдельская ул., 15, стр. 41, Москва;uhvat.delivery , uhvat.restaurant;55.756 37.562;cafe
Memo, бар-ресторан;+7 (495) 788-00-08;;Рочдельская ул., 15, стр. 35, Москва;memobar.ru;55.757 37.563;cafe
Пилзнер, чешская пивная;+7 (499) 253-40-03;+7 (915) 346-37-74;ул. Пресненский Вал, 4/29, Москва;pilsner.ru;55.764 37.564;cafe
Soluxe Club, китайский ресторан;+7 (495) 785-77-70;+7 (985) 200-81-94;Кутузовский проспект, 2/1 ст6;soluxeclub.com;55.752 37.567;cafe
sonata, японский ресторан;+7 (499) 136-59-86;;Большой Тишинский пер., 45, Москва;sonata-food.ru;55.769 37.567;cafe
Матрешка, ресторан;+7 (495) 025-25-65, +7 (495) 739-70-00, +7 (495) 025-65-25;;Кутузовский проспект, 2/1 ст6;matryoshka-rest.ru;55.752 37.567;cafe
Winewood Moscow;+7 (846) 373-30-47;;улица Красная Пресня, 32-34 ст3;winewood.moscow;55.763 37.568;cafe
Cepage Kitchen & Bar, ресторан;;+7 (999) 991-75-55;улица Красная Пресня, 32-34 ст3;winewood.moscow , cepage.rest;55.763 37.568;cafe
Playce;+7 (495) 175-21-75;;Рочдельская ул., 15с11-11А, Москва;playce.club;55.756 37.564;cafe
Gem;;+7 (968) 599-90-90;Ходынская ул., 2, Москва;gem-restaurant.ru;55.771 37.564;cafe
Джон Булл Паб;+7 (495) 252-55-40, +7 (499) 252-41-55;;ул. Красная Пресня, 25, стр. 1, Москва;rmcom.ru;55.762 37.565;cafe
Преснявары, кафе;+7 (499) 253-94-85;;Столярный пер., 7, стр. 1, Москва;presnyavarybar.ru;55.764 37.566;cafe
Синла, ресторан корейской кухни;;+7 (968) 870-00-80;Рочдельская ул., 15, стр. 1, Москва;sinla.moscow;55.757 37.566;cafe
Банкет двор, банкетный зал;;+7 (926) 976-11-80, +7 (916) 103-14-62, +7 (926) 804-11-52, +7 (926) 815-06-28, +7 (904) 567-20-89;ул. Пресненский Вал, 19, стр. 1, Москва;zoon.ru , banketdvor.ru , restoran-banket-dvor.ru , banket-dvor.ru;55.771 37.567;cafe
Муллык, банкетный зал татарской кухни;;+7 (915) 487-72-34, +7 (925) 289-20-33, +7 (926) 511-08-09;ул. Пресненский Вал, 19, стр. 1, Москва;tatbanket.ru;55.771 37.567;cafe
The toy, ресторан;+7 (495) 232-98-89;;Рочдельская ул., 15, стр. 44, Москва;thetoymoscow.ru;55.756 37.567;cafe
Матрёшка;+7 (499) 642-41-08;;Кутузовский просп., 2/1с6, Москва;matryoshka-rest.ru;55.752 37.567;cafe
Maroon, ресторан с атмосферой Востока;+7 (793) 945-31-25, +7 (885) 742-18-75, +7 (461) 914-06-25, +7 (495) 727-67-71;+7 (985) 727-67-71, +7 (905) 273-43-75, +7 (973) 632-81-25, +7 (985) 727-61-71, +7 (920) 898-43-75, +7 (989) 257-81-25;Кутузовский проспект, 2/1 ст6;maroon.rest;55.752 37.568;cafe
Ichiban boshi, японский ресторан;+7 (499) 790-03-79;;ул. Красная Пресня, 22, Москва;ichiban.ru;55.762 37.571;cafe
Узоры, ресторан авторской кухни;+7 (495) 792-68-44, +7 (499) 302-09-65;;Краснопресненская наб., 2/1, Москва;uzory.moscow;55.755 37.569;cafe
Брюс Ли;;+7 (985) 768-51-71;Столярный пер., 3, корп. 13, Москва;bruceleebar.ru;55.764 37.569;cafe
Дымзавод;;+7 (925) 431-47-97;Столярный пер., 3, корп. 17, Москва;dymzavod.ru;55.765 37.569;cafe
La maree, гастрономический ресторан;+7 (495) 609-39-25;+7 (966) 385-00-00;Малая Грузинская ул., 23, стр. 1, Москва;algosoftmedia.com , la-maree.ru , lamaree.ru;55.766 37.572;cafe
Bella pasta, итальянский ресторан;+7 (495) 230-73-00;;улица Красная Пресня, 6/2 ст1;bellapasta.ru;55.761 37.575;cafe
Correa`s, ресторан;+7 (495) 933-76-77;;улица Большая Грузинская, 32 ст3;correas.ru;55.768 37.579;cafe
Высотка, развлекательный центр;+7 (495) 605-12-91, +7 (499) 252-15-05, +7 (499) 252-23-09;+7 (965) 152-63-37;Кудринская площадь, 1, стр. 1, Москва;visotka-club.ru;55.759 37.580;cafe
Shushas;+7 (495) 646-84-36;;ул. Новый Арбат, 36, стр. 3, Москва;ssbkaraoke.ru , ssbsferum.ru , shusha.ru;55.753 37.575;cafe
Магадан, ресторан;+7 (495) 098-02-12, +7 (495) 098-02-11;;Дружинниковская ул., 30, стр. 1, Москва;novikovgroup.ru , pinskiy.co , delivery.pinskiy.co;55.759 37.576;cafe
Zoo beer&grill, ресторан;+7 (495) 114-51-93;+7 (926) 176-16-82, +7 (965) 145-04-34;Конюшковская ул., 34, стр. 1, Москва;zoogrill.ru;55.760 37.579;cafe
Osteria Mario;;+7 (966) 371-17-02;Баррикадная ул., 21/34с3, Москва;osteriamario.ru;55.760 37.579;cafe
Correas;+7 (495) 933-46-84;;Большая Грузинская ул., 32-34с3, Москва;correas.ru;55.768 37.579;cafe
Eshak, ресторан;+7 (495) 146-43-03;+7 (925) 333-21-21;ул. Новый Арбат, 21, стр. 1, Москва;arbat.eshak.ru , eshak.ru;55.752 37.584;cafe
HookahPlace Орден;;+7 (995) 500-04-09, +7 (985) 668-31-30;Баррикадная ул., 2/1с1, Москва;hp-orden.ru;55.760 37.583;cafe
Selfie, ресторан;+7 (495) 161-88-88, +7 (495) 995-85-03;;Новинский бул., 31, Москва;selfiemoscow.ru;55.758 37.583;cafe
Стриптиз клуб Xclub;+7 (495) 877-38-50;+7 (999) 916-20-86;ул. Новый Арбат, 21, стр. 1, Москва;xclubmoscow.com;55.752 37.584;cafe
Cihan steak and kebab, ресторан турецкой кухни;+7 (495) 787-75-89, +7 (495) 787-75-88, +7 (528) 659-00-00;+7 (985) 226-21-21;ул. Новый Арбат, 21, стр. 1, Москва;novikovgroup.ru , cihan.moscow , mastercard.ru;55.752 37.585;cafe
Duets, караоке-ресторан;+7 (495) 011-16-30;+7 (966) 011-16-30, +7 (903) 666-40-73;Садовая-Кудринская улица, 2/62/35 ст2;karaoke-duets.ru;55.759 37.585;cafe
Vintage77, караоке-ресторан;;+7 (903) 796-55-85, +7 (903) 796-13-11;улица Большая Никитская, 60 ст1;vintage77.moscow;55.759 37.586;cafe
Чайхона №1, ресторан;+7 (495) 507-00-21;;ул. Новый Арбат, 21, Москва;chaihona.ru , chaihona1.ru;55.752 37.586;cafe
Старый Фаэтон, ресторан;;+7 (903) 960-00-11;улица Поварская, 52/55 ст7;starifaeton.ru;55.758 37.586;cafe
Artest, ресторан Аркадия Новикова;+7 (499) 530-80-87;+7 (926) 861-53-53;Трубниковский переулок, 15 ст2;artest.rest;55.754 37.587;cafe
Assunta Madre, итальянский рыбный ресторан;+7 (495) 730-66-66, +7 (495) 154-50-25;;улица Поварская, 52/55 ст2;assuntamadre.ru;55.757 37.587;cafe
Harat`s pub, ирландский паб;;+7 (985) 250-24-24;ул. Новый Арбат, 24, Москва;haratsarbat.ru , moscow.harats.com;55.753 37.587;cafe
Steak it easy, демократичный хоспер-бар;;+7 (995) 333-15-96;ул. Новый Арбат, 21, стр. 1, Москва;steakiteasy.ru;55.752 37.587;cafe
Mtabari, грузинский ресторан;;+7 (925) 001-77-00;ул. Красина, 27, стр. 1, Москва;mtabari.ru;55.770 37.585;cafe
Carrochi, итальянский ресторан;;+7 (925) 111-77-00;ул. Красина, 27, стр. 1, Москва;carrochi.ru;55.769 37.585;cafe
Big Wine Freaks, винный бар;+7 (495) 968-30-60;;Большая Никитская ул., 62, стр. 3, Москва;bigwinefreaks.ru;55.759 37.585;cafe
Duets;+7 (499) 642-42-53;;Садовая-Кудринская ул., 2/62/35с2, Москва;karaoke-duets.ru;55.759 37.585;cafe
Bodega;+7 (495) 796-13-44;+7 (903) 796-13-44;Большая Никитская ул., 60, стр. 1, Москва;bodega.moscow;55.759 37.586;cafe
Ресторан-караоке Vintaж77;+7 (495) 796-13-11, +7 (495) 796-55-85;;Большая Никитская ул., 60, стр. 1, Москва;vintage77.moscow , vintage77.ru;55.759 37.586;cafe
Music Point;+7 (499) 283-20-84, +7 (495) 414-49-53, +7 (499) 283-13-99;+7 (915) 394-94-94;ул. Новый Арбат, 21, Москва;musicpoint.club;55.752 37.586;cafe
Matchpoint, спортбар;+7 (499) 283-13-46, +7 (495) 476-40-60, +7 (499) 283-08-51;;ул. Новый Арбат, 21, стр. 1, Москва;matchpoint-club.com;55.752 37.586;cafe
Lumicino;+7 (495) 260-00-88;;Большая Никитская ул., 58, Москва;lumicino.rest;55.759 37.586;cafe
Assunta Madre;+7 (495) 154-70-21;;Поварская ул., 52/55с2, Москва;assuntamadre.ru;55.757 37.587;cafe
Московский Столичный клуб;+7 (495) 922-40-30;+7 (985) 290-30-30;Поварская ул., 50/53с1, Москва;restcdl.ru , moscowcapitalclub.com;55.757 37.587;cafe
Farang;;+7 (925) 222-55-54;Малая Никитская ул., 24, стр. 1, Москва;farang.rest;55.759 37.587;cafe
Ресторан & бар Chesterfield;;+7 (905) 775-75-11, +7 (968) 741-52-42;ул. Новый Арбат, 19, стр. 1, Москва;chester-flyer.ru , chesterfield-bar.ru;55.752 37.589;cafe
Grace bistro, ресторан;+7 (495) 900-10-61;;улица Спиридоновка, 25/20 ст1;gracebistro.ru;55.763 37.589;cafe
Китайские новости, китайский ресторан;+7 (495) 960-87-46;;ул. Новый Арбат, 17, Москва;chinanews.moscow;55.752 37.590;cafe
Frank by Баста, ресторан американской кухни;;+7 (926) 031-58-11;ул. Новый Арбат, 17, Москва;frankmeat.ru;55.752 37.591;cafe
Много лосося, суши-бар;+7 (499) 288-13-24;+7 (925) 005-14-19;ул. Красина, 9, стр. 1, Москва;thapl.com , mnogolososya.ru;55.767 37.588;cafe
Цветение Сакуры, ресторан японской кухни;+7 (499) 254-08-05, +7 (495) 668-63-98;+7 (963) 658-32-10, +7 (903) 791-85-85;ул. Красина, 7, стр. 1, Москва;sakura-restaurant.ru;55.767 37.588;cafe
Grace Bistro;+7 (495) 414-21-81;;ул. Спиридоновка, 25/20с1, Москва;gracebistro.ru;55.763 37.589;cafe
Mina, итало-ливанский ресторан;+7 (499) 390-50-90;;Малая Никитская ул., 16/5, Москва;probka.org;55.759 37.591;cafe
Nегодники, рыбный ресторан;;+7 (985) 190-88-88;улица Спиридоновка, 26;;55.762 37.592;cafe
Navat, дом восточной кухни;+7 (495) 225-52-25, +7 (495) 098-01-52;+7 (910) 420-82-22, +7 (910) 420-84-44;ул. Новый Арбат, 15, Москва;chaihananavat.ru;55.752 37.592;cafe
Мумий Тролль Music Bar, ресторан-бар с живой музыкой;;+7 (977) 354-15-15;ул. Новый Арбат, 15, Москва;mumiytrollbar.com;55.752 37.592;cafe
ПЕНТА, гастробар;+7 (495) 787-44-33;;улица Новый Арбат, 15;pentamoscow.ru;55.752 37.593;cafe
Якитория, японские рестораны;+7 (499) 250-56-70;;1-я Тверская-Ямская ул., 7, Москва;yakitoriya.ru;55.772 37.592;cafe
Chakrulo, грузинский ресторан;+7 (495) 227-27-74;+7 (905) 555-85-15, +7 (985) 227-27-74;улица Новый Арбат, 15 ст1;chakrulo.moscow;55.752 37.593;cafe
Чайхона №1, ресторан;+7 (499) 251-67-61;;1-я Тверская-Ямская ул., 7, Москва;chaihona.ru , chaihona1.ru;55.772 37.593;cafe
Пилзнер, чешская пивная;;+7 (985) 488-59-29;1-я Тверская-Ямская ул., 7, Москва;pilsner.ru;55.771 37.593;cafe
RedBox, кафе;+7 (495) 476-34-90;;ул. Новый Арбат, 15, Москва;redbox.rest;55.752 37.593;cafe
Mama Juana, ресторан;;+7 (939) 888-00-77;1-я Брестская улица, 10 ст4;mamajuana-restaurant.ru;55.770 37.594;cafe
Волки & Ёлки, гриль-бар;;+7 (916) 340-07-66;ул. Новый Арбат, 15, Москва;volkiyolki.ru;55.752 37.592;cafe
800 contemporary steak, мясной ресторан;+7 (499) 271-09-75;;Большой Патриарший пер., 6, стр. 1, Москва;800degreesmoscow.ru , ilfornogroup.ru;55.763 37.592;cafe
Зойка;+7 (495) 103-10-03;;Большой Патриарший пер., 8, стр. 1, Москва;zoykarest.ru;55.763 37.593;cafe
302-Бис;+7 (495) 970-06-19, +7 (495) 775-94-61;+7 (968) 894-19-60, +7 (903) 260-30-13, +7 (916) 918-37-43;Большая Садовая ул., 10, Москва;dombulgakova.ru;55.767 37.594;cafe
Margarita bistro, европейское бистро;+7 (495) 818-99-88;;Малая Бронная ул., 28, Москва;margarita.lucky-group.ru;55.764 37.594;cafe
Якитория, японские рестораны;+7 (495) 690-43-11;;ул. Новый Арбат, 10, Москва;yakitoriya.ru;55.753 37.594;cafe
Mama tuta на Патриарших, ресторан грузинской кухни;+7 (499) 399-50-90, +7 (499) 399-40-90;;Малая Бронная, 24 ст1;probka.org;55.763 37.595;cafe
Pino restaurant bar, ресторан;;+7 (977) 783-99-04, +7 (901) 187-90-40;Малая Бронная, 21/13 ст1;pinorestaurantbar.ru;55.763 37.595;cafe
Butler, итальянский ресторан;+7 (495) 150-45-86;+7 (999) 099-90-55;Трёхпрудный пер., 15, Москва;delivery.butler.rest , ginza.ru , clck.ru , butler.rest;55.766 37.596;cafe
№13, гастрономический ресторан;+7 (495) 695-58-88;;Малая Бронная ул., 13, Москва;novikovgroup.ru , pinskiy.co , 13restaurant.ru , delivery.pinskiy.co;55.760 37.596;cafe
Lou lou, французский ресторан;+7 (499) 503-73-94;;Малая Бронная, 10 ст1;loulou.rest;55.761 37.597;cafe
Хорошая девочка, ресторан c современным взглядом на гастрономию;+7 (499) 503-73-97;;Малая Бронная ул., 10, стр. 1, Москва;xdevochka.rest;55.761 37.596;cafe
Focacceria, итальянское кафе;+7 (495) 626-47-10;;Малая Бронная ул., 26, стр. 1, Москва;focacceria-moscow.com;55.763 37.594;cafe
Rossini;+7 (495) 740-43-04;;Поварская ул., 11, стр. 1, Москва;rossini.rest , rossini.rappoport.restaurant;55.754 37.594;cafe
Patriki;+7 (495) 098-01-20;;Малая Бронная ул., 21/13с2, Москва;patriki.rest;55.763 37.595;cafe
Happy end bar&kitchen, бар;+7 (495) 220-25-05;+7 (985) 220-25-05;Спиридоньевский пер., 9, стр. 1, Москва;happyendmsc.ru;55.762 37.595;cafe
Sous sol;;+7 (966) 666-78-42;Трёхпрудный пер., 11/13с2, Москва;soussol.ru;55.765 37.595;cafe
Burger Heroes;;+7 (985) 183-48-04;Триумфальная площадь, 2/2, Москва;burgerheroes.ru;55.770 37.595;cafe
Lureme, рыбный ресторан-бар;+7 (495) 098-20-98, +7 (495) 098-02-09, +7 (495) 098-02-98;;Малая Бронная ул., 19, Москва;lureme.ru;55.762 37.595;cafe
Lou lou;;+7 (939) 555-73-16;Малая Бронная ул., 10, стр. 1, Москва;;55.761 37.596;cafe
Море на Патриках, ресторан;;+7 (925) 501-88-88;Малый Козихинский пер., 10, стр. 1, Москва;patriki.moremoscow.ru , moremoscow.ru;55.764 37.596;cafe
Голос, кафе-караоке;;+7 (925) 111-17-74, +7 (925) 111-17-75;Малая Бронная ул., 10, стр. 1, Москва;golosbar.ru , karaokeclub-golos.ru;55.760 37.597;cafe
Borough;+7 (495) 799-19-44;;Большая Садовая ул., 14, стр. 6, Москва;borough.clients.site;55.767 37.597;cafe
Cape, ресторан авторской кухни;+7 (495) 740-35-35;;Большой Палашёвский пер., 2/12, Москва;caperest.ru;55.763 37.597;cafe
Аист, ресторан итальянской кухни;+7 (499) 940-70-30, +7 (499) 940-70-40;+7 (985) 470-70-30;Малая Бронная, 8/1;aistcafe.ru , aistdelivery.ru;55.760 37.597;cafe
Tsunami Sushi&Cocktails, азиатский ресторан-бар;+7 (495) 291-31-97;+7 (916) 740-60-60;Благовещенский переулок, 1а;tsunami.rest;55.767 37.597;cafe
Рыбный Базар, ресторан;+7 (495) 650-54-44;+7 (985) 260-54-44;Трёхпрудный переулок, 10/2 ст2;r-bazar.ru , rbazar.ru;55.766 37.598;cafe
Dry & Wet, коктейльный бар;;+7 (929) 608-03-78;Тверская улица, 27 ст1;dcwp.ru;55.768 37.598;cafe
Хмель&Эль, пивной ресторан;+7 (495) 650-30-57;;Трёхпрудный переулок, 4 ст1;hmel-el.ru;55.765 37.599;cafe
Генацвале Терраса;;+7 (965) 188-81-18, +7 (917) 585-20-20;ул. Новый Арбат, 11, стр. 2, Москва;genatsvale-terrasa.ru;55.752 37.597;cafe
Shiba;+7 (495) 276-70-67, +7 (495) 280-28-00;;Большой Палашёвский пер., 1/14с1, Москва;shibarest.ru;55.764 37.597;cafe
IL Патио, итальянский ресторан;;+7 (965) 319-24-20;1-я Тверская-Ямская ул., 2, стр. 1, Москва;ilpatio.ru;55.770 37.597;cafe
Valdo prosecco bar, винный бар;+7 (499) 704-03-28;+7 (968) 581-91-66;1-я Тверская-Ямская ул., 2, стр. 1, Москва;valdo-bar.ru;55.770 37.597;cafe
Тенили, ресторан;+7 (495) 367-10-20;+7 (902) 469-32-07;Благовещенский пер., 1А, Москва;tenili.ru;55.767 37.597;cafe
Рыбный базар;+7 (495) 699-29-51;;Трёхпрудный пер., 10/2с2, Москва;r-bazar.ru;55.766 37.598;cafe
Джонджоли;;+7 (968) 595-73-16;Тверская ул., 30/2с1, Москва;ch1ef.ru;55.770 37.598;cafe
Палаццо Дукале;+7 (495) 789-64-03, +7 (495) 789-64-04;+7 (901) 517-71-73;Тверской бул., 5, Москва;palazzodukale.ru;55.759 37.598;cafe
Primitivo, ресторан;+7 (495) 201-32-60;;Никитский бул., 25, Москва;primitivo.ru;55.757 37.598;cafe
El idilio, ресторан;+7 (495) 650-48-04;+7 (916) 841-44-23;Благовещенский пер., 3, стр. 1, Москва;elidilio.ru;55.768 37.598;cafe
Месопотамия, ресторан;;+7 (967) 212-00-04;ул. Арбат, 4, стр. 1, Москва;mezopotamia.ru;55.752 37.598;cafe
Osteria Unica, итальянский ресторан;+7 (495) 101-00-57, +7 (495) 111-50-85;+7 (925) 111-50-85, +7 (926) 447-89-14;Благовещенский пер., 10, стр. 2, Москва;unica-ristorante.ru;55.768 37.598;cafe
Гейша супермен;;+7 (985) 534-62-09;Тверской бул., 7, Москва;;55.759 37.599;cafe
Lucky Izakaya Bar;+7 (495) 189-78-88;;Калашный пер., 9, Москва;luckyizakaya.lucky-group.ru;55.757 37.600;cafe
Циники, био-бистро;;+7 (915) 155-16-20;Богословский переулок, 8/15 ст1;cynicvegan.ru;55.763 37.600;cafe
Loro, ресторан традиционной итальянской кухни;+7 (495) 818-98-18;;улица Большая Никитская, 21;lucky-group.rest , loro.lucky-group.ru;55.757 37.600;cafe
Л.Е.С., ресторан;;+7 (925) 887-00-23, +7 (925) 887-01-83;Тверской бул., 9, Москва;chef.ru , lesrestaurant.ru;55.759 37.599;cafe
Simach в Недальнем;;+7 (965) 438-70-86;Тверской бул., 15, стр. 2, Москва;novikovgroup.ru;55.760 37.600;cafe
Русский паб, гастробар;+7 (495) 744-63-61, +7 (495) 744-34-36, +7 (495) 476-41-79;;Тверской бул., 10, стр. 1, Москва;ruspub.ru;55.759 37.600;cafe
Вино в Большом Городе;;+7 (925) 393-94-39;Никитский бул., 12, Москва;bigwine.city;55.755 37.601;cafe
Le Petit Paris;;+7 (925) 107-37-66;Большая Бронная ул., 23, стр. 3, Москва;hotel-deparis.ru;55.763 37.601;cafe
Довлатов, ресторан;+7 (495) 968-17-27;;Воротниковский пер., 11, стр. 1, Москва;dovlatov.restaurant;55.771 37.601;cafe
Maya, ресторан;+7 (495) 189-89-89;;улица Большая Никитская, 24/1 ст6;lucky-group.rest , maya.lucky-group.ru;55.757 37.602;cafe
Миядзаки, ресторан паназиатской кухни;;+7 (966) 079-79-97;Нижний Кисловский переулок, 5 ст1;;55.754 37.603;cafe
Юг 22, ресторан;+7 (495) 260-70-07;;Большая Никитская ул., 22/2, Москва;yug22.ru;55.757 37.603;cafe
Dukh;;+7 (917) 262-95-95;Большая Никитская ул., 24/1с5, Москва;cnct.es;55.757 37.602;cafe
4/1, уютный ресторан;;+7 (905) 718-56-18;Калашный пер., 4, Москва;fourslashone.ru;55.754 37.603;cafe
Crafter Bar, неоновый бар с авторскими коктейлями;;+7 (910) 050-44-23, +7 (968) 029-88-42;Малый Палашёвский пер., 6, Москва;crafterbar.ru;55.765 37.602;cafe
Village House.ru;;+7 (916) 182-85-00;Тверской бул., 20, стр. 1, Москва;village-house.ru , village-house.eu;55.761 37.603;cafe
Виски Румс;;+7 (926) 532-20-50, +7 (980) 697-78-22;Леонтьевский пер., 8, стр. 1, Москва;whiskyrooms.ru;55.759 37.603;cafe
She, ресторан;+7 (499) 110-91-19, +7 (495) 136-00-00;;Большая Никитская ул., 15, стр. 1, Москва;she.wrf.su;55.757 37.604;cafe
Sun&moon, ресторан;+7 (495) 136-96-61;;Большая Никитская ул., 15, стр. 1, Москва;sunmoon.msk.ru;55.757 37.604;cafe
Сэлэнгэ, ресторан бурят-монгольской кухни;+7 (495) 650-30-27;+7 (915) 001-34-45;улица Малая Дмитровка, 23/15 ст1;selenge.ru;55.770 37.605;cafe
Резиденция, кафе-бар;;+7 (925) 123-77-99;Пушкинская площадь, 3, Москва;residence-bar.ru , chester-flyer.ru;55.766 37.605;cafe
Share, бистро;+7 (495) 105-92-77;;Вознесенский пер., 5, стр. 1, Москва;breakfest.saltmagazine.ru , sharecafe.ru;55.758 37.604;cafe
Волна;+7 (495) 025-00-15;;Большой Гнездниковский пер., 5, Москва;rest-volna.ru;55.763 37.604;cafe
Терранео;+7 (495) 937-30-70;;Вознесенский пер., 7, Москва;marriott.com.ru;55.758 37.604;cafe
Bar Disco 90;+7 (495) 369-69-90;+7 (916) 255-90-90;Настасьинский пер., 4, корп. 2, Москва;bardisco90.ru;55.767 37.604;cafe
Турандот, ресторан паназиатской кухни с дворцовым интерьером;+7 (495) 739-00-11, +7 (495) 449-72-58;+7 (915) 232-80-15, +7 (916) 600-78-61;Тверской бул., 26, стр. 3, Москва;turandot-palace.ru;55.763 37.604;cafe
Under, центр паровых коктейлей;;+7 (968) 953-52-42, +7 (916) 955-75-31;Средний Кисловский пер., 3, стр. 1А, Москва;under-lounge.ru;55.755 37.604;cafe
Сезоны;+7 (499) 404-17-64, +7 (499) 286-95-54;+7 (926) 928-29-88, +7 (958) 111-90-55, +7 (929) 585-99-28, +7 (926) 465-78-00, +7 (999) 666-00-22;Дегтярный пер., 8, стр. 2, Москва;restseasons.ru , friendlyinn.ru;55.768 37.605;cafe
Ленский, ресторан;+7 (495) 111-21-00, +7 (495) 201-02-22;+7 (915) 204-99-22, +7 (901) 717-15-91, +7 (991) 652-08-09;Настасьинский пер., 5, стр. 1, Москва;otel-pushkin.com , otel-pushkin.ru;55.767 37.605;cafe
Фаренгейт, ресторан авторской кухни;+7 (495) 651-81-70;;Тверской бул., 26, Москва;rest-f.ru;55.763 37.605;cafe
Армения, ресторан;+7 (495) 629-19-54;+7 (929) 655-77-48;Тверская ул., 17, Москва;restoranarmeniya.ru;55.764 37.605;cafe
Ugolёk, ресторан;+7 (495) 692-00-09, +7 (495) 629-02-11;+7 (999) 807-02-11;Большая Никитская ул., 12, Москва;delivery.ugolek.moscow , ugolek.moscow;55.756 37.607;cafe
Библиitека, ресторан;+7 (495) 648-68-78;;Большой Путинковский пер., 5, Москва;bibliiteka.ru;55.767 37.607;cafe
Северяне, гастрономический ресторан;+7 (499) 348-83-32;+7 (977) 191-91-16, +7 (991) 588-51-40;Большая Никитская ул., 12, стр. 1, Москва;severyane.moscow;55.756 37.606;cafe
Craft Republic;;+7 (965) 112-66-71;Малый Гнездниковский пер., 9, стр. 2, Москва;craftrepublic.ru;55.763 37.606;cafe
Гастропаб Челси;;+7 (939) 555-34-21;Малый Гнездниковский пер., 12, стр. 27, Москва;chelsea-pub.ru;55.762 37.606;cafe
Все твои друзья;;+7 (985) 991-66-10;Малый Гнездниковский пер., 12, Москва;;55.763 37.607;cafe
Yura Restaurant & Bar;+7 (495) 587-77-25;+7 (977) 691-66-45;Страстной бул., 2, Москва;yuramoscow.ru;55.765 37.607;cafe
Arts Palace;+7 (495) 775-00-78;+7 (909) 983-99-54, +7 (903) 170-96-00;Успенский пер., 3, стр. 4, Москва;arts-palace.ru , артс-палас.рф;55.769 37.607;cafe
Burger Heroes;;+7 (916) 443-66-59;Малый Путинковский пер., 1/2с1, Москва;burgerheroes.ru;55.766 37.608;cafe
БирХаус;+7 (495) 629-08-47;+7 (915) 396-88-32;Козицкий пер., 2, Москва;beerbar.ru;55.764 37.608;cafe
Козловна;+7 (369) 230-76-92, +7 (676) 923-07-69, +7 (495) 650-93-33, +7 (459) 459-45-94, +7 (555) 555-55-46;;Малый Путинковский пер., 1/2с1, Москва;kozlovna.ru , kozlovica.ru;55.766 37.608;cafe
Meama, ресторан;+7 (495) 015-15-51;;Газетный переулок, 5 ст1;rocketonline.ru , meama.ru;55.757 37.608;cafe
Гвидон, рыбный ресторан;+7 (495) 258-08-88;;Большая Никитская ул., 5, Москва;gvidon.wrf.su;55.755 37.609;cafe
Галки, андерграунд ресторан;+7 (495) 363-22-10;;Страстной бульвар, 4 ст5;galki.moscow;55.765 37.609;cafe
Союз композиторов, джаз-клуб;+7 (495) 629-52-18, +7 (495) 252-01-20, +7 (495) 629-46-77, +7 (495) 629-65-63, +7 (495) 629-08-67;;Брюсов переулок, 8/10 ст2;unioncomposers.ru , ucclub.ru;55.760 37.609;cafe
Mr.Ливанец, ресторан;+7 (495) 692-99-23, +7 (495) 205-71-35;;Глинищевский переулок, 3;mrlivanets.ru;55.763 37.610;cafe
Dolmama, армянский ресторан;;+7 (925) 610-15-67;Романов переулок, 2/6 ст13;dolmama.ru;55.754 37.610;cafe
Bocconcino, ресторан итальянской кухни;+7 (495) 877-51-64, +7 (495) 699-93-73, +7 (495) 877-51-69, +7 (495) 877-49-32;;Страстной бул., 7, стр. 1, Москва;bocconcino.ru;55.767 37.609;cafe
Correas;+7 (495) 937-51-60;;Романов пер., 4, стр. 2, Москва;correas.ru;55.754 37.609;cafe
Джонджоли;+7 (495) 799-14-41;;ул. Большая Дмитровка, 23, Москва;ch1ef.ru;55.766 37.610;cafe
Ла каса де бомонд;;+7 (929) 961-77-35;Тверская ул., 9А, стр. 2, Москва;lacasab.ru;55.760 37.610;cafe
Twins garden, ресторан;+7 (499) 112-33-00, +7 (499) 112-33-11;;Страстной бул., 8А, Москва;twinsgarden.ru;55.766 37.611;cafe
Зеркало Карлоса Сантоса;;+7 (906) 783-22-48;ул. Большая Дмитровка, 32, Москва;zerkalo.uno;55.765 37.611;cafe
The бык, демократичный мясной ресторан;;+7 (968) 519-24-86;Страстной бул., 8А, Москва;thebull.ru;55.766 37.611;cafe
Ресторан Villa Pasta;;+7 (903) 729-79-77, +7 (904) 567-83-72;ул. Большая Дмитровка, 32, Москва;villa-pasta.ru;55.765 37.611;cafe
Кот Шрёдингера;+7 (495) 154-65-53, +7 (495) 154-52-59, +7 (495) 154-71-66;+7 (968) 459-22-10, +7 (985) 813-93-83;ул. Большая Дмитровка, 32, стр. 1, Москва;sidrgroup.ru , kot.sh;55.765 37.611;cafe
CRM-система для ресторанного бизнеса. Готовый сайт, CRM, интеграция с r-keeper и iiko;+7 (499) 380-88-13;;Цветной бул., 2, Москва;restocrm.com;55.768 37.623;cafe
Крал;;+7 (929) 642-31-64;Люблинская ул., 102А, Москва;;55.753 37.623;cafe
Е. Д. Ы. – сыроедческая еда Premium на неделю с доставкой;+7 (499) 322-70-64;;Россия, Москва, Красная площадь;e-d-y.ru;55.753 37.623;cafe
Плов, Шаурма 24/7;;+7 (977) 778-82-52, +7 (906) 054-32-14;Россия, Москва, Красная площадь;plovshaurma.business.site;55.753 37.623;cafe
Гранд Фуди Дени;;+7 (985) 147-61-84;Россия, Москва, Красная площадь;grand-foodie-deni.baskovsky.ru;55.753 37.623;cafe
Ресторан Обломов;+7 (495) 953-67-54;;Москва, Красная площадь;restoblomov.ru;55.753 37.623;cafe
Чачаroom lite;+7 (495) 136-69-25, +7 (495) 775-05-11, +7 (495) 937-27-22;;Россия, Москва, Манежная площадь;chacharoom.ru;55.755 37.614;cafe
Neon monkey, тайский бар;+7 (495) 154-70-12;+7 (966) 135-10-63;ул. Большая Дмитровка, 32, стр. 2, Москва;sidrgroup.ru;55.765 37.612;cafe
Каретный ряд, ресторан;+7 (495) 699-30-21;;ул. Каретный Ряд, 2, Москва;каретный-ряд.рф;55.771 37.612;cafe
Connolly Station, ирландский паб;+7 (499) 678-21-44;;Столешников пер., 8, Москва;connollypub.com;55.762 37.613;cafe
SEMENOV, караоке-бар;+7 (499) 877-12-80, +7 (495) 150-04-66, +7 (499) 681-91-04, +7 (499) 647-91-74, +7 (499) 955-57-73, +7 (499) 681-95-60, +7 (499) 955-57-25;;Столешников пер., 8, Москва;karaoke-semenov.ru;55.762 37.613;cafe
O2 Lounge by Genesis;+7 (495) 225-81-81;;Тверская ул., 3, Москва;o2loungerestaurant.com;55.757 37.613;cafe
Sartoria Lamberti, ресторан премиум-класса;+7 (495) 795-00-25;;Тверская ул., 3, Москва;sartorialamberti.com;55.758 37.613;cafe
Театръ Корша, ресторан;+7 (495) 694-50-42, +7 (495) 694-50-38;;Петровский переулок, 3 ст1;rkorsh.ru;55.766 37.613;cafe
Клево, рыбный ресторан;;+7 (936) 333-78-78;ул. Петровка, 27, Москва;klevo.rest;55.768 37.614;cafe
Novikov Restaurant & Bar;+7 (495) 797-57-20;;Тверская ул., 3, Москва;novikovdelivery.ru , novikovgroup.ru , novikovrestaurant.ru;55.757 37.613;cafe
Kaif provenance, ресторан;+7 (495) 266-69-66;;ул. Большая Дмитровка, 13, Москва;kaif.moscow;55.762 37.614;cafe
Dr.Живаго, ресторан;;+7 (903) 248-54-84, +7 (903) 248-55-34, +7 (903) 248-55-98, +7 (909) 906-25-22, +7 (925) 064-56-27, +7 (909) 904-11-34;улица Моховая, 15/1;rappoport.restaurant , drzhivago.ru;55.757 37.614;cafe
Якитория, японские рестораны;+7 (495) 692-53-50;;Тверская ул., 6, стр. 1, Москва;yakitoriya.ru;55.760 37.612;cafe
КМ20, ресторан;+7 (495) 987-22-20;+7 (929) 656-88-95;Столешников пер., 2, стр. 1, Москва;km20food.ru;55.762 37.612;cafe
Svoy, ресторан-бар;;+7 (925) 499-11-11;Петровский пер., 5, стр. 5, Москва;svoy.moscow;55.767 37.614;cafe
Белуга;+7 (495) 108-62-39;;Моховая ул., 15/1с1, Москва;belugamoscow.ru;55.757 37.614;cafe
La Maree;+7 (495) 694-09-30;;ул. Петровка, 28, Москва;algosoftmedia.com;55.768 37.614;cafe
Burger Heroes;;+7 (915) 070-85-22;ул. Большая Дмитровка, 5/6с3, Москва;burgerheroes.ru;55.760 37.614;cafe
Dr. Живаго;;+7 (925) 257-02-08;Моховая ул., 15/1с1, Москва;breakfest.saltmagazine.ru , drzhivago.ru;55.757 37.614;cafe
Brodo bar & kitchen, гастрономический бар;;+7 (926) 410-01-80;Петровский бул., 2, Москва;;55.768 37.615;cafe
Ресторан Март;;+7 (904) 567-19-05;ул. Петровка, 25, Москва;cafemart.ru;55.767 37.615;cafe
#Farш, бургерная;;+7 (958) 642-74-72;Манежная площадь, 1, стр. 2, Москва;farshburger.ru;55.756 37.615;cafe
Les оle, ресторан авторской кухни;+7 (495) 180-46-60, +7 (495) 223-86-86, +7 (495) 098-02-03;;улица Петровка, 23/10 ст5;lesole.com;55.766 37.615;cafe
Subzero, ресторан;+7 (495) 922-64-38;;ул. Петровка, 30/7, Москва;subzerosushi.ru;55.768 37.615;cafe
Марчеллис, ресторан;+7 (812-67) 9-04-23;+7 (921) 906-19-48, +7 (903) 130-89-20;улица Большая Дмитровка, 5/6 ст4;marcellis.ru , clck.ru;55.760 37.615;cafe
Osteria Gini;;+7 (925) 981-64-27;1-й Колобовский пер., 11, Москва;ilovepiccolino.ru;55.769 37.616;cafe
Сахли, ресторан;+7 (495) 699-45-03, +7 (495) 699-91-71;;Большой Каретный пер., 6, Москва;sahli.ru;55.771 37.616;cafe
Остерия Марио;+7 (495) 136-54-54;;Россия, Москва, Манежная площадь;osteriamario.ru;55.756 37.616;cafe
Shortlist. Books & Spirits, коктейльный бар;+7 (499) 964-66-26;+7 (977) 455-84-15;ул. Петровка, 26, стр. 3, Москва;shortlistbar.ru;55.766 37.616;cafe
Quadrum, ресторан;+7 (499) 277-71-00, +7 (499) 277-72-30;;ул. Охотный Ряд, 2, Москва;thelegendofmoscow.com;55.757 37.616;cafe
Каппо Хироки Аракава, японский ресторан с ланчем-омакасе;;+7 (967) 000-98-08;ул. Охотный Ряд, 2, Москва;modaseason.ru , hiroki.ru;55.757 37.616;cafe
Manneken Pis, европейский ресторан;+7 (495) 410-52-22;;ул. Петровка, 15, стр. 1, Москва;reca.rest;55.764 37.617;cafe
Silk Lounge, ресторан;+7 (499) 277-72-60;;ул. Охотный Ряд, 2, Москва;thelegendofmoscow.com;55.757 37.617;cafe
Fumisawa Sushi, ресторан японской кухни;+7 (495) 775-19-69;;ул. Петровка, 5, Москва;novikovgroup.ru , fumisawa.rest;55.762 37.617;cafe
Ketch up, ресторан;+7 (499) 755-56-65;+7 (929) 655-89-76;улица Кузнецкий Мост, 6/3 ст3;msk.ketch-up.ru , clck.ru;55.761 37.617;cafe
Londri, околобутиковый ресторан от Lucky Group;+7 (495) 189-88-89;;Дмитровский пер., 11, Москва;londri.lucky-group.ru;55.763 37.617;cafe
Peshi, легендарный рыбный ресторан;+7 (495) 154-41-56, +7 (495) 266-90-98, +7 (495) 133-59-09, +7 (495) 241-63-51, +7 (495) 266-89-07;;ул. Охотный Ряд, 2, Москва;peshirestoran.ru;55.757 37.618;cafe
Do not Disturb;;+7 (916) 488-89-55;ул. Петровские Линии, 1, Москва;sidrgroup.ru;55.764 37.618;cafe
Matteo`s, ресторан;;+7 (910) 421-47-47, +7 (968) 544-92-35;улица Охотный Ряд, 2;clck.ru;55.758 37.618;cafe
Большой, ресторан;+7 (495) 789-86-52;+7 (917) 597-23-00;улица Петровка, 3 ст2;novikovgroup.ru;55.761 37.618;cafe
La Bella Societa, ресторан;+7 (495) 642-41-41, +7 (495) 665-84-73;;улица Охотный Ряд, 2;cinema.moscow , kodo.moscow , labellasocieta.com;55.757 37.618;cafe
Страна которой нет, ресторан;+7 (495) 259-70-80;;ул. Охотный Ряд, 2, Москва;novikovgroup.ru , stranakotoroynet.ru;55.758 37.618;cafe
La Bottega Siciliana, ресторан сицилийской кухни;+7 (495) 660-03-83;;ул. Охотный Ряд, 2, Москва;bottega-siciliana.com;55.758 37.618;cafe
Goodman Prime, ресторан;+7 (495) 095-10-95, +7 (495) 698-63-01, +7 (499) 955-45-25;;ул. Охотный Ряд, 2, Москва;gudman-na-ohotnom-ryadu.ru , goodman-prime.ru;55.758 37.618;cafe
Парковка ЦУМ;+7 (495) 276-76-78;;ул. Петровка, 2, Москва;burotsum.com;55.761 37.619;cafe
Ресторан Stone Age;+7 (495) 287-70-07;;ул. Охотный Ряд, 2, Москва;stoneagecafe.ru;55.757 37.617;cafe
Зеленая Собака, бар;;+7 (968) 693-47-87, +7 (966) 666-41-85;ул. Кузнецкий Мост, 3, стр. 2, Москва;zelenaya-sobaka.ru;55.762 37.617;cafe
Moscow Marriott Royal Aurora Hotel, гостиница;+7 (495) 937-10-01, +7 (495) 232-65-65, +7 (495) 937-10-00, +7 (495) 937-10-13, +7 (495) 937-00-55;;ул. Петровка, 11, Москва;marriottmoscowroyalaurora.ru , moscowroyalaurorahotel.ru;55.763 37.617;cafe
Dante, стильный бар-ресторан;;+7 (903) 780-40-40;ул. Кузнецкий Мост, 3, стр. 2, Москва;dante.moscow;55.761 37.618;cafe
Чайхона №1;+7 (495) 790-00-32;;ул. Петровские Линии, 2, Москва;chaihona1.ru;55.764 37.619;cafe
Необыкновенный;+7 (499) 678-05-82;+7 (906) 010-07-47;Цветной бул., 13, стр. 2, Москва;unique-restaurant.ru;55.770 37.619;cafe
Champagne by Champagne, кафе-бар;+7 (495) 323-99-60;;Цветной бул., 15, стр. 1, Москва;champagnebychampagne.ru;55.771 37.619;cafe
Романов, ресторан;+7 (495) 925-30-50;+7 (909) 654-46-70, +7 (909) 654-76-96, +7 (909) 653-92-09;Неглинная ул., 17, стр. 1, Москва;hotel-peter1.ru;55.764 37.620;cafe
Capo dei Capi;+7 (495) 636-27-35;;Неглинная ул., 10, Москва;capodeicapi.ru;55.762 37.620;cafe
Savva, ресторан;+7 (499) 795-99-99;+7 (968) 084-80-52;Театральный проезд, 2;savvarest.ru;55.758 37.621;cafe
Пушкинъ у фонтана, кафе;+7 (495) 025-00-33;;Красная площадь, 3, Москва;gum.cafe-pushkin.ru;55.755 37.622;cafe
Джонджоли;+7 (495) 623-62-63;;Неглинная ул., 10, Москва;ch1ef.ru;55.762 37.620;cafe
Белое солнце пустыни, ресторан;+7 (495) 625-33-93, +7 (495) 625-25-96, +7 (495) 625-29-47;+7 (925) 518-72-68;Неглинная ул., 29, стр. 5, Москва;bsp-rest.ru , novikovgroup.ru;55.766 37.621;cafe
Valenok, ресторан;+7 (499) 290-02-16, +7 (499) 290-02-15;+7 (903) 505-60-45;Цветной бул., 5, Москва;novikovgroup.ru , valenok.moscow;55.769 37.621;cafe
Buba by sumosan, суши-бар;+7 (499) 490-94-23, +7 (499) 112-20-43, +7 (499) 688-81-82;;Цветной бул., 7, стр. 1, Москва;bubasushi.ru;55.769 37.621;cafe
Black star burger, ресторан быстрого питания;;+7 (929) 949-55-36;Цветной бул., 11, стр. 2, Москва;blackstarburger.ru;55.770 37.621;cafe
Lavash, ресторан;+7 (495) 625-82-85;;Цветной бул., 7, стр. 1, Москва;restoranlavash.ru , lavashrestaurant.ru;55.769 37.621;cafe
Бар Шаляпин;+7 (499) 501-78-00, +7 (495) 545-53-00, +7 (495) 432-65-49, +7 (499) 501-78-10, +7 (499) 501-78-37, +7 (499) 270-10-64;;Театральный пр., 2, Центральный административный округ, Тверской район, Москва;metropol-moscow.ru;55.758 37.621;cafe
Сандуны Восток;+7 (3832) 09-18-08, +7 (495) 782-18-08;+7 (985) 180-33-63, +7 (985) 180-12-20;Неглинная ул., 14, стр. 4, Москва;sibir.sanduny.ru , sanduny.ru , msk.sanduny.ru , bit.ly;55.764 37.621;cafe
Barbosco;+7 (495) 627-37-03;;Красная площадь, 3, Москва;barbosco.com;55.754 37.622;cafe
Шон О`Нилл, ирландский паб;+7 (495) 632-01-31;;ул. Кузнецкий Мост, 11, стр. 1, Москва;oneillspub.ru;55.762 37.622;cafe
Кадриль, банкетный комплекс-караоке;+7 (499) 877-47-14, +7 (495) 744-35-35;+7 (926) 934-50-52;Пушечная, 7/5 ст2;kadrilkaraoke.ru , banketmoscow.ru;55.761 37.622;cafe
Петров и Васечка, бар;;+7 (968) 710-77-70;Цветной бул., 24, корп. 1, Москва;romakhin.ru;55.771 37.622;cafe
Probka в Москве, итальянский ресторан;+7 (495) 995-90-45;;Цветной бульвар, 2;probka.org;55.769 37.623;cafe
Семёнов;+7 (495) 025-02-26;;Цветной бул., 26, стр. 1, Москва;karaoke-semenov.ru , clck.ru;55.771 37.622;cafe
Пифагор, ресторан новой греческой кухни;+7 (495) 755-50-15;;Трубная площадь, 2, Москва;pifagor.rest;55.767 37.623;cafe
Baccarat Cristal Room, ресторан;+7 (495) 933-33-89;;улица Никольская, 19-21 ст2;baccaratcristalroom.ru;55.759 37.624;cafe
Рыба моя, рыбный ресторан;+7 (495) 845-34-20;;Цветной бул., 2, Москва;rybamoya.ru , christmas.perelmanpeople.com , myfish.msk.ru;55.767 37.623;cafe
Ресторан вайнахской кухни Асса;+7 (495) 225-58-15, +7 (495) 664-91-44;+7 (909) 222-71-93;Никольская ул., 8, Москва;restoranassa.ru;55.757 37.623;cafe
Subway;;+7 (929) 935-56-74;ул. Рождественка, 5/7с2, Москва;subway.ru;55.762 37.623;cafe
Frank by Баста;;+7 (925) 157-99-91;ул. Рождественка, 5/7с2, Москва;frankmeat.ru;55.761 37.623;cafe
Грузинский ресторан Хинкальная;;+7 (966) 202-05-16, +7 (904) 567-19-07;Богоявленский пер., 6, стр. 2, Москва;kafekhinkalnaya.ru , posolskaya-rest.ru;55.756 37.624;cafe
Шаурмен;;+7 (925) 094-09-29;Рождественский бул., 1, Москва;chaihona1.ru;55.767 37.624;cafe
Bright Israeli grill;;+7 (926) 433-93-99, +7 (967) 079-55-57;Рождественский бул., 1, Москва;;55.767 37.624;cafe
Baccarat Cristal Room;+7 (495) 933-33-81;;Никольская ул., 19-21с2, Москва;cristalroombaccarat.ru , baccaratcristalroom.ru;55.759 37.624;cafe
Горыныч, ресторан;+7 (495) 108-55-26, +7 (495) 937-38-11;+7 (915) 727-54-64;Рождественский бул., 1, Москва;gorynich.com , delivery.gorynich.com;55.767 37.624;cafe
Taste, ресторан;+7 (495) 795-70-75;+7 (977) 597-32-87;улица Ильинка, 3/8 ст5;tasterestoran.ru;55.755 37.625;cafe
#Farш, бургерная;+7 (495) 258-42-05;;Никольская ул., 12, Москва;farshburger.ru;55.759 37.625;cafe
Рыбы нет, мясной ресторан;+7 (495) 258-42-06;+7 (985) 187-56-45, +7 (916) 726-69-50;Никольская ул., 12, Москва;nofishrest.ru , novikovgroup.ru;55.759 37.625;cafe
Smoke BBQ, мясной ресторан;+7 (499) 399-53-72;;Трубная ул., 18, Москва;smokebbq.ru;55.770 37.625;cafe
Чихо, китайское кафе;+7 (495) 297-27-58;;Рождественский бул., 1, Москва;chiho.ru;55.767 37.624;cafe
Бомонд Лаунж;;+7 (999) 961-90-79;Никольская ул., 25, Москва;blounge.ru;55.759 37.625;cafe
Ресторан Италия;;+7 (926) 844-84-40;Трубная ул., 26, корп. 1, Москва;baritaly.ru , bar-italy.ru;55.771 37.625;cafe
Brasserie lambic, пивной ресторан;+7 (495) 125-48-07;;Большой Черкасский переулок, 15/17 ст1;;55.756 37.627;cafe
Casa Agave, мексиканский ресторан;;+7 (926) 569-33-83;Большой Черкасский переулок, 15/17 ст1;casa-agave.ru;55.756 37.628;cafe
Гастропаб Бычок;+7 (495) 626-00-09;+7 (925) 586-22-97;ул. Кузнецкий Мост, 21/5, Москва;;55.762 37.626;cafe
IL Solo, ресторан итальянской кухни;+7 (495) 621-30-64, +7 (495) 295-15-17, +7 (495) 624-93-21;+7 (985) 380-05-18;Большой Черкасский переулок, 15/17 ст1;novikovgroup.ru , ilsolo.moscow;55.756 37.628;cafe
Osteria Mario;;+7 (964) 508-12-00;Театральный пр., 5, стр. 2, Центральный административный округ, Тверской район, Москва;osteriamario.ru;55.760 37.626;cafe
Двойная жизнь Вероники, бар;;+7 (925) 700-06-09;Новая площадь, 8, стр. 2, Москва;;55.758 37.626;cafe
Траппист;+7 (812) 941-51-70, +7 (812) 931-13-33, +7 (812) 905-53-72;+7 (921) 780-70-05, +7 (911) 824-14-52, +7 (977) 906-78-28, +7 (931) 989-15-20, +7 (921) 905-53-72, +7 (921) 207-77-79, +7 (931) 999-39-31;Большой Черкасский пер., 15-17с1, Москва;dreamteam.fm;55.757 37.627;cafe
Spaten Haus Grand;+7 (495) 127-75-00;;ул. Большая Лубянка, 5, Москва;spatenhaus-grand.ru;55.762 37.627;cafe
Casa Agave;;+7 (901) 469-46-65;Большой Черкасский пер., 15-17с1, Москва;casa-agave.ru;55.756 37.628;cafe
Rакия, бар-ресторан;+7 (495) 628-19-44;;Рождественский бульвар, 20 ст1;ракиябар.рф;55.766 37.630;cafe
STEAM, ресторан-бар;;+7 (925) 238-88-62;улица Мясницкая, 7 ст10;steam-myasnickaya.ru;55.761 37.630;cafe
Beverly hills diner, семейный ресторан;+7 (495) 621-31-94, +7 (495) 625-42-21;+7 (915) 118-05-46;ул. Сретенка, 1, стр. 1, Москва;bhdiner.ru , hub.delivery;55.766 37.631;cafe
Брянский Бык, мясной ресторан;+7 (495) 623-08-48;+7 (964) 760-77-02;улица Большая Лубянка, 24/15 ст1;bbyk.ru;55.765 37.631;cafe
Тотори;+7 (499) 678-08-66;;Новая площадь, 14, Москва;tottori.ru;55.757 37.628;cafe
Стим Lounge;;+7 (999) 444-75-49;Мясницкая ул., 7, стр. 10, Москва;steam-myasnickaya.ru;55.761 37.630;cafe
Point Rouge;+7 (495) 628-63-68;+7 (915) 165-91-31;Большой Златоустинский пер., 2/8с1, Москва;point-rouge.ru;55.759 37.631;cafe
Ресторан Траттория Semplice;;+7 (977) 916-17-22;ул. Чаплыгина, 6, Москва;semplice.su , semplice-delivery.ru;55.764 37.646;cafe
Махараджа;+7 (495) 621-98-44;+7 (909) 905-03-05;ул. Покровка, 2/1с1, Москва;maharaja.ru;55.758 37.639;cafe
Pr11, просекко-бар;;+7 (967) 062-96-69;ул. Сретенка, 7, Москва;prosecco-bar-pr11.ru;55.767 37.631;cafe
Козловица, чешская пивная;+7 (495) 628-08-85;+7 (964) 786-19-29;ул. Сретенка, 4, Москва;kozlovica.ru;55.767 37.632;cafe
Джем-Клуб;+7 (495) 623-10-89, +7 (495) 628-21-48;+7 (903) 163-00-13;ул. Сретенка, 11, Москва;jamclub.moscow;55.768 37.632;cafe
Loft Cinema, кинотеатр;+7 (495) 624-28-38, +7 (499) 130-13-01;;Милютинский переулок, 13 ст1;;55.765 37.632;cafe
Сретенская, гостиница;+7 (495) 933-55-44, +7 (495) 190-75-30;;ул. Сретенка, 15, Москва;hotel-sretenskaya.ru;55.769 37.632;cafe
Номер 15, винный бар;+7 (495) 607-61-91;+7 (925) 708-11-50;ул. Сретенка, 15, Москва;nomer15.ru;55.769 37.632;cafe
Riesling boyz, бар;;+7 (925) 255-33-34;улица Сретенка, 16/2;rieslingboyz.ru;55.768 37.632;cafe
Lila Asia, паназиатский ресторан;+7 (495) 607-10-01;;улица Сретенка, 22/1;lila.delivery;55.769 37.633;cafe
Кочевники, ресторан с акцентом на восточную и турецкую кухню;+7 (495) 133-46-29, +7 (495) 222-71-50;;ул. Сретенка, 5, стр. 1, Москва;kochevniki-rest.ru;55.767 37.631;cafe
Теплоход, судоходная компания;+7 (495) 799-44-32, +7 (495) 532-95-45;+7 (926) 919-89-19, +7 (926) 878-63-40;Мясницкая ул., 7, стр. 1, Москва;teplohod.ru;55.761 37.632;cafe
Steak it easy, демократичный хоспер-бар;;+7 (995) 333-09-41;Мясницкая ул., 7, стр. 1, Москва;steakiteasy.ru;55.761 37.632;cafe
L'amour;+7 (495) 625-07-46;+7 (915) 010-66-99, +7 (985) 999-04-24;Лубянский пр., 15, стр. 2, Москва;lamour-club.ru;55.757 37.632;cafe
Лаунж-бар Mr. Mishka;+7 (495) 607-32-44;+7 (917) 570-89-97;ул. Сретенка, 27, стр. 1, Москва;;55.771 37.632;cafe
Дом культур, авторский бар;+7 (495) 748-89-28;;Большой Сухаревский пер., 25, стр. 1, Москва;domkultur.ru;55.771 37.632;cafe
Beer Happens;;+7 (985) 082-57-47;ул. Сретенка, 24/2с1, Москва;;55.770 37.632;cafe
Jimmy Poy;+7 (495) 136-69-69, +7 (495) 624-10-03;;Лубянский пр., 15, стр. 2, Москва;jimmypoy.ru;55.757 37.633;cafe
Ocean Basket;;+7 (930) 333-67-50;Мясницкая ул., 9/2, Москва;oceanbasket.ru;55.761 37.633;cafe
Охотка;+7 (495) 205-98-72;+7 (926) 503-92-88;ул. Сретенка, 34/1с1, Москва;okhotka.ru;55.771 37.633;cafe
Gorilla by Баста, ресторан;;+7 (910) 001-11-12, +7 (931) 350-35-35;Мясницкая ул., 11, Москва;gorillasushi.ru , gorillabybasta.ru;55.762 37.633;cafe
Vino vano, ресторан;;+7 (991) 206-83-75;Сретенский бульвар, 6/1 ст1;vinovano.ru;55.766 37.634;cafe
Domino`s pizza, пиццерия;+7 (495) 478-88-71, +7 (495) 478-88-18, +7 (495) 478-88-75, +7 (495) 900-01-75, +7 (495) 478-88-17, +7 (495) 478-88-66, +7 (495) 240-83-80, +7 (495) 240-83-85, +7 (495) 478-88-39, +7 (495) 900-01-63;;Малый Златоустинский переулок, 3 ст1;;55.759 37.634;cafe
Blush, винный бар;;+7 (965) 180-31-33;Даев пер., 2, Москва;blushwine.ru;55.770 37.634;cafe
БИБЛИОТЕКА Shisha Lounge;;+7 (915) 342-88-33;ул. Маросейка, 2/15с1, Москва;biblioteka-lounge.ru;55.757 37.632;cafe
Notch Men`s Club, стриптиз-клуб;+7 (499) 288-78-37, +7 (499) 325-34-02;;Большой Златоустинский пер., 9, стр. 1, Москва;notchclub.ru;55.758 37.633;cafe
Джонджоли;;+7 (985) 051-17-74;ул. Маросейка, 4/2с1, Москва;ch1ef.ru;55.757 37.633;cafe
Клуб Алексея Козлова;+7 (495) 792-39-59;+7 (926) 952-00-77, +7 (926) 527-06-06, +7 (916) 670-04-80;ул. Маросейка, 9, Москва;kozlovclub.ru;55.758 37.634;cafe
Центральный рынок на Маросейке;+7 (495) 114-54-44;;ул. Маросейка, 4/2с1, Москва;maroseyka4.ru;55.757 37.634;cafe
Oishii;;+7 (903) 131-38-88;ул. Маросейка, 4/2с1, Москва;oishii.moscow;55.757 37.634;cafe
Burger Heroes;;+7 (916) 186-22-86;ул. Маросейка, 4/2с1, Москва;burgerheroes.ru;55.757 37.634;cafe
Бенвенуто;+7 (495) 623-33-00, +7 (499) 784-50-00, +7 (495) 675-00-33;+7 (926) 747-32-76;Сретенский бул., 6/1с1, Москва;benvenuto.su , benvenuto.moscow;55.766 37.634;cafe
Алиби, ресторан-клуб;+7 (495) 607-09-69;+7 (926) 383-90-29, +7 (916) 424-47-77;Ащеулов пер., 9, Москва;alibiclub.net;55.768 37.635;cafe
Lion`s Head, паб;+7 (495) 636-28-18;+7 (916) 624-83-90;Мясницкая ул., 15, Москва;publifegroup.ru , lhpub.ru , bspubshop.ru;55.763 37.635;cafe
Бобби Дэззлер, паб;+7 (495) 608-03-83;+7 (915) 181-00-07;Костянский переулок, 7;bobbydazzler.ru;55.768 37.635;cafe
Liberty, ночной клуб;+7 (495) 784-68-68;;Славянская площадь, 2/5/4 ст3;clubliberty.ru;55.753 37.635;cafe
Старый Сычуань, ресторан азиатской и восточной кухни;+7 (495) 625-92-70;+7 (916) 010-68-88, +7 (999) 978-18-88;Лубянский пр., 25, стр. 2, Москва;ресторандружба.рф;55.755 37.635;cafe
Пробка;+7 (495) 124-82-15;;Банковский пер., 1, Москва;probkabar.ru;55.762 37.635;cafe
Римон;;+7 (916) 237-77-29;Большой Спасоглинищевский пер., 10, Москва;rimonrest.ru;55.755 37.635;cafe
Flaner, ресторан;;+7 (996) 964-44-88;Кривоколенный пер., 7, Москва;flanermoscow.ru;55.762 37.637;cafe
Щербет;+7 (495) 621-47-36, +7 (495) 621-48-02, +7 (495) 621-46-87;;Мясницкая ул., 17, стр. 1, Москва;;55.764 37.636;cafe
San, ресторан;+7 (495) 220-62-42;;Мясницкая ул., 23, Москва;sanrest.ru;55.765 37.636;cafe
Ресторан Кубдари;+7 (499) 325-43-96;;Большой Спасоглинищевский пер., 9/1с1, Москва;kubdari.ru;55.755 37.637;cafe
Охотка;;+7 (916) 987-54-07;ул. Маросейка, 8, Москва;okhotka.ru;55.758 37.637;cafe
Olluco, ресторан;+7 (495) 109-87-63;;Даев переулок, 19;olluco.ru;55.770 37.638;cafe
Полесье, гостиница;+7 (495) 777-66-44, +7 (495) 624-70-95, +7 (495) 777-66-22, +7 (495) 628-55-35;+7 (916) 255-45-26;Армянский пер., 6, Москва;russia.mfa.gov.by , embassybel.ru;55.759 37.638;cafe
Грабли;+7 (499) 678-26-78, +7 (495) 025-02-04;+7 (909) 993-43-66, +7 (985) 413-35-76, +7 (905) 771-97-92, +7 (926) 461-15-36, +7 (985) 755-52-34, +7 (968) 763-82-86;ул. Солянка, 1/2с1, Москва;grabli.ru , grablifoodbar.ru , grabli.onelink.me;55.754 37.638;cafe
Хитровка, гостиница;+7 (499) 430-61-03, +7 (495) 161-78-34, +7 (495) 108-69-22, +7 (495) 917-22-44, +7 (499) 444-33-97;;Певческий пер., 4, стр. 1, Москва;hitrovkahotel.com;55.752 37.642;cafe
Ян Пен;+7 (495) 798-40-98, +7 (495) 921-12-16;;ул. Покровка, 3/7с1Г, Москва;yanpen.ru;55.759 37.640;cafe
Золотая Вобла;+7 (495) 628-15-19;;ул. Покровка, 2/1с7, Москва;vobla.ru;55.758 37.640;cafe
Веладора;+7 (495) 357-85-48;+7 (925) 118-55-72;ул. Покровка, 2/1с7, Москва;veladora.ru;55.758 37.640;cafe
Izumi, японский ресторан;+7 (495) 621-55-10;;Мясницкая ул., 38, стр. 1, Москва;izumi-moscow.ru;55.766 37.640;cafe
Чичико, грузинский ресторан;;+7 (903) 974-87-00;Мясницкая ул., 37, стр. 3, Москва;чичико.рф;55.767 37.641;cafe
Bacaro Pizza&Vino;;+7 (916) 485-35-68;ул. Покровка, 4, стр. 1, Москва;;55.759 37.642;cafe
Бакинский дворик, кафе;+7 (495) 621-26-12, +7 (495) 778-69-73;;Мясницкая ул., 41, стр. 5, Москва;bakinski-dvorik.ru;55.768 37.642;cafe
Орда Restaurant&Bar, ресторан бурятской кухни;;+7 (925) 149-01-77;улица Мясницкая, 43 ст2;orda-moscow.com;55.768 37.643;cafe
Andy`s Friends, итальянское кафе;;+7 (926) 789-77-57, +7 (926) 340-75-57;Чистопрудный бул., 5, Москва;andyscafe.ru;55.764 37.642;cafe
Orda;+7 (3012) 44-05-88;+7 (924) 014-08-40;Мясницкая ул., 43, стр. 2, Москва;orda-moscow.com , orda.orda-samurai.ru;55.768 37.643;cafe
Белорусская хата;+7 (169) 918-74-13, +7 (170) 318-30-62, +7 (208) 913-94-86, +7 (170) 417-63-10, +7 (170) 719-88-37, +7 (495) 624-74-44, +7 (171) 264-02-63, +7 (171) 342-43-14, +7 (784) 615-65-30, +7 (171) 119-75-78;+7 (929) 517-07-30;ул. Покровка, 9, стр. 1, Москва;bel-hata.ru;55.759 37.643;cafe
Мята Lounge, центр паровых коктейлей;;+7 (985) 358-42-26, +7 (977) 804-60-01, +7 (926) 656-22-10, +7 (966) 328-55-27;просп. Академика Сахарова, 12, стр. 3, Москва;krasnye-vorota.myataofficial.com;55.769 37.643;cafe
#Farш, бургерная;+7 (495) 114-51-73;;Чистопрудный бул., 9, стр. 1, Москва;farshburger.ru;55.763 37.643;cafe
Пилзнер;+7 (495) 624-70-03;+7 (915) 428-02-04;ул. Покровка, 15/16с1, Москва;pilsner.ru;55.759 37.645;cafe
I like wine, винный гастробар;;+7 (966) 126-03-66;ул. Покровка, 16, Москва;perelmanpeople.com , ilikewine.ru;55.759 37.646;cafe
Дом 16, клуб-ресторан;;+7 (967) 001-12-12;Покровский бульвар, 16-18 ст4-4а;clubdom16.ru;55.753 37.646;cafe
O`connell`s pub, ирландский гастропаб;;+7 (925) 597-19-83, +7 (967) 123-40-60;улица Покровка, 18/18 ст1;oconnells.ru;55.759 37.646;cafe
Коноба Ботик Петра, ресторан;+7 (499) 325-49-24, +7 (499) 130-57-78;;Садовая-Спасская ул., 24, Москва;konobabotik.ru;55.769 37.646;cafe
Крендель, гастропаб;+7 (495) 741-83-87;;Большой Козловский переулок, 3;;55.768 37.647;cafe
Flor, ресторан;;+7 (915) 277-53-44;Чистопрудный бульвар, 21/2;florgroup.ru;55.761 37.647;cafe
Клурикон-м;+7 (495) 205-37-80;;ул. Покровка, 18/18с1, Москва;oconnells.ru;55.759 37.646;cafe
Винил, караоке-клуб;+7 (495) 748-87-67;+7 (925) 888-81-15;Садовая-Спасская ул., 13, стр. 2, Москва;karaokeclub-vinil.ru;55.771 37.647;cafe
Beer Harbor;+7 (495) 414-48-16;;ул. Покровка, 21-23/25с1, Москва;beerharbor.ru;55.760 37.647;cafe
Coperto, современный итальянский ресторан в историческом центре города;;+7 (916) 699-31-44, +7 (903) 710-39-90, +7 (985) 810-69-04;Покровский бульвар, 5/1;coperto.ru , copertocinema.ru;55.756 37.649;cafe
Beer&Brut, гастропаб от ресторатора Владимира Перельмана;;+7 (965) 250-26-26;улица Покровка, 26/1 ст2;beerandbrut.ru;55.760 37.649;cafe
Омулевая бочка, ресторан;+7 (495) 624-40-71;;ул. Покровка, 33, Москва;omulrest.ru;55.761 37.650;cafe
Чемпион;+7 (499) 975-29-94;+7 (925) 200-20-70;Каланчёвский тупик, 9, стр. 2, Москва;cafechampion.ru;55.771 37.649;cafe
Beer & Brut;+7 (495) 845-33-96;;ул. Покровка, 26/1с2, Москва;beerandbrut.ru;55.760 37.649;cafe
Якитория;+7 (495) 782-96-50;;Садовая-Спасская ул., 21/1, Москва;yakitoriya.ru;55.769 37.650;cafe
Music Town;+7 (495) 739-55-99, +7 (812) 927-50-57;;Садовая-Черногрязская ул., 8, стр. 2, Москва;rockhitneva.ru , goo.gl , stepantsov.ru , blackrocks.ru , mkunst.ru , rada.rinet.ru , muspub.ru;55.767 37.651;cafe
Munterra;+7 (495) 877-51-49;;Садовая-Черногрязская ул., 10/25, Москва;munterra.ru;55.767 37.651;cafe
Ю-мэ, японский ресторан;+7 (495) 410-67-20, +7 (495) 621-78-40;+7 (985) 410-67-20;ул. Покровка, 38А, Москва;u-me.ru;55.762 37.652;cafe
Ни свет ни заря, кофейня;;+7 (968) 624-30-35;улица Покровка, 41 ст1;nisvet-nizarya.ru;55.762 37.652;cafe
Meat and More, ресторан;+7 (495) 229-57-78;+7 (926) 208-71-50, +7 (926) 244-06-49;улица Покровка, 40 ст2;;55.762 37.653;cafe
Meat&more;+7 (495) 229-57-75;;ул. Покровка, 40, стр. 2, Москва;;55.762 37.653;cafe
Buddy McDaniel, ирландский паб;+7 (495) 796-59-88;+7 (968) 769-68-91;улица Покровка, 50/2 ст2;mcdaniel.ru;55.764 37.656;cafe
Бакинский Бульвар, ресторан;+7 (499) 347-82-72;;ул. Земляной Вал, 18, стр. 4, Москва;bbulvar.ru;55.760 37.657;cafe
Доктор Ватсон;+7 (495) 710-77-72;+7 (904) 568-40-53;ул. Земляной Вал, 14-16с1, Москва;drwatson-restaurants.ru , drwatson-restaurant.ru;55.761 37.657;cafe
Трикстер, бильярдный клуб;;+7 (915) 210-44-99, +7 (905) 628-08-00;Старая Басманная ул., 9, корп. 1, Москва;tricksterclub.ru , трикстерклуб.рф;55.765 37.658;cafe
Torro grill, ресторан;;+7 (966) 304-33-87;ул. Земляной Вал, 33, Москва;torrogrill.ru;55.758 37.658;cafe
Tgi fridays, ресторан американской кухни;;+7 (916) 952-64-49;ул. Земляной Вал, 33, Москва;tgifridays.ru;55.758 37.658;cafe
IL Патио, итальянский ресторан;+7 (495) 970-11-90;;ул. Земляной Вал, 33, Москва;ilpatio.ru;55.757 37.659;cafe
Osteria Mario, домашний итальянский ресторан;;+7 (966) 371-44-27;ул. Земляной Вал, 9, Москва;osteriamario.ru;55.761 37.658;cafe
Zafferano, ресторан;+7 (495) 984-65-92, +7 (495) 921-49-66;;ул. Земляной Вал, 33, Москва;fortebellorest.ru , zafferanorest.ru;55.757 37.660;cafe
#Farш, бургерная;+7 (495) 276-70-99;;ул. Земляной Вал, 33, Москва;farshburger.ru;55.758 37.659;cafe
Gazgolder, клуб-ресторан;+7 (495) 741-83-83;+7 (991) 265-03-55;Нижний Сусальный переулок, 5 ст26;gazgolderclub.ru;55.760 37.665;cafe
La Brume, центр паровых коктейлей;;+7 (926) 639-89-75;Нижний Сусальный пер., 5, стр. 10, Москва;;55.761 37.665;cafe
Barrel;+7 (495) 803-26-53;;4-й Сыромятнический пер., 1/8с6, Москва;winzavod.ru;55.756 37.665;cafe
Мужской клуб Стриптиз;+7 (495) 108-36-67, +7 (495) 098-04-19;;Новорязанская ул., 26, стр. 1, Москва;clubstrip.ru;55.772 37.666;cafe
French K-Bar, кафе;;+7 (916) 994-61-04, +7 (916) 287-71-83, +7 (968) 874-54-04, +7 (901) 519-55-66;Нижняя Сыромятническая ул., 10, стр. 4, Москва;k-bar.ru , frenchkbar.ru;55.752 37.670;cafe
Романтика он Плуто;;+7 (977) 684-47-00;Нижняя Сыромятническая ул., 11, стр. 68, Москва;;55.753 37.670;cafe
Papa Napoli, пиццерия;+7 (495) 005-31-61;+7 (916) 723-03-07;Ладожская ул., 7, Москва;papanapoli.it;55.772 37.682;cafe
Джем, караоке-клуб;+7 (495) 150-37-82;;Самокатная ул., 2, корп. 1, Москва;karaoke-jam.ru;55.758 37.676;cafe
Самокат, боулинг-клуб;+7 (499) 110-77-97;;Самокатная ул., 2, корп. 1, Москва;samokat-bowling.ru;55.758 37.676;cafe
MrGaydar, ресторан;;+7 (977) 288-40-04;Бауманская улица, 58/25 ст6;mrgaydar.ru;55.767 37.680;cafe
351, бар;;+7 (903) 119-91-29;Фридриха Энгельса, 3-5 ст1;351bar.ru;55.772 37.680;cafe
Лето;+7 (495) 116-01-02;;Ладожская ул., 1/2, Москва, Россия;letogorod.ru;55.772 37.682;cafe
Тарас Бульба, корчма;+7 (499) 763-57-42;;Красноказарменная ул., 6, Москва;tarasbulba.ru;55.758 37.695;cafe
Onstage, ресторан;;+7 (929) 512-35-04, +7 (985) 238-38-38;Солдатская ул., 6А, Москва;onstageclub.ru;55.765 37.701;cafe
Комплекс саун Серп и Молот;+7 (495) 360-83-06, +7 (499) 288-79-31, +7 (499) 995-13-79, +7 (495) 765-16-47, +7 (495) 362-13-00, +7 (495) 730-66-60, +7 (499) 742-15-71, +7 (495) 999-55-11, +7 (495) 979-09-88, +7 (495) 637-80-80;+7 (985) 776-35-55, +7 (926) 888-65-65, +7 (968) 568-78-88, +7 (926) 315-20-20, +7 (930) 999-78-51, +7 (964) 642-35-09, +7 (925) 772-84-14, +7 (925) 700-58-36, +7 (985) 238-73-70;пр. Завода Серп и Молот, 2А, Москва;clubsaun.ru , sauni-moskva.ru;55.755 37.695;cafe
Таёжный, ресторан;+7 (495) 918-12-74, +7 (495) 918-09-24, +7 (495) 918-06-80;;Красноказарменная ул., 16, Москва;taezhniy.su;55.753 37.710;cafe
Balsamiq, ресторан итальянской кухни;;+7 (968) 006-82-19;Авиамоторная ул., 12, корп. 2, Москва;balsamiq.ru;55.753 37.716;cafe
Якитория;+7 (495) 514-02-70;;Авиамоторная ул., 41, Москва;yakitoriya.ru;55.754 37.716;cafe
Пипони, пиццерия;;+7 (929) 534-00-00;просп. Будённого, 26, корп. 1, Москва;пиццапипони.рф , pizzapiponi.ru;55.764 37.731;cafe
Мирадж, ресторан;+7 (499) 322-35-92;+7 (926) 340-53-01;просп. Будённого, 33, Москва;miradj.ru;55.766 37.732;cafe
WoW Street Food;;+7 (918) 245-64-44, +7 (925) 550-00-60;Электродная ул., 2, стр. 32, Москва;wow-street-food.ru;55.754 37.753;cafe
Гости;;+7 (926) 276-84-83;ш. Энтузиастов, 52, Москва;;55.759 37.761;cafe
Шоколадница;;+7 (985) 316-26-72;Свободный просп., 33, Москва;shoko.ru;55.752 37.819;cafe
Мой двор, ресторан;;+7 (999) 880-80-01;улица Сталеваров, 3л ст4;restoranmoydvor.ru;55.758 37.842;cafe
Может суши;;+7 (901) 349-94-12;ул. Молостовых, 13, корп. 1, Москва;;55.756 37.833;cafe
Роял-Зенит, отель;+7 (499) 199-14-36, +7 (495) 956-75-95, +7 (495) 956-75-51, +7 (499) 199-81-01, +7 (499) 199-15-11;;Таманская улица, вл49Б ст1;royal-zenith.ru;55.782 37.433;cafe
Поместье-Парк;+7 (495) 476-63-22;;Таманская ул., вл46с1, Москва;pomestie-park.com;55.791 37.414;cafe
Stadium, ресторан;+7 (499) 728-54-15;;Живописная улица, 21 ст5;stadium-rk.com;55.792 37.453;cafe
Perfect, ресторан;;+7 (999) 970-40-40, +7 (999) 980-30-30;ул. Маршала Тухачевского, 41, корп. 1, Москва;perfect-restoran.ru;55.784 37.469;cafe
Buonamici, итальянский ресторан-пиццерия;+7 (495) 925-07-45;;Маршала Тухачевского, 41 к1;buonamici.ru;55.784 37.469;cafe
Жуир brasserie, кафе;;+7 (939) 111-67-35, +7 (958) 683-66-70;Карамышевская наб., 60, Москва;jouir.ru;55.776 37.461;cafe
Drinx;+7 (495) 128-47-49;;ул. Маршала Тухачевского, 49, Москва;drinx.store;55.784 37.464;cafe
Урюк, ресторан;+7 (499) 199-19-99;;просп. Маршала Жукова, 48, корп. 1, Москва;uryk.ru;55.778 37.466;cafe
Буонамичи;+7 (495) 124-84-95;;ул. Маршала Тухачевского, 41, корп. 1, Москва;buonamici.ru;55.784 37.469;cafe
Asia inn, ресторан в современном стиле;+7 (495) 602-01-71;;бульвар Генерала Карбышева, 15;asiainn.ru;55.782 37.470;cafe
Джонджоли, грузинский ресторан;;+7 (906) 052-11-22;просп. Маршала Жукова, 41, корп. 1, Москва;ch1ef.ru;55.776 37.470;cafe
Охота, кафе-бар;+7 (499) 197-07-07;+7 (985) 292-75-70;бул. Генерала Карбышева, 8, стр. 3, Москва;oxotabar.com , ohota-rest.ru;55.779 37.471;cafe
Биродром, ресторан;+7 (495) 133-07-71, +7 (495) 956-55-51;+7 (926) 988-60-60;ул. Народного Ополчения, 23, корп. 1, Москва;birodromrest.ru , beerodrom.ru;55.779 37.478;cafe
Панчетта, кафе-пиццерия;+7 (495) 133-19-24;;ул. Народного Ополчения, 23, корп. 1, Москва;pancetta.ru;55.779 37.478;cafe
ChaCha, грузинский ресторан;;+7 (926) 946-24-55, +7 (985) 784-26-62;Мнёвники, 21;chacha.moscow;55.774 37.481;cafe
Пив&ко, пивной ресторан;+7 (499) 946-92-72;+7 (985) 844-02-04;ул. Народного Ополчения, 28, корп. 1, Москва;piv-ko.ru;55.780 37.481;cafe
Москоу холидэй, гостиница;+7 (499) 946-34-02, +7 (495) 720-66-06;+7 (930) 933-34-02;Мнёвники, 3 к2;moscow-holiday.ru;55.774 37.499;cafe
Анис, ресторан грузинской и европейской кухни;;+7 (902) 469-42-87, +7 (929) 900-46-01;3-я Хорошёвская ул., 21, корп. 1, Москва;anise-rest.ru;55.785 37.497;cafe
Мясо, ресторан;+7 (499) 195-13-58, +7 (499) 709-80-67;;ул. Куусинена, 4А, корп. 1, Москва;restmeat.ru;55.780 37.517;cafe
Contrasto, итальянский ресторан;+7 (499) 762-82-94;+7 (916) 678-88-16;пр. Берёзовой Рощи, 6, Москва;;55.787 37.520;cafe
Якитория, японские рестораны;;+7 (999) 768-59-74;Хорошёвское ш., 27, Москва;yakitoriya.ru;55.778 37.524;cafe
IL Патио, итальянский ресторан;+7 (495) 105-93-24;;Хорошёвское ш., 27, Москва;ilpatio.ru;55.778 37.524;cafe
Food Mama, семейный ресторан;;+7 (925) 042-46-46;Ходынский бульвар, 4;foodmama.rest;55.791 37.529;cafe
Pharmacie;;+7 (965) 242-29-21;Ходынский бул., 20А, Москва;pharmacie.wine;55.791 37.524;cafe
Раковая, гастрономический бар;+7 (495) 108-44-98;;Ходынский бул., 20А, Москва;rakovaya.ru;55.791 37.524;cafe
Йоркшир, паб-ресторан;+7 (495) 987-45-44, +7 (495) 987-45-42;;ул. Гризодубовой, 4, корп. 1, Москва;yorkshirpub.ru;55.783 37.527;cafe
FoodMama;;+7 (966) 888-23-95;Ходынский бул., 4, Москва;foodmama.rest;55.791 37.529;cafe
Барбекю, ресторан турецкой кухни;+7 (495) 937-26-10, +7 (495) 665-91-10;+7 (926) 635-84-32, +7 (903) 013-68-76, +7 (909) 911-27-72;Ходынский бул., 4, Москва;barbeku-rus.com;55.791 37.530;cafe
Колбасный цех, ресторан;+7 (499) 608-09-96;;Ходынский бульвар, 4;novikovgroup.ru , kolbasnyy-tsekh.ru;55.790 37.531;cafe
Ciao Pizza;;+7 (906) 016-72-40;Ходынский бул., 4, Москва;;55.791 37.530;cafe
Чайхона №1, ресторан;+7 (495) 773-51-77;;Ходынский бул., 4, Москва;chaihona1.ru;55.791 37.532;cafe
IL Патио, итальянский ресторан;;+7 (925) 362-75-03;Ходынский бул., 4, Москва;ilpatio.ru;55.790 37.532;cafe
Шикари, сеть азиатских ресторанов;;+7 (965) 319-24-04;Ходынский бул., 4, Москва;shikary.ru;55.790 37.533;cafe
Torro grill, ресторан;+7 (495) 645-54-30;;Ходынский бул., 4, Москва;torrogrill.ru;55.791 37.533;cafe
Bocconcino;;+7 (958) 111-70-32;ул. Авиаконструктора Микояна, 10, Москва;bocconcino.ru;55.790 37.533;cafe
TGI FRIDAYS;;+7 (903) 297-39-18;ул. Авиаконструктора Микояна, 10, Москва;tgifridays.ru;55.790 37.533;cafe
Luca, грузинский ресторан;;+7 (916) 960-57-77, +7 (915) 310-01-31;Ходынский бульвар, 2;luca.moscow;55.789 37.539;cafe
Amarena, итальянский ресторан;;+7 (963) 666-65-63, +7 (963) 660-60-63, +7 (906) 030-78-87;Ходынский бул., 2, Москва;alberogroup.ru , amarena.alberogroup.ru;55.790 37.538;cafe
Puerto madero, ресторан;;+7 (909) 640-66-44;Ходынский бул., 2, Москва;pm-rest.ru;55.788 37.538;cafe
Паназиатское бистро Эйва;;+7 (958) 111-35-96, +7 (963) 666-26-62;Ходынский бул., 2, Москва;eiwabistro.com;55.789 37.539;cafe
Брассери эрте, ресторан;+7 (495) 988-31-35, +7 (495) 988-31-31, +7 (495) 988-31-37, +7 (495) 988-31-30, +7 (495) 988-31-23, +7 (495) 988-31-41;+7 (926) 603-73-71, +7 (925) 004-36-35, +7 (925) 004-29-58;Ленинградский просп., 37, корп. 9, Москва;aerostar.ru;55.790 37.547;cafe
Симбиоз, гастробар;;+7 (925) 383-44-13;Ленинградский просп., 35, стр. 2, Москва;simbioz.moscow;55.790 37.551;cafe
Астория, арт-кафе;+7 (495) 066-72-92, +7 (499) 490-54-80;+7 (926) 582-72-86, +7 (977) 848-41-43;Беговая ул., 22, Москва;astoriaartkafe.ru;55.778 37.559;cafe
Madison Restaurant & Club;+7 (495) 252-06-06;+7 (912) 548-50-58;Ленинградский просп., 31А, стр. 1, Москва;madison-eventhall.com;55.784 37.559;cafe
Mozaic Breakfast, ресторан;+7 (495) 153-01-92;;Ленинградский проспект, 31а ст1;monarchhotels.ru;55.783 37.561;cafe
Burger heroes, бургер-бар;;+7 (967) 091-19-68;Ленинградский просп., 36, Москва;burgerheroes.ru;55.792 37.562;cafe
Империя, спортбар и бильярдный клуб;;+7 (977) 872-89-90;Ленинградский просп., 31А, стр. 1, Москва;melarg.com , imperia-club.com;55.783 37.560;cafe
Gran Corona;;+7 (968) 670-03-33;Ленинградский просп., 33, корп. 4, Москва;al33grancorona.ru;55.787 37.560;cafe
Паризьен, ресторан;+7 (495) 613-78-66, +7 (495) 613-07-84;+7 (977) 187-92-11, +7 (964) 727-89-91;Ленинградский просп., 31, стр. 9, Москва;parisiene.ru;55.786 37.562;cafe
Heritage, ресторан;+7 (495) 479-12-34, +7 (495) 479-12-30;;Ленинградский просп., 36, стр. 33, Москва;bit.ly , hyatt.com;55.787 37.566;cafe
Oriental Cocktail Bar, бар;+7 (495) 479-12-31;;Ленинградский просп., 36, стр. 33, Москва;orientalbar.ru;55.787 37.567;cafe
Larionov, ресторан;+7 (499) 653-88-88;;Ленинградский просп., 36, стр. 31, Москва;larionovbar.ru;55.788 37.567;cafe
Советский, гостинично-развлекательный комплекс;+7 (495) 960-20-00;;Ленинградский просп., 32/2, Москва;sovietsky.ru , historical-sovietsky.worhot.com;55.785 37.570;cafe
Илья Муромец, ресторан;+7 (495) 796-49-11;;Ленинградский просп., 23, Москва;restoran-muromets.ru;55.783 37.570;cafe
Яръ, ресторан;+7 (495) 960-20-04;+7 (926) 001-11-84, +7 (902) 469-09-24;Ленинградский просп., 32/2, Москва;yar-restaurant.ru , yar-restoran.ru;55.785 37.569;cafe
Грин;;+7 (985) 784-88-87, +7 (903) 773-97-77;Ленинградский просп., 23, Москва;ресторангрин.рф;55.783 37.569;cafe
Krombacher Beer Kitchen, пивной ресторан;+7 (3832) 99-06-02, +7 (3832) 92-98-88, +7 (495) 734-70-60, +7 (3832) 21-61-26;;1-я Тверская-Ямская ул., 19, Москва;didelivery.ru , beerkitchen.moscow , denisivanov.ru;55.774 37.588;cafe
Leningrad, клуб-ресторан;+7 (499) 350-02-69, +7 (495) 103-42-50, +7 (495) 995-62-50;+7 (903) 210-80-50, +7 (905) 703-08-06;Ленинградский проспект, 24а ст7;clubleningrad.ru , restoranleningrad.ru;55.784 37.574;cafe
Stone crab bar&restaurant;+7 (495) 792-59-36;+7 (909) 635-39-69;Ленинградский просп., 15, стр. 1, Москва;stone-crab.ru;55.781 37.572;cafe
Стейк&устрица, ресторан;+7 (495) 646-86-15, +7 (495) 191-85-43;+7 (977) 647-47-53;Ленинградский просп., 24, Москва;steak.cafe;55.782 37.574;cafe
Ленинград клуб-караоке-ресторан;+7 (495) 613-62-01;;Ленинградский просп., 24А, стр. 7, Москва;clubleningrad.ru , restoranleningrad.ru;55.784 37.574;cafe
Краболов;;+7 (906) 755-44-99;Ленинградский просп., 24А, стр. 6, Москва;crabolove.com;55.784 37.575;cafe
Пошаблим, винный ресторан;+7 (495) 180-27-72;+7 (968) 040-43-49;Ленинградский проспект, 12;po-chablim.ru;55.780 37.579;cafe
Golden palace, банкетный зал;+7 (495) 232-15-15, +7 (499) 288-41-60, +7 (495) 149-12-76;+7 (904) 567-19-96, +7 (999) 555-56-56;3-я ул. Ямского Поля, 15, Москва;goldenpalace.ru;55.783 37.579;cafe
Radisson Blu Belorusskaya Hotel Moscow, гостиница;+7 (495) 660-49-00;;3-я ул. Ямского Поля, 26А, Москва;radissonhotels.com;55.783 37.579;cafe
GoldenGirls, стриптиз-клуб;+7 (495) 357-52-97, +7 (495) 775-66-84;+7 (904) 567-19-56, +7 (926) 580-84-04, +7 (910) 408-45-81;3-я ул. Ямского Поля, 15, Москва;goldengirls.ru;55.782 37.579;cafe
Rezolute Club, камерный ресторан;;+7 (985) 390-77-77;ул. Грузинский Вал, 11, стр. 4, Москва;rezolute.club;55.774 37.578;cafe
Shut Up;+7 (495) 414-38-49, +7 (495) 297-03-03;+7 (926) 503-88-72;3-я ул. Ямского Поля, 15, Москва;shut-up.ru;55.783 37.579;cafe
Qartuli, ресторан;+7 (495) 723-73-73;+7 (925) 723-73-73;ул. Грузинский Вал, 11, стр. 3, Москва;qartuli.ru;55.774 37.579;cafe
Пошаблим?;;+7 (901) 258-93-41;Ленинградский просп., 12, Москва;po-chablim.ru;55.780 37.579;cafe
Ян Примус, ресторан;+7 (495) 795-94-22;;ул. Грузинский Вал, 11, стр. 3, Москва;yanprimus.ru;55.774 37.579;cafe
Шенли;;+7 (901) 256-24-18, +7 (977) 344-64-34;ул. Грузинский Вал, 11, стр. 3, Москва;shenli-rest.ru , shenlimoscow.ru;55.774 37.579;cafe
Burger heroes, бургер-бар;;+7 (985) 244-19-04;ул. Грузинский Вал, 26, стр. 1, Москва;burgerheroes.ru;55.775 37.582;cafe
BIZI MOSCOW, бар;;+7 (985) 720-15-15;3-я улица Ямского Поля, 2 к12;bizibar.ru;55.781 37.583;cafe
#Farш, бургерная;+7 (499) 251-00-29;;ул. Грузинский Вал, 26, стр. 1, Москва;farshburger.ru;55.774 37.582;cafe
IL Патио, итальянский ресторан;;+7 (903) 127-62-06;площадь Тверская Застава, 7, стр. 1, Москва;ilpatio.ru;55.776 37.582;cafe
Стейк & Бургер Мираторг, бургерная;;+7 (985) 423-08-72;2-я Брестская ул., 37, стр. 1, Москва;burgermiratorg.shop , miratorg.ru , shop.miratorg.ru;55.774 37.585;cafe
Eva, ресторан греческой кухни;;+7 (991) 558-85-26;Большая Грузинская ул., 69, Москва;lucky-group.rest , eva.lucky-group.ru , eva.lucky-group.rest;55.774 37.586;cafe
Такахули, ресторан грузинской кухни;+7 (495) 118-38-96, +7 (495) 120-44-84;;Лесная ул., 3, Москва;takahuli.rest;55.777 37.586;cafe
Граци, ресторан;+7 (495) 258-30-00, +7 (495) 258-30-99, +7 (495) 258-30-36;;Тверская-Ямская 1-я, 34;marriottmoscowtverskaya.ru;55.776 37.587;cafe
Агнец, ресторан;;+7 (985) 252-15-33;Большая Грузинская ул., 76, стр. 2, Москва;agnc.rest;55.774 37.587;cafe
Рыба моя, рыбный ресторан;+7 (495) 845-34-85;;1-я Тверская-Ямская ул., 21, Москва;rybamoya.ru , myfish.msk.ru;55.774 37.587;cafe
Magnum wine bar, винный бар;+7 (495) 775-88-05;;улица Лесная, 5 ст Б;magnumwine.ru;55.778 37.587;cafe
Простые вещи new vintage, ресторан;+7 (499) 250-43-38;;1-я Брестская ул., 41, Москва;gastroteka.ru;55.773 37.588;cafe
Torro Grill;+7 (495) 798-66-70;;Лесная ул., 5, стр. Б, Москва;torrogrill.ru;55.778 37.586;cafe
Sage, ресторан;+7 (495) 025-22-25;;1-я Тверская-Ямская ул., 21, Москва;sagemoscow.ru;55.774 37.587;cafe
Magnum;;+7 (916) 753-47-75;Лесная ул., 5, стр. Б, Москва;magnumwine.ru;55.778 37.587;cafe
Saikō;+7 (495) 205-98-93;;Лесная ул., 7, Москва;saikomoscowrest.ru;55.779 37.588;cafe
Naja territory, бар;;+7 (968) 058-33-33, +7 (916) 620-18-10;Васильевская ул., 13, стр. 1, Москва;naja.moscow;55.772 37.588;cafe
Cheese connection, сырный ресторан;+7 (495) 780-75-85;;Лесная ул., 9, Москва;gastroteka.ru;55.779 37.589;cafe
Holiday Inn Moscow, Holiday Inn Moscow Lesnaya;+7 (495) 783-65-05, +7 (495) 783-64-64;;улица Лесная, 15;moscow-hi.ru;55.779 37.589;cafe
Desert rose, ресторан;;+7 (925) 110-01-10;2-я Тверская-Ямская улица, 40;desertrose.moscow;55.774 37.591;cafe
Дринкс;;+7 (977) 725-98-95, +7 (977) 741-23-36;1-я Тверская-Ямская ул., 13, стр. 1, Москва;;55.773 37.590;cafe
Beer pairing, авторская гастрономия;;+7 (929) 993-53-85, +7 (909) 999-88-82;Лесная ул., 20, стр. 6, Москва;beerpairingmsk.ru , b-pairing.ru;55.780 37.591;cafe
Bla bla bar Moscow, ресторан-бар;;+7 (985) 790-06-80, +7 (966) 666-75-68;Лесная ул., 20, стр. 5, Москва;blabla.bar;55.779 37.591;cafe
Lesnoy, ресторан авторской кухни;+7 (495) 730-11-77;+7 (985) 330-11-77;Лесная ул., 20, стр. 5, Москва;lesnoy-rest.ru;55.779 37.591;cafe
Frank by Баста;;+7 (926) 537-13-28;Лесная ул., 20А, Москва;frankmeat.ru;55.780 37.591;cafe
Asiatique Kitchen X Bar;+7 (495) 414-13-32, +7 (495) 055-22-02;+7 (925) 740-19-73;Лесная ул., 20, стр. 5, Москва;asiatique.rest;55.779 37.591;cafe
Ресторан Desert Rose;+7 (495) 182-73-42;+7 (926) 795-38-76;ул. Чаянова, 3/40, Москва;desertrose.moscow;55.774 37.591;cafe
Котельная, коктейльный бар;+7 (495) 920-99-98;+7 (985) 920-99-98, +7 (901) 147-94-96;Лесная ул., 20, стр. 5, Москва;kotelnayabar.ru;55.779 37.592;cafe
Remy kitchen bakery, ресторан;;+7 (925) 467-33-90;Лесная ул., 20, стр. 1, Москва;remykitchenbakery.ru;55.780 37.592;cafe
Bocconcino, ресторан итальянской кухни;;+7 (958) 111-69-70;Лесная ул., 20, стр. 4, Москва;bocconcino.ru;55.780 37.592;cafe
ДЕПО Москва, фудмолл;+7 (495) 788-88-33;;Лесная ул., 20, стр. 3, Москва;eatcommerce.ru , depomoscow.ru;55.780 37.593;cafe
Mamma mia, бистро;;+7 (929) 582-73-52;Лесная ул., 20, стр. 3, Москва;mamma-mia.wrf.su;55.780 37.593;cafe
Lavocado, бистро здорового питания;;+7 (967) 048-11-42;Лесная ул., 20, стр. 3, Москва;;55.780 37.593;cafe
Meat Dealers, мясной ресторан;+7 (495) 796-35-55;+7 (903) 796-35-55;Лесная ул., 20, стр. 3, Москва;meatdealers.ru;55.780 37.594;cafe
Доктор на крыше, ресторан;+7 (499) 673-41-22;+7 (980) 697-74-49, +7 (903) 722-90-11, +7 (980) 697-74-33, +7 (925) 079-06-14;2-й Тверской-Ямской пер., 10, Москва;zoon.ru , doktor-na-kryshe.ru , skyterrace.ru;55.773 37.594;cafe
Studio 46, караоке-клуб;+7 (499) 444-18-95, +7 (499) 445-15-42, +7 (499) 495-15-42;+7 (965) 385-51-11, +7 (985) 970-42-42;Новослободская ул., 46, стр. 1, Москва;karaoke-studio46.ru , banketkaraoke.ru;55.786 37.596;cafe
13°, миниатюрный винный бар;;+7 (915) 206-94-49;4-я Тверская-Ямская ул., 13, Москва;13winebar.com;55.772 37.597;cafe
Happy, караоке-клуб;;+7 (916) 403-78-85;Лесная ул., 20, стр. 3, Москва;happy-karaoke.ru;55.780 37.594;cafe
Коптильня, ресторан;;+7 (977) 910-32-88;Сущёвская, 21 ст7;koptilnyarest.ru;55.782 37.600;cafe
Джонджоли;+7 (495) 723-23-70;;Новослободская ул., 14/19с1, Москва;ch1ef.ru;55.781 37.600;cafe
Профсоюз;;+7 (926) 875-18-55;Сущёвская ул., 21, стр. 10, Москва;profsouzbars.com;55.782 37.600;cafe
Правда кофе, экспресс-кофейня;;+7 (916) 986-39-46;Новослободская ул., 10, стр. 3, Москва;pravdacoffee.ru;55.781 37.601;cafe
The 312, гастробар;;+7 (916) 131-23-12, +7 (939) 111-75-83;Сущёвская ул., 21, стр. 5, Москва;the-312.ru;55.783 37.601;cafe
Порто миконос, греческий ресторан;;+7 (926) 958-27-33, +7 (966) 098-79-77, +7 (901) 257-72-08, +7 (966) 888-23-61;Сущёвская ул., 27, стр. 5, Москва;cateringmykonos.ru , portomykonos.ru;55.783 37.601;cafe
Новый Сычуань, ресторан;;+7 (903) 526-34-44;Сущёвская ул., 19, стр. 5, Москва;новыйсычуань.рф;55.782 37.601;cafe
Дружба, китайский ресторан;+7 (499) 973-12-34;+7 (903) 539-88-80;Новослободская ул., 4, Москва;newdrugba.ru;55.780 37.602;cafe
Якитория, японские рестораны;+7 (499) 973-20-14;;Долгоруковская ул., 32, корп. 1, Москва;yakitoriya.ru;55.777 37.603;cafe
Plov Project, ресторан;+7 (343) 356-56-00, +7 (343) 311-05-11, +7 (3435) 21-57-75, +7 (343) 287-71-71;+7 (900) 035-37-57, +7 (926) 396-21-54, +7 (926) 262-20-20, +7 (925) 760-99-94;ул. Малая Дмитровка, 20, Москва;plovproject.rest , plovproject.com;55.772 37.605;cafe
Fino;;+7 (925) 350-14-04;Садовая-Каретная ул., 20, стр. 1, Москва;events.fino.moscow;55.773 37.610;cafe
Планета Суши;;+7 (916) 139-82-92;Селезнёвская ул., 32, Москва;planetsushi.ru;55.781 37.612;cafe
DaPino;+7 (495) 650-21-39;+7 (965) 362-17-99;Делегатская ул., 7, стр. 1, Москва;dapino.ru;55.776 37.612;cafe
Много лосося, суши-бар;+7 (499) 110-39-54;+7 (925) 004-71-63, +7 (950) 868-88-55;Октябрьская ул., 7, Москва;thapl.com , mnogolososya.ru;55.786 37.614;cafe
Итальянец, ресторан;;+7 (968) 040-44-27;Самотёчная улица, 13 ст2;italian.ru;55.778 37.618;cafe
Шварцкайзер;+7 (495) 681-84-01;;Суворовская площадь, 1/52к2, Москва;schwarzkaiser.ru;55.781 37.613;cafe
Чжун Го;+7 (495) 118-91-69;+7 (903) 968-80-90;1-й Волконский пер., 10, Москва;chjun-go.ru;55.775 37.616;cafe
Корчма Тарас Б.;+7 (495) 694-00-56;+7 (988) 467-05-96;Садовая-Самотёчная ул., 13/14, стр. 1, Москва;tarasbulba.ru;55.774 37.617;cafe
Red Lion Pub;+7 (495) 177-08-08;+7 (925) 814-36-77;Садовая-Самотёчная ул., 13, стр. 1, Москва;redlionpub.ru;55.774 37.618;cafe
Oxus, ресторан восточной кухни;+7 (495) 681-80-00;+7 (977) 608-01-02, +7 (926) 307-86-86;Трифоновская ул., 24, стр. 1, Москва;oxusmoscow.ru;55.788 37.618;cafe
Iliadis;+7 (499) 993-01-13;;Садовая-Самотёчная ул., 15/1, Москва;iliadis.moscow;55.774 37.618;cafe
Native Bar;;+7 (926) 744-60-08;Садовая-Самотёчная ул., 18, стр. 1, Москва;barnative.ru;55.773 37.619;cafe
Цирк, гастробистро;;+7 (916) 305-49-45;Цветной бул., 21, стр. 7, Москва;circuswinebar.com;55.772 37.619;cafe
Burger heroes, бургер-бар;;+7 (916) 614-91-52;Садовая-Самотёчная ул., 20, стр. 1, Москва;burgerheroes.ru;55.773 37.620;cafe
J.Z. Peking duck, ресторан китайской кухни;;+7 (925) 888-88-03;Цветной бул., 21, стр. 2, Москва;jzpekingduck.ru;55.772 37.620;cafe
Fillary;;+7 (930) 333-74-61;Цветной бул., 34, Москва;fillary.clients.site;55.773 37.622;cafe
Арго трэвел, судоходная компания;+7 (495) 642-58-33, +7 (495) 644-52-06;+7 (926) 982-27-50, +7 (916) 448-15-05;Цветной бул., 30, стр. 1, Москва;teploxodik.ru;55.772 37.623;cafe
Пауланер Браухаус Олимпик;+7 (495) 380-28-41, +7 (495) 380-28-42;;Олимпийский просп., 18/1, Москва;paulaner-brauhaus.ru;55.785 37.623;cafe
Lari, ресторан грузинской кухни;+7 (499) 110-04-40, +7 (495) 662-15-62;;ул. Щепкина, 33, Москва;lari.rest , lari.restaurant;55.780 37.629;cafe
Моллетта Пицца&Паста;+7 (495) 357-47-37;;ул. Щепкина, 32, стр. 1, Москва;mollettapizza.ru;55.780 37.630;cafe
My place, кафе-бар;+7 (495) 920-55-22;+7 (916) 080-50-60;ул. Щепкина, 42, стр. 2А, Москва;myplace.cafe;55.782 37.630;cafe
Brasserie lambic, пивной ресторан;+7 (495) 125-49-19, +7 (495) 104-87-54;;Малая Сухаревская площадь, 8, Москва;;55.773 37.630;cafe
Botanist Bar;;+7 (929) 557-04-28, +7 (977) 471-93-82;просп. Мира, 26, стр. 1, Москва;sidrgroup.ru;55.777 37.633;cafe
IL Патио, итальянский ресторан;;+7 (964) 704-39-44;просп. Мира, 33, корп. 1, Москва;ilpatio.ru;55.780 37.632;cafe
Джимми Ли, китайский ресторан;;+7 (977) 116-88-88, +7 (929) 613-41-20;проспект Мира, 12 ст1;jimmy-li.ru;55.775 37.633;cafe
Золотая Вобла, народный бар;+7 (495) 680-00-60;;Протопоповский пер., 3, Москва;vobla.ru;55.781 37.634;cafe
Darbars, индийский ресторан;+7 (495) 930-29-25, +7 (495) 930-23-65;;проспект Мира, 79;darbar.ru;55.791 37.634;cafe
Magnus Locus, ресторан;;+7 (958) 100-86-34, +7 (925) 764-46-46, +7 (926) 731-66-66;просп. Мира, 12, стр. 9, Москва;magnuslocus.ru;55.774 37.633;cafe
Мадам Галифе, ресторан;+7 (495) 775-26-01;+7 (926) 405-39-11, +7 (963) 710-18-92;просп. Мира, 26, стр. 1, Москва;madamgalife.ru;55.777 37.633;cafe
Кавказская пленница, ресторан;+7 (495) 680-51-77, +7 (495) 680-51-11;+7 (926) 338-63-69;просп. Мира, 36, стр. 1, Москва;novikovgroup.ru , kavkazskaya-plennica.ru;55.779 37.634;cafe
Дарбарс;;+7 (965) 244-97-34;просп. Мира, 79, Москва;darbar.ru;55.791 37.634;cafe
Sirena, ресторан;+7 (495) 767-14-12;+7 (985) 767-14-12;Большая Спасская ул., 15, стр. 4, Москва;novikovgroup.ru , sirena.rest;55.775 37.640;cafe
Сварня, пивной ресторан;+7 (495) 252-00-15, +7 (495) 688-11-33, +7 (495) 721-82-72;+7 (962) 952-04-44, +7 (964) 588-38-31, +7 (968) 739-71-09;просп. Мира, 74, стр. 1, Москва;svarnya.ru;55.790 37.635;cafe
Ашхабад, ресторан;+7 (495) 920-72-77;+7 (980) 222-72-77, +7 (980) 222-77-27;просп. Мира, 62, стр. 1, Москва;;55.786 37.635;cafe
Ribambelle, семейное кафе;+7 (495) 182-36-84;;Ботанический пер., 5, Москва;ribambelle.ru;55.778 37.638;cafe
Subway;;+7 (965) 443-70-97;ул. Маши Порываевой, 38, Москва;subway.ru;55.774 37.650;cafe
Шварцкайзер;+7 (495) 680-78-55;;Протопоповский пер., 40, Москва;schwarzkaiser.ru;55.780 37.645;cafe
Вьетплюс, ресторан;;+7 (929) 645-67-89;Каланчёвская ул., 20, стр. 1, Центральный административный округ, Красносельский район, Москва;vietplus.ru;55.778 37.648;cafe
Метехи, ресторан;+7 (495) 259-24-63;+7 (980) 697-69-93, +7 (925) 653-99-27;Орликов пер., 5, стр. 2, Москва;metekhi.ru;55.773 37.650;cafe
IL Патио, итальянский ресторан;;+7 (968) 420-57-28;Комсомольская площадь, 2, Москва;ilpatio.ru;55.773 37.655;cafe
Janus;+7 (499) 110-69-91, +7 (499) 110-70-43, +7 (499) 110-76-29, +7 (495) 627-55-50, +7 (499) 322-14-78, +7 (499) 322-31-96, +7 (495) 585-10-59, +7 (499) 520-86-48;;Каланчёвская ул., 21/40, Центральный административный округ, Красносельский район, Москва;leningradskaya-hilton.ru;55.774 37.652;cafe
IL Патио, итальянский ресторан;;+7 (903) 145-84-51;Комсомольская площадь, 5, Москва;ilpatio.ru;55.777 37.657;cafe
Старый город, ресторан кавказской и грузинской кухни;+7 (495) 773-73-37;;Новорязанская, 16/11 ст1;oldcity.moscow;55.772 37.660;cafe
Кочегар, гастробар;+7 (495) 292-57-53, +7 (495) 623-17-95;+7 (985) 260-35-35;улица Краснопрудная, 3-5 ст1;kochegarbar.ru;55.777 37.660;cafe
Тандыр Хаус, чайхана;;+7 (925) 419-89-55;Комсомольская площадь, 6, Москва;chaihona-tandir.ru;55.776 37.661;cafe
Ferragosto, ресторан;;+7 (985) 268-35-35;улица Краснопрудная, 3-5 ст1;ferragostorest.ru;55.777 37.661;cafe
Moscow Marriott imperial plaza hotel, отель;+7 (495) 786-99-99;;улица Краснопрудная, вл12 ст1;marriottimperialplaza.moscow;55.777 37.661;cafe
Старый Город;+7 (499) 938-94-62;+7 (985) 773-73-37;Новорязанская ул., 16/11с1, Москва;oldcity.moscow;55.772 37.660;cafe
Ferragosto;;+7 (939) 111-73-89;Краснопрудная ул., 3-5с1, Москва;ferragostorest.ru;55.777 37.661;cafe
Мята Lounge, центр паровых коктейлей;+7 (499) 979-08-84, +7 (499) 979-03-11;+7 (926) 868-90-94;Краснопрудная ул., 15, Москва;krasnoselskaya.myataofficial.com , myatakrasnoselskaya.ru;55.781 37.668;cafe
Mẹ nấu;;+7 (916) 504-75-97;Краснопрудная ул., 15, Москва;project25919.eda.rest;55.781 37.668;cafe
Chillton;;+7 (901) 259-03-12, +7 (925) 688-00-00;Нижняя Красносельская ул., 13, стр. 1, Москва;;55.777 37.669;cafe
Хинкальная у Бабу;;+7 (901) 592-20-24;Новая Переведеновская ул., 1/7, Москва;megobroba.ru;55.779 37.682;cafe
Dereza, ресторан;+7 (499) 670-94-74;+7 (904) 567-23-66;Нижняя Красносельская ул., 35, стр. 49, Москва;derezarest.ru;55.776 37.672;cafe
Лобби-бар Барклай;+7 (495) 221-60-63, +7 (495) 221-60-00;+7 (903) 248-36-75, +7 (903) 247-76-81, +7 (903) 248-24-57, +7 (903) 248-37-71;Русаковская ул., 13, стр. 5, Москва;borodino-hotel.com;55.785 37.672;cafe
Bfl’s;;+7 (917) 569-40-15, +7 (969) 021-46-32;Нижняя Красносельская ул., 35, стр. 59, Москва;;55.776 37.675;cafe
Бакинский домик, ресторан;+7 (495) 772-59-53, +7 (495) 603-30-02, +7 (499) 785-26-38, +7 (495) 118-30-56, +7 (495) 777-91-97, +7 (495) 603-30-05, +7 (843) 277-16-16;+7 (926) 600-10-01;Русаковская ул., 23, Москва;bakinsky-dvorik.ru , morafu.ru;55.786 37.676;cafe
Avgust, рыбный ресторан;+7 (499) 688-86-50;+7 (939) 111-90-64;Бауманская ул., 9, Москва;avgustmoscow.ru;55.777 37.677;cafe
Ян Примус, пивной ресторан;+7 (499) 400-21-09;+7 (963) 710-95-33;Спартаковская ул., 23, Москва;yanprimus.ru;55.773 37.678;cafe
Sansar, ресторан монгольской и бурятской кухни;;+7 (903) 190-62-00;Спартаковская площадь, 16/15 ст4;sansar.rest;55.776 37.678;cafe
Якитория;+7 (499) 400-29-05;;Спартаковская ул., 25/28с1, Москва;yakitoriya.ru;55.773 37.678;cafe
Тбилиси, трактир;+7 (499) 550-21-57;+7 (965) 179-77-97, +7 (968) 468-51-69;ул. Жебрунова, 4Д, Москва;traktir-tbilisi.ru;55.785 37.679;cafe
Hong Kong, китайский ресторан;+7 (495) 544-55-50;+7 (985) 631-96-54;Русаковская ул., 24, Москва;hgkg.ru;55.788 37.680;cafe
#Farш, бургерная;+7 (495) 276-70-86;;Сокольническая площадь, 9, Москва;farshburger.ru;55.790 37.680;cafe
G&t gourmet, ресторан;+7 (495) 787-19-29, +7 (495) 786-73-73;;Русаковская ул., 24, Москва;gtgourmet.ru , holidayinnsokolniki.ru;55.788 37.681;cafe
О`Хара, ирландский паб;+7 (495) 710-73-24;;Фридриха Энгельса, 20 ст2;oharapub.ru;55.772 37.682;cafe
Axiom Pub;;+7 (901) 259-94-05;Спартаковская площадь, 16/15с2, Москва;;55.776 37.679;cafe
Морисвиль;+7 (495) 267-03-90;;Спартаковская площадь, 14, стр. 1, Москва;banquet-paradise.ru;55.777 37.680;cafe
Бирхаус, немецкая пивная;+7 (499) 267-03-23, +7 (499) 261-42-15;+7 (901) 707-13-17;Бакунинская ул., 7, стр. 5, Москва;beerbar.ru;55.774 37.680;cafe
NoYesBar;+7 (499) 112-06-92;+7 (925) 834-84-48;Сокольническая площадь, 9, Москва;myata-van-gogh.ru , noyes.bar;55.790 37.680;cafe
О'Хара;+7 (495) 414-22-51;;ул. Фридриха Энгельса, 20, стр. 2, Москва;oharapub.ru;55.772 37.682;cafe
Life pub, ресторан;+7 (495) 900-10-37;+7 (916) 052-43-63;Фридриха Энгельса, 20 ст1;life-pub.ru;55.772 37.683;cafe
Oblivion, рестобар;;+7 (963) 777-23-41, +7 (958) 100-24-47;Бакунинская ул., 23-41, Москва;oblivion-restobar.ru , fdn.gg;55.776 37.684;cafe
Элит, ресторан;+7 (499) 213-15-69, +7 (499) 268-37-96;+7 (919) 994-06-01;улица Гастелло, 37;elite-sokolniki.ru;55.784 37.690;cafe
Корчма Тарас Б.;+7 (495) 956-55-81;;Бакунинская ул., 23-41, Москва;tarasbulba.ru;55.776 37.685;cafe
Лён, ресторан;+7 (495) 632-14-13;+7 (977) 291-21-96, +7 (925) 330-20-22, +7 (967) 456-90-40, +7 (967) 224-79-21;Бакунинская ул., 69, стр. 1, Москва;lenrestoran.ru , len-restoran.ru , restoranlen.ru;55.779 37.691;cafe
Пекинский сад, китайский ресторан;+7 (495) 943-28-93;+7 (901) 593-28-93;Большая Почтовая ул., 36, стр. 3, Москва;bjsad.su , bjsad.ru;55.781 37.697;cafe
Bodrum, ресторан турецкой и европейской кухни;;+7 (985) 222-46-61, +7 (991) 311-93-44;улица Кожевническая, 14 ст1;bodrum.moscow;55.729 37.647;cafe
Инкогнито, ночной клуб;+7 (495) 777-25-74, +7 (495) 777-65-92;;Большая Семёновская ул., 11, стр. 1, Москва;inkognitoclub.ru;55.783 37.704;cafe
Peak sound, репетиционная студия;;+7 (909) 979-96-69;Большая Семёновская ул., 42, стр. 3, Москва;;55.780 37.715;cafe
Sharden, ресторан;;+7 (916) 013-75-75;ул. Преображенский Вал, 27, Москва;sharden.moscow;55.790 37.717;cafe
Урюк, ресторан;;+7 (917) 570-70-02;Семёновская площадь, 2, Москва;uryk.ru;55.782 37.720;cafe
Semenov Club;+7 (495) 604-18-18, +7 (495) 476-50-23;+7 (916) 105-55-10;Ткацкая ул., 5, стр. 7, Москва;semenovclub.ru;55.786 37.722;cafe
Шварцкайзер;;+7 (926) 043-53-88;Щербаковская ул., 35, Москва;schwarzkaiser.ru;55.783 37.730;cafe
Кавказский дворик, ресторан;+7 (495) 720-54-73;+7 (966) 188-55-88;Мироновская ул., 33, стр. 28, Москва;kavdvorik.ru;55.789 37.732;cafe
Гуси-Лебеди, ресторан с новым взглядом на русскую кухню;+7 (495) 737-79-35;+7 (926) 645-79-35, +7 (925) 645-79-35;Измайловское ш., 71, корп. 3В, Москва;gusi-lebedi.moscow;55.791 37.747;cafe
Вега;+7 (495) 956-06-44;+7 (965) 206-00-54;Измайловское ш., 71, корп. 3В, Москва;rvega.ru;55.791 37.746;cafe
Измайловский, ресторан;+7 (495) 737-70-50;+7 (964) 536-01-02;Измайловское шоссе, 71 к4г-д;izmailovo-rest.ru;55.791 37.748;cafe
IL Canto, караоке-ресторан;+7 (495) 231-43-05;+7 (903) 215-05-22;Измайловское шоссе, 71 к А;ilcanto.ru;55.790 37.750;cafe
Ресторан Каза Мия;+7 (495) 727-24-24;;Москва, МКАД, 66-й километр, внешняя сторона;crocuscitymall.ru;55.815 37.390;cafe
Tuscany Courtyard, ресторан;+7 (495) 617-19-44;;ул. Кулакова, 20, корп. 1, Москва;tuscanycourtyard.ru;55.803 37.391;cafe
Транзит времени, бильярдный клуб-бар;;+7 (977) 324-04-34, +7 (901) 147-92-51;ул. Кулакова, 20, корп. 1, Москва;бильярдстрогино.москва , luse.ru;55.803 37.391;cafe
Pioppo albero, ресторан итальянской кухни;+7 (495) 120-72-27;;ул. Маршала Катукова, 25, Москва;dostavka.alberogroup.ru , alberogroup.ru , pioppo.alberogroup.ru;55.805 37.415;cafe
Березы парк, пляж;+7 (499) 130-86-11;+7 (985) 222-42-92;Строгинское ш., вл1А, Москва;berezy-park.ru;55.804 37.439;cafe
Rotonda, домашний ресторан;+7 (495) 229-26-09, +7 (495) 229-26-07;+7 (925) 709-26-07;Авиационная улица, 79Б;rotondaresto.ru;55.808 37.449;cafe
Маки Маки;+7 (495) 728-00-00;;ул. Маршала Катукова, 25, Москва;makimaki.ru;55.806 37.414;cafe
Пляж-клуб Super Beach в Строгино;;+7 (925) 507-08-09;Строгинское ш., вл1А, Москва;;55.804 37.439;cafe
River club Moscow, яхт-клуб;+7 (495) 215-29-97;+7 (977) 502-77-77, +7 (985) 222-79-86, +7 (930) 333-40-79;Авиационная ул., 79, корп. 1, стр. 2, Москва;riverclubmoscow.ru;55.806 37.448;cafe
Enjoylife;+7 (495) 942-55-77;+7 (909) 153-48-10, +7 (980) 697-86-41, +7 (926) 588-62-30;Авиационная ул., 63, Москва;cafejoy.ru;55.809 37.455;cafe
Якитория, японские рестораны;+7 (499) 968-90-78;;Авиационная ул., 66, Москва;yakitoriya.ru;55.809 37.460;cafe
Синема Парк, сеть кинотеатров;+7 (495) 419-33-44, +7 (495) 419-21-03, +7 (495) 419-21-02;;ул. Маршала Бирюзова, 32, Москва;kinoteatr.ru , cinemapark.ru;55.800 37.483;cafe
Сонаму, ресторан;+7 (495) 942-42-02;;ул. Маршала Василевского, 3, корп. 1, Москва;sonamu.ru;55.803 37.473;cafe
Cafe de arts, ресторан;+7 (495) 725-75-25;;ул. Маршала Соколовского, 5, Москва;cafedearts.ru;55.793 37.488;cafe
Ресторан & бар Бокас Дель Торо;+7 (499) 728-43-41;+7 (929) 639-87-40, +7 (904) 567-18-96;ул. Маршала Рыбалко, 18, корп. 1, Москва;bocasdeltoro.ru;55.800 37.485;cafe
Falco pizza, пиццерия;;+7 (925) 781-71-71;Ленинградский просп., 80, корп. 1, Москва;falkopizza.ru;55.811 37.508;cafe
Интерпаб, ресторан-паб;+7 (499) 195-90-35;;ул. Народного Ополчения, 48, корп. 1, Москва;interpab.ru;55.794 37.495;cafe
Kvartal Green Garden, ресторан;+7 (495) 142-61-73;+7 (901) 364-51-18;ул. Маршала Рыбалко, 2, корп. 8, Москва;;55.797 37.497;cafe
Дом 8А, ресторан;+7 (499) 198-17-65;;ул. Алабяна, 8А, Москва;dom8a.com;55.801 37.506;cafe
Котлета, ресторан-бар;+7 (499) 678-97-77, +7 (499) 321-59-58;;Ленинградский просп., 77, корп. 4, Москва;kotleta.bar , kotletabar.ru;55.806 37.506;cafe
Osteria Mario, домашний итальянский ресторан;;+7 (968) 681-18-66;Балтийская ул., 9, Москва;osteriamario.ru;55.809 37.513;cafe
Колхи;+7 (499) 943-41-52;+7 (965) 373-54-54;Новопесчаная ул., 16, Москва;velieti.ru;55.796 37.512;cafe
Якитория, японские рестораны;+7 (495) 974-28-68;;Ленинградский просп., 80, корп. 21, Москва;yakitoriya.ru;55.808 37.512;cafe
Maxima Bakery;+7 (495) 162-08-37, +7 (495) 152-08-37;;Ленинградский просп., 78, корп. 1, Москва;maxima-bakery.ru;55.806 37.513;cafe
Il Barolo;+7 (499) 157-90-00;;Чапаевский пер., 2, Москва;ilbarolo.ru;55.803 37.520;cafe
Ichiban boshi, японский ресторан;+7 (499) 503-03-66;+7 (977) 927-05-02;Ленинградский просп., 72, корп. 4, Москва;ichiban.ru;55.805 37.520;cafe
Суши Руки Вверх!;;+7 (916) 279-04-34;Часовая ул., 11/3, Москва;rvsushi.ru;55.808 37.529;cafe
Корчма Тарас Б.;+7 (499) 151-90-11;;Ленинградский просп., 64, Москва;tarasbulba.ru;55.802 37.529;cafe
Суши Тако;;+7 (926) 030-69-71;ул. Асеева, 3/11, Москва, Россия;sushi-taco.ru;55.807 37.529;cafe
Джонджоли, грузинский ресторан;;+7 (916) 071-36-68;Ленинградский просп., 62А, Москва;ch1ef.ru;55.802 37.531;cafe
IL Патио, итальянский ресторан;+7 (495) 105-93-37;;Ленинградский просп., 62А, Москва;ilpatio.ru;55.802 37.532;cafe
Sea-тория, фиш-кафе;+7 (495) 614-84-78;+7 (916) 787-77-30;Ленинградский просп., 48, Москва;seatoria.shop;55.796 37.544;cafe
МосКальян;;+7 (938) 879-12-58;Планетная ул., 45, стр. 2, Москва;mos-lounge.ru , mosfranchise.com;55.805 37.539;cafe
Небесный Тихоход, бар-ресторан;+7 (495) 940-91-11, +7 (495) 782-01-88, +7 (499) 641-21-11, +7 (499) 157-08-48, +7 (499) 601-21-12, +7 (499) 601-21-21, +7 (495) 940-61-53, +7 (499) 601-21-11;+7 (963) 670-06-04, +7 (985) 077-88-48, +7 (916) 467-66-69;Ленинградский просп., 37, корп. 5, Москва;nebesny-tihohod.ru , aeropolis.ru;55.795 37.543;cafe
Ibis Москва Динамо, гостиница;+7 (495) 139-03-04;;Ленинградский просп., 37, корп. 8, Москва;all.accor.com;55.792 37.543;cafe
Молоко и мед;;+7 (995) 099-97-70;Кочновский пр., 4, корп. 2, Москва;кафеаэробус.рф;55.806 37.546;cafe
Iskra Hall;;+7 (909) 692-79-88;Петровско-Разумовский пр., 28, Москва;iskrahall.ru;55.805 37.563;cafe
Брайтон, ресторанно-гостиничный комплекс;+7 (495) 614-95-11, +7 (495) 476-42-87;+7 (977) 851-98-93;Петровско-Разумовский пр., 29, Москва;brh.ru;55.804 37.562;cafe
Black Star Gaming Lounge, клуб;;+7 (939) 900-18-03, +7 (985) 089-91-91;ул. Верхняя Масловка, 18Б, стр. 5, Москва;blackstargaming.club;55.794 37.564;cafe
Сезам, чайхана;+7 (495) 258-59-72;+7 (977) 393-90-17;2-я Хуторская улица, 31а ст6а;;55.805 37.568;cafe
Караоке ДТ, ночной клуб;+7 (495) 980-11-68;+7 (966) 197-44-26;Бутырская ул., 75, Москва;karaoke-dt.ru;55.804 37.583;cafe
Давайте карбонару, пастерия и бар;+7 (495) 118-42-19, +7 (495) 199-96-96;+7 (925) 402-75-31;Большая Новодмитровская ул., 36, стр. 7, Москва;pasteria.bar;55.806 37.585;cafe
Frank by Баста, ресторан американской кухни;;+7 (926) 489-11-45;Большая Новодмитровская ул., 36, стр. 14, Москва;frankmeat.ru;55.805 37.585;cafe
Amsterdam Bar, гастробар с европейской кухней и авторскими коктейлями;;+7 (966) 104-31-31, +7 (988) 282-50-91;Большая Новодмитровская ул., 36, стр. 12, Москва;amster.bar;55.805 37.586;cafe
Is Ku Sushi Ramen Bar;;+7 (925) 152-60-88, +7 (929) 660-90-16;Новодмитровская ул., 2, корп. 4, Москва;iskusushi.myresto.online;55.804 37.590;cafe
Publo bar, пивной бар;;+7 (916) 391-90-99, +7 (985) 109-93-39;Новодмитровская ул., 2, корп. 5, Москва;publobeer.com;55.803 37.591;cafe
Tinta, ресторан;+7 (495) 662-94-76, +7 (499) 283-07-93;;Новодмитровская улица, 2 к5;tintapizza.ru;55.804 37.591;cafe
Louis fusion, ресторан;;+7 (916) 879-70-70;Новодмитровская улица, 2 к7;louisfusion.ru;55.803 37.592;cafe
Винный бар Шали Вали;;+7 (977) 597-32-18;Новодмитровская ул., 2, корп. 6, Москва;shali-vali.ru;55.803 37.592;cafe
Мята Lounge, центр паровых коктейлей;;+7 (915) 139-77-99;Новодмитровская ул., 2, корп. 7, Москва;novodmitrovskaya.myataofficial.com , myataofficial.com;55.802 37.592;cafe
Моспикник;+7 (495) 363-75-81;;ул. Добролюбова, 3, стр. 1, Москва;mospicnic.ru;55.810 37.594;cafe
Урюк, ресторан;+7 (495) 280-19-30;;ул. Сущёвский Вал, 18А, Москва;uryk.ru;55.792 37.604;cafe
Кальянная 4: 20;;+7 (916) 959-41-84, +7 (916) 306-58-33;3-й пр. Марьиной Рощи, 40, стр. 1, Москва;;55.796 37.611;cafe
Farш;;+7 (964) 705-09-42;Шереметьевская ул., 6, корп. 1, Москва;farshburger.ru;55.796 37.617;cafe
Планета суши;+7 (495) 542-44-61;;Шереметьевская ул., 6, корп. 1, Москва;planetsushi.ru;55.795 37.617;cafe
Таможня дает добро, пивной ресторан;+7 (495) 663-83-24;;Шереметьевская ул., 6, корп. 1, Москва;tddrest.ru;55.795 37.617;cafe
Пивотека 465, сеть баров-магазинов;+7 (495) 150-64-65;;ул. Бочкова, 5, Москва;крафтбар.рф;55.810 37.634;cafe
Johnnie Green, ирландский ресторан;+7 (495) 682-11-57, +7 (495) 602-45-85;;проспект Мира, 91 к1;johnniegreenpub.ru;55.806 37.636;cafe
Острог, гастробар;;+7 (991) 333-04-22, +7 (939) 111-50-94;улица Бочкова, 3;gastrobar-ostrog.ru;55.810 37.636;cafe
Якитория, японские рестораны;+7 (495) 616-66-03;;просп. Мира, 97, Москва;yakitoriya.ru;55.810 37.637;cafe
Джонджоли, грузинский ресторан;+7 (495) 682-66-84;;просп. Мира, 118, Москва;ch1ef.ru;55.810 37.638;cafe
Beef time, стейк-хаус;+7 (495) 640-02-20;+7 (929) 549-16-43;просп. Мира, 102, стр. 1А, Москва;beeftime.ru , beeftime.org;55.801 37.637;cafe
Кокофреш, ресторан;+7 (495) 323-99-94, +7 (495) 323-99-99;+7 (968) 355-43-84, +7 (968) 508-47-54, +7 (909) 949-55-55;Староалексеевская ул., 20, Москва;cocofresh.ru;55.810 37.643;cafe
Алексеевский, отель;+7 (495) 995-55-33;+7 (967) 067-90-60;Новоалексеевская ул., 20А, стр. 1, Москва;alekshotel.com;55.810 37.653;cafe
Джи Джи Гриль, ресторан;;+7 (962) 999-19-90, +7 (965) 205-87-86, +7 (966) 666-97-09, +7 (968) 622-22-66;1-й Лучевой просек, 1, Москва;gg-grill.ru;55.795 37.669;cafe
Fun Fam, семейный ресторан;;+7 (977) 441-78-78, +7 (977) 441-77-78;улица Стромынка, 25 ст1;fun-fam.ru;55.796 37.700;cafe
Forneria by Casa di famiglia, ресторан итальянской кухни;+7 (495) 116-00-70;+7 (985) 860-36-36;ул. Стромынка, 25, стр. 2, Москва;granatrest.ru;55.795 37.701;cafe
Преображенский 7, бизнес-центр;;+7 (999) 554-99-79;Преображенская площадь, 7А, стр. 1, Москва;marketpreo.ru;55.796 37.709;cafe
Тролли Кидс;;+7 (999) 337-70-70;Краснобогатырская ул., 90, стр. 2, Москва;trollykids.ru;55.800 37.709;cafe
Иван раковар, раковарня;+7 (499) 391-35-70, +7 (861) 292-75-70, +7 (8652) 59-78-00, +7 (401) 252-75-70, +7 (499) 398-75-70;+7 (977) 765-50-77;Краснобогатырская ул., 90, стр. 2, Москва;ivanrakovar.ru , preobrajenskiy.ivanrakovar.ru;55.801 37.710;cafe
Aromat Lounge;+7 (499) 490-73-49;+7 (968) 941-67-00;Краснобогатырская ул., 90, стр. 2, Москва;aromatlounge.ru;55.801 37.711;cafe
Парус, ресторан-бар;+7 (495) 652-81-86;+7 (963) 770-24-24;Преображенская площадь, 6, Москва;parus-cafe.ru;55.795 37.712;cafe
Белая веранда, ресторан;;+7 (916) 428-08-68, +7 (903) 141-89-81;Измайловское ш., 73Ж, Москва;restoranbv.ru;55.794 37.751;cafe
Шоколадница, кофейня;;+7 (915) 384-33-34;Измайловское ш., 71, корп. А, Москва;shoko.ru;55.792 37.749;cafe
Вегас;;+7 (926) 946-89-39;Щёлковское ш., 4, Москва;vegas-schelkovskoe-shosse.clients.site;55.804 37.760;cafe
Solo Pizza;+7 (495) 969-34-59, +7 (495) 363-82-95;;Амурская ул., 1А, корп. 2, Москва;pizzasolo.ru;55.808 37.759;cafe
Луснар, ресторан;+7 (499) 966-99-90, +7 (499) 966-99-91, +7 (495) 462-00-65, +7 (499) 966-37-34;;Амурская ул., 12А, Москва;lusnar.ru;55.809 37.764;cafe
Фуд ин бокс, служба доставки готовых блюд;+7 (495) 222-08-52;;Измайловский пр., 5А, Москва;food-in-box.ru;55.797 37.767;cafe
Brothers Bar, спорт-бар;;+7 (977) 291-12-77;3-я Парковая улица, вл57;;55.805 37.782;cafe
Виват Пицца, сеть кафе;+7 (499) 164-48-10;;Сиреневый бул., 15А, Москва;vivatpizza.ru;55.803 37.786;cafe
Кеци, ресторан;+7 (495) 220-29-29, +7 (495) 249-55-13;;Первомайская ул., 42, Москва;ketzi.ru;55.793 37.788;cafe
Сыроварня;;+7 (958) 100-71-67;Щёлковское ш., вл75, Москва;novikovgroup.ru , syrovarnya.com;55.811 37.799;cafe
Farш;;+7 (968) 444-43-28;Щёлковское ш., вл75, Москва;farshburger.ru;55.811 37.799;cafe
Урюк;+7 (495) 653-83-23;;Щёлковское ш., вл75, Москва;uryk.ru;55.811 37.799;cafe
Джонджоли, грузинский ресторан;;+7 (909) 643-45-49;Сиреневый бул., 31, Москва;ch1ef.ru;55.803 37.800;cafe
Якитория, японские рестораны;+7 (495) 965-77-20;;Первомайская ул., 86/18, Москва;yakitoriya.ru;55.793 37.806;cafe
Якитория, японские рестораны;+7 (495) 468-15-16;;Щёлковское ш., 68, Москва;yakitoriya.ru;55.810 37.807;cafe
Жасмин, ресторан;+7 (495) 468-62-32;+7 (916) 245-55-01;Измайловский бул., 69, Москва;elitehall.ru;55.797 37.818;cafe
REPUBLIC HALL, банкетный зал;+7 (495) 999-24-22, +7 (495) 998-88-83;+7 (985) 998-88-83;шоссе Волоколамское, 124;rdisco.ru , rhall.ru;55.831 37.406;cafe
Таежный, гостинично-развлекательный комплекс;+7 (499) 702-36-36;+7 (932) 777-55-55;шоссе Волоколамское, 89 ст1е;tbhotel.ru , tbania.ru , bigblack.pro;55.828 37.409;cafe
DuckPekin;+7 (495) 940-55-50;+7 (915) 115-60-90;Волоколамское ш., 90, стр. 12, Москва;duckpekin.ru;55.824 37.441;cafe
Bocconcino;;+7 (958) 111-70-42;Ленинградское ш., 16А, стр. 8, Москва;bocconcino.ru;55.824 37.495;cafe
Сыроварня, ресторан;+7 (3832) 55-38-38;;Ленинградское шоссе, 16а ст4;syrovarnya.com;55.824 37.497;cafe
Урюк;+7 (495) 933-11-91;;Ленинградское ш., 16, стр. 3, Москва;uryk.ru;55.823 37.496;cafe
#FARШ;+7 (495) 276-70-96;;Ленинградское ш., 16А, стр. 4, Москва;farshburger.ru;55.823 37.498;cafe
Torro grill, ресторан;+7 (499) 503-70-73;;Ленинградское ш., 16А, стр. 4, Москва;torrogrill.ru;55.822 37.498;cafe
Оливка, ресторан;+7 (499) 159-42-12, +7 (499) 159-93-18;;улица Зои и Александра Космодемьянских, 11/15 ст1Б;olivka-msk.ru;55.821 37.511;cafe
Оливка;+7 (499) 159-43-18;;ул. Зои и Александра Космодемьянских, 11, стр. 1, Москва;olivka-msk.ru;55.821 37.512;cafe
Вереск, столовая;+7 (495) 357-77-57;+7 (916) 603-63-23;ул. Космонавта Волкова, 6А, Москва;veresk.artmoscowhotel.ru;55.815 37.512;cafe
Бик-кау, ресторан вьетнамской кухни;;+7 (926) 170-28-72, +7 (929) 999-76-76;Коптевская ул., 65А, Москва;bichcau.com , 9dragon.ru;55.830 37.517;cafe
Павлин Мавлин, чайхана;+7 (495) 788-96-48, +7 (495) 508-05-08, +7 (495) 745-82-32, +7 (495) 617-89-89, +7 (495) 191-82-83, +7 (499) 153-56-58, +7 (499) 128-58-71;+7 (901) 591-82-32, +7 (978) 717-49-00, +7 (978) 227-02-27;Большая Академическая ул., 35, стр. 1, Москва;pavlin-mavlin.ru;55.832 37.531;cafe
Шереметьевский, парк-отель;+7 (495) 784-70-77, +7 (495) 620-81-61, +7 (495) 571-51-31, +7 (495) 611-07-25, +7 (498) 683-40-51;+7 (916) 231-46-90, +7 (910) 499-21-61, +7 (915) 337-83-23;улица Вучетича, 32 ст2;sher.sheremetevsky.ru , sheremetevsky.ru;55.815 37.556;cafe
Laram, ресторан;;+7 (965) 149-88-88;ул. Дубки, 6, Москва;laram-halal.ru;55.819 37.565;cafe
Эль&Стаут;+7 (495) 610-82-01;;ул. Яблочкова, 21, Москва;elstaut.ru;55.820 37.580;cafe
Prime times, ресторан;+7 (495) 619-82-56;+7 (903) 123-63-46;1-я Останкинская улица, вл7а ст19;pt-restoran.ru;55.824 37.604;cafe
Экипаж;+7 (495) 940-66-60;;ул. Академика Королёва, 12, Москва;equipaj.ru , catering.su;55.823 37.607;cafe
Кафе-бар;+7 (495) 615-42-65, +7 (495) 615-41-01, +7 (495) 615-43-01, +7 (495) 615-40-13, +7 (495) 615-30-83, +7 (495) 615-40-38;;Аргуновская улица, 2 к1;zvezdnaya.ru;55.813 37.620;cafe
IL Патио, итальянский ресторан;;+7 (965) 295-54-73;ул. Академика Королёва, 8А, Москва;ilpatio.ru;55.822 37.623;cafe
Развлекательный центр Галактика;+7 (499) 490-43-06, +7 (499) 325-46-63, +7 (495) 517-68-86, +7 (495) 506-88-87, +7 (499) 490-43-68, +7 (499) 110-68-68;+7 (926) 926-52-06, +7 (925) 517-68-86;ул. Академика Королёва, 8А, Москва;galaktica.ru;55.822 37.623;cafe
Владикавказ;;+7 (985) 644-56-67;просп. Мира, 119, стр. 531, Москва;tripiroga.ru;55.831 37.626;cafe
Бакинская жемчужина, ресторан;+7 (495) 602-37-12;+7 (925) 188-88-18;Звёздный бул., 24, Москва;arakelovgroup.ru;55.815 37.628;cafe
Крошка Картошка;;+7 (963) 991-71-69;просп. Мира, 101, стр. 1, Москва;kartoshka.com;55.812 37.636;cafe
КолиzейХолл, ресторанно-банкетный комплекс;+7 (495) 687-87-77, +7 (495) 518-30-30;+7 (903) 589-00-28, +7 (925) 518-30-30;улица Кондратюка, 1а;kolizeyhall.ru;55.820 37.637;cafe
Pub, пивной ресторан;+7 (495) 234-10-00, +7 (495) 234-12-01, +7 (495) 234-63-80, +7 (495) 234-13-14, +7 (495) 234-12-06, +7 (495) 234-12-93, +7 (495) 234-12-62, +7 (495) 234-10-15, +7 (495) 234-24-63, +7 (495) 234-12-65;;просп. Мира, 150, Москва;hotelcosmos.ru;55.823 37.647;cafe
Бирхаус, немецкая пивная;+7 (495) 682-66-35;+7 (903) 012-91-29;просп. Мира, 124, корп. 4, Москва;beerbar.ru;55.816 37.639;cafe
Сушистор, суши-бар;;+7 (906) 788-12-61;Ивантеевская ул., 32, корп. 2, Москва;sushistore.ru , sushistor.ru;55.815 37.731;cafe
Кинзадза, ресторан;+7 (499) 966-99-39;+7 (925) 179-41-43, +7 (925) 178-99-98;Открытое ш., 24, корп. 11, Москва;kinzadza.com;55.823 37.757;cafe
Zotman pizza, пиццерия;+7 (495) 120-44-46;;Митинская ул., 25, корп. 4, Москва;zotman.ru , zotmanpizza.ru;55.843 37.364;cafe
Luna, караоке-ресторан;;+7 (968) 000-00-83;Митинская ул., 16, Москва;lunaclub.me;55.842 37.372;cafe
IL Патио, итальянский ресторан;+7 (495) 105-93-77;;Митинская ул., 16, Москва;ilpatio.ru;55.842 37.373;cafe
Light Touch, ресторан;+7 (495) 771-70-88;;Пятницкое ш., 18, Москва;light-touch.ru;55.844 37.383;cafe
Якитория, японские рестораны;+7 (495) 783-84-60;;Пятницкое ш., 3, Москва;yakitoriya.ru;55.836 37.386;cafe
Митин клаб;;+7 (909) 929-63-20, +7 (977) 620-67-24;Пятницкое ш., 3, Москва;mitin.club;55.836 37.386;cafe
Панихида;;+7 (985) 443-66-84;Пятницкое ш., 12, Москва;panihida.turbo.site;55.840 37.388;cafe
BierЛога;;+7 (995) 333-48-92;Туристская ул., 13, корп. 2, Москва;bierloga.com;55.850 37.422;cafe
Якитория, японские рестораны;+7 (499) 492-06-21;;Сходненская ул., 25, Москва;yakitoriya.ru;55.845 37.439;cafe
Pizza gran torino, пиццерия;;+7 (999) 885-90-99;Лодочная улица, 3 ст7;grantorinopizza.ru;55.837 37.442;cafe
Джонджоли;+7 (495) 604-16-45;;Химкинский бул., вл7-23, Москва;ch1ef.ru;55.851 37.443;cafe
Ливан Хаус;;+7 (964) 553-40-12;Химкинский бул., вл7-23, Москва;livanhouse.ru;55.850 37.443;cafe
Гранд, ресторан;+7 (495) 494-83-57;+7 (916) 042-53-26;Химкинский бул., 19, корп. 3, Москва;restorangrand.ru;55.850 37.445;cafe
Аморет;;+7 (926) 212-77-19, +7 (977) 736-88-48, +7 (962) 533-05-13, +7 (977) 573-66-64, +7 (965) 253-77-69;Вишнёвая ул., 13, Москва;ergunov-marketing.ru , artamoret.ru , amoret-artclub.ru;55.835 37.447;cafe
Караоке 13;+7 (495) 127-82-32, +7 (495) 490-10-01, +7 (495) 021-72-24;+7 (925) 375-45-41, +7 (926) 751-12-38;Вишнёвая ул., 13, Москва;karaoke13.ru;55.835 37.447;cafe
Чайхона №1, ресторан;+7 (499) 493-11-93;;Лодочная ул., 4, Москва;chaihona.ru , chaihona1.ru;55.836 37.455;cafe
Волга-Волга, ресторан;+7 (499) 113-11-33;+7 (921) 782-20-72, +7 (968) 396-38-58, +7 (909) 675-04-59;Ленинградское ш., 51, Москва;ginza.ru , volga-volga.moscow , volgavolga.moscow , clck.ru;55.851 37.468;cafe
Forest Lounge;;+7 (985) 217-51-18;Ленинградское ш., 51, стр. 4, Москва;forest-lounge.ru;55.850 37.470;cafe
Море лосося, суши-бар;;+7 (966) 275-00-00;ул. Адмирала Макарова, 6, стр. 13, Москва;morelososya.ru;55.836 37.491;cafe
Estragon, пивной ресторан;+7 (495) 452-42-97;;улица Адмирала Макарова, 45;;55.839 37.486;cafe
Mooring;;+7 (903) 758-84-79, +7 (986) 111-09-09;Ленинградское ш., 51, Москва;mooring-banket.ru;55.844 37.472;cafe
Паб-ресторан Cuba;;+7 (966) 666-70-48;Ленинградское ш., 84, Москва;zoon.ru , cuba-rest.ru;55.849 37.475;cafe
Стейк'S;+7 (495) 601-94-34;+7 (985) 612-92-06;Ленинградское ш., 80, стр. 1, Москва;steiks.ru , steyks.ru;55.848 37.476;cafe
ArtЯшок&La Veranda, ресторан;+7 (495) 212-20-60, +7 (495) 212-20-41, +7 (495) 212-20-20, +7 (495) 212-20-50;;Ленинградское ш., 39, стр. 1, Москва;doubletreemoscow.ru;55.833 37.485;cafe
Beertep, крафтовый бар;;+7 (925) 866-78-73;ул. Адмирала Макарова, 6, стр. 13, Москва;;55.836 37.490;cafe
Пилпили, ресторан;+7 (495) 926-62-94;+7 (926) 672-44-74, +7 (966) 071-74-74;ул. Адмирала Макарова, 6, стр. 13, Москва;pilpili.moscow;55.835 37.490;cafe
Пивной ресторан Пив&Ко;+7 (495) 781-28-85;;Флотская ул., 5А, Москва;piv-ko.ru;55.852 37.493;cafe
Subway;;+7 (926) 074-91-50;Михалковская ул., 1/51, Москва;subway.ru;55.837 37.537;cafe
Арт Меню;+7 (495) 150-58-76;;ул. Прянишникова, 23А, Москва;artmenu.ru;55.836 37.551;cafe
Московское небо, ресторан;+7 (495) 532-76-01;;проспект Мира (ВДНХ), 119 ст422;mosnebo-restoran.ru;55.835 37.626;cafe
Банный домик, комплекс отдыха;+7 (495) 772-90-72, +7 (495) 772-47-68;;проспект Мира (ВДНХ), 119 ст259;fishing-moscow.ru;55.838 37.626;cafe
Спецбуфет особого назначения;;+7 (999) 444-59-40;просп. Мира, 119, стр. 54, Москва;sbufet.ru;55.836 37.622;cafe
Рыбацкая деревня;;+7 (910) 438-50-63;просп. Мира, 119, стр. 446/1, Москва;fishing-moscow.ru;55.839 37.628;cafe
Local Station Bar;;+7 (995) 333-48-12;Лазоревый пр., 1А, корп. 1, Москва;;55.848 37.640;cafe
Оптимист, фуд-холл;;+7 (967) 078-18-81;просп. Мира, 167, Москва;;55.836 37.656;cafe
Alcedo;;+7 (901) 256-75-62;пр. Серебрякова, 11, корп. 1, Москва;alcedo-rest.ru;55.849 37.652;cafe
Pasta cup&pizza, кафе-пиццерия;;+7 (963) 681-67-79;просп. Мира, 211, корп. 2, Москва;pasta-cup.ru;55.846 37.660;cafe
Забыли Сахар, кафе-кондитерская;;+7 (962) 999-83-34, +7 (925) 000-83-34;просп. Мира, 211, корп. 2, Москва;забылисахар.москва;55.845 37.662;cafe
#Farш, бургерная;+7 (495) 514-07-46;;просп. Мира, 211, корп. 2, Москва;farshburger.ru;55.846 37.660;cafe
Уют, ресторан;;+7 (985) 177-47-10, +7 (985) 684-22-62;Митинская ул., 55, корп. 1, Москва;уют-кафе.рф;55.855 37.351;cafe
PARKHOUSE, ресторан-клуб;+7 (495) 234-17-90, +7 (495) 476-56-25;+7 (906) 711-22-46, +7 (926) 652-07-64;Ленинградское ш., 57, корп. 2, Москва;parkhouseclub.ru;55.855 37.466;cafe
Signora, ресторан;;+7 (925) 886-11-68;Ленинградское ш., 51, стр. 5, Москва;signora-restaurant.ru;55.853 37.468;cafe
Molto bello, итальянский ресторан;;+7 (903) 500-25-55;Беломорская ул., 16А, Москва;moltobello.ru;55.863 37.471;cafe
Гемри&Эли, ресторан грузинской кухни;;+7 (925) 879-92-64, +7 (903) 240-25-55, +7 (903) 540-24-44;Беломорская ул., 16А, Москва;gemrieli.ru;55.863 37.471;cafe
Якитория, японские рестораны;+7 (495) 981-50-03;;Фестивальная ул., 17, корп. 1А, Москва;yakitoriya.ru;55.856 37.479;cafe
Йоркшир, паб-ресторан;+7 (499) 348-10-49;;ул. Лавочкина, 34, Москва;yorkshirpub.ru , лицензия-на-такси-москва.рф;55.857 37.493;cafe
Белый Город, ресторан;;+7 (915) 380-77-77, +7 (926) 926-92-22;Петрозаводская ул., 1, Москва;bel-gorod.ru;55.863 37.502;cafe
Lime lounge, караоке-бар;;+7 (968) 891-79-17;Дмитровское ш., 83А, Москва;;55.862 37.548;cafe
Вкусный хауз, ресторан;;+7 (929) 696-29-21, +7 (967) 011-22-77, +7 (925) 257-00-72;Коровинское ш., 1, корп. 1, Москва;zoon.ru , vkusniyhouse.com , vkusnyj-hauz.ru;55.865 37.544;cafe
Chocoroom;+7 (495) 109-24-38;+7 (930) 888-83-03, +7 (911) 921-73-33, +7 (921) 640-03-67, +7 (968) 739-22-54, +7 (903) 836-79-02, +7 (926) 657-36-15;Бескудниковский бул., 13, Москва;chocoroom62.com;55.863 37.560;cafe
Hop Dog, гастропаб;;+7 (991) 224-85-20;Дмитровское ш., 73, стр. 5, Москва;hopdog.ru;55.857 37.558;cafe
Boobo, ресторан европейской и грузинской кухни;+7 (495) 212-12-02, +7 (495) 003-50-40, +7 (495) 003-50-60;;Дмитровское ш., 73, стр. 1, Москва;boobocafe.ru , pornobab.net;55.857 37.559;cafe
Мята Lounge, центр паровых коктейлей;;+7 (925) 959-92-73;Дмитровское ш., 71Б, Москва;myata-likhobori.ru;55.856 37.559;cafe
Б12, ресторан-клуб;+7 (499) 487-77-15;+7 (915) 480-14-35;Бескудниковский бул., 12, стр. 1, Москва;b12club.com;55.862 37.563;cafe
Мята Lounge, центр паровых коктейлей;+7 (499) 677-48-76;+7 (925) 106-50-85;Алтуфьевское ш., 22Б, Москва;myata-otradnoe.ru , myataofficial.com;55.861 37.585;cafe
Corner grill, мясной ресторан;+7 (499) 903-68-41;;Алтуфьевское шоссе, 16;cornergrill.ru;55.857 37.585;cafe
Чайхона №1, ресторан;+7 (495) 233-33-55;;Алтуфьевское ш., 16, Москва;chaihona.ru , chaihona1.ru;55.857 37.585;cafe
Мята Lounge, Мята Cyber Алтушка;+7 (499) 113-57-39;+7 (980) 095-13-13, +7 (958) 100-85-48, +7 (910) 420-90-84;Алтуфьевское ш., 8, Москва;myata-altushka.ru;55.853 37.585;cafe
Владыкино, гостиница;+7 (499) 201-00-00, +7 (499) 201-98-65, +7 (499) 201-33-77;;Алтуфьевское ш., 6, Москва;vladykino.ru;55.852 37.586;cafe
Корнер Гриль;+7 (499) 268-09-99;;Алтуфьевское ш., 16, Москва;cornergrill.ru;55.857 37.585;cafe
Tasty Thai, кафе быстрого обслуживания;;+7 (926) 172-27-53;ул. Декабристов, 12, Москва;tastythai.ru;55.863 37.602;cafe
Бургер Бокс;+7 (495) 023-10-23;+7 (999) 721-57-04, +7 (900) 302-24-34;пр. Якушкина, 10, Москва;moscow.burgerbox777.ru;55.861 37.613;cafe
Якитория, японские рестораны;+7 (499) 189-97-40;;пр. Дежнёва, 13, Москва;yakitoriya.ru;55.871 37.641;cafe
Ян Примус, пивной ресторан;+7 (495) 280-74-24;;Снежная ул., 26, Москва;yanprimus.ru;55.855 37.653;cafe
Атмосфера;;+7 (985) 582-56-31;Енисейская ул., 5, корп. 2, Москва, Россия;cards.actid.ru;55.860 37.659;cafe
Пронто;;+7 (926) 907-17-86;Енисейская ул., 5, корп. 2, Москва;pronto24.ru , pronto-pizza.ru;55.860 37.659;cafe
Джонджоли, грузинский ресторан;;+7 (964) 702-90-90;Енисейская ул., 26А, Москва;ch1ef.ru;55.871 37.666;cafe
СУШИ СЕТ;;+7 (985) 985-66-67;ул. Лётчика Бабушкина, 9, корп. 1, Москва;setsushi.ru , clck.ru;55.860 37.673;cafe
Cityfood, интернет-магазин;+7 (495) 796-71-11;;ул. Вешних Вод, 14, Москва;cityfood.pro;55.864 37.702;cafe
Tuttu i giorni, ресторан;+7 (495) 775-89-70;+7 (916) 779-67-91;Воротынская ул., 15, Москва;tuttiigiorni.ru;55.889 37.391;cafe
Gianfranco, ресторан;;+7 (985) 995-87-77;Воротынская, 13 к2;;55.889 37.393;cafe
Greenwood, бизнес-отель;+7 (499) 426-21-80, +7 (495) 587-44-87, +7 (499) 426-02-18;+7 (968) 513-27-50;МКАД 69 Километр, к24;hotelgreenwood.ru;55.872 37.409;cafe
Якитория;+7 (495) 793-92-77;;МКАД, 73-й километр, 7, Москва;yakitoriya.ru;55.877 37.423;cafe
Сахара;;+7 (926) 816-42-21;МКАД, 73-й километр, 7, корп. 1, Москва;cafesahara.ru;55.876 37.423;cafe
Subway;+7 (495) 575-36-83;;МКАД, 74-й километр, вл4, Москва;subway.ru;55.876 37.425;cafe
WoWфли;;+7 (995) 796-70-00;ул. Дыбенко, 7/1, Москва;wowfli.ru;55.879 37.479;cafe
Шахдаг;;+7 (967) 070-10-40;Талдомская ул., 13, Москва;shahdag.ru;55.873 37.521;cafe
Крошка картошка, ресторан быстрого питания;;+7 (903) 221-74-49;Лобненская ул., 4А, Москва;kartoshka.com;55.890 37.537;cafe
Якитория, японские рестораны;+7 (495) 232-08-30;;Лобненская ул., 4А, Москва;yakitoriya.ru;55.890 37.538;cafe
Ocean lab, винный ресторан;;+7 (915) 055-31-02;Дмитровское ш., 107, корп. 3, Москва;;55.881 37.542;cafe
Fusion, ресторан, Позвоните нам - мы с удовольствием ответим на все ваши вопросы на exрort-base.ru;+7 (499) 900-54-11;;Дубнинская улица, 26 к1;fusionkafe.ru , cafefusion.ru;55.874 37.560;cafe
Шарон Премиум, развлекательный комплекс;;+7 (991) 222-70-64, +7 (901) 259-68-34;Алтуфьевское ш., 70, корп. 1, Москва;pr-sharon.ru , rksharon.ru;55.888 37.589;cafe
Ёрш;+7 (499) 530-81-06;;ул. Пришвина, 9/2, Москва;tanukifamily.ru;55.889 37.598;cafe
Якитория, японские рестораны;+7 (499) 940-48-21;;Костромская ул., 17, Москва;yakitoriya.ru;55.885 37.601;cafe
Lido, ресторан;;+7 (964) 709-05-50, +7 (962) 982-10-10;Коненкова, 5а;res-lido.ru;55.889 37.604;cafe
Плещеев, ресторан;;+7 (901) 561-40-60;ул. Плещеева, 4, корп. 1, стр. 5, Москва;;55.883 37.605;cafe
Антик, ресторан;+7 (499) 476-68-32;+7 (926) 986-75-75;Чермянский проезд, 5 ст9;anteek.ru;55.888 37.635;cafe
Акбаш;+7 (499) 477-45-82;+7 (925) 967-77-07;Полярная ул., 21, Москва;акбаш.рус;55.879 37.634;cafe
Урюк, ресторан;+7 (499) 948-28-06;;Староватутинский пр., 14, Москва;uryk.ru;55.876 37.666;cafe
Мята Lounge, центр паровых коктейлей;+7 (499) 403-39-59, +7 (495) 997-10-10;;Широкая ул., 29, Москва;myata-medvedkovo.ru , myataofficial.com;55.888 37.677;cafe
Дежа вю, ресторанный комплекс;+7 (499) 185-43-24;+7 (916) 577-96-50;Осташковский пр., 6, стр. 2, Москва;restorandejavu.ru;55.877 37.686;cafe
Бакинский Бульвар, ресторан;+7 (495) 474-70-59, +7 (499) 148-88-05;+7 (986) 888-00-88;Стартовая ул., 12, Москва;bbulvar.ru;55.889 37.692;cafe
Xich lo;;+7 (963) 789-99-98;Ярославское ш., 146, корп. 1, Москва;;55.878 37.730;cafe
Натюрлих, ресторан;+7 (499) 130-37-37;+7 (904) 567-18-85, +7 (903) 130-37-37;Юровская ул., 105, Москва;natyrlix.ru;55.899 37.394;cafe
Irishman, ирландский паб;+7 (495) 136-22-66, +7 (495) 108-71-28;+7 (968) 593-08-46;ул. Соловьиная Роща, 16, Москва;irishman.ru;55.897 37.398;cafe
Пицца Культ;+7 (499) 220-45-05, +7 (495) 721-14-72;;Новокуркинское ш., 14А, Москва;pizza-cult.ru , sushi-cult.ru;55.898 37.400;cafe
Долина солнца, ресторан;+7 (4966) 16-98-98, +7 (495) 665-89-10;+7 (977) 355-80-88;Дмитровское ш., 163А, корп. 1, Москва;dolinasolnca.ru;55.910 37.542;cafe
Del Toro Grill&Bar;;+7 (985) 001-27-78, +7 (911) 270-21-38;Дмитровское ш., 163А, Москва;deltorogrillbar.ru;55.910 37.542;cafe
SK Royal Moscow, гостиница;+7 (4872) 70-70-70, +7 (4872) 25-55-51, +7 (4842) 40-04-00, +7 (495) 988-54-85, +7 (4872) 28-28-28, +7 (4842) 76-76-36;;Дмитровское ш., 163А, корп. 2, Москва;sk-royal.ru;55.912 37.543;cafe
Терраса, ресторан;+7 (499) 908-04-64;+7 (968) 773-34-22;Угличская ул., 13, стр. 3, Москва;rest-terrasa.ru;55.902 37.567;cafe
МосПлов;;+7 (922) 434-56-45, +7 (991) 699-77-81;ул. Лескова, 6, Москва;;55.898 37.593;cafe
Алазанская долина, ресторан;+7 (499) 909-10-47;;Шенкурский пр., 14, Москва;alazanskaya-dolina.ru;55.898 37.591;cafe
Ля-Фа, караоке-клуб;;+7 (925) 445-44-23;ул. Лескова, 26А, Москва;lafakaraoke.ru;55.895 37.613;cafe
Белое золото, ресторан;+7 (499) 206-30-81, +7 (499) 901-18-22;+7 (965) 197-98-77, +7 (965) 119-37-00;ул. Лескова, 19А, стр. 2, Москва;restoran-beloe-zoloto.ru;55.894 37.617;cafe
Берлога, трактир-ресторан;+7 (499) 478-04-54;;Студёный пр., 20, Москва;beerloga.ru;55.893 37.664;cafe
Subway;;+7 (925) 732-57-38;Дмитровское ш., 165Б, Москва;subway.ru;55.916 37.540;cafe
Атмосфера;+7 (495) 739-71-59, +7 (495) 739-71-74, +7 (495) 739-71-73;;Международное ш., 28Б, стр. 3А, Москва;skypoint-hotel.ru;55.948 37.416;cafe
Voyager;+7 (495) 229-00-10;;Международное ш., 28Б, стр. 5, Москва;marriott.com.ru;55.949 37.416;cafe
Менга, корейский ресторан;+7 (495) 234-93-10, +7 (495) 190-77-23;+7 (977) 277-57-79;Ленинский просп., 158, стр. 3, Москва;menga.moscow;55.652 37.482;cafe
Уютный дворик, ресторан;+7 (495) 438-82-92, +7 (495) 438-65-55, +7 (495) 434-94-67, +7 (495) 438-30-83;+7 (925) 265-18-88;Ленинский просп., 146, Москва;astrus.ru;55.657 37.497;cafe
Якитория, японские рестораны;+7 (495) 737-49-22;;Багратионовский пр., 7, корп. 20А, Москва;yakitoriya.ru;55.743 37.503;cafe
Летняя веранда ЦМТ;+7 (495) 258-16-20, +7 (495) 258-16-19, +7 (495) 258-16-91, +7 (495) 258-16-11, +7 (495) 118-91-60;;Краснопресненская наб., 12, Москва;veranda.wtcmoscow.ru;55.754 37.556;cafe
Московская Еврейская Религиозная Община;+7 (495) 624-24-24, +7 (495) 623-47-88;;Большой Спасоглинищевский пер., 10, Москва;centralsynagogue.ru;55.755 37.635;cafe
Mukuzani, грузинский ресторан;;+7 (904) 568-12-64;3-я ул. Ямского Поля, 24, Москва;mukuzani-rest.ru;55.783 37.579;cafe
Панчо пицца, ресторан итальянско-мексиканской кухни;+7 (495) 775-74-49;;Дмитровское ш., 89, Москва;panchopizza.ru;55.864 37.546;cafe
Домум;;+7 (977) 448-34-99;Большой бул., 42, стр. 1, Западный административный округ, Можайский район, Инновационный центр Сколково, Москва;;55.693 37.348;cafe
Ригель Сити;+7 (495) 412-11-12;;Рублёвское ш., 40, корп. 2, Москва;;55.750 37.415;cafe
Вах! Вах!;+7 (495) 790-52-00;;Открытое ш., 4, стр. 1, Москва;vahvah.ru;55.809 37.730;cafe
Sparkle, авторский ресторан;+7 (499) 390-34-04;;Ленинградский просп., 35, стр. 1, Москва;sparklerest.ru;55.790 37.553;cafe
Майда Манты;;+7 (999) 970-31-13;Измайловский пр., 1, стр. 1, Москва;manty-msk.ru;55.795 37.767;cafe
Vaffel, семейное кафе;+7 (812) 960-26-41;+7 (995) 002-46-26, +7 (999) 205-18-68;ул. Липовый Парк, 4, корп. 3, посёлок Коммунарка;vaffel.ru;55.571 37.492;cafe
Sushi mall, кафе;;+7 (926) 019-60-00, +7 (985) 025-48-48;Авиационная ул., 66, Москва;sushiwok-mall.ru;55.810 37.460;cafe
Мята Lounge, центр паровых коктейлей;;+7 (916) 937-07-40;Новоданиловский пр., 4, Москва;manufaktura.myataofficial.com;55.701 37.625;cafe
Динозаврик, зоомагазин;+7 (495) 120-31-19;;Россия, Москва, поселение Внуковское, улица Лётчика Ульянина, 5;dinozavrik.ru;55.626 37.307;cafe
Богородское, гостиница;+7 (495) 229-63-36, +7 (495) 540-07-16;+7 (985) 883-75-18;Ленинский просп., 119А, Москва;bogorodskoe-hotel.ru;55.650 37.489;cafe
Сытый лось, бар-ресторан;;+7 (985) 258-81-08;Ярцевская ул., 19, Москва;sitlos.ru;55.738 37.410;cafe
Чайхана халва, кафе;+7 (495) 343-72-00, +7 (495) 343-71-00;+7 (920) 778-50-71, +7 (967) 088-60-60, +7 (968) 743-72-00, +7 (969) 105-77-77;Люблинская улица, 60 ст1;chaihana-halva.ru , devpull.ru;55.674 37.738;cafe
Якитория, японские рестораны;+7 (499) 550-09-16;;Ореховый бул., 14, корп. 3, Москва;yakitoriya.ru;55.609 37.720;cafe
Sunrice, служба доставки японских блюд;;+7 (915) 059-76-70, +7 (980) 149-35-48, +7 (985) 112-61-68;Россия, Москва, поселение Сосенское, бульвар Веласкеса, 10;sun-rice.ru;55.592 37.463;cafe
Летняя веранда;+7 (495) 234-52-45;;просп. Мира, 119, стр. 259, Москва;fishing-moscow.ru;55.838 37.626;cafe
Базилик;+7 (495) 642-22-72;+7 (968) 935-10-01, +7 (926) 664-54-69, +7 (916) 888-76-24, +7 (925) 396-18-57;Коломенская ул., 7, стр. 2, Москва;bazilikrest.ru;55.682 37.703;cafe
Хаят, гостиница;+7 (499) 784-00-13, +7 (499) 784-00-12, +7 (495) 654-94-54, +7 (495) 346-86-50;+7 (926) 405-94-54, +7 (903) 799-46-43, +7 (909) 978-21-71, +7 (926) 605-17-17, +7 (926) 604-17-17, +7 (925) 550-55-95, +7 (926) 617-17-17;Краснодарская ул., 66, Москва;hayat-rest.ru;55.674 37.773;cafe
