Московский исламский институт;+7 (495) 351-30-67, +7 (495) 351-91-97, +7 (495) 351-40-75;+7 (906) 776-99-43;пр. Кирова, 12, Москва;miu.su;55.672 37.745;education
Институт остеопатии Санкт-Петербурга;+7 (499) 703-12-40, +7 (846) 303-40-82, +7 (812) 309-91-81;+7 (969) 721-62-65;улица Нагатинская, 16 ст9;институт-остеопатии.рф , osteopathie.ru;55.679 37.641;education
Московское высшее военное командное училище;+7 (499) 175-82-45, +7 (499) 746-93-01, +7 (495) 696-51-02;;ул. Головачёва, 2, Москва;mvoku.mil.ru , mkpu.ru;55.678 37.820;education
Институт Современного Искусства, Факультет дизайна и менеджмента;+7 (495) 444-20-05, +7 (499) 444-39-58, +7 (499) 749-98-44, +7 (495) 236-88-78, +7 (495) 136-36-07, +7 (499) 444-82-61, +7 (499) 444-60-21;+7 (903) 141-10-34, +7 (963) 782-33-07, +7 (985) 565-66-19, +7 (985) 921-57-76, +7 (965) 326-05-47, +7 (905) 512-71-77, +7 (903) 614-27-61, +7 (903) 240-03-82, +7 (909) 945-56-75, +7 (965) 262-76-22;пр. Загорского, 23, Москва;isi-vuz.ru;55.717 37.442;education
Национальный институт финансовых рынков и управления;+7 (495) 369-05-30;;2-й Кожевнический переулок, 12 ст10;nifru.ru;55.726 37.649;education
Религиозная организация Духовного образовательная организация высшего образования Московский теологический институт христиан веры евангельской;+7 (495) 700-33-52, +7 (495) 700-33-53;;Оренбургская ул., 10А, Москва;mti-rc.ru;55.712 37.859;education
Институт современного банковского дела;+7 (495) 111-38-68;+7 (926) 433-93-53, +7 (910) 431-55-93;ул. Арбат, 6/2, Москва;isbd.ru;55.752 37.598;education
Институт развития интернета;+7 (495) 109-00-80;+7 (925) 840-68-28;Кадашёвская набережная, 6/1/2 ст1;ири.рф;55.743 37.618;education
Институт журналистики и литературного творчества;+7 (495) 691-59-36, +7 (495) 691-50-87;;Калашный переулок, 3;iglt.ru;55.755 37.602;education
Российский институт театрального искусства, Продюcерский факультет;+7 (499) 134-76-18, +7 (495) 137-69-34, +7 (495) 629-86-61;;Малый Кисловский переулок, 4 ст6;gitis.net , teatr-gitis.net;55.755 37.604;education
Высшее театральное училище (институт) им. М.С. Щепкина, Государственный академический малый театр России;+7 (495) 628-53-28, +7 (495) 624-38-89, +7 (495) 624-38-87, +7 (495) 625-45-58, +7 (495) 621-47-02, +7 (495) 625-61-97;+7 (926) 031-51-22;Неглинная ул., 6/2, Москва;shepkinskoe.ru;55.760 37.621;education
Институт образовательных технологий и гуманитарных наук;+7 (495) 369-08-01;;Малая Почтовая, 2/2 ст8;;55.770 37.686;education
МЭИ-Фесто, российско-германский институт промышленной автоматики и бизнеса;+7 (495) 362-72-95;;Красноказарменная улица, 13 к С;mpei-festo.ru;55.757 37.703;education
Российский новый университет;+7 (495) 544-41-75, +7 (495) 925-03-71, +7 (495) 925-03-84, +7 (495) 727-35-35, +7 (495) 925-03-79, +7 (495) 745-31-11, +7 (499) 321-24-68, +7 (495) 544-41-52;+7 (929) 660-53-05, +7 (926) 954-84-84;3-я Хорошёвская улица, 2 ст1;rosnou.ru , налоговый-институт.рф;55.778 37.503;education
Институт психотерапии и клинической психологии;+7 (495) 987-44-50, +7 (495) 212-18-90;+7 (985) 191-30-00, +7 (929) 651-41-98;1-я Миусская улица, 22/24 ст2;psyinst.moscow;55.781 37.594;education
Гуманитарный институт;+7 (495) 682-21-73, +7 (495) 971-59-31, +7 (495) 970-40-79;;1-я Мытищинская улица, 23 к1;гуманитарный-институт.рф , huminst.ru , gum-inst.ru;55.801 37.647;education
Институт гуманитарного образования и информационных технологий;+7 (495) 965-00-50;;Верхняя Первомайская ул., 53, Москва;igumo.ru;55.799 37.800;education
Останкинский институт телевидения и радиовещания;+7 (495) 669-57-49, +7 (495) 669-57-39;+7 (985) 727-79-29;улица Академика Королёва, 19;ostankino-institut.ru;55.821 37.605;education
Геммологический институт;;+7 (985) 959-75-95, +7 (985) 909-32-12;Варшавское шоссе, 39;gemology-edu.ru;55.685 37.624;education
Автономная некоммерческая организация дополнительного профессионального образования Гуманитарно-технический институт;+7 (495) 225-99-91;;Варшавское ш., 42, Москва;dpogti.ru;55.677 37.625;education
Институт управления и права;+7 (495) 374-86-54, +7 (495) 352-06-46, +7 (495) 358-92-19;;Ставропольская улица, 70 ст2;iup.com.ru;55.682 37.773;education
Научно-образовательный центр воздушно-космической обороны им. академика В.П. Ефремова;+7 (495) 276-46-19, +7 (495) 276-46-18;;улица Верейская, 41 ст2;nocvko.ru;55.713 37.432;education
Институт международных экономических связей;+7 (495) 348-96-42, +7 (499) 433-08-82, +7 (499) 348-96-42;;Мосфильмовская ул., 35, Москва;imes.su;55.712 37.511;education
Высшая школа экономики, Департамент стратегического и международного менеджмента;+7 (495) 772-95-67, +7 (495) 771-32-42, +7 (495) 531-00-31, +7 (495) 916-88-67, +7 (495) 531-00-59;+7 (916) 311-85-21;Шаболовка, 28/11 ст2;hse.ru;55.720 37.609;education
Университет мировых цивилизаций им. В.В. Жириновского;+7 (495) 632-17-70;;Ленинский проспект, 1;imc-i.ru;55.727 37.610;education
Институт психологии и специального образования;;+7 (925) 431-54-41;Большая Серпуховская улица, 44;ipiso.ru;55.723 37.627;education
Московский институт современного академического образования;+7 (495) 540-57-53;+7 (963) 996-37-84;улица Саратовская, 31;misaoinst.ru;55.719 37.746;education
Московский художественно-промышленный институт, Учебный отдел;+7 (495) 921-03-27, +7 (495) 514-21-35;+7 (901) 592-64-56;Берсеневский переулок, 2 ст1;mhpi.edu.ru;55.741 37.610;education
Геологический институт;+7 (495) 959-30-17;;Пыжёвский пер., 7, стр. 1, Москва;igem.ru;55.739 37.622;education
Государственный музыкально-педагогический институт им. М.М. Ипполитова-Иванова;+7 (495) 911-96-05, +7 (495) 911-92-98, +7 (495) 911-92-97;;Марксистская ул., 36, Москва;ippolitovka.ru;55.735 37.666;education
Библейско-богословский институт святого апостола Андрея;+7 (495) 670-22-00, +7 (495) 670-76-44;;Иерусалимская ул., 3, Москва;standrews.ru;55.733 37.678;education
Школа-студия МХАТ;+7 (495) 629-09-64, +7 (495) 629-32-13, +7 (495) 629-39-36, +7 (495) 629-39-46, +7 (495) 629-44-56, +7 (495) 629-53-15, +7 (495) 629-77-12, +7 (495) 629-86-56, +7 (495) 629-88-60, +7 (495) 629-88-79;+7 (903) 522-24-89, +7 (916) 363-36-95, +7 (919) 967-89-14, +7 (926) 671-34-42;Тверская улица, 6 ст7;mhatschool.ru;55.760 37.613;education
Институт театрального искусства имени П. М. Ершова;;+7 (916) 994-49-93, +7 (917) 575-98-78;Новогиреевская ул., 14А, Москва;artershov.ru;55.761 37.790;education
Институт кино и телевидения, Факультет кинотелеоператорского мастерства;+7 (495) 940-00-09, +7 (495) 721-38-55, +7 (495) 787-65-11;;Хорошёвское шоссе, 32а;gitr.ru;55.776 37.541;education
Среда обучения, институт дистанционного обучения;+7 (499) 426-07-27, +7 (495) 540-46-63;+7 (916) 075-60-36, +7 (985) 581-10-14;улица Бутырский Вал, 68/70 ст1;sredaobuchenia.ru , clck.ru;55.789 37.589;education
B&D, институт бизнеса и дизайна;+7 (495) 790-01-81, +7 (495) 790-01-31, +7 (495) 790-01-37, +7 (495) 790-01-57, +7 (495) 743-14-91, +7 (495) 125-33-18, +7 (495) 680-17-69, +7 (495) 684-25-26, +7 (495) 684-25-30, +7 (495) 969-01-91;+7 (903) 686-10-50, +7 (903) 743-14-91;Протопоповский пер., 9, стр. 1, Москва;obe.ru;55.780 37.638;education
Корпоративный университет московского образования;+7 (499) 976-59-89;;Авиационный пер., 6, Москва;corp-univer.ru;55.800 37.540;education
Образовательное частное учреждение высшего образования Международный юридический институт;+7 (304) 335-53-27, +7 (495) 220-11-83, +7 (495) 610-20-00, +7 (495) 619-82-67, +7 (495) 619-27-39;+7 (985) 100-89-58, +7 (958) 100-89-58, +7 (926) 747-61-08;ул. Кашёнкин Луг, 4, Москва;lawacademy.ru , lawinst.ru;55.825 37.599;education
Российский государственный университет туризма и сервиса, Всероссийский центр туристского образования;+7 (499) 493-55-64, +7 (495) 940-83-58, +7 (495) 940-83-00, +7 (495) 547-13-16, +7 (495) 682-09-90, +7 (495) 682-17-94, +7 (4967) 69-90-10, +7 (495) 122-22-68, +7 (495) 547-11-88, +7 (495) 547-13-07;+7 (916) 205-15-10, +7 (915) 359-88-75, +7 (915) 083-85-65, +7 (915) 308-06-95, +7 (915) 359-88-74, +7 (915) 359-88-76, +7 (916) 034-11-13, +7 (916) 902-42-98, +7 (925) 833-66-37, +7 (926) 897-75-03;Нелидовская ул., 8, Москва;minobrnauki.gov.ru , rguts.ru , itig.ru;55.846 37.444;education
Институт финансов и устойчивого развития;+7 (495) 502-96-35, +7 (499) 201-51-55, +7 (499) 201-40-00, +7 (499) 956-99-99, +7 (499) 956-90-59, +7 (499) 201-51-22;+7 (995) 789-53-80, +7 (917) 514-34-03;Сигнальный проезд, 23а;ifur.ranepa.ru;55.850 37.587;education
Московский институт иностранных языков;+7 (499) 264-03-63, +7 (495) 532-07-02, +7 (499) 264-11-11, +7 (495) 960-87-04, +7 (495) 960-87-05, +7 (499) 264-10-51, +7 (812) 334-12-22, +7 (495) 663-16-12;+7 (903) 960-87-04, +7 (903) 960-87-05;Ладожская ул., 9, Москва;gaudeamus.ru , mosinyaz.com , cultus.ru;55.772 37.683;education
Школы;;;;;;education
Neshkola;+7 (495) 968-11-59;+7 (903) 968-11-59;ул. Стольника Потёмкина, 2, село Никольское;neshkola.net;55.368 37.226;education
Schoolville;;+7 (919) 411-00-07;1А, микрорайон Солнечный город-1, д. Лужки;schoolville.ru;55.425 37.123;education
ГБОУ школа № 2075 Дошкольное отделение № 5;+7 (495) 123-10-21, +7 (529) 856-11-01;;20, стр. 1, посёлок Щапово;sch2075.mskobr.ru;55.418 37.413;education
ГБОУ школа № 2083 ОП Ерино;+7 (495) 867-71-27, +7 (529) 757-11-01;;Высокая ул., 4, посёлок Ерино;sch2083.mskobr.ru;55.448 37.523;education
Детский сад Цветочный;;+7 (991) 881-04-32, +7 (939) 111-84-95;1-я Фиалковая ул., 32, коттеджный посёлок Цветочный;sadiktsvetochniy.ru;55.464 37.213;education
Ясношкола, частная школа;;+7 (925) 226-00-40, +7 (903) 159-35-41;Сиреневый бульвар, 1;ясношкола.рф;55.468 37.297;education
ЯсноШкола;;+7 (903) 159-35-42, +7 (915) 226-00-40, +7 (926) 103-39-37;Сиреневый бул., 2, Троицк;ясношкола.рф;55.469 37.297;education
Троицкая православная школа;+7 (499) 346-03-92;;1, стр. 6, д. Пучково;troitsk-school.ru;55.485 37.270;education
Гимназия города Троицка, отделение № 5;+7 (495) 851-28-66, +7 (495) 851-23-89, +7 (529) 857-80-00, +7 (495) 851-08-22, +7 (495) 851-04-64;;Октябрьский просп., 6, Троицк;gymtroitska.mskobr.ru;55.472 37.294;education
Гимназия, отделение № 6;+7 (495) 851-40-64;;53, микрорайон В, Троицк;gymtroitska.mskobr.ru , school6troitsk.ru;55.491 37.299;education
Gradum School, школа;;+7 (916) 408-90-78, +7 (977) 485-90-68;42Б, микрорайон В, Троицк;gradumschool.ru;55.487 37.306;education
Уникум, частная начальная школа-детский сад;;+7 (901) 593-70-02;хутор Ильичевка, вл1;unikum-nou.ru;55.509 37.270;education
Детская страна, частный детский сад;+7 (495) 975-93-82;+7 (965) 206-34-43;Светлая ул., 8, д. Горчаково;detskaystrana.ru;55.531 37.207;education
АНО Десеновская православная школа;;+7 (903) 594-19-51, +7 (916) 690-45-47;Россия, Москва, поселение Десеновское, Чароитовая улица, 4;desen-school.mskobr.ru;55.517 37.335;education
Фанни-Банни;;+7 (977) 819-27-04, +7 (977) 188-04-02;4А, посёлок подсобного хозяйства Воскресенское;project2280634.tilda.ws;55.526 37.442;education
Синяя Чайка, семейная частная школа;;+7 (903) 572-86-37, +7 (977) 000-36-29, +7 (915) 440-02-02, +7 (905) 737-23-23;Чечёрский пр., 66, Москва;синяя-чайка.рф;55.532 37.524;education
Школа Данко;+7 (495) 716-50-34;+7 (916) 730-32-66;Скобелевская ул., 25, корп. 6, Москва;kid.dankonoy.com , dankonoy.com;55.548 37.560;education
Средняя общеобразовательная школа №1355 с дошкольным отделением;+7 (495) 712-56-79, +7 (495) 712-55-33, +7 (495) 712-59-63, +7 (529) 359-40-00;;Джанкойская ул., 7, Москва;;55.541 37.578;education
Средняя общеобразовательная школа №1355 с дошкольным отделением;;+7 (916) 530-60-43;Большая Бутовская ул., 9, Москва;;55.543 37.582;education
NEшкола;+7 (495) 968-11-45;;Москва, поселение Филимонковское, квартал № 22, 1, стр. 1;neshkola.net;55.562 37.296;education
Tower Bridge School;+7 (495) 648-69-59;+7 (926) 707-30-31, +7 (904) 567-28-36;Каштановая ул., 1, корп. 2, д. Сосенки;tbschool.ru;55.568 37.446;education
Summerhill, частная школа;+7 (499) 688-74-85;+7 (916) 144-25-80, +7 (915) 127-71-11;170-й квартал, 20;school.summerhill.ru;55.555 37.522;education
Территория счастливого детства, частные школы;+7 (495) 374-80-18;+7 (926) 043-86-00;ул. Липовый Парк, 7, корп. 1, посёлок Коммунарка;chekhov-school.ru , semeinoe-obrazovanie.ru;55.568 37.491;education
Summerhill, частная школа;;+7 (904) 567-32-71;ул. Адмирала Лазарева, 40, корп. 3, Москва;school.summerhill.ru;55.545 37.522;education
LingvoUP;;+7 (925) 888-45-93, +7 (916) 883-31-23;ул. Знаменские Садки, 5Б, Москва;map.eng4.ru;55.572 37.571;education
Friendly school;+7 (495) 208-13-13;;Старобитцевская ул., 23, корп. 2, Москва;friendly-school.ru;55.579 37.574;education
Золотой ключик;;+7 (916) 836-27-07;Московская ул., 4, д. Картмазово;zkluchik.ru;55.612 37.395;education
Репетитор Начальных и средних классов;;+7 (916) 299-26-24;Голубинская ул., 17/9, Москва;klasssno.ru;55.600 37.521;education
ГБОУ Средняя общеобразовательная школа № 1103, корпус 7;+7 (495) 425-79-00, +7 (495) 426-12-22, +7 (495) 426-92-00, +7 (495) 425-88-44, +7 (495) 425-95-77, +7 (495) 426-33-22, +7 (495) 425-69-00, +7 (495) 426-66-11, +7 (495) 426-63-00, +7 (495) 426-61-92;;Литовский бул., 17, корп. 4, Москва;sch1103uz.mskobr.ru;55.606 37.553;education
ГБОУ школа № 1103 им. А. Соломатина, корпус 8;+7 (495) 425-79-11;;Соловьиный пр., 16, корп. 2, Москва;sch1103uz.mskobr.ru;55.606 37.555;education
ГБУ школа № 657 ДЮЦ, структурное подразделение;;+7 (926) 386-63-46, +7 (910) 483-12-86;Дорожная ул., 18А, Москва;sch657u.mskobr.ru , duc.dop.mskobr.ru;55.605 37.621;education
ИП Христенко Л. Г.;+7 (495) 392-13-79;+7 (985) 975-59-58, +7 (916) 236-18-57, +7 (903) 100-48-12;Шипиловский пр., 61, корп. 1, Москва;quiltlada.getcourse.ru;55.603 37.708;education
Академическая гимназия, начальная школа;+7 (495) 609-50-06, +7 (499) 444-66-14;+7 (915) 341-86-45;Каширское ш., 65, корп. 1, Москва;academ-school.ru;55.601 37.726;education
ЧитайСчитай;;+7 (903) 124-79-72;Москва, поселение Внуковское, улица Лётчика Грицевца, 3, стр. 2;chitayschitay.ru;55.625 37.302;education
Русская классическая школа им. князя Александра Невского, г. Москва;;+7 (912) 598-16-01, +7 (903) 737-66-86;Россия, Москва, поселение Внуковское, улица Лётчика Грицевца, 3, стр. 2;classicalschool.ru;55.625 37.303;education
CoolСlass;;+7 (929) 692-92-08;Россия, Москва, поселение Внуковское, улица Авиаконструктора Петлякова, 13;coolclass.ru;55.621 37.304;education
Монтессори NaVi;+7 (495) 223-03-11;+7 (928) 280-23-55, +7 (928) 280-25-27, +7 (909) 910-31-31;163, д. Картмазово;montessori-centr.ru , navischool.ru;55.613 37.402;education
ГБОУ школа № 1507 отделение 142-5;+7 (529) 358-60-00, +7 (495) 420-70-32, +7 (495) 338-32-00;;Профсоюзная ул., 142, корп. 5, Москва;gym1507uz.mskobr.ru;55.627 37.504;education
ГБОУ Средняя общеобразовательная школа № 1507;+7 (495) 420-70-44;;Профсоюзная ул., 132, корп. 9, Москва;gym1507uz.mskobr.ru;55.631 37.507;education
Средняя общеобразовательная школа №556 с дошкольным отделением;+7 (495) 313-74-10;+7 (910) 425-20-38;Днепропетровская ул., 25А, Москва;sch556u.mskobr.ru;55.621 37.585;education
Велосипедная парковка № 34031 центр образования № 556;+7 (495) 313-16-36, +7 (495) 313-16-27, +7 (495) 313-15-45;;Днепропетровская ул., 33А, Москва;sch556u.mskobr.ru;55.617 37.585;education
Средняя общеобразовательная школа №1582;+7 (495) 311-82-72, +7 (529) 659-50-00;;Кировоградская улица, 18 к4;gym1582u.mskobr.ru;55.618 37.602;education
Средняя общеобразовательная школа №1582;+7 (499) 299-11-73, +7 (495) 311-83-27, +7 (495) 314-32-83;;Чертановская ул., 21, корп. 4, Москва;sch1173.mskobr.ru , gym1582u.mskobr.ru;55.620 37.597;education
ГБОУ школа № 904 УК, 14;+7 (529) 659-00-00;;ул. Бехтерева, 51, Москва;sch904u.mskobr.ru;55.616 37.647;education
Школа талантливых детей;;+7 (925) 203-70-13;Луганская ул., 4, корп. 1, Москва;shkolatalantov.ru;55.625 37.665;education
Средняя общеобразовательная школа №996;+7 (495) 390-07-09, +7 (529) 657-70-00;+7 (915) 201-63-96;Борисовский пр., 13, Москва;sch996.mskobr.ru;55.627 37.723;education
ГБОУ Школа № 534 корпус № 2;+7 (495) 395-32-13, +7 (529) 656-50-00, +7 (495) 395-42-66;;Ореховый пр., 17, корп. 2, Москва;sch534.mskobr.ru;55.624 37.734;education
ГБОУ Школа № 534 корпус № 3;+7 (495) 395-26-88;;ул. Мусы Джалиля, 7, корп. 5, Москва;sch534.mskobr.ru;55.629 37.746;education
Школа-интернат № 44;+7 (526) 857-70-00, +7 (499) 737-99-57;;ул. Федосьино, 20, Москва;krots.mskobr.ru;55.643 37.333;education
ГБПОУ Мик;+7 (499) 673-01-41, +7 (499) 608-88-41;;ул. Федосьино, 16, корп. 3, Москва;mic.mskobr.ru;55.640 37.337;education
Школа №1542 с дошкольным отделением, Школьное отделение №3;+7 (499) 792-43-30, +7 (526) 858-80-00, +7 (499) 792-43-26, +7 (499) 792-43-46;;Производственная ул., 3, корп. 2, Москва;co1364z.mskobr.ru , gym1542.mskobr.ru;55.649 37.383;education
ГБОУ школа № 1002 Школьное отделение № 3;+7 (495) 439-26-56, +7 (495) 435-12-65, +7 (495) 435-19-23, +7 (495) 435-16-71;;Солнцевский просп., 7А, Москва;sch1002.mskobr.ru;55.649 37.399;education
Школа №1542 с дошкольным отделением, Школьный корпус №1;+7 (499) 727-74-50;;ул. Авиаторов, 28, Москва;gym1542.mskobr.ru;55.642 37.408;education
ЧОУ СОШ Наши Пенаты, заочное отделение;+7 (495) 150-51-92;+7 (925) 026-73-42;ул. Бутлерова, 17, Москва;ibls.one , distnashipenati.ru;55.649 37.541;education
ГБОУ школа № 1158, дошкольное отделение;+7 (529) 659-30-00, +7 (495) 318-80-90, +7 (495) 319-67-66;;к813, Южный административный округ, район Чертаново Северное, микрорайон Северное Чертаново, Москва;sch1158.mskobr.ru;55.635 37.591;education
ГБОУ школа № 1862;+7 (529) 657-50-00;;Артековская ул., 3, Москва;sch1862u.mskobr.ru;55.651 37.614;education
ГБОУ школа № 1862;+7 (499) 619-58-74, +7 (495) 619-58-54, +7 (499) 619-58-54;;Черноморский бул., 6, Москва;sch1862u.mskobr.ru;55.646 37.614;education
Государственное бюджетное общеобразовательное учреждение школа Марьино имени маршала авиации А. Е. Голованова, учебный корпус Солнечный;+7 (529) 057-20-00, +7 (499) 357-72-11;;Подольская ул., 19, Москва;maryno.mskobr.ru;55.652 37.712;education
ГБОУ школа Марьино, учебный корпус Центральный;;+7 (905) 552-49-92;Батайский пр., 21, Москва;maryno.mskobr.ru;55.644 37.719;education
Открытие, средняя общеобразовательная школа №2087 с дошкольным отделением;+7 (499) 477-20-87;;ул. Перерва, 44, Москва;sch2087uv.mskobr.ru;55.652 37.736;education
ГБОУ Школа № 2087 Открытие, школьный корпус № 3;;+7 (903) 664-08-26;ул. Маршала Голованова, 9, Москва;sch2087uv.mskobr.ru;55.649 37.732;education
Школа Открытое сердце;;+7 (962) 967-72-97, +7 (902) 524-64-22;ул. Борисовские Пруды, 8, корп. 2, Москва;heart-open.narod.ru;55.634 37.738;education
Мусульманский садик Пчелки;;+7 (929) 243-08-09;Мячковский бул., 20, корп. 3, Москва;;55.648 37.759;education
Марника, семейная школа;;+7 (985) 185-22-32, +7 (925) 545-84-21;Братиславская ул., 34, корп. 2, Москва;marnika.ru;55.651 37.765;education
Частный образовательный центр Б2о6;;+7 (904) 567-44-52, +7 (968) 701-75-46, +7 (925) 828-86-30;ул. Богданова, 2, корп. 1, Москва;b2o6school.ru;55.656 37.404;education
ГБОУ Средняя общеобразовательная школа № 14;+7 (526) 859-20-00, +7 (495) 430-31-38, +7 (495) 430-31-07;;ул. Академика Анохина, 32, Москва;sch14.mskobr.ru;55.662 37.466;education
Немецкая школа при посольстве ФРГ в России;+7 (495) 433-41-11, +7 (495) 434-85-78, +7 (495) 434-31-41, +7 (495) 434-73-95;;просп. Вернадского, 103, корп. 5, Москва;deutscheschulemoskau.de;55.665 37.496;education
Deutsche Schule Moskau;+7 (495) 434-31-25;;просп. Вернадского, 103, корп. 5, Москва;deutscheschulemoskau.de;55.664 37.495;education
English International School Moscow South West;+7 (495) 984-59-92, +7 (495) 668-70-50;;ул. Лобачевского, 14, Москва;englishedmoscow.com;55.668 37.506;education
Wellbridge, частная школа;+7 (495) 540-53-47, +7 (495) 133-60-95;+7 (969) 280-42-99, +7 (926) 063-04-98, +7 (925) 241-64-88;ул. Лобачевского, 8, Москва;wellbridge.school;55.667 37.507;education
Средняя общеобразовательная школа №538 им. С.В. Гришина с дошкольным отделением;+7 (499) 121-60-92, +7 (499) 121-32-06, +7 (495) 369-05-38, +7 (499) 121-60-32;;ул. Каховка, 19, корп. 2, Москва;sch538uz.mskobr.ru;55.652 37.577;education
ГБОУ школа № 507, начальная школа;+7 (495) 964-35-82, +7 (499) 612-50-77, +7 (499) 612-63-70;;ул. Садовники, 12, Москва;lyc507u.mskobr.ru;55.669 37.654;education
Марьинская школа №1566 памяти Героев Сталинградской битвы с дошкольным отделением;+7 (495) 347-88-40, +7 (499) 784-88-72, +7 (499) 722-75-12, +7 (495) 345-61-31, +7 (495) 658-57-83, +7 (499) 722-72-10;+7 (963) 628-45-89;Мячковский бул., 10, корп. 2, Москва;sch1566.mskobr.ru;55.655 37.750;education
Средняя общеобразовательная школа № 2010;+7 (495) 658-47-47, +7 (529) 056-80-00;;ул. Марьинский Парк, 43, Москва;sch2010uv.mskobr.ru;55.672 37.793;education
Классический пансион МГУ имени М. В. Ломоносова отделение Мышление. Индивидуальность. Развитие;;+7 (925) 740-20-60, +7 (925) 740-20-50;Большая Очаковская ул., 25А, Москва;pansionmsu.ru;55.680 37.455;education
Школа № 1953 с углубленным изучением отдельных предметов, с дошкольным отделением;+7 (526) 858-10-00, +7 (495) 932-87-09;;ул. Лобачевского, 92, Москва;mos.ru , sch1953.mskobr.ru;55.681 37.484;education
Уроки гитары от Александра Рогачёва;;+7 (926) 960-07-50;ул. Раменки, 14, корп. 1, Москва;guetarist.ru;55.691 37.490;education
ГБОУ школа № 7 Подразделение школы, находящееся по адресу: ул. Крупской, дом. 3;+7 (529) 357-40-00, +7 (499) 138-32-09;;ул. Крупской, 3, Москва;sch7uz.mskobr.ru;55.681 37.529;education
ГБОУ школа № 7 Подразделение школы, находящееся по адресу: ул. Крупской, дом 11;+7 (499) 138-38-09;;ул. Крупской, 11, Москва;sch7uz.mskobr.ru;55.683 37.527;education
Средняя общеобразовательная школа №7 с дошкольным отделением;+7 (499) 138-38-28;;ул. Кравченко, 14, корп. 1, Москва;sch7uz.mskobr.ru;55.679 37.519;education
ГБОУ школа № 7;+7 (499) 138-38-08, +7 (499) 138-38-27;;ул. Марии Ульяновой, 17, корп. 3, Москва;sch7uz.mskobr.ru , 7thschool.ru;55.680 37.521;education
Средняя общеобразовательная школа № 7 с дошкольным отделением;+7 (499) 138-38-30;;ул. Крупской, 11, Москва;sch7uz.mskobr.ru;55.683 37.527;education
Москвич, средняя общеобразовательная школа;+7 (495) 920-39-91, +7 (499) 138-59-12, +7 (499) 138-18-80;+7 (985) 920-39-91, +7 (925) 102-96-48;Ленинский просп., 86Б, Москва;licey-moskvich.ru;55.678 37.527;education
ГБОУ Средняя общеобразовательная школа № 118;+7 (495) 930-22-24, +7 (495) 930-40-08, +7 (499) 131-02-20, +7 (495) 930-20-33;+7 (960) 717-11-18;ул. Строителей, 15, Москва;sch118uz.mskobr.ru;55.687 37.530;education
Итало Кальвино, итальянская школа с дошкольным отделением;+7 (499) 131-87-65, +7 (499) 131-87-00, +7 (499) 131-87-56;+7 (985) 189-31-54;Ленинский просп., 78А, корп. 1, Москва;schoolitalia.ru;55.683 37.534;education
Шведская школа при посольстве Швеции;+7 (495) 980-50-49;+7 (903) 156-25-56;Ленинский просп., 78А, корп. 1, Москва;ssim.nu;55.683 37.534;education
Воробьевы горы, Центр дополнительного образования;+7 (495) 536-00-00, +7 (499) 120-61-12, +7 (499) 120-72-96, +7 (499) 137-90-69, +7 (495) 536-00-00, +7 (495) 536-00-00, +7 (495) 536-00-00, +7 (495) 959-99-38;;ул. Архитектора Власова, 7, корп. 3, Москва;;55.679 37.556;education
Школа № 584;+7 (499) 128-39-83, +7 (499) 124-55-65;;Профсоюзная ул., 24, корп. 4, Москва;sch584.ucoz.ru;55.680 37.562;education
АНО СОШ Академическая гимназия;+7 (499) 123-13-37;;Нагорная ул., 38, корп. 3, Москва;doshkolenok.com;55.672 37.592;education
26 кадр, колледж архитектуры, дизайна и реинжиниринга №26;+7 (495) 369-40-26, +7 (499) 369-40-26, +7 (495) 679-47-21;;Севастопольский просп., 5А, Москва;priem.26kadr.ru , 26kadr.ru , 26kadr.mskobr.ru;55.691 37.612;education
Пестрый Слон Монтессори Нешкола;;+7 (926) 535-15-25;Краснодонская ул., 16А, Москва;pestriyslon-montessorishkola.clients.site;55.678 37.748;education
Эрудит-2, частная школа;+7 (495) 359-66-71;+7 (916) 606-89-32;Краснодонская ул., 33, Москва;erudit-2.com;55.676 37.750;education
ГБОУ школа № 1793 Школьный корпус № 8;+7 (495) 704-00-31, +7 (495) 705-50-11, +7 (495) 704-08-37;;Привольная ул., 37, Москва;lyc1793uv.mskobr.ru;55.692 37.852;education
Университетская Гимназия Московского Государственного Университета Имени М. В. Ломоносова;+7 (499) 783-17-70;+7 (915) 442-84-40;Ломоносовский просп., 27, корп. 7, Москва;school.msu.ru;55.695 37.525;education
Средняя общеобразовательная школа №2086 с дошкольным отделением, ГБОУ г. Москвы;+7 (495) 939-00-93, +7 (495) 930-62-30;;Молодёжная ул., 3А, Москва;sch2086uz.mskobr.ru;55.693 37.546;education
Школа № 1265, центр дополнительного образования планета Планета;+7 (499) 135-26-10, +7 (499) 135-32-51;+7 (906) 788-27-99, +7 (905) 585-90-35;ул. Фотиевой, 14, корп. 2, Москва;sch1265uz.mskobr.ru;55.700 37.558;education
Наука-сервис, частная общеобразовательная школа;+7 (495) 677-68-84, +7 (529) 059-40-00, +7 (495) 679-26-45;+7 (926) 899-75-88;ул. Трофимова, 22, корп. 2, Москва;nauka-servis.mskobr.ru;55.702 37.677;education
ГБОУ школа Покровский квартал;+7 (499) 179-65-39, +7 (495) 917-54-00, +7 (495) 917-99-44;;1-я ул. Текстильщиков, 16, Москва;pkvartal.mskobr.ru;55.701 37.742;education
ГБОУ школа № 654 имени А. Д. Фридмана, учебный корпус № 3;+7 (499) 444-76-54;;7-я ул. Текстильщиков, 9, стр. 1, Москва;sch654.mskobr.ru , ok654.ru;55.696 37.750;education
Азбука, частная школа;+7 (495) 109-30-91;;Кузьминский парк, 1 ст6;az-by-ka.ru;55.695 37.766;education
Кавказ лэнд, школа кавказских танцев;+7 (499) 990-05-99;+7 (985) 318-97-60, +7 (925) 741-54-36;Волгоградский просп., 152, стр. 1, Москва;kavkaz-land.ru;55.701 37.791;education
Школа при посольстве Республики Корея в Москве;+7 (495) 787-07-48, +7 (499) 426-08-94;;Толбухина, 8 к3;moscowks.net;55.719 37.404;education
ГБОУ школа Интеллектуал;+7 (499) 445-52-10, +7 (495) 432-24-30;;Кременчугская ул., 13, Москва;sch-int.ru;55.718 37.464;education
Образование плюс, средняя общеобразовательная школа;+7 (495) 786-24-39, +7 (495) 153-59-78, +7 (495) 442-66-79, +7 (495) 266-77-68, +7 (495) 266-43-71, +7 (499) 302-36-62;+7 (963) 923-90-96;Веерная ул., 38, корп. 1, Москва;obrazovanieplus.ru;55.713 37.482;education
Классическое образование, частная школа;+7 (495) 241-19-79, +7 (495) 998-81-63, +7 (495) 241-18-99;+7 (916) 636-04-54;Староволынская ул., 12, корп. 5, Москва;obrazovanie-klass.ru , obrazovanie-klass.mskobr.ru;55.716 37.479;education
Снегири, частная школа;+7 (495) 788-88-82;;Минская ул., 2В, корп. 2, Москва;snegiri.school;55.716 37.506;education
Утро, частная школа;;+7 (969) 280-28-01, +7 (903) 774-08-46, +7 (904) 567-30-42;ул. Пырьева, 5А, стр. 2, Москва;utromgu.ru , utro-mgu.ru;55.725 37.525;education
English nursery and primary school, английский частный детский сад;+7 (499) 147-15-73, +7 (499) 520-74-10, +7 (499) 191-24-81, +7 (495) 150-00-77, +7 (499) 191-45-83, +7 (495) 987-15-52;+7 (985) 220-14-42;ул. Пырьева, 10А, Москва;englishnursery.ru;55.727 37.527;education
Общеобразовательная школа №57;+7 (495) 691-85-72, +7 (499) 242-18-12;+7 (916) 350-11-25;ул. Хамовнический Вал, 26, Москва;sch57.ru;55.720 37.569;education
ГБОУ Средняя общеобразовательная школа № 171;+7 (499) 245-54-25, +7 (499) 245-43-49;;ул. Доватора, 5/9, Москва;moscowschool54.ru , sch171c.mskobr.ru;55.724 37.570;education
Soft, частная школа;+7 (495) 799-00-71;;Усачёва ул., 11Б, Москва;softspace.school;55.728 37.572;education
Школа при магазине Ведьмино Счастье;+7 (812-64) 6-48-02, +7 (499) 322-17-70, +7 (343) 302-66-58, +7 (495) 660-37-69, +7 (495) 109-96-01, +7 (8612) 04-99-76;+7 (985) 812-66-14, +7 (925) 242-89-68;Новоостаповская ул., 5, стр. 1, Москва;happywitch.ru;55.722 37.678;education
Саудовская школа, Посольство Королевства Саудовская Аравия в РФ;+7 (499) 373-70-88;;ул. Юности, 9, Москва, Россия;;55.728 37.806;education
ГБОУ школа № 2026, учебный корпус № 12;+7 (526) 357-30-00, +7 (499) 797-00-36, +7 (499) 797-00-30;+7 (949) 569-62-62;Лухмановская ул., 26А, Москва;sch2026v.mskobr.ru , school-2035.ru;55.721 37.907;education
Академия Новое Поколение;;+7 (968) 122-42-42, +7 (965) 122-42-42;Рублёвское ш., 18, корп. 3, Москва, Россия;np.chik-i-brik.ru;55.742 37.433;education
ГБОУ школа № 887 дом детского творчества Кунцево;+7 (495) 123-50-55, +7 (499) 149-16-59, +7 (495) 221-70-66, +7 (495) 413-05-35, +7 (495) 413-11-15, +7 (495) 416-35-15, +7 (495) 416-97-04, +7 (495) 417-20-85, +7 (495) 417-21-24, +7 (495) 417-87-17;+7 (926) 708-81-24, +7 (964) 503-99-60, +7 (925) 507-46-33, +7 (926) 211-11-40, +7 (926) 394-52-64;Молодогвардейская ул., 2, корп. 3, Москва;;55.735 37.441;education
ГКОУ школа Технологии обучения;+7 (499) 240-09-16, +7 (495) 530-20-83;;Резервный пр., 10, Москва;cotg.mskobr.ru , iclass.home-edu.ru;55.741 37.550;education
Индийская школа;+7 (499) 240-64-37, +7 (499) 243-70-09;;Большая Дорогомиловская ул., 10, корп. 2, Москва;kendriyavidyalaya-moscow.org;55.747 37.564;education
Детский сад Kіdsberry;;+7 (903) 962-70-74;Смоленская наб., 5/13, Москва;kidzberry.ru;55.750 37.577;education
Французский лицей при Посольстве Франции;+7 (499) 237-46-36, +7 (495) 627-04-70;+7 (916) 700-60-98;1-й Спасоналивковский пер., 12, Москва;lfmoscou.com;55.734 37.616;education
Уроки игры на саксофоне от Максима Разина;;+7 (969) 038-05-00;Большая Татарская ул., 35с7-9, Москва;;55.737 37.637;education
Московский центр образования школьников им. М. В. Ломоносова;+7 (499) 647-63-05, +7 (499) 955-40-13;+7 (939) 009-52-48, +7 (985) 516-83-93;ул. Александра Солженицына, 29/18, Москва;mosobr.com;55.746 37.666;education
Robbin UP, частная школа;;+7 (999) 000-99-81;ул. Талалихина, 8, Москва;;55.736 37.676;education
XXI век, частная средняя общеобразовательная школа;+7 (495) 760-21-47, +7 (495) 918-17-74;+7 (985) 760-21-47, +7 (966) 107-00-04, +7 (925) 107-00-04;Старообрядческая ул., 17, Москва;xxivek.moscowschool.ru;55.746 37.702;education
Рогожская Древлеправославная общеобразовательная школа;;+7 (906) 033-72-52;ул. Рогожский Посёлок, 29, стр. 6, Москва;;55.739 37.701;education
Средняя общеобразовательная школа № 2072;+7 (495) 123-50-75, +7 (499) 899-89-60;;Перовская ул., 66Д, Москва;sch2072v.mskobr.ru;55.744 37.803;education
ГБОУ Вешняковская школа, отделение В2;+7 (495) 370-78-81, +7 (526) 355-50-00, +7 (495) 375-84-86, +7 (495) 370-51-00;+7 (909) 971-12-89;Вешняковская ул., 2А, Москва;;55.737 37.819;education
ГБОУ школа Новокосино;+7 (526) 357-90-00, +7 (495) 701-05-00, +7 (495) 701-63-21, +7 (495) 702-66-20;+7 (905) 752-84-36;Суздальская ул., 12, Москва;sch1200.mskobr.ru;55.739 37.850;education
ГБОУ школа Новокосино;+7 (495) 701-78-18, +7 (495) 702-74-01;;Новокосинская ул., 13Б, Москва;sch1200.mskobr.ru;55.736 37.852;education
Информационно-инженерный инкубатор;;+7 (977) 415-19-00, +7 (909) 019-38-20;ул. Крылатские Холмы, 34, Москва;;55.765 37.410;education
Русская Классическая школа;;+7 (917) 577-77-87;ул. Крылатские Холмы, 28, корп. 1, Москва;;55.765 37.415;education
АНОО Хорошевская школа;+7 (495) 414-10-54;;ул. Народного Ополчения, 3, корп. 2, Москва;horoshkola.ru;55.771 37.471;education
English nursery and primary school, английский частный детский сад;+7 (499) 520-90-86, +7 (495) 414-48-71, +7 (499) 938-52-42;+7 (901) 256-45-72, +7 (917) 510-26-89;Карамышевская наб., 10, корп. 2, Москва;englishnursery.ru;55.771 37.483;education
Семейные классы;;+7 (903) 745-11-58, +7 (903) 504-29-23;Мукомольный пр., 9, корп. 1, Москва;familyclass.info;55.753 37.523;education
ComUnlim;+7 (495) 369-02-83;+7 (925) 925-00-26;Шмитовский пр., 13, Москва;comunlim.ru;55.758 37.551;education
Kartsev School;;+7 (901) 514-45-05;Хлебный пер., 2/3с2, Москва;kartsevschool.ru;55.755 37.598;education
Cyber Skills;;+7 (919) 102-47-20;Россия, Москва, Красная площадь;cyberskills.ru;55.753 37.623;education
Взлётная полоса;;+7 (903) 960-92-95, +7 (905) 707-51-93;Сретенский бул., 6/1с1, Москва;runway-school.ru;55.766 37.634;education
ГБОУ школа Покровский квартал;+7 (495) 624-98-27;;ул. Покровка, 10, стр. 5, Москва;pkvartal.mskobr.ru;55.759 37.644;education
ГБОУ школа Покровский квартал, отделение ОВЗ;+7 (495) 916-04-12;;Большой Трёхсвятительский пер., 4, Москва;pkvartal.mskobr.ru;55.755 37.646;education
ГБОУ школа Покровский квартал;+7 (495) 917-85-71;;Лялин пер., 12, Москва;pkvartal.mskobr.ru;55.759 37.652;education
ГБОУ школа Покровский квартал;+7 (495) 917-91-02;;ул. Земляной Вал, 44А, Москва;pkvartal.mskobr.ru;55.754 37.656;education
Международная школа скорочтения Васильевой С. Ч.;;+7 (903) 110-73-33;Старая Басманная ул., 14/2с4, Москва;silachtenia.ru;55.765 37.660;education
Архитектурная школа;+7 (499) 267-15-45, +7 (499) 149-61-54, +7 (833) 262-91-52, +7 (499) 267-35-40, +7 (499) 404-12-20;+7 (916) 599-12-34, +7 (916) 683-95-65;Гороховский пер., 4, Москва;miigaik.ru;55.763 37.662;education
Школа прикладной соционики Е. Удаловой;;+7 (968) 955-03-21;Бауманская ул., 58/25с16, Москва;socion.ru;55.768 37.678;education
ГБОУ школа № 138, средняя школа;+7 (499) 199-27-22, +7 (528) 358-20-00;;бул. Генерала Карбышева, 9, корп. 2, Москва;sch138sz.mskobr.ru;55.781 37.467;education
ГБОУ школа № 1515;+7 (499) 197-44-52, +7 (499) 199-70-01, +7 (499) 199-06-20, +7 (499) 191-83-12;+7 (977) 811-27-26;бул. Генерала Карбышева, 10, корп. 4, Москва;gym1515sz.mskobr.ru;55.779 37.474;education
Сетевая школа индивидуального обучения;;+7 (916) 014-26-20, +7 (985) 972-99-32;3-я Хорошёвская ул., 2, стр. 1, Москва;school-euk2.com , ints.pro;55.778 37.503;education
Школа №1409 с дошкольным отделением;+7 (527) 759-80-00, +7 (495) 530-12-90;;ул. Авиаконструктора Микояна, 2, Москва;gym1409s-new.mskobr.ru;55.788 37.544;education
Государственное бюджетное общеобразовательное учреждение школа № 1288 Структурное подразделение № 7 Школьное отделение;+7 (495) 940-27-13;;ул. Поликарпова, 3А, Москва;sch1288.mskobr.ru , sch1288s.mskobr.ru;55.776 37.552;education
Московская Федерация Черлидинга;+7 (495) 799-70-16;+7 (903) 799-70-16;Скаковая ул., 3, стр. 12, Москва;nonstop-team.ru , cheernonstop.viewy.ru;55.783 37.567;education
ГК Лидеры;;+7 (926) 150-07-56;Верхняя ул., 20, стр. 3, Москва;leaders-is.com;55.779 37.575;education
Школа Марьина роща им. В.Ф. Орлова с дошкольным отделением;+7 (495) 181-56-56;+7 (909) 900-21-70;Новосущёвская ул., 7, Москва;sch-mr.mskobr.ru;55.787 37.603;education
Московская еврейская школа Месивта;+7 (495) 645-17-70;;ул. Образцова, 11, стр. 5, Москва;mesivta-russia.ru;55.789 37.608;education
Государственное бюджетное общеобразовательное учреждение города Москвы школа Марьина Роща имени В. Ф. Орлова;;+7 (905) 572-05-57;Октябрьский пер., 11, Москва;sch-mr.mskobr.ru;55.787 37.610;education
ГБОУ города Москвы школа Марьина Роща имени В. Ф. Орлова;+7 (240) 361-10-46;+7 (916) 316-30-26, +7 (985) 907-11-78;ул. Советской Армии, 9, Москва;avtoshkola-prava.ru , sch-mr.mskobr.ru;55.789 37.616;education
Государственное бюджетное общеобразовательное учреждение города Москвы школа Марьина Роща имени В. Ф. Орлова;;+7 (903) 715-48-27;ул. Советской Армии, 7Б, Москва;sch-mr.mskobr.ru;55.787 37.615;education
Частная школа Чудо - дети;+7 (495) 135-13-58;;ул. Советской Армии, 6, стр. 2, Москва;;55.787 37.619;education
Школа святого Георгия Победоносца и детский сад;;+7 (977) 302-53-50, +7 (903) 258-10-32;Большая Семёновская ул., 40, Москва;centr-svgeorgia.ru;55.781 37.712;education
Prima Schola, частная школа;+7 (495) 748-61-26, +7 (495) 975-74-22;+7 (925) 389-40-58;Первомайская ул., 42, корп. 1, Москва;prima-schola.ru;55.792 37.787;education
ГБОУ школа Покровский квартал;+7 (495) 307-57-01, +7 (495) 307-40-20;;ш. Энтузиастов, 100А, Москва;pkvartal.mskobr.ru;55.773 37.836;education
Государственное бюджетное общеобразовательное учреждение города Москвы школа № 1302;+7 (495) 756-17-36, +7 (528) 357-70-00, +7 (495) 756-89-26, +7 (495) 756-89-25, +7 (495) 756-89-27, +7 (495) 750-07-67;+7 (926) 597-99-39;ул. Исаковского, 29, корп. 1А, Москва;schu1302.mskobr.ru;55.806 37.419;education
Государственное бюджетное общеобразовательное учреждение города Москвы школа № 1302;+7 (495) 942-98-10, +7 (495) 756-89-23;;ул. Исаковского, 29, корп. 1А, Москва;schu1302.mskobr.ru , school-1302.ru;55.806 37.419;education
Инеснэк;+7 (495) 947-10-25, +7 (495) 947-11-38, +7 (495) 947-11-45, +7 (495) 947-21-34, +7 (495) 947-27-84;+7 (926) 131-96-76, +7 (903) 576-29-71;ул. Рогова, 15, корп. 3, Москва;inesnec.school;55.795 37.458;education
Школа №1874 с дошкольным отделением;+7 (499) 196-88-41, +7 (499) 196-04-51, +7 (499) 196-07-29, +7 (499) 196-53-58, +7 (528) 358-70-00;;ул. Маршала Новикова, 13, Москва;1874.my1.ru , sch1874sz.mskobr.ru , 1874.elme.ru , sch1874.ru;55.803 37.463;education
ГБОУ школа № 1874;+7 (499) 193-61-60;;ул. Маршала Василевского, 11, корп. 2, Москва;1874.elme.ru;55.805 37.467;education
Школа №1874 с дошкольным отделением;+7 (499) 196-63-24, +7 (499) 196-53-13;+7 (905) 573-27-83, +7 (917) 544-09-81, +7 (909) 983-66-75, +7 (917) 528-95-49;ул. Маршала Василевского, 3, корп. 2, Москва;1874.my1.ru , sch1874sz.mskobr.ru , sch1874.ru;55.802 37.472;education
Семейная школа ZaochkaClass;;+7 (906) 734-63-63;Ленинградский просп., 64, стр. 2, Москва;;55.804 37.528;education
Монтессори школа и сад Земляне;+7 (499) 404-14-11;;Кочновский пр., 4, корп. 2, Москва;;55.806 37.545;education
Государственное бюджетное общеобразовательное учреждение города Москвы школа Марьина Роща имени В. Ф. Орлова;;+7 (977) 446-27-81;1-й пр. Марьиной Рощи, 3А, Москва;sch-mr.mskobr.ru;55.794 37.622;education
Государственное бюджетное общеобразовательное учреждение города Москвы школа Марьина Роща имени В. Ф. Орлова;;+7 (926) 810-09-37;2-я ул. Марьиной Рощи, 20, корп. 1, Москва;sch-mr.mskobr.ru;55.799 37.620;education
ГБОУ Школа № 1539;+7 (528) 055-20-00, +7 (495) 683-46-32, +7 (499) 394-38-47;;Новоалексеевская ул., 8, Москва;gym1539sv.mskobr.ru , 13dno.ru , 1539openschool.ru;55.808 37.644;education
Гимназия ФГАОУ, Российский университет транспорта МИИТ;+7 (499) 266-69-10, +7 (495) 687-66-37;+7 (910) 404-54-23;2-й Лучевой просек, 5А, Москва;mgups.mskobr.ru;55.801 37.655;education
ГБОУ Средняя общеобразовательная школа № 1530, школа Ломоносова;+7 (526) 359-10-00, +7 (495) 355-15-30;;Егерская ул., 2, Москва;gym1530.mskobr.ru;55.793 37.684;education
Школа Благо при Технологическом колледже № 21;+7 (495) 951-20-86, +7 (495) 160-03-63, +7 (495) 957-75-00, +7 (495) 607-17-19, +7 (499) 192-40-95, +7 (499) 201-59-47, +7 (526) 358-10-00, +7 (499) 164-88-11, +7 (499) 975-27-50, +7 (495) 126-44-51;+7 (926) 211-11-50;Потешная ул., 5А, Москва;tk21.mskobr.ru;55.802 37.702;education
Лицей духовной культуры во имя преподобного Серафима Саровского;+7 (499) 164-79-60, +7 (499) 324-29-20, +7 (499) 163-15-41;;3-я Парковая ул., 34А, Москва;serafim.info;55.800 37.783;education
Школа №1290 с дошкольным отделением;+7 (499) 367-23-67, +7 (499) 165-52-42, +7 (526) 357-00-00, +7 (499) 165-14-09;;Первомайская ул., 59, Москва;gym1290.mskobr.ru , sch1290.mskobr.ru;55.793 37.793;education
ГБОУ Средняя общеобразовательная школа № 2033;+7 (526) 358-50-00, +7 (495) 468-83-37, +7 (495) 468-22-46;;13-я Парковая ул., 29, Москва;sch2033v.mskobr.ru;55.806 37.811;education
Семейный лад, частная школа с дошкольным отделением;+7 (495) 750-95-53, +7 (495) 942-80-20, +7 (495) 750-28-98;+7 (925) 912-61-05;ул. Кулакова, 3, корп. 2, Москва;alenka-sad.ru , семейный-лад.москва;55.814 37.405;education
Средняя общеобразовательная школа №2099 с дошкольным отделением;+7 (499) 150-16-98, +7 (527) 756-50-00, +7 (499) 159-13-24;+7 (910) 463-56-68;3-я Радиаторская ул., 8А, Москва;sch2099.mskobr.ru;55.818 37.493;education
Финансово-экономическая школа;+7 (495) 610-40-82, +7 (495) 610-49-92;;ул. Милашенкова, 11А, Москва;fesch.ru;55.824 37.582;education
Дари детям добро;+7 (495) 796-05-04, +7 (495) 755-09-07;;Большая Марфинская ул., 1, корп. 2, Москва;okddd.ru;55.827 37.591;education
Школа №1360 с дошкольным отделением;+7 (495) 964-41-10, +7 (499) 160-27-71, +7 (495) 964-34-07;+7 (968) 360-13-60, +7 (910) 482-73-65;Андреево-Забелинская ул., 28, Москва;sch1360v.mskobr.ru;55.816 37.711;education
Средняя общеобразовательная школа №365, Технологический колледж №21;+7 (495) 258-34-58, +7 (499) 160-26-20, +7 (499) 167-03-18;;5-й пр. Подбельского, 2, Москва;tk21.mskobr.ru;55.817 37.729;education
Первое семейное пространство;;+7 (925) 158-19-44;ул. Барышиха, 12, корп. 1, Москва;abfamily.ru;55.841 37.360;education
Средняя общеобразовательная школа № 648 имени Героя Российской Федерации А. Г. Карлова;+7 (495) 453-01-75, +7 (495) 453-21-75;+7 (903) 191-53-22;3-й Лихачёвский пер., 2А, Москва;sch648.mskobr.ru;55.847 37.517;education
ГБОУ школа № 1454 Тимирязевская, школьная образовательная площадка Лиственничная аллея;+7 (495) 611-15-38, +7 (495) 611-15-56, +7 (527) 759-20-00, +7 (495) 611-08-65;;Лиственничная аллея, 8, стр. 3, Москва;sch1454.mskobr.ru;55.834 37.561;education
Школа № 264;+7 (528) 057-40-00;;Олонецкая ул., 13, Москва;sch950sv.mskobr.ru , schco264.edusite.ru;55.852 37.617;education
W. I. D. E. Green Park;+7 (495) 999-06-80;+7 (985) 999-06-80;Олонецкая ул., 2, Москва;wideschool.ru;55.852 37.619;education
ГБОУ Средняя общеобразовательная школа № 1358;+7 (528) 355-90-00, +7 (495) 751-69-71, +7 (495) 751-69-72;;ул. Барышиха, 42, корп. 2, Москва;gym1358sz.mskobr.ru;55.855 37.346;education
Woltakids, семейная школа;;+7 (925) 048-78-99, +7 (916) 043-11-22, +7 (999) 996-67-07;Фестивальная ул., 4, Москва;woltakids.ru , rawpixel.com;55.857 37.486;education
Православная классическая гимназия во имя иконы Божией Матери Знамение в Ховрине;+7 (499) 747-09-05, +7 (495) 456-41-87, +7 (499) 747-97-14;+7 (969) 999-28-45, +7 (999) 879-06-72;ул. Ляпидевского, 10А, Москва;pravoslavnaya-gimnazia.ru , znamgimn.ru , nouznamenie.mskobr.ru;55.858 37.500;education
Школа №1383 с дошкольным отделением;+7 (499) 487-86-68, +7 (499) 481-74-82, +7 (499) 488-34-55, +7 (527) 755-90-00, +7 (499) 480-08-98;;Дубнинская ул., 23, Москва;sch1383.mskobr.ru;55.863 37.567;education
ГБОУ Средняя общеобразовательная школа № 1554;+7 (499) 202-46-30, +7 (499) 204-87-75;;Северный бул., 4А, Москва;gum1554sv.mskobr.ru , gym1554.mskobr.ru;55.865 37.610;education
Школа №1374 с дошкольным отделением;+7 (499) 183-01-56, +7 (528) 059-70-00;;Федоскинская ул., 4, Москва;sch1374sv.mskobr.ru;55.869 37.704;education
IQ, школа интеллектуального развития;+7 (495) 589-96-81;+7 (915) 495-35-67;Ландышевая ул., 12, Москва;iq-cr.ru;55.885 37.391;education
Белоснежка, прогимназия с дошкольным отделением;+7 (495) 744-15-53, +7 (495) 744-15-52, +7 (499) 938-89-16;;Куркинское ш., 42, корп. 3, Москва;belosnezhka-pg.ru;55.887 37.396;education
ГБОУ школа Бибирево;+7 (499) 205-64-43, +7 (499) 902-45-11, +7 (499) 206-94-66, +7 (499) 207-45-22, +7 (499) 902-76-90, +7 (499) 206-33-25, +7 (499) 207-10-88, +7 (499) 207-12-22, +7 (499) 207-96-77;;ул. Конёнкова, 4А, Москва;sch-bibirevo.mskobr.ru;55.888 37.608;education
ГБОУ школа Бибирево;+7 (499) 902-26-63;;ул. Плещеева, 26А, Москва;sch-bibirevo.mskobr.ru;55.889 37.619;education
ГБОУ школа № 1387, бассейн;+7 (528) 355-50-00, +7 (499) 385-13-87, +7 (499) 401-99-93;;Соколово-Мещерская ул., 27, Москва;sch1387.mskobr.ru;55.904 37.383;education
Открытое небо;;+7 (925) 145-40-45;Юровская ул., 114, Москва;;55.897 37.390;education
Русская классическая школа;+7 (495) 798-37-33;+7 (925) 616-38-61, +7 (926) 363-51-85;Соколово-Мещерская ул., 14, Москва;rksh-himki.ru , rksh-msk.ru;55.896 37.392;education
Танцы;+7 (499) 205-59-65, +7 (499) 206-68-92;+7 (903) 162-90-34, +7 (903) 584-74-84, +7 (965) 146-37-07, +7 (903) 675-55-35;ул. Корнейчука, 38Б, Москва;alians-rnr.ru;55.897 37.627;education
ГБОУ школа № 283, структурное подразделение № 10;+7 (495) 475-84-95, +7 (495) 475-24-73, +7 (495) 475-09-00;;Осташковская ул., 30, корп. 2, Москва;sch283sv-new.mskobr.ru;55.892 37.677;education
ГБОУ школа № 2044, начальное общее, основное общее и среднее общее образование;+7 (528) 058-50-00, +7 (499) 661-54-69;;Долгопрудная аллея, 16, Москва;sch2044sv-new.mskobr.ru;55.941 37.523;education
Школа № 709, подразделени № 3;+7 (495) 123-51-18, +7 (495) 123-53-19;;7-я Северная линия, 13, стр. 1, Москва;sch709sv.mskobr.ru;55.938 37.550;education
Смарт Скул Бутово;;+7 (991) 288-08-36;Куликовская ул., 1, Москва;smartschool.group;55.573 37.566;education
Православная общеобразовательная школа-пансион Плёсково;+7 (495) 957-07-81, +7 (499) 271-67-06;+7 (916) 344-48-49;1, стр. 1, посёлок дома отдыха Плёсково;pleskovo.ru;55.412 37.093;education
SET International School, международный частный детский сад;;+7 (926) 665-55-51, +7 (925) 323-60-60;13-я Парковая ул., 18, Москва;;55.800 37.813;education
The International School of Moscow, частная общеобразовательная школа;+7 (499) 922-44-05, +7 (499) 922-44-00;;Крылатская ул., 12, Москва;internationalschool.ru;55.765 37.433;education
ГБОУ школа № 2073;+7 (495) 850-98-62;;Школьная ул., 17А, посёлок Рогово;sch2073.mskobr.ru;55.212 37.074;education
ГБОУ г. Москвы школа № 2073;+7 (495) 850-96-50;;Школьная ул., 5А, посёлок Рогово;sch2073.mskobr.ru;55.213 37.075;education
ГБОУ школа № 2073;+7 (495) 850-75-77;;3, стр. 1, посёлок дома отдыха Вороново;sch2073.mskobr.ru;55.317 37.159;education
Средняя общеобразовательная школа №2073 с дошкольным отделением;+7 (495) 850-73-73, +7 (495) 850-74-81;;42А, микрорайон Центральный, посёлок ЛМС;sch2073.mskobr.ru;55.313 37.183;education
ГБОУ школа 2073;+7 (495) 850-73-97;;15А, микрорайон Центральный, посёлок ЛМС;sch2073.mskobr.ru;55.317 37.177;education
Государственное бюджетное общеобразовательное учреждение города Москвы школа № 2073;+7 (495) 850-76-90;;34, стр. 3, микрорайон Центральный, посёлок ЛМС;sch2073.mskobr.ru;55.314 37.182;education
ГБОУ школа № 2073;+7 (495) 592-47-71;;34, стр. 1, микрорайон Центральный, посёлок ЛМС;sch2073.mskobr.ru;55.314 37.184;education
ГБОУ школа № 2073 города Москвы;+7 (495) 865-63-72, +7 (495) 865-63-25;;Центральная ул., 2, село Кленово;sch2073.mskobr.ru;55.323 37.345;education
ГБОУ школа № 2073;+7 (495) 865-63-88, +7 (496) 765-63-88;;ул. Мичурина, 6, село Клёново;sch2073.mskobr.ru;55.325 37.349;education
ГБОУ школа № 1391 Школьная образовательная площадка № 1;+7 (495) 129-13-91, +7 (529) 855-50-00, +7 (495) 846-31-54;;7А, рабочий посёлок Киевский;schtn1391.mskobr.ru;55.430 36.871;education
ГБОУ школа № 2075, отделение № 2;+7 (495) 850-57-82;+7 (926) 039-86-30;28, посёлок Шишкин Лес;sch2075.mskobr.ru;55.412 37.191;education
ГБОУ школа № 2075, школьное отделение № 1;+7 (495) 850-82-59;;23, стр. 1, село Красная Пахра;sch2075.mskobr.ru;55.425 37.268;education
Ника, школа;+7 (529) 356-20-00, +7 (495) 587-49-63, +7 (495) 150-70-83, +7 (495) 850-85-27;;3А, село Красное;nounika.mskobr.ru , nika-school.ru;55.424 37.295;education
ГБОУ Средняя общеобразовательная школа № 2075, школьное отделение № 4;+7 (495) 865-67-23;;21, посёлок Щапово;sch2075.mskobr.ru;55.418 37.411;education
Центр Магистра, сеть образовательных центров;+7 (499) 398-38-88, +7 (495) 414-20-09;+7 (965) 102-78-24, +7 (925) 000-12-70, +7 (926) 359-44-66;Троицкий бул., 4, Троицк;magistra-do.ru;55.467 37.288;education
ГБОУ г. Москвы школа № 2083, ОП Родники;+7 (496) 758-05-41, +7 (495) 858-15-41, +7 (495) 867-43-75;;11, микрорайон Родники, посёлок Знамя Октября;sch2083.mskobr.ru;55.469 37.541;education
ГБОУ школа № 2083 Доп Семицветик;+7 (495) 858-14-40;;12, микрорайон Родники, посёлок Знамя Октября;sch2083.mskobr.ru;55.468 37.541;education
Лицей города Троицка;+7 (495) 851-06-74, +7 (495) 851-00-56;;Школьная ул., 10А, Троицк;lyctroicka.mskobr.ru , trolyceum.ru;55.475 37.301;education
Гимназия им. Н.В. Пушкова с дошкольным отделением;+7 (495) 851-03-11;;Школьная ул., 10, Троицк;gympushkova.mskobr.ru;55.474 37.301;education
Государственное бюджетное общеобразовательное учреждение города Москвы Троицкий реабилитационно - образовательный центр Солнышко;+7 (495) 850-18-03, +7 (495) 850-19-03, +7 (495) 592-46-26;;ул. Пушковых, 5, Троицк;askchtn.mskobr.ru;55.477 37.307;education
ГБОУ школа № 1392 им. Д. В. Рябинкина, корпус № 3;+7 (529) 755-61-02, +7 (499) 551-01-51, +7 (495) 746-45-13, +7 (499) 551-03-16;;Школьная ул., 33, д. Яковлево;schtn1392.mskobr.ru;55.481 37.392;education
ГБОУ школа № 2083 Доп Журавушка;+7 (495) 867-84-60, +7 (495) 867-84-61;;45А, посёлок Фабрики имени 1 Мая;sch2083.mskobr.ru;55.486 37.498;education
Путь к Успеху, частная школа;+7 (499) 322-32-74;;деревня Жуковка, вл2а;school-uspeh.ru;55.511 37.286;education
ГБПОУ Образовательный комплекс Юго-Запад, ТСП Троицкое;+7 (499) 129-25-70;+7 (903) 135-90-91, +7 (925) 705-38-00, +7 (926) 555-79-79, +7 (953) 464-94-22;Комсомольский пр., 3, Троицк;autosw.ru , autopk39.ru , spo39.mskobr.ru;55.493 37.316;education
Школа №1392 им. Д.В. Рябинкина с дошкольным отделением;+7 (498) 698-75-20, +7 (495) 841-59-19;;Москва, поселение Десеновское, улица Дмитрия Рябинкина, 10;schtn1392.mskobr.ru;55.503 37.330;education
ГБОУ школа № 2083, ОП Остафьево;+7 (495) 867-83-61;;Троицкая ул., 1, село Остафьево;sch2083.mskobr.ru;55.493 37.502;education
ГБОУ школа № 2083 Доп Остафьево;+7 (495) 867-91-40;;27А, посёлок Остафьево;sch2083.mskobr.ru;55.501 37.490;education
Смарт Скул;;+7 (965) 370-00-88;Россия, Москва, поселение Рязановское, Остафьевское шоссе, 14, корп. 3;smartschool.group;55.500 37.518;education
ГБОУ школа № 2109, школьный корпус Импульс;+7 (499) 232-11-18, +7 (495) 714-09-67;;Полевая ул., 20, Юго-Западный административный округ, район Южное Бутово, деревня Захарьино, Москва;sch2109.mskobr.ru;55.499 37.579;education
Государственное бюджетное общеобразовательное учреждение города Москвы, школа № 2109;+7 (499) 232-11-09;+7 (915) 015-46-67;ул. Маршала Савицкого, 6, корп. 4, Москва;sch2109.mskobr.ru;55.503 37.579;education
ГБОУ школа № 2109, отделение Островок детства;+7 (499) 232-41-06, +7 (499) 232-39-38;+7 (962) 904-64-85;ул. Маршала Савицкого, 18, корп. 3, Москва;sch2109.mskobr.ru;55.503 37.591;education
ГБОУ школа № 2109, школьный корпус Алые Паруса;+7 (495) 659-22-66, +7 (495) 659-21-81;;ул. Брусилова, 29, корп. 1, Москва;sch2109.mskobr.ru;55.502 37.593;education
Государственное бюджетное общеобразовательное учреждение города Москвы школа № 2109;+7 (499) 232-47-63;;ул. Маршала Савицкого, 26, корп. 4, Москва;sch2109.mskobr.ru;55.502 37.596;education
Средняя общеобразовательная школа №1368 с дошкольным отделением;+7 (495) 715-26-37, +7 (495) 715-00-54, +7 (495) 715-08-56, +7 (499) 793-31-36;;Южнобутовская ул., 135А, Москва;sch1368uz.mskobr.ru;55.531 37.515;education
Ново-Никольская гимназия, средняя общеобразовательная школа;;+7 (916) 764-94-10;ул. Семёна Гордого, 4, д. Ивановское;n-ng.ru;55.545 37.152;education
Международная школа Внуково;+7 (495) 449-76-12;+7 (939) 900-63-90, +7 (939) 900-62-10;Луговая ул., 20Б, д. Рогозинино;vnukovo.school;55.539 37.188;education
Школа №1392 им. Д.В. Рябинкина с дошкольным отделением;+7 (495) 827-72-64;;посёлок Марьино, 2;schtn1392.mskobr.ru;55.549 37.324;education
ГБОУ школа № 338 имени Героя Советского Союза А. Ф. Авдеева;+7 (495) 264-50-07;+7 (963) 670-34-90;36А, посёлок Воскресенское;roditel.educom.ru , sch338tn.mskobr.ru;55.532 37.451;education
Kidschool, частный детский сад и школа;;+7 (985) 310-00-32;деревня Губкино, 50;kidschool.ru;55.532 37.467;education
ГБОУ школа № 1786;+7 (499) 793-77-09;+7 (910) 475-34-35;ул. Адмирала Лазарева, 77, Москва;gym1786uz.mskobr.ru;55.534 37.496;education
ГБОУ города Москвы школа № 1492, школьное отделение № 3;+7 (495) 714-03-27;+7 (977) 611-86-17;ул. Кадырова, 10, Москва;sch1492uz.mskobr.ru;55.537 37.509;education
Классический пансион МГУ им. М.В. Ломоносова, школа и детский сад;+7 (495) 740-20-60;;ул. Потаповская Роща, 2, корп. 5, посёлок Коммунарка;pansionmsu.ru;55.546 37.495;education
Школа №2070 им. Героя Советского Союза Г.А. Вартаняна, Образовательная площадка Бунино;+7 (495) 156-00-33, +7 (529) 757-41-02;;Россия, Москва, поселение Сосенское, улица Александры Монаховой, 107, корп. 3;sch2070.mskobr.ru;55.543 37.496;education
Средняя общеобразовательная школа №1368 с дошкольным отделением;+7 (495) 715-04-42, +7 (495) 715-11-63;;ул. Академика Понтрягина, 17, корп. 1, Москва;sch1368uz.mskobr.ru;55.534 37.503;education
Государственное бюджетное общеобразовательное учреждение города Москвы школа № 1492, Школьное отделение 2;+7 (495) 715-02-54, +7 (495) 714-17-18, +7 (495) 714-03-36, +7 (495) 366-52-91, +7 (495) 717-19-45, +7 (495) 715-00-45, +7 (499) 242-27-82;;ул. Адмирала Лазарева, 68, корп. 3, Москва;sch1492uz.mskobr.ru;55.540 37.506;education
Государственное бюджетное общеобразовательное учреждение города Москвы;+7 (499) 793-36-57, +7 (495) 714-20-18;;ул. Адмирала Лазарева, 63, Москва;sch1492uz.mskobr.ru;55.537 37.507;education
ГБОУ города Москвы школа № 1492, школьное отделение 1;+7 (495) 715-24-52;;ул. Адмирала Лазарева, 62, корп. 2, Москва;1492school.tilda.ws , sch1492uz.mskobr.ru;55.540 37.508;education
Школа №2009;+7 (495) 780-75-83;;Южнобутовская улица, 76/1;sch2009uz.mskobr.ru;55.536 37.518;education
Средняя общеобразовательная школа №1980 с дошкольным отделением;+7 (495) 715-88-79, +7 (495) 715-27-18, +7 (499) 165-42-21;;Чечёрский пр., 80, Москва;sch1980uz.mskobr.ru;55.532 37.523;education
ГБОУ школа № 2009, Школьное отделение, Голубое озеро;+7 (495) 714-31-45, +7 (495) 715-64-63;;Южнобутовская ул., 88, Москва;sch2009uz.mskobr.ru;55.533 37.513;education
ГБОУ школа № 2009, Дошкольный корпус Солнышко;+7 (495) 714-41-18, +7 (495) 714-06-90;+7 (985) 917-63-60, +7 (916) 661-56-25;Бартеневская ул., 57, корп. 3, Москва;sch2009uz.mskobr.ru;55.544 37.518;education
Школа № 2009;+7 (499) 743-74-18, +7 (495) 717-19-54;+7 (977) 911-20-09;ул. Адмирала Руднева, 16, корп. 1, Москва;sch2009.ru , sch2009uz.mskobr.ru;55.541 37.519;education
ГБОУ школа № 2009, Дошкольный корпус Жар-Птица;+7 (495) 715-46-59;;Южнобутовская ул., 72, корп. 4, Москва;sch2009uz.mskobr.ru;55.536 37.520;education
Школа № 2009;+7 (495) 715-60-27;;ул. Адмирала Лазарева, 40, корп. 2, Москва;sch2009uz.mskobr.ru;55.545 37.521;education
ГБОУ школа № 2009, Дошкольный корпус Цветочная поляна;+7 (495) 714-26-66;;ул. Адмирала Лазарева, 40, корп. 1, Москва;sch2009uz.mskobr.ru;55.546 37.522;education
ГБОУ школа № 2009, школьный корпус № 11;+7 (495) 716-27-27, +7 (495) 716-27-90, +7 (495) 716-28-18;;Южнобутовская ул., 52, корп. 2, Москва;sch2009.ru , sch2009uz.mskobr.ru;55.539 37.529;education
Школа № 2009, Дошкольный корпус Семицветье детства;+7 (495) 714-24-18, +7 (495) 715-03-45;;Южнобутовская ул., 52, корп. 1, Москва;sch2009uz.mskobr.ru;55.538 37.530;education
Средняя общеобразовательная школа №1980 с дошкольным отделением;+7 (495) 715-62-27, +7 (495) 715-36-80;;Чечёрский пр., 42, Москва;sch1980uz.mskobr.ru;55.535 37.533;education
ГБОУ школа № 2007 Фмш;+7 (495) 716-29-35;+7 (925) 702-71-20;ул. Горчакова, 9, корп. 1, Москва;schuuz2007.mskobr.ru , fmsh2007.ru;55.544 37.532;education
Велосипедная парковка № 33035 центр образования № 1883;+7 (495) 716-41-45;;ул. Поляны, 53, Москва;sch1883uz.mskobr.ru;55.550 37.547;education
Бутово, школа №1883 с дошкольным отделением;+7 (495) 716-85-09, +7 (495) 716-51-72;+7 (903) 102-19-15;ул. Поляны, 31А, Москва;sch1883uz.mskobr.ru;55.550 37.550;education
ГБОУ Средняя общеобразовательная школа № 1981, школьный корпус № 2;+7 (495) 717-90-45, +7 (495) 717-88-18, +7 (495) 717-88-09;;аллея Витте, 2, корп. 1, Москва;sch1981uz.mskobr.ru;55.550 37.538;education
Средняя общеобразовательная школа №1980 с дошкольным отделением, Структурное подразделение №3;+7 (495) 716-04-54, +7 (495) 716-03-00;;Чечёрский пр., 22, корп. 1, Москва;sch1980uz.mskobr.ru;55.538 37.540;education
Бутово, школа №1883 с дошкольным отделением;+7 (495) 716-67-45;;Скобелевская ул., 30, Москва;sch1883uz.mskobr.ru;55.544 37.553;education
Государственное бюджетное образовательное учреждение города Москвы школа № 1065;+7 (495) 716-78-18, +7 (499) 743-16-45, +7 (495) 716-78-45;;Скобелевская ул., 28, Москва;schuz1065.mskobr.ru;55.545 37.554;education
Бутово, школа №1883 с дошкольным отделением;+7 (495) 716-80-36;;бул. Адмирала Ушакова, 4, Москва;sch1883uz.mskobr.ru;55.549 37.551;education
ГБОУ школа № 1883 Бутово;+7 (495) 716-91-09;;Скобелевская ул., 16, Москва;sch1883uz.mskobr.ru;55.546 37.553;education
Вектор, школа №1354 с дошкольным отделением;+7 (495) 716-45-45, +7 (495) 716-96-74, +7 (499) 743-11-18, +7 (495) 717-12-09;;Скобелевская ул., 1, корп. 4, Москва;sch1354uz.mskobr.ru;55.551 37.558;education
Вектор, школа №1354 с дошкольным отделением;+7 (495) 716-59-36, +7 (499) 793-99-60;;Изюмская ул., 28, корп. 3, Москва;sch1354uz.mskobr.ru;55.550 37.563;education
ГБОУ школа № 1161;+7 (499) 793-93-09, +7 (499) 743-13-41;;Изюмская ул., 35А, Москва;sch1161.mskobr.ru;55.552 37.569;education
Велосипедная парковка № 33026 школа № 1354;+7 (495) 716-01-81, +7 (495) 716-01-72, +7 (499) 743-18-54;;Изюмская ул., 38, корп. 1, Москва;sch1354uz.mskobr.ru;55.548 37.564;education
Летово, школа-пансион;+7 (495) 123-55-00;;Москва, поселение Сосенское, Зимёнковская улица, 3;letovo.ru , letovo.online;55.558 37.423;education
Смарт скул, прогрессивная частная школа;;+7 (925) 230-81-81;посёлок Радиоцентр, 7;smartschool.group;55.560 37.364;education
ГБОУ ЦОиС Москва-98 Москомспорта;+7 (495) 432-98-11, +7 (495) 252-85-38, +7 (495) 931-41-00, +7 (499) 432-39-01, +7 (495) 931-40-72, +7 (499) 431-31-67, +7 (495) 932-43-00, +7 (495) 252-88-18;;Москва, поселение Сосенское, улица Василия Ощепкова, 5;mos.ru , s1953.mossport.ru;55.556 37.466;education
Lancman school, частная школа;+7 (495) 374-73-14, +7 (495) 241-28-84, +7 (495) 128-89-16;+7 (915) 223-77-79, +7 (925) 641-82-50, +7 (915) 107-66-77;Старокрымская ул., 15, корп. 2, Москва;lancmanschool-etaloncity.ru , lancmanschool.com;55.557 37.559;education
ГБОУ школа № 2114, Корпус Созвездие;+7 (495) 712-03-09, +7 (529) 358-20-00, +7 (495) 712-11-45;;бул. Дмитрия Донского, 14Б, Москва;sch2114uz.mskobr.ru;55.566 37.571;education
ГБОУ школа № 2114, корпус Сфера;+7 (495) 712-19-59;;бул. Дмитрия Донского, 6А, Москва;sch2114uz.mskobr.ru;55.570 37.571;education
Школа №2114 с дошкольным отделением;+7 (495) 714-97-81, +7 (495) 714-97-72;;бул. Дмитрия Донского, 6, корп. 1, Москва;sch2114uz.mskobr.ru;55.569 37.572;education
Средняя общеобразовательная школа №2006 с дошкольным отделением;+7 (495) 714-85-25, +7 (495) 714-86-63, +7 (495) 712-03-45;;Феодосийская ул., 11А, Москва;sch2006uz.mskobr.ru;55.563 37.576;education
Средняя общеобразовательная школа №2006 с дошкольным отделением;+7 (499) 744-01-72, +7 (495) 712-03-19, +7 (495) 712-33-06, +7 (499) 744-23-72, +7 (495) 744-01-72, +7 (495) 712-29-54;;ул. Грина, 18, корп. 3, стр. 1, Москва;sch2006uz.mskobr.ru;55.566 37.582;education
Смарт скул, частная школа;;+7 (930) 999-80-17, +7 (965) 412-97-75;Старокачаловская ул., 4, Москва;smartschool.group;55.569 37.591;education
Школа № 1945 Синяя птица, уровень дошкольного образования;+7 (495) 713-70-45;;Старокачаловская ул., 12, Москва;sch1945uz.mskobr.ru;55.570 37.590;education
Школа №547 с дошкольным отделением;+7 (529) 655-90-00, +7 (495) 547-05-47;;Россия, Москва, поселение Сосенское, улица Сервантеса, 2;547.mskobr.ru;55.591 37.461;education
Школа №2070 им. Героя Советского Союза Г.А. Вартаняна, Образовательная площадка Фитарево;+7 (495) 817-88-38, +7 (495) 817-88-70;;Фитарёвская ул., 9Б, посёлок Коммунарка;sch2070.mskobr.ru;55.572 37.481;education
Школа им. Н.М. Карамзина, корпус Остафьевский;+7 (495) 422-62-88, +7 (529) 359-80-00, +7 (495) 422-09-61;+7 (925) 454-66-98;пр. Карамзина, 9, корп. 2, Москва;karamzin.mskobr.ru;55.592 37.541;education
Школа №1613 с дошкольным отделением;+7 (495) 711-24-90;;Ратная ул., 6Б, Москва;sch1613uz.mskobr.ru;55.574 37.587;education
Lancman School;+7 (495) 204-29-06, +7 (495) 255-20-45;+7 (920) 514-29-03, +7 (967) 555-27-80;Старобитцевская ул., 15, корп. 1, Москва;lancmanschool.com , lancmanschool.ru;55.576 37.586;education
Средняя общеобразовательная школа №924;+7 (495) 382-82-72, +7 (495) 389-21-54, +7 (495) 382-77-59, +7 (495) 382-24-04, +7 (495) 382-83-88, +7 (495) 389-23-00;;ул. Газопровод, 5А, Москва;sch924.mskobr.ru;55.591 37.605;education
Светлые горы, частная начальная школа-детский сад;+7 (495) 991-47-07, +7 (495) 103-91-15, +7 (499) 517-95-46, +7 (499) 517-95-66, +7 (499) 517-91-67, +7 (499) 517-95-67;+7 (967) 106-33-76, +7 (985) 710-07-12, +7 (966) 328-10-13;Варшавское ш., 141, корп. 14, Москва;mitino.sv-gory.ru , pik.sv-gory.ru , sv-gory.ru;55.590 37.602;education
Детский сад и школа Феникс;+7 (499) 229-17-88, +7 (495) 185-00-43;;Варшавское ш., 141А, корп. 6, Москва;фениксаннино.москва;55.584 37.603;education
Средняя общеобразовательная школа №2001 с дошкольным отделением;+7 (495) 385-30-66, +7 (495) 385-48-15, +7 (495) 385-48-16;+7 (905) 523-20-01, +7 (965) 171-76-45;Харьковский пр., 9Б, Москва;sch2001.ru , sch2001u.mskobr.ru;55.592 37.640;education
Средняя общеобразовательная школа №667 с дошкольным отделением;+7 (529) 655-50-00, +7 (495) 123-56-53, +7 (495) 383-97-81;;Востряковский пр., 3А, Москва;sch667u.mskobr.ru;55.585 37.641;education
Школа № 2001 Северная Начальная школа;+7 (495) 383-73-42, +7 (499) 113-20-01;+7 (916) 850-43-47;Харьковский пр., 9А, Москва;sch2001.ru , sch2001u.mskobr.ru;55.590 37.640;education
Школа № 2001, Южная Старшая школа;+7 (495) 384-89-94, +7 (495) 383-74-95;+7 (916) 066-66-46;Медынская ул., 7А, Москва;sch2001.ru , sch2001u.mskobr.ru;55.583 37.650;education
Православный центр образования Святителя Николая Чудотворца;+7 (495) 383-89-56;;Булатниковский пр., 16, корп. 3, Москва;noupcosnch.mskobr.ru;55.578 37.657;education
Школа № 902 Диалог, школьное отделение № 11;+7 (495) 326-17-16, +7 (495) 327-34-89, +7 (495) 326-96-46, +7 (495) 655-01-70, +7 (529) 655-30-00;;Ряжская ул., 11, Москва;sch902.mskobr.ru;55.591 37.668;education
ГБОУ школа № 947, Кадетский корпус государственной дипломатической службы им. И. А. Рогачева;+7 (495) 329-86-89;;Бирюлёвская ул., 50, Москва;sch947u.mskobr.ru;55.585 37.665;education
Государственное бюджетное общеобразовательное учреждение города Москвы школа № 1861 Загорье, Школьное отделение № 2;+7 (495) 329-30-83, +7 (499) 401-02-77;+7 (968) 579-89-61, +7 (929) 569-27-29;Загорьевский пр., 7, корп. 3, Москва;sch1861u.mskobr.ru;55.575 37.667;education
Диалог, школа №902 с дошкольным отделением;+7 (495) 326-80-43;;Ряжская ул., 13, корп. 2, Москва;sch902.mskobr.ru;55.591 37.670;education
Государственное бюджетное общеобразовательное учреждение города Москвы школа № 1861 Загорье, Школьное отделение № 1;+7 (495) 329-16-66;;Михневская ул., 8, корп. 2, Москва;sch1861u.mskobr.ru;55.577 37.672;education
Государственное бюджетное общеобразовательное учреждение города Москвы школа № 1861 Загорье, Школьное отделение № 3;+7 (495) 329-14-66;;Загорьевский пр., 13, Москва;sch1861u.mskobr.ru;55.578 37.680;education
Государственное бюджетное общеобразовательное учреждение города Москвы школа № 935, здание № 2;+7 (495) 329-54-11, +7 (495) 329-17-11;;Лебедянская ул., 26, корп. 4, Москва;sch935u.mskobr.ru;55.583 37.689;education
Школа № 935;;+7 (968) 961-53-60;Липецкая ул., 15, корп. 2, Москва;sch935u.mskobr.ru;55.581 37.689;education
ГБОУ школа № 508, Здание № 3. Начальная, средняя и старшая школа;+7 (499) 725-81-80, +7 (499) 725-81-87, +7 (495) 326-63-38;;Загорьевская ул., 31, Москва;sch508u.mskobr.ru;55.584 37.697;education
Средняя общеобразовательная школа №2057 с дошкольным отделением;+7 (495) 847-85-57, +7 (529) 755-90-00;;Дачная ул., 3А, дачный посёлок Кокошкино;sch2057.mskobr.ru;55.598 37.161;education
Премьерский лицей;+7 (495) 589-92-54, +7 (495) 543-74-12;+7 (985) 999-31-99;Школьная ул., 22, д. Крёкшино;preml.school;55.592 37.102;education
ГБОУ школа № 2057, школа Марушкино;+7 (495) 845-89-06;;ул. Липовая Аллея, 6, д. Марушкино;sch2057.mskobr.ru;55.593 37.207;education
Смарт скул, прогрессивная частная школа;;+7 (969) 343-38-38;Россия, Москва, поселение Сосенское, бульвар Веласкеса, 3, корп. 3;smartschool.group;55.593 37.456;education
Государственное бюджетное общеобразовательное учреждение города Москвы школа № 1212 Корпус 1;+7 (495) 423-28-44, +7 (495) 421-68-00, +7 (495) 421-68-07, +7 (495) 421-67-11, +7 (495) 421-97-00, +7 (495) 422-58-33, +7 (495) 422-61-55, +7 (495) 423-28-00, +7 (495) 422-39-33, +7 (495) 426-60-84;;Вильнюсская ул., 14, Москва;sch1212.mskobr.ru;55.598 37.516;education
ГБОУ школа № 2103;+7 (495) 421-41-00;;Голубинская ул., 5, корп. 2, Москва;sch2103uz.mskobr.ru;55.607 37.517;education
ГБОУ школа № 2103 школьный корпус № 4;+7 (495) 423-44-11;;Голубинская ул., 13, корп. 2, Москва;sch2103uz.mskobr.ru;55.603 37.518;education
Средняя общеобразовательная школа №2103 с дошкольным отделением;+7 (495) 421-47-88;;Голубинская ул., 5, корп. 3, Москва;sch2103uz.mskobr.ru;55.606 37.518;education
Средняя общеобразовательная школа №2103 с дошкольным отделением;;+7 (926) 992-77-89;Голубинская ул., 5, корп. 4, Москва;sch2103uz.mskobr.ru;55.605 37.518;education
Средняя общеобразовательная школа №2103 с дошкольным отделением;+7 (495) 423-40-22;;Вильнюсская ул., 8, корп. 3, Москва;sch2103uz.mskobr.ru;55.603 37.519;education
Средняя общеобразовательная школа №1206 с дошкольным отделением, Корпус №2;+7 (495) 425-67-67, +7 (495) 425-55-33, +7 (495) 425-57-11;;Литовский бул., 6, корп. 2, Москва;sch1206uz.mskobr.ru;55.610 37.529;education
Средняя общеобразовательная школа №1206 с дошкольным отделением, Корпус №8;+7 (495) 426-19-11;;Новоясеневский просп., 3, корп. 2, Москва;sch1206uz.mskobr.ru;55.609 37.528;education
Средняя общеобразовательная школа №1206 с дошкольным отделением, Корпус №1;+7 (495) 426-64-11;;Литовский бул., 10, корп. 2, Москва;sch1206uz.mskobr.ru;55.610 37.530;education
Средняя общеобразовательная школа №1561 с дошкольным отделением;+7 (495) 800-15-61;;Голубинская, 23 к3;sch1561uz.mskobr.ru;55.600 37.533;education
Средняя общеобразовательная школа №1206 с дошкольным отделением, Детский сад;+7 (495) 425-92-00, +7 (495) 425-94-55;;Тарусская ул., 6, корп. 2, Москва;sch1206uz.mskobr.ru;55.611 37.533;education
ГБОУ школа им. Н. М. Карамзина, Дошкольное отделение № 5, Корпус Екатерининский;+7 (495) 423-19-00;;пр. Карамзина, 1, корп. 2, Москва;karamzin.mskobr.ru;55.595 37.536;education
ГБОУ школа им. Н.М. Карамзина, корпус Преображенский;+7 (495) 422-12-78;;пр. Карамзина, 9, корп. 3, Москва;karamzin.mskobr.ru;55.593 37.539;education
ГБОУ школа № 1206;+7 (495) 426-08-67, +7 (495) 425-47-77;;Ясногорская ул., 5, корп. 2, Москва;sch1206uz.mskobr.ru;55.609 37.540;education
Государственное бюджетное общеобразовательное учреждение города Москвы школа № 1561;+7 (495) 422-24-22, +7 (495) 422-00-44, +7 (495) 422-05-29;;ул. Паустовского, 5, корп. 2, Москва;sch1561uz.mskobr.ru;55.599 37.543;education
ГБОУ города Москвы школа № 1173, отделение;;+7 (999) 333-17-47;ул. Красного Маяка, 13А, Москва;sch1173.mskobr.ru;55.611 37.581;education
ГБОУ школа № 504, Кластер 2 Здание 2 Чертановское;+7 (495) 387-56-40;;Чертановская ул., 61А, Москва;lyc504u.mskobr.ru;55.599 37.590;education
Общеобразовательная школа №1245 с дошкольным отделением;+7 (495) 386-15-89, +7 (495) 386-20-01;+7 (985) 837-49-79;Чертановская ул., 61Б, Москва;sch1245u.mskobr.ru;55.598 37.592;education
Общеобразовательная школа №1245 с дошкольным отделением, Корпус №2;+7 (495) 387-22-22;;Кировоградская ул., 42Б, Москва;sch1245u.mskobr.ru;55.599 37.595;education
Общеобразовательная школа №1245 с дошкольным отделением;+7 (495) 387-21-09;;Кировоградская ул., 42, корп. 2, Москва;sch1245u.mskobr.ru;55.600 37.594;education
Общеобразовательная школа №1245 с дошкольным отделением;+7 (495) 387-60-33;;Кировоградская ул., 21, Москва;sch1245u.mskobr.ru;55.603 37.601;education
Государственное бюджетное общеобразовательное учреждение города Москвы школа № 924;+7 (495) 389-19-27, +7 (495) 319-34-50;;ул. Газопровод, 3А, Москва;sch924.mskobr.ru;55.592 37.606;education
Государственное бюджетное общеобразовательное учреждение города Москвы школа № 657;+7 (495) 381-72-38, +7 (495) 381-77-13, +7 (495) 382-81-94;;ул. Подольских Курсантов, 6А, Москва;sch657u.mskobr.ru;55.606 37.613;education
Школа № 1526 на Покровской;+7 (495) 382-04-65, +7 (495) 382-80-65;;Дорожная ул., 20А, Москва;gymu1526.mskobr.ru , gym1526.ru;55.603 37.621;education
ГБОУ школа № 657 Дошкольное отделение № 2;+7 (495) 382-89-19, +7 (495) 381-85-28;;ул. Подольских Курсантов, 8А, Москва;sch657u.mskobr.ru;55.605 37.615;education
ГБОУ школа № 508, Здание № 1. Начальная школа;+7 (495) 326-84-74, +7 (495) 327-63-33, +7 (495) 327-88-88;;Элеваторная ул., 4, корп. 2, Москва;sch508u.mskobr.ru;55.600 37.656;education
ГБОУ школа № 508, Здание № 2. Средняя и старшая школа;+7 (495) 655-78-48, +7 (495) 326-84-65, +7 (495) 326-02-22;;Бирюлёвская ул., 20, Москва;sch508u.mskobr.ru;55.596 37.660;education
Диалог, школа №902 с дошкольным отделением;+7 (495) 326-78-38, +7 (495) 327-38-48;;Педагогическая ул., 3, Москва;sch902.mskobr.ru , школа902.рф;55.596 37.666;education
Диалог, школа №902 с дошкольным отделением;+7 (495) 326-95-00, +7 (495) 326-94-00;;Бирюлёвская ул., 23, корп. 1, Москва;sch902.mskobr.ru;55.593 37.666;education
Школа № 902 Диалог;;+7 (926) 379-51-84;Бирюлёвская ул., 7А, Москва;sch902.mskobr.ru;55.599 37.665;education
ГБОУ школа № 902 Диалог, здание № 6;+7 (495) 326-75-33;;Педагогическая ул., 5, Москва;sch902.mskobr.ru;55.597 37.668;education
Школа №1207 с дошкольным отделением;+7 (529) 657-90-00, +7 (495) 392-29-03, +7 (495) 391-59-10;;Домодедовская ул., 24, корп. 7, Москва;sch1207u.mskobr.ru;55.605 37.709;education
Средняя общеобразовательная школа №544 с дошкольным отделением;+7 (495) 398-88-54, +7 (495) 392-27-27;;Шипиловский пр., 73, Москва;sch544u.mskobr.ru;55.596 37.720;education
Школа № 544, дошкольное отделение;+7 (499) 782-76-63;;Шипиловский пр., 67, корп. 2, Москва;sch544u.mskobr.ru;55.598 37.716;education
Царицыно;+7 (499) 403-35-48, +7 (495) 398-67-30, +7 (495) 398-88-26;;Домодедовская улица, 35 к2;cou548.mskobr.ru;55.602 37.717;education
Открытая Русская школа;+7 (495) 669-54-12;+7 (968) 975-22-13;Домодедовская ул., 35, корп. 2, Москва;ymk.ru;55.602 37.717;education
Средняя общеобразовательная школа №544 с дошкольным отделением;+7 (499) 782-76-98, +7 (495) 632-24-79;;Каширское ш., 132, корп. 2, Москва;schu544.mskobr.ru , sch544u.mskobr.ru;55.602 37.719;education
Средняя общеобразовательная школа №544 с дошкольным отделением;+7 (495) 399-48-28;;Ясеневая ул., 8, корп. 2, Москва;sch544u.mskobr.ru;55.599 37.719;education
Школа № 1636, дошкольное отделение;+7 (495) 398-79-59, +7 (495) 397-70-00;;Воронежская ул., 5, корп. 2, Москва;gym1636u.mskobr.ru , gуm1636u.mskobr.ru;55.611 37.726;education
Школа № 1636 Ника;+7 (495) 399-23-18;+7 (926) 610-06-15;Воронежская ул., 7, корп. 2, Москва;gym1636u.mskobr.ru , gуm1636u.mskobr.ru;55.611 37.728;education
Школа № 1636, дошкольное отделение № 8;+7 (495) 399-45-12;;ул. Генерала Белова, 55, корп. 2, Москва;gym1636u.mskobr.ru , gуm1636u.mskobr.ru;55.604 37.729;education
Средняя общеобразовательная школа №1636 с дошкольным отделением;+7 (495) 398-50-39, +7 (495) 399-11-09;;Елецкая ул., 21, Москва;gym1636u.mskobr.ru , gуm1636u.mskobr.ru;55.606 37.736;education
Школа № 1636;+7 (495) 398-50-93;;Елецкая ул., 15, корп. 2, Москва;gym1636u.mskobr.ru , gуm1636u.mskobr.ru;55.608 37.734;education
Средняя общеобразовательная школа №1636 с дошкольным отделением;+7 (495) 398-50-16, +7 (495) 398-83-34;;Воронежская ул., 28, корп. 2, Москва;gym1636u.mskobr.ru , gуm1636u.mskobr.ru;55.610 37.738;education
Ника;+7 (495) 398-50-34, +7 (495) 398-50-89, +7 (495) 398-50-35;+7 (916) 483-23-13;Ясеневая улица, 35 к2;gym1636u.mskobr.ru , gуm1636u.mskobr.ru;55.608 37.739;education
Православный центр непрерывного образования во имя преподобного Серафима Саровского;+7 (495) 398-62-32, +7 (495) 399-44-79, +7 (498) 657-24-12;+7 (916) 618-18-41;Ясеневая ул., 33, корп. 2, Москва;stseraphim.edusite.ru , дс-радостьмоя.рф;55.606 37.739;education
Средняя общеобразовательная школа №1636 с дошкольным отделением, Дошкольное отделение №13;+7 (495) 398-20-92, +7 (495) 398-50-52;;Ясеневая ул., 39, корп. 2, Москва;gym1636u.mskobr.ru , gуm1636u.mskobr.ru;55.607 37.741;education
Средняя общеобразовательная школа №949 с дошкольным отделением;+7 (495) 397-01-11, +7 (495) 398-53-19, +7 (495) 399-06-36;;Ясеневая ул., 34, корп. 2, Москва;sch949u.mskobr.ru;55.604 37.742;education
Школа № 1636;+7 (495) 398-50-86;;Воронежская ул., 43Д, корп. 1, Москва;gym1636u.mskobr.ru , gуm1636u.mskobr.ru;55.609 37.742;education
Средняя общеобразовательная школа №949 с дошкольным отделением;+7 (495) 398-77-57, +7 (495) 398-81-21;;Воронежская ул., 46, корп. 2, Москва;sch949u.mskobr.ru;55.609 37.752;education
Государственное бюджетное общеобразовательное учреждение города Москвы школа № 1788, образовательная площадка № 5;+7 (495) 803-43-04, +7 (529) 755-21-09, +7 (495) 827-02-64;;Полевая ул., 4, стр. 1, посёлок Внуково;gum1788tn.mskobr.ru;55.632 37.269;education
Школа №41 им. Г.А. Тарана с дошкольным отделением;+7 (499) 233-40-43;;Интернациональная ул., 10, посёлок Внуково;sch41.mskobr.ru;55.614 37.253;education
Государственное бюджетное общеобразовательное учреждение города Москвы школа № 1788, образовательная площадка № 14;+7 (495) 827-02-65;;Москва, поселение Внуковское, Омская улица, 7;gum1788tn.mskobr.ru;55.618 37.263;education
ГБОУ Средняя общеобразовательная школа № 41 имени Г. А. Тарана;+7 (495) 736-11-10;;Большая Внуковская ул., 4, посёлок Внуково;sch41.mskobr.ru;55.614 37.295;education
ГБОУ города Москвы школа № 41 имени Г. А. Тарана;+7 (495) 436-84-07;;Центральная ул., 15А, посёлок Внуково;sch41.mskobr.ru;55.613 37.289;education
Школа №2094 с дошкольным отделением;+7 (495) 198-13-45;;Саларьевская, 14 ст1;sch2094tn.mskobr.ru;55.616 37.409;education
Екатерининский лицей Бристоль;+7 (495) 105-93-94, +7 (495) 521-70-54, +7 (495) 521-40-27;+7 (916) 701-60-29;Москва, поселение Московский, улица Диккенса, 8;ekaterina-school.ru , bristol.ekaterina-school.ru;55.618 37.325;education
Rybakov Playschool, школа и детский сад;;+7 (963) 607-78-72, +7 (906) 274-01-10;Россия, Москва, поселение Московский, Саларьевская улица, 12, стр. 1;partners.playschool.ru , playschool.ru;55.618 37.412;education
ГБОУ Средняя общеобразовательная школа № 2094;+7 (495) 424-09-66;;посёлок Завода Мосрентген, 38;sch2094tn.mskobr.ru;55.621 37.476;education
Школа №1101 с дошкольным отделением, Школа спортивных бальных танцев;+7 (495) 337-88-33, +7 (495) 339-77-39, +7 (495) 337-83-11;+7 (967) 257-95-79;ул. Тёплый Стан, 25А, Москва;sch1101.mosuzedu.ru , sch1101uz.mskobr.ru;55.629 37.482;education
Школа №1532 с дошкольным отделением, Структурное подразделение №03;+7 (495) 338-68-44;;ул. Генерала Тюленева, 19, Москва;sch1532uz.mskobr.ru;55.621 37.485;education
Школа №1532 с дошкольным отделением;+7 (495) 337-12-33, +7 (495) 338-76-55;;ул. Тёплый Стан, 9А, Москва;sch1532uz.mskobr.ru;55.621 37.494;education
Школа №1532 с дошкольным отделением;+7 (495) 338-05-61;;ул. Тёплый Стан, 13, корп. 3, Москва;sch1532uz.mskobr.ru;55.623 37.491;education
Велосипедная парковка № 33024 школа № 1273;+7 (529) 356-60-00, +7 (495) 420-15-00;;ул. Академика Капицы, 12, Москва;prime-wood.ru , sch1273uz.mskobr.ru;55.629 37.522;education
ГБОУ школа № 1273;+7 (495) 420-09-66, +7 (495) 420-17-22;;ул. Академика Капицы, 14А, Москва;sch1273uz.mskobr.ru;55.628 37.523;education
Государственное бюджетное общеобразовательное учреждение города Москвы школа № 1273;+7 (495) 420-29-33;;ул. Академика Капицы, 16, Москва;sch1273uz.mskobr.ru;55.627 37.524;education
Государственное бюджетное образовательное учреждение города Москвы средняя общеобразовательная школа № 1694 Ясенево Структурное подразделение № 3;+7 (495) 426-16-22, +7 (495) 425-00-33;;Соловьиный пр., 4, корп. 2, Москва;sch1694uz.mskobr.ru;55.615 37.548;education
ГБОУ школа № 1206;+7 (495) 427-08-44;;Литовский бул., 3, корп. 4, Москва;sch1206uz.mskobr.ru;55.615 37.532;education
ГБОУ школа № 1206;+7 (495) 425-65-00;;ул. Айвазовского, 6, корп. 2, Москва;sch1206uz.mskobr.ru;55.616 37.537;education
Ясенево, школа №1694 с дошкольным отделением;;+7 (985) 765-02-30;Литовский бул., 11, корп. 6, Москва;sch1694uz.mskobr.ru;55.613 37.544;education
Оано Средняя школа центр образования Столичный;+7 (495) 313-56-66, +7 (495) 476-54-57, +7 (495) 315-31-56, +7 (495) 312-47-29, +7 (495) 313-49-79;+7 (985) 776-67-61;Чертановская ул., 34А, Москва;lstol.ru;55.617 37.588;education
Средняя общеобразовательная школа №1206 с дошкольным отделением, Корпус №4;+7 (495) 426-81-22;;ул. Рокотова, 8, корп. 4, Москва;sch1206uz.mskobr.ru;55.612 37.549;education
Онлайн-школа Амигэ;+7 (499) 653-78-80;;Чертановская ул., 18, Москва;amigeschool.ru;55.627 37.596;education
Государственное бюджетное общеобразовательное учреждение города Москвы;;+7 (925) 777-59-04, +7 (925) 777-59-26;Чертановская ул., 27, Москва;sch1173.mskobr.ru;55.617 37.595;education
Школа №1158 с дошкольным отделением;+7 (495) 311-67-52;;Чертановская ул., 4А, Москва;sch1158.mskobr.ru;55.632 37.599;education
ГБОУ школа 1158, здание Открытие;+7 (495) 312-53-50;;Чертановская ул., 14Б, Москва;detskysad.com , sch1158.mskobr.ru;55.630 37.596;education
Средняя общеобразовательная школа №851 с дошкольным отделением;+7 (495) 315-25-16, +7 (495) 312-95-02;;Варшавское ш., 126А, Москва;sch1623u.mskobr.ru , sch851u.mskobr.ru;55.625 37.614;education
ГБОУ школа № 1466 им. Надежды Рушевой, кор. № 13;+7 (495) 325-46-58, +7 (495) 321-96-44;;ул. Бехтерева, 37, корп. 5, Москва;sch1466u.mskobr.ru;55.621 37.651;education
Средняя общеобразовательная школа №904 с дошкольным отделением, Учебный корпус №10;+7 (499) 490-49-04, +7 (495) 325-29-14, +7 (495) 321-20-28, +7 (495) 322-12-63;;ул. Бехтерева, 21, корп. 2, Москва;sch904u.mskobr.ru;55.630 37.652;education
ГБОУ школа № 1466 им. Надежды Рушевой, корпус № 10;+7 (495) 325-28-66, +7 (495) 322-09-77;;Севанская ул., 13, корп. 2, Москва;sch1466u.mskobr.ru;55.621 37.653;education
Школа № 1466 имени Надежды Рушевой;+7 (495) 322-07-83;;Севанская ул., 6, Москва;sch1466u.mskobr.ru;55.622 37.663;education
Школа № 1466 имени Надежды Рушевой, здание № 14;+7 (495) 322-65-47, +7 (495) 322-08-81, +7 (495) 321-07-83, +7 (495) 321-31-10;;Весёлая ул., 12, Москва;sch1466u.mskobr.ru;55.624 37.664;education
Южный, центр инклюзивного образования;+7 (499) 323-79-44, +7 (495) 321-00-10, +7 (495) 344-78-19, +7 (495) 344-70-81;;Ереванская ул., 19, Москва;ugniy.mskobr.ru;55.630 37.676;education
ГБОУ школа № 1466 имени Надежды Рушевой, здание 3;+7 (495) 321-98-55;;Ереванская ул., 20, корп. 2, стр. 2, Москва;sch1466u.mskobr.ru;55.628 37.673;education
ГБОУ школа № 1466 им. Н. Рушевой, здание № 5;+7 (495) 321-02-92, +7 (499) 320-09-77;;Ереванская ул., 21, Москва;sch1466u.mskobr.ru;55.631 37.676;education
ГБОУ школа № 878 Школьный корпус № 2;+7 (495) 391-57-85, +7 (495) 391-33-81, +7 (495) 391-81-50, +7 (495) 391-29-00;;Шипиловский пр., 37, корп. 2, Москва;sch878u.mskobr.ru;55.614 37.698;education
ГБОУ школа № 937 имени Героя Российской Федерации А. В. Перова;+7 (495) 393-27-33;;Шипиловская ул., 11, корп. 2, Москва;sch937u.mskobr.ru;55.620 37.705;education
ГБОУ школа № 878 Школьный корпус № 3;+7 (495) 392-26-00;;Шипиловская ул., 18, корп. 2, Москва;sch878u.mskobr.ru;55.617 37.708;education
ГБОУ школа № 878 Школьный корпус № 4;+7 (495) 391-94-09, +7 (495) 391-27-44;;Ореховый бул., 11, корп. 3, Москва;sch878u.mskobr.ru;55.612 37.713;education
ГБОУ школа № 939 Чбд - Здание № 7;+7 (495) 393-92-00, +7 (495) 393-14-90, +7 (495) 394-40-33;;Борисовский пр., 10, корп. 2, Москва;sch939u.mskobr.ru;55.625 37.720;education
Созвездие, школа №1569 с начальным отделением;+7 (495) 394-78-54, +7 (495) 394-07-00, +7 (495) 394-94-11, +7 (495) 394-43-44;;Борисовский пр., 40, корп. 3, Москва;gym1569u.mskobr.ru;55.616 37.724;education
Созвездие, школа №1569 с начальным отделением;+7 (495) 393-98-22;;Ореховый бул., 33, Москва;gym1569u.mskobr.ru;55.615 37.734;education
Созвездие, школа №1569 с начальным отделением;+7 (495) 390-02-28;;Шипиловская ул., 46, корп. 3, Москва;gym1569u.mskobr.ru;55.620 37.736;education
Созвездие, школа №1569 с начальным отделением;;+7 (967) 285-16-52;Ореховый бул., 35, корп. 3, Москва;gym1569u.mskobr.ru;55.617 37.736;education
Созвездие, школа №1569 с начальным отделением;+7 (495) 393-43-19, +7 (495) 393-21-12;;Ореховый бул., 37, корп. 4, Москва;gym1569u.mskobr.ru;55.615 37.737;education
Созвездие, школа №1569 с начальным отделением;+7 (495) 394-13-33, +7 (495) 393-30-47;;Шипиловская ул., 50, корп. 4, Москва;gym1569u.mskobr.ru;55.619 37.738;education
Созвездие, школа №1569 с начальным отделением;+7 (495) 394-04-77;;ул. Мусы Джалиля, 36, корп. 2, Москва;gym1569u.mskobr.ru;55.617 37.739;education
ГБОУ школа № 1569 Созвездие, здание 12 Радужный;+7 (495) 396-97-16;;ул. Мусы Джалиля, 12, корп. 2, Москва;gym1569u.mskobr.ru;55.625 37.739;education
Школа №1552 с дошкольным отделением;+7 (495) 396-16-00, +7 (495) 396-16-55;;ул. Мусы Джалиля, 25, Москва;gymu1552.mskobr.ru;55.620 37.747;education
Школа №1552 с дошкольным отделением;+7 (495) 396-24-66;;ул. Мусы Джалиля, 17, корп. 4, Москва;gymu1552.mskobr.ru;55.625 37.746;education
Созвездие, школа №1569 с начальным отделением;+7 (495) 396-43-50;+7 (965) 314-69-48;Шипиловская ул., 55, корп. 2, Москва;gym1569u.mskobr.ru;55.624 37.748;education
Школа №1552 с дошкольным отделением;+7 (495) 396-56-35;+7 (926) 532-80-91;Кустанайская ул., 2, корп. 2, Москва;gymu1552.mskobr.ru;55.621 37.749;education
Специальная (коррекционная) общеобразовательная школа №991;+7 (495) 395-12-12;+7 (967) 005-08-80, +7 (903) 005-03-02;Шипиловская ул., 59, корп. 2, Москва;schku991.mskobr.ru;55.624 37.750;education
Классика, частная школа;+7 (495) 396-27-41;;Кустанайская ул., 2, корп. 3, Москва;nouclassika.ru;55.621 37.750;education
Зябликово, школа №2116 с дошкольным отделением;+7 (495) 344-00-00;+7 (965) 314-76-52;Кустанайская ул., 10, корп. 2, Москва;sch2116.mskobr.ru;55.618 37.752;education
ГБОУ школа № 1034 им. Героя Советского Союза В. В. Маркина;+7 (495) 342-97-66, +7 (495) 341-44-73, +7 (495) 342-97-73, +7 (495) 342-88-65;;Братеевская ул., 8, корп. 2, Москва;sch1034.mskobr.ru;55.632 37.759;education
Школа в Капотне, корпус Камергерский;+7 (495) 355-01-00, +7 (495) 355-00-00, +7 (495) 355-07-29;;29, Юго-Восточный административный округ, район Капотня, 5-й квартал, Москва;kapotnya.mskobr.ru;55.630 37.797;education
Школа в Капотне, корпус Боровицкий;+7 (495) 355-65-29;;28, Юго-Восточный административный округ, район Капотня, 5-й квартал, Москва;kapotnya.mskobr.ru;55.632 37.797;education
ГБОУ г. Москвы школа № 1238, дошкольный корпус;+7 (499) 737-08-89, +7 (495) 737-08-89;;ул. Шолохова, 19, корп. 1, Москва;sch1238.mskobr.ru;55.642 37.340;education
Школа № 1467, корпус дошкольных групп № 2;+7 (495) 733-67-27, +7 (495) 732-30-00, +7 (495) 732-30-25, +7 (495) 733-53-37, +7 (495) 733-53-42, +7 (495) 733-50-63, +7 (499) 737-93-18;+7 (985) 160-16-50;ул. Шолохова, 9, корп. 2, Москва;gruppa5.detsad1844.ru , sch1467.mskobr.ru;55.638 37.345;education
Школа №1467 с дошкольным отделением;+7 (495) 732-98-74;;ул. Федосьино, 4, корп. 2, Москва;sch1467.mskobr.ru;55.637 37.343;education
Государственное бюджетное общеобразовательное учреждение города Москвы школа № 1018;+7 (495) 732-61-33, +7 (495) 733-52-10, +7 (495) 732-93-79, +7 (495) 732-61-32, +7 (495) 731-99-37, +7 (495) 732-61-30;+7 (967) 163-68-58;ул. Шолохова, 20, Москва;sch1018.mskobr.ru;55.641 37.351;education
ГБОУ школа № 1018, Дошкольное отделение № 2034;+7 (495) 731-99-50, +7 (495) 731-99-40, +7 (495) 731-99-30;;Чоботовская ул., 7, Москва;sch1018.mskobr.ru;55.643 37.353;education
Школа №1596 с дошкольным отделением;+7 (495) 733-76-32, +7 (495) 733-56-73, +7 (495) 732-98-76, +7 (495) 731-17-41;;Приречная ул., 3, Москва;gym1596.mskobr.ru;55.642 37.371;education
Школа № 1015 Школьное отделение № 4;+7 (495) 733-00-12, +7 (495) 733-54-70, +7 (495) 733-54-68;+7 (915) 382-17-75;Новопеределкинская ул., 13, корп. 1, Москва;sch1015z.mskobr.ru;55.640 37.362;education
Школа № 1015 Школьное отделение № 5;+7 (495) 733-54-79;;Новопеределкинская ул., 9, корп. 1, Москва;sch1015z.mskobr.ru;55.639 37.364;education
Московский индустриальный колледж, Отделение Переделкино;+7 (495) 732-13-50;;Боровское ш., 18, корп. 4, Москва;ck41.mskobr.ru , mic.mskobr.ru;55.651 37.367;education
ГБОУ школа № 1596, дошкольное отделение;+7 (495) 435-09-02, +7 (495) 435-08-80;;Родниковая ул., 10, корп. 1, Москва;gym1596.mskobr.ru , sch1596.mskobr.ru;55.638 37.379;education
Школа №1596 с дошкольным отделением;+7 (495) 435-01-00, +7 (495) 934-76-21, +7 (495) 934-76-20;+7 (926) 389-00-67;Родниковая ул., 20, корп. 1, Москва;gym1596.mskobr.ru;55.634 37.381;education
ГБОУ школа № 1596 Дошкольный корпус № 1326;+7 (495) 435-14-87, +7 (495) 435-51-73;;Родниковая ул., 16, корп. 1, Москва;gym1596.mskobr.ru , sch1596.mskobr.ru;55.635 37.383;education
Смарт Скул, частный детский сад-школа;;+7 (925) 270-05-28, +7 (926) 340-73-78;ул. Богданова, 56А, Москва;smartschoolsolncevo.ru;55.648 37.393;education
Школа №1542 с дошкольным отделением;+7 (495) 934-87-32, +7 (495) 934-64-53;;ул. Авиаторов, 8, корп. 2, Москва;gym1542.mskobr.ru;55.647 37.400;education
Школа №1542 с дошкольным отделением, Школьное отделение №2;+7 (495) 439-18-88, +7 (495) 934-11-66, +7 (495) 934-12-35, +7 (495) 934-12-33, +7 (495) 934-12-32;+7 (916) 972-79-32;ул. Щорса, 6, корп. 1, Москва;gym1542.mskobr.ru;55.646 37.401;education
ГБОУ школа № 1000;+7 (495) 435-04-68, +7 (495) 934-85-00, +7 (495) 934-31-31, +7 (495) 934-85-02;+7 (910) 800-51-11;ул. Щорса, 5, корп. 1, Москва;sch1000.mskobr.ru;55.646 37.409;education
Школа № 1002, отделение дополнительного образования Станция юных талантов;+7 (495) 435-32-04, +7 (495) 435-85-45, +7 (495) 435-35-33;;Волынская ул., 8, корп. 2, Москва;sch1002.mskobr.ru;55.645 37.410;education
ГБОУ школа № 1000, структурное подразделение Сказка;+7 (495) 435-72-33;+7 (916) 797-27-87;ул. 50 лет Октября, 3Б, Москва;sch1000.mskobr.ru;55.648 37.413;education
Велосипедная парковка № 33006, центр образования № 109;+7 (499) 737-48-62, +7 (499) 737-48-57, +7 (495) 438-49-02, +7 (499) 737-48-58, +7 (495) 438-14-30;;ул. Академика Бакулева, 20, Москва;co109.mskobr.ru , sc109.ru;55.641 37.475;education
Солнечный ветер, частный детский сад-школа;+7 (495) 338-80-11, +7 (495) 500-82-57, +7 (495) 500-82-59, +7 (495) 338-25-55;+7 (925) 500-82-59;ул. Академика Варги, 2А, Москва;частная-школа.рф;55.632 37.477;education
Школа №1101 с дошкольным отделением;+7 (495) 337-80-44, +7 (495) 337-80-11;;ул. Академика Варги, 32, Москва;sch1101.mosuzedu.ru , sch1101uz.mskobr.ru;55.633 37.477;education
Средняя общеобразовательная школа №109 с дошкольным отделением;+7 (495) 438-21-74, +7 (495) 438-21-83;;Ленинский просп., 131, корп. 4, Москва;co109.mskobr.ru , sc109.ru;55.642 37.479;education
Школа №1995 с дошкольным отделением, г. Москва;+7 (495) 438-95-67;;Ленинский просп., 131, корп. 3, Москва;sch1995uz.mskobr.ru;55.643 37.480;education
Промо-М, средняя общеобразовательная школа;+7 (495) 438-38-11;+7 (985) 920-15-59;Ленинский просп., 131, корп. 3, Москва;promo-m.ru;55.643 37.480;education
Школа №51 с дошкольным отделением;+7 (495) 438-24-56, +7 (495) 438-89-64, +7 (495) 438-24-44, +7 (495) 438-24-74;+7 (905) 713-91-84;Ленинский просп., 125, корп. 4, Москва;sch51uz.mskobr.ru;55.644 37.483;education
Школа № 1995;+7 (495) 735-10-66, +7 (495) 735-15-50;;ул. Саморы Машела, 6, корп. 2, Москва;sch1995uz.mskobr.ru;55.647 37.496;education
Школа № 1995;+7 (495) 735-10-01, +7 (499) 749-60-59, +7 (495) 735-11-00;;ул. Саморы Машела, 6, корп. 1, Москва;sch1995uz.mskobr.ru;55.647 37.497;education
ГБОУ Гимназия № 1507, образовательное школьное отделение № 930;+7 (495) 338-98-88, +7 (495) 338-96-88;;ул. Островитянова, 18, корп. 5, Москва;gym1507uz.mskobr.ru;55.633 37.510;education
Средняя общеобразовательная школа №113 с дошкольным отделением;+7 (495) 336-00-11;;ул. Академика Арцимовича, 7, Москва;sch113uz.mskobr.ru;55.642 37.515;education
Средняя общеобразовательная школа №113 с дошкольным отделением;+7 (495) 335-92-77, +7 (499) 724-74-87;;Профсоюзная ул., 118Б, Москва;sch113uz.mskobr.ru;55.638 37.517;education
Государственное бюджетное общеобразовательное учреждение города Москвы школа № 170 имени А. П. Чехова;+7 (495) 336-75-77;+7 (925) 356-57-51;ул. Академика Волгина, 11, Москва;sch170uz.mskobr.ru;55.651 37.520;education
Путь зерна, Вальдорфская школа и детский сад;+7 (495) 120-20-37, +7 (495) 336-68-66;+7 (985) 904-77-72, +7 (916) 444-40-60;ул. Миклухо-Маклая, 20А, Москва;putzerna.ru;55.643 37.519;education
Искусство Жизни;+7 (499) 793-48-25, +7 (499) 793-48-34;+7 (926) 581-46-46, +7 (903) 615-33-04, +7 (915) 134-97-43;Профсоюзная ул., 104, Москва;iskusstvo-zhizni.ru , shkolaiskusstvozhizni.ru;55.642 37.523;education
Международная школа смешанного обучения, средняя общеобразовательная школа;+7 (495) 366-70-94;+7 (915) 302-34-56, +7 (903) 137-70-88, +7 (916) 613-01-28, +7 (925) 908-32-02;Профсоюзная улица, 92;nashipenati.ru;55.649 37.528;education
ГБОУ школа № 17, дошкольное отделение № 1;+7 (495) 420-98-22, +7 (495) 420-83-11, +7 (495) 420-98-11;;Профсоюзная ул., 93В, Москва;sch17uz.mskobr.ru;55.638 37.528;education
ГБОУ школа № 17, дошкольное отделение № 2;+7 (495) 420-06-51;;ул. Миклухо-Маклая, 32, корп. 2, Москва;sch17uz.mskobr.ru;55.640 37.530;education
Государственное бюджетное общеобразовательное учреждение города Москвы школа № 49;+7 (495) 334-23-31;;ул. Генерала Антонова, 4А, Москва;sch49uz.mskobr.ru;55.644 37.534;education
ГБОУ школа № 17, школьное отделение № 2;+7 (495) 335-06-44;;ул. Введенского, 27А, Москва;sch17uz.mskobr.ru;55.634 37.535;education
ГБОУ школа № 17, дошкольное отделение № 3;+7 (495) 420-90-01;;ул. Островитянова, 53, корп. 5, Москва;sch17uz.mskobr.ru;55.637 37.539;education
ГБОУ школа № 15;+7 (495) 331-54-66, +7 (529) 359-00-00;;Херсонская ул., 17А, Москва;sch15uz.mskobr.ru;55.652 37.563;education
Средняя общеобразовательная школа №536 с дошкольным отделением;+7 (495) 318-99-10;;Балаклавский просп., 32А, Москва;sch536uz.mskobr.ru;55.646 37.584;education
ГБОУ города Москвы школа № 538 имени С. В. Гришина, структурное подразделение № 1;+7 (499) 121-60-60;;ул. Каховка, 19, корп. 3, Москва;sch538uz.mskobr.ru;55.652 37.577;education
ГБОУ школа № 1158, дошкольное отделение;+7 (495) 319-69-45, +7 (495) 319-69-27;;к812, Южный административный округ, район Чертаново Северное, микрорайон Северное Чертаново, Москва;sch1158.mskobr.ru;55.638 37.593;education
ГБОУ школа 1158;+7 (495) 318-30-09;;к810, Южный административный округ, район Чертаново Северное, микрорайон Северное Чертаново, Москва;sch1158.mskobr.ru;55.635 37.594;education
ГБОУ школа № 1158, начальная школа, здание № 3;+7 (495) 318-73-22;;810А, Южный административный округ, район Чертаново Северное, микрорайон Северное Чертаново, Москва;sch1158.mskobr.ru;55.634 37.594;education
Школа №1158 с дошкольным отделением;+7 (495) 310-67-18;;к809, Южный административный округ, район Чертаново Северное, микрорайон Северное Чертаново, Москва;sch1158.mskobr.ru;55.635 37.596;education
Средняя общеобразовательная школа №536 с дошкольным отделением;+7 (495) 318-59-09;+7 (926) 280-06-43;Азовская ул., 31, Москва;sch536uz.mskobr.ru;55.649 37.600;education
Международная школа завтрашнего дня;+7 (495) 311-75-67, +7 (495) 316-11-09, +7 (495) 312-44-08;+7 (968) 742-12-77;Сумской пр., 5А, Москва;distant.isotm.ru , schooloftomorrow.ru;55.633 37.609;education
Самсон, частный детский сад;+7 (499) 610-33-10, +7 (495) 730-50-90;+7 (903) 623-61-22, +7 (903) 510-10-40;Ялтинская ул., 9, Москва;samson-kids.ru;55.647 37.611;education
Технический пожарно-спасательный колледж им. героя РФ В.М. Максимчука, Второй Московский кадетский корпус;+7 (495) 310-61-33, +7 (495) 310-57-22, +7 (499) 158-85-15, +7 (499) 611-12-49;;Симферопольский бул., 20, Москва;2mckk.ru , college57.mskobr.ru;55.650 37.604;education
ГБОУ Средняя общеобразовательная школа № 1179, отделение № 2;+7 (495) 316-11-36, +7 (499) 723-32-90;;Сумской пр., 12, корп. 6, Москва;sch1179u.mskobr.ru;55.637 37.608;education
ГБОУ школа № 1179, школьное отделение № 1;+7 (495) 316-11-11, +7 (495) 316-52-27;;Чертановская ул., 1А, корп. 3, Москва;1179.ru , sch1179u.mskobr.ru;55.638 37.609;education
Бауманская инженерная школа № 1580, корп. № 2;+7 (499) 794-09-97, +7 (495) 316-50-22;+7 (905) 520-35-02;Балаклавский просп., 6, Москва;lycu1580.mskobr.ru;55.642 37.613;education
Школа № 1862;+7 (499) 610-77-66;;Артековская ул., 11, Москва;sch1862u.mskobr.ru;55.648 37.614;education
Перспектива, детский сад-школа;+7 (495) 316-47-78, +7 (495) 316-00-74;;Сумской пр., 2А, Москва;perspektivaschool.ru , nouperspektiva.mskobr.ru , schoolperspektiva.ru;55.638 37.615;education
Русский Гарвард, частная школа-пансион;+7 (495) 669-52-55;+7 (965) 235-26-79;Варшавское ш., 114, корп. 3, Москва;quiz.rus-harvard.ru , rus-harvard.ru;55.636 37.618;education
Школа №1579 с дошкольным отделением;+7 (499) 324-78-51, +7 (495) 344-70-84, +7 (495) 344-82-93, +7 (529) 656-90-00, +7 (495) 344-70-52, +7 (495) 344-82-87;;Пролетарский просп., 7, корп. 3, Москва;gym1579u.mskobr.ru;55.647 37.659;education
ГБОУ города Москвы школа № 2000, здание 3;+7 (499) 320-00-00, +7 (499) 320-30-10;;Кантемировская ул., 22, корп. 4, Москва;sch2000u.mskobr.ru;55.641 37.660;education
Средняя общеобразовательная школа №2000;+7 (499) 320-44-44;;Кантемировская ул., 22, корп. 6, Москва;sch2000u.mskobr.ru;55.642 37.660;education
Школа №904 с дошкольным отделением;+7 (495) 325-41-11;;Кавказский бул., 16, корп. 2, Москва;sch904u.mskobr.ru;55.634 37.666;education
Эллада, гимназия;+7 (499) 324-98-21, +7 (499) 324-83-28, +7 (499) 324-88-35, +7 (499) 324-04-08, +7 (499) 324-05-02, +7 (499) 324-83-29;+7 (925) 900-19-00;ул. Кошкина, 6, Москва;ellada.ru;55.643 37.672;education
ГБОУ Средняя общеобразовательная школа № 1579;+7 (495) 344-61-96, +7 (495) 344-70-53;;Каширское ш., 55, корп. 7, Москва;saburovo1828.ru , gym1579u.mskobr.ru;55.640 37.697;education
Школа №491, подразделение дополнительного образования;+7 (499) 356-92-11, +7 (499) 356-52-01, +7 (499) 356-37-31;;Донецкая ул., 17, Москва;gym491uv.mskobr.ru;55.649 37.718;education
Алые паруса, подразделение дополнительного образования;+7 (499) 357-71-01;+7 (917) 513-97-98;Донецкая ул., 3, Москва;gym491uv.mskobr.ru;55.650 37.721;education
Школа № 491, дошкольный корпус Светлячок;+7 (499) 357-52-01, +7 (499) 357-52-11;+7 (916) 137-19-01;ул. Маршала Голованова, 6, Москва;gym491uv.mskobr.ru;55.651 37.724;education
Школа №491, подразделение дополнительного образования;+7 (499) 357-07-81;+7 (985) 573-25-82;ул. Перерва, 20, Москва;gym491uv.mskobr.ru , нескучныйтеатр.рф;55.651 37.725;education
ГБОУ Средняя общеобразовательная школа № 1579;+7 (495) 655-92-12, +7 (495) 655-91-74, +7 (495) 655-91-75;+7 (926) 203-11-36;ул. Борисовские Пруды, 11, корп. 1, Москва;gym1579u.mskobr.ru;55.636 37.718;education
Школа № 491, дошкольный корпус Пчёлка;;+7 (967) 216-91-10;Донецкая ул., 5, Москва;gym491uv.mskobr.ru;55.651 37.722;education
Школа № 491;+7 (499) 357-88-49;;Новочеркасский бул., 17А, Москва;gym491uv.mskobr.ru;55.649 37.722;education
Наследник, школа;+7 (495) 342-23-40, +7 (495) 340-43-80, +7 (495) 341-80-69, +7 (495) 655-96-36;;ул. Борисовские Пруды, 19, корп. 1, Москва;naslednik.ru , naslednik.mskobr.ru;55.636 37.722;education
Лукоморье, школа №1998 с дошкольным отделением;+7 (495) 341-78-55, +7 (495) 341-20-93, +7 (495) 341-21-22, +7 (495) 341-21-10, +7 (495) 340-83-78;;ул. Борисовские Пруды, 12, корп. 3, Москва;lukomor.ru , sch1998u.mskobr.ru , school1998lukomorye.taplink.ws;55.635 37.742;education
Лукоморье, школа №1998 с дошкольным отделением;+7 (495) 341-59-96;;ул. Борисовские Пруды, 12, корп. 2, Москва;sch1998u.mskobr.ru , school1998lukomorye.taplink.ws;55.635 37.743;education
ГБОУ Марьинская школа № 1566 памяти Героев Сталинградской битвы, Корпус № 1;+7 (495) 347-98-88;;Люблинская ул., 173А, Москва;sch1566.mskobr.ru;55.648 37.749;education
ГБОУ школа № 867, школьное подразделение № 2;+7 (495) 341-36-00, +7 (495) 341-78-06;+7 (903) 166-39-40, +7 (916) 015-04-45, +7 (985) 936-72-51, +7 (915) 190-81-26, +7 (909) 157-15-54;ул. Борисовские Пруды, 20, корп. 3, Москва;sch867u.mskobr.ru , rutube.ru;55.637 37.754;education
Марьинская школа №1566 памяти Героев Сталинградской битвы с дошкольным отделением;+7 (499) 784-88-69;;Мячковский бул., 14, корп. 3, Москва;sch1566.mskobr.ru;55.651 37.755;education
ГБОУ школа № 867, школьное подразделение № 1;+7 (495) 341-08-07;;Ключевая ул., 6, корп. 2, стр. 2, Москва;sch867u.mskobr.ru , rutube.ru;55.637 37.756;education
Государственное бюджетное общеобразовательное учреждение города Москвы школа № 1034 имени Героя Советского Союза В. В. Маркина;+7 (495) 342-84-00;;Братеевская ул., 23, корп. 4, Москва;sch1034.mskobr.ru;55.633 37.757;education
Государственное бюджетное общеобразовательное учреждение города Москвы школа № 1034 имени Героя Советского Союза В. В. Маркина;+7 (495) 341-00-07;;Братеевская ул., 18, Москва;sch1034.mskobr.ru;55.636 37.768;education
Государственное бюджетное общеобразовательное учреждение города Москвы школа № 1357 на Братиславской. Здание № 5;+7 (495) 346-45-50, +7 (499) 784-88-71, +7 (495) 658-63-85;+7 (926) 220-28-66;Мячковский бул., 25, Москва;sch1357uv.mskobr.ru;55.650 37.762;education
Средняя общеобразовательная школа №998 с дошкольным отделением;+7 (495) 342-14-31;;Паромная ул., 5, корп. 2, Москва;sch998u.mskobr.ru;55.639 37.762;education
Государственное бюджетное общеобразовательное учреждение города Москвы школа № 1357;+7 (495) 658-64-21, +7 (495) 345-25-00;;Марьинский бул., 8, Москва;sch1357uv.mskobr.ru;55.651 37.764;education
ГБОУ г. Москвы школа № 1034 имени Героя Советского Союза В. В. Маркина, дошкольное отделение № 4;+7 (495) 342-84-84, +7 (495) 340-75-22;;Братеевская ул., 16, корп. 5, Москва;sch1034.mskobr.ru;55.633 37.768;education
Школа в Капотне, корпус Кузнецкий;+7 (495) 355-84-47;;24, Юго-Восточный административный округ, район Капотня, 3-й квартал, Москва;kapotnya.mskobr.ru;55.636 37.798;education
ГБОУ школа № 1002, школьный корпус № 1;+7 (495) 435-22-54;;Солнцевский просп., 12А, Москва;sch1002.mskobr.ru;55.653 37.402;education
Школа №1347 с дошкольным отделением;+7 (499) 727-74-17, +7 (499) 727-74-14;;ул. Главмосстроя, 28, Москва;sch1347.mskobr.ru;55.658 37.406;education
Школа №1347 с дошкольным отделением;+7 (495) 435-83-42;;ул. 50 лет Октября, 14А, Москва;sch1347.mskobr.ru;55.658 37.409;education
ГБОУ школа № 843, классы основного общего образования;+7 (495) 735-66-08, +7 (495) 437-51-11, +7 (495) 437-40-92;;ул. Мичуринский Проспект, Олимпийская Деревня, 23, стр. 1, Москва;sch843.mskobr.ru;55.671 37.457;education
Средняя общеобразовательная школа №843 с дошкольным отделением;+7 (495) 735-66-53;;ул. Мичуринский Проспект, Олимпийская Деревня, 24, Москва;sch843.mskobr.ru;55.669 37.461;education
Средняя общеобразовательная школа №1741 с дошкольным отделением;+7 (495) 137-71-71;;ул. Покрышкина, 9, Москва;sch1741.mskobr.ru;55.663 37.466;education
Школа №14 с дошкольным отделением;+7 (495) 437-81-29;;ул. Академика Анохина, 36, Москва;sch14.mskobr.ru;55.659 37.467;education
Тропарево с дошкольным отделением, школа;+7 (495) 438-67-10, +7 (495) 438-63-71, +7 (495) 438-67-00;;ул. Академика Анохина, 48, Москва;schu1307.mskzapad.ru , sch1307.mskobr.ru;55.653 37.470;education
ГБОУ школа № 1317;+7 (495) 735-66-00, +7 (495) 735-66-11, +7 (495) 735-66-22;;ул. Академика Анохина, 4, корп. 5, Москва;sch1317.mskobr.ru;55.672 37.471;education
Школа на проспекте Вернадского с дошкольным отделением;+7 (495) 438-75-66, +7 (495) 438-71-65, +7 (495) 438-65-56;;просп. Вернадского, 127, корп. 2, Москва;schnpv.mskobr.ru;55.653 37.484;education
Школа на проспекте Вернадского с дошкольным отделением;+7 (495) 438-45-01, +7 (495) 434-11-20;;Ленинский просп., 156, корп. 1, Москва;schnpv.mskobr.ru;55.653 37.485;education
Школа на проспекте Вернадского с дошкольным отделением;+7 (495) 438-75-88;;Ленинский просп., 156, корп. 2, Москва;schnpv.mskobr.ru;55.654 37.486;education
Государственное бюджетное общеобразовательное учреждение Московская школа на Юго-Западе № 1543;+7 (495) 433-76-29, +7 (495) 433-26-44, +7 (182) 501-50-44, +7 (495) 433-26-58, +7 (495) 434-26-58;+7 (917) 548-34-19;ул. 26 Бакинских Комиссаров, 3, корп. 5, Москва;1543.ru , gym1543.mskobr.ru , bioclass.ru;55.656 37.486;education
ГБОУ школа на проспекте Вернадского;+7 (495) 434-31-04;;ул. 26 Бакинских Комиссаров, 3, корп. 4, Москва;schnpv.mskobr.ru;55.657 37.488;education
ГБОУ Средняя общеобразовательная школа № 875;+7 (495) 433-80-10, +7 (495) 434-50-45, +7 (495) 433-33-11, +7 (499) 739-56-24, +7 (495) 434-73-09, +7 (495) 433-55-11, +7 (495) 433-90-40, +7 (495) 433-34-71, +7 (495) 433-54-88;;просп. Вернадского, 101, корп. 6, Москва;sch875.mskobr.ru;55.663 37.490;education
ГБОУ школа № 1541, Учебный корпус на Ленинском проспекте;+7 (499) 431-04-22;;Ленинский просп., 132, стр. 1, Москва;1541.mskobr.ru , gym1541.mskobr.ru;55.667 37.509;education
ГБОУ школа № 46;+7 (495) 445-46-46;;ул. Обручева, 6, корп. 3, Москва;coz46uz.mskobr.ru;55.659 37.510;education
ГБОУ школа № 46;+7 (495) 936-62-27, +7 (495) 936-57-61, +7 (495) 936-56-10, +7 (495) 936-62-71;+7 (977) 272-79-29;ул. Обручева, 28А, корп. 1, Москва;coz46uz.mskobr.ru , school46msk.ru;55.658 37.510;education
Школа №1514;+7 (499) 727-06-04, +7 (495) 936-40-06, +7 (499) 131-80-38;;Новаторов, 28;gym1514uz.mskobr.ru;55.664 37.525;education
ГБОУ школа № 1311;+7 (499) 132-32-56;;Ленинский просп., 97, корп. 1, Москва;1311.ru , couz1311.mskobr.ru , sch1311.msk.ort.ru;55.672 37.524;education
Школа №117 с дошкольным отделением, Школьное отделение №1;+7 (499) 132-05-65, +7 (495) 132-13-44;;ул. Академика Пилюгина, 18, корп. 1, Москва;sch117.mskobr.ru;55.670 37.534;education
Средняя общеобразовательная школа №121 с дошкольным отделением;+7 (499) 794-44-85, +7 (499) 794-44-65, +7 (499) 794-43-12;+7 (916) 626-93-49;ул. Гарибальди, 28, корп. 3, Москва;sch121uz.mskobr.ru;55.670 37.549;education
ФГБОУ школа - детский сад № 1 Управления делами Президента Российской Федерации;+7 (495) 331-54-80, +7 (495) 331-32-10, +7 (495) 331-32-00;;Профсоюзная ул., 45, корп. 2, Москва;detsad-1.ru;55.666 37.554;education
Газпром, школа;+7 (495) 719-17-10;;Новочерёмушкинская ул., 66, Москва;nougazprom.mskobr.ru , gazpromschool.ru;55.663 37.559;education
Лингвист-М, средняя общеобразовательная школа №1948 с дошкольным отделением;+7 (495) 331-34-03, +7 (495) 331-08-00, +7 (495) 331-08-22, +7 (495) 331-39-72;;Новочерёмушкинская ул., 62, корп. 2, Москва;sch1948uz.mskobr.ru;55.665 37.558;education
Лингвист-М, средняя общеобразовательная школа №1948 с дошкольным отделением;+7 (495) 718-36-44, +7 (495) 719-91-89, +7 (495) 718-36-55, +7 (495) 718-20-77, +7 (495) 331-23-77;;Новочерёмушкинская ул., 64, корп. 2, Москва;sch1948uz.mskobr.ru;55.665 37.559;education
Школа №15 с дошкольным отделением, 2-е школьное отделение;+7 (495) 332-80-01;;Херсонская ул., 30, корп. 3, Москва;sch15uz.mskobr.ru;55.655 37.563;education
Школа №2115 с дошкольным отделением;+7 (499) 128-56-33;;Новочерёмушкинская ул., 56, корп. 2, Москва;sch2115.mskobr.ru;55.669 37.564;education
Развитие;+7 (499) 128-46-72, +7 (499) 120-01-34;;Новочерёмушкинская ул., 50, корп. 2, Москва;nourazvitie.mskobr.ru;55.672 37.565;education
Ника, школа;+7 (495) 332-18-47, +7 (495) 332-29-00, +7 (495) 332-68-70;;ул. Каховка, 33, корп. 2, Москва;nounika.mskobr.ru , nika-school.ru;55.657 37.567;education
Британская международная школа 9;+7 (495) 450-16-26, +7 (495) 426-03-11, +7 (499) 723-09-19, +7 (495) 987-44-86;;Нахимовский просп., 35Б, Москва;bismoscow.com;55.672 37.574;education
ГБОУ школа № 2115 СП 2, школьное отделение;+7 (499) 128-56-24;;ул. Цюрупы, 14А, Москва;sch2115.mskobr.ru;55.669 37.572;education
Специальная (коррекционная) школа №1708;+7 (499) 120-00-54, +7 (499) 120-00-98, +7 (499) 128-89-00;;ул. Цюрупы, 10, корп. 2, Москва;sch1708uz.mskobr.ru;55.669 37.576;education
ГБОУ школа № 554, Структурное подразделение № 1;+7 (499) 121-80-10, +7 (499) 122-95-98, +7 (499) 638-23-52, +7 (499) 122-85-00, +7 (499) 122-81-11;;ул. Каховка, 12, корп. 2, Москва;sch554uz.mskobr.ru;55.656 37.579;education
Школа №554, Школьное отделение №2;+7 (499) 122-91-00;;Перекопская ул., 7, корп. 3, Москва;sch554uz.mskobr.ru;55.657 37.580;education
ГБОУ школа № 554, Структурное подразделение № 7;+7 (499) 121-70-72, +7 (499) 122-70-73, +7 (499) 121-91-19;;Болотниковская ул., 47, корп. 2, Москва;sch554uz.mskobr.ru;55.661 37.582;education
Лингвист-М, средняя общеобразовательная школа №1948 с дошкольным отделением;+7 (499) 121-54-11, +7 (499) 121-21-72;;Болотниковская ул., 52, корп. 3, Москва;sch1948uz.mskobr.ru;55.664 37.584;education
ГБОУ школа № 626 имени Н. И. Сац;+7 (499) 127-39-85, +7 (495) 215-06-26;;Севастопольский просп., 43А, Москва;sch626uz.mskobr.ru;55.672 37.590;education
ГБОУ Средняя общеобразовательная школа № 2042 имени Лазаревых;+7 (499) 723-10-09, +7 (499) 723-19-63, +7 (499) 723-15-53;;Одесская ул., 16, корп. 2, Москва;schuuz2042.mskobr.ru;55.657 37.589;education
Государственное бюджетное общеобразовательное учреждение города Москвы школа № 1279 Эврика;+7 (495) 123-65-15, +7 (499) 619-39-43, +7 (495) 123-65-14;+7 (965) 110-15-55;Болотниковская ул., 36А, Москва;sch1279.mskobr.ru;55.661 37.594;education
Ника, школа;+7 (495) 587-49-64;;Малая Юшуньская ул., 4, Москва;nounika.mskobr.ru , nika-school.ru;55.654 37.595;education
ГБОУ школа № 626 им. Н. И. Сац, учебный корпус № 2;+7 (499) 121-92-33;;Нахимовский просп., 10, Москва;sch626uz.mskobr.ru;55.668 37.596;education
Государственное бюджетное общеобразовательное учреждение города Москвы школа № 1279 Эврика;+7 (499) 794-24-70;;Болотниковская ул., 31, Москва;sch1279.mskobr.ru;55.659 37.593;education
Государственное бюджетное общеобразовательное учреждение города Москвы школа № 1279 Эврика;+7 (499) 317-16-54;+7 (916) 145-07-26;Фруктовая ул., 13, Москва;sch1279.mskobr.ru;55.662 37.606;education
Государственное бюджетное общеобразовательное учреждение города Москвы школа № 1279 Эврика;+7 (499) 613-97-36, +7 (499) 610-96-36;;Азовская ул., 2, корп. 2, Москва;sch1279.mskobr.ru;55.663 37.604;education
Государственное бюджетное общеобразовательное учреждение города Москвы школа № 1279 Эврика;+7 (499) 317-90-81, +7 (499) 613-39-30, +7 (499) 317-16-27;;Сивашская ул., 2, корп. 1, Москва;sch1279.mskobr.ru;55.660 37.606;education
Общеобразовательная школа №2016;+7 (499) 610-04-76;;Чонгарский бул., 17, Москва;schu2016.mskobr.ru;55.652 37.608;education
Олимп, школа №1450 с дошкольным отделением;+7 (499) 144-44-18, +7 (499) 613-76-66, +7 (499) 613-22-66;+7 (909) 958-53-87, +7 (905) 712-23-87, +7 (910) 439-17-87, +7 (916) 204-09-93;Криворожская ул., 27А, Москва;sch1450u.mskobr.ru;55.669 37.608;education
ГКОУ Специальная коррекционная общеобразовательная школа-интернат № 73;+7 (499) 613-17-22, +7 (499) 613-97-09;+7 (977) 149-78-95, +7 (926) 124-39-22;Нахимовский просп., 6, Москва;schiu73.mskobr.ru;55.665 37.609;education
Выбор, частное учреждение общеобразовательная организация;+7 (499) 619-21-22, +7 (499) 619-59-81;;Симферопольский бул., 9, Москва;schoolvybor.ru;55.658 37.610;education
Олимп, школа №1450 с дошкольным отделением;+7 (499) 613-52-81;;Фруктовая ул., 9, Москва;sch1450u.mskobr.ru;55.659 37.612;education
ГБОУ школа № 504, здание Варшавское;+7 (499) 794-79-05;;Варшавское ш., 67, Москва;lyc504u.mskobr.ru;55.664 37.621;education
Школа №504 с дошкольным отделением;+7 (499) 613-35-45, +7 (499) 613-20-10;;Каширское ш., 6, корп. 2, Москва;lyc504u.mskobr.ru;55.668 37.627;education
Школа №507 с дошкольным отделением;+7 (499) 782-34-42, +7 (499) 612-10-89;;Коломенский пр., 16, Москва;lyc507u.mskobr.ru;55.666 37.654;education
Московский образовательный комплекс имени Виктора Талалихина;+7 (529) 058-20-00, +7 (495) 354-90-29;;1-й Курьяновский пр., 14, Москва;mok.mskobr.ru;55.657 37.700;education
Школа им. Артема Боровика с дошкольным отделением;+7 (495) 349-00-11, +7 (495) 345-05-61;;ул. Перерва, 41, корп. 2, Москва;gym1562uv.mskobr.ru;55.660 37.745;education
Школа № 2010 им. героя Советского Союза М. П. Судакова с дошкольным отделением;+7 (495) 359-17-46, +7 (495) 359-55-01, +7 (495) 351-90-00, +7 (495) 351-42-39;;ул. Верхние Поля, 15, корп. 2, Москва;sch2010uv.mskobr.ru;55.667 37.748;education
Марьинская школа №1566 памяти Героев Сталинградской битвы с дошкольным отделением;+7 (495) 347-88-30, +7 (495) 347-87-26;;Новомарьинская ул., 7, корп. 2, Москва;sch1566.mskobr.ru;55.653 37.749;education
Школа им. Артема Боровика с дошкольным отделением;+7 (495) 351-00-00, +7 (495) 345-76-85;;Братиславская ул., 8, корп. 1, Москва;gym1562uv.mskobr.ru;55.663 37.750;education
ГБОУ города Москвы школа имени Артема Боровика, здание № 1;+7 (495) 349-32-01, +7 (495) 345-46-50;+7 (985) 311-24-07;Братиславская ул., 4, Москва;gym1562uv.mskobr.ru;55.666 37.751;education
Государственное бюджетное общеобразовательное учреждение города Москвы школа № 1357 на Братиславской. Здание № 9;+7 (495) 345-58-00, +7 (495) 345-58-01;;Мячковский бул., 5, корп. 2, Москва;sch1357uv.mskobr.ru;55.658 37.754;education
Средняя общеобразовательная школа №1357 с дошкольным отделением;+7 (499) 722-12-47, +7 (499) 722-77-15, +7 (499) 722-77-18;+7 (903) 581-46-55;Мячковский бул., 7, корп. 1, Москва;sch1357uv.mskobr.ru;55.657 37.755;education
ГБОУ школа № 2010 ДО Радость;+7 (495) 359-67-01;;ул. Верхние Поля, 33, корп. 2, Москва;sch2010uv.mskobr.ru;55.669 37.755;education
ГБОУ школа № 1357 на Братиславской, здание № 8;+7 (495) 345-07-51;;Мячковский бул., 7, корп. 2, Москва;sch1357uv.mskobr.ru;55.657 37.756;education
Средняя общеобразовательная школа №1357 с дошкольным отделением;+7 (495) 658-52-67;;ул. Верхние Поля, 30, Москва;sch1357uv.mskobr.ru;55.667 37.757;education
ГБОУ города Москвы школа № 2010 имени Героя Советского Союза Судакова М. П. структурное подразделение № 3;+7 (495) 770-71-12;;Новороссийская ул., 36, Москва;sch2010uv.mskobr.ru;55.669 37.761;education
Школа № 2010 им. Героя Советского Союза М. П. Судакова Дошкольное отделение Гармония;+7 (495) 359-33-23;;Новороссийская ул., 30, корп. 2, Москва;sch2010uv.mskobr.ru;55.671 37.758;education
Государственное бюджетное общеобразовательное учреждение города Москвы школа № 1357 на Братиславской. Здание № 10;+7 (495) 345-98-00, +7 (495) 345-98-60;;Братиславская ул., 18, корп. 4, Москва;sch1357uv.mskobr.ru;55.656 37.758;education
ГБОУ школа № 1547;+7 (495) 345-29-72, +7 (495) 345-19-00, +7 (495) 346-30-01, +7 (495) 345-90-00, +7 (499) 784-88-79, +7 (495) 658-61-35, +7 (495) 658-86-29;;Мячковский бул., 21, Москва;licuv1547.mskobr.ru;55.652 37.760;education
Государственное бюджетное общеобразовательное учреждение города Москвы школа № 1547;+7 (495) 345-20-01, +7 (499) 784-88-80;;Марьинский бул., 9, Москва;licuv1547.mskobr.ru;55.653 37.761;education
Государственное бюджетное общеобразовательное учреждение города Москвы школа № 1357 на Братиславской. Здание № 3;+7 (495) 658-89-23, +7 (495) 658-89-25;;Братиславская ул., 17, корп. 2, Москва;sch1357uv.mskobr.ru;55.659 37.762;education
Государственное бюджетное общеобразовательное учреждение города Москвы школа № 1357 на Братиславской, здание № 1;+7 (495) 346-26-10;+7 (916) 755-77-74;Перервинский бул., 10, корп. 2, Москва;sch1357uv.mskobr.ru;55.660 37.763;education
Государственное бюджетное общеобразовательное учреждение города Москвы школа № 1357 на Братиславской. Здание № 13;+7 (495) 654-36-34;;ул. Перерва, 61, Москва;sch1357uv.mskobr.ru;55.667 37.765;education
Школа №460 им. дважды Героев Советского Союза А.А. Головачева и С.Ф. Шутова с дошкольным отделением;+7 (495) 358-03-12;;Цимлянская ул., 26, Москва;sch460uv.mskobr.ru;55.670 37.768;education
Государственное бюджетное общеобразовательное учреждение города Москвы школа № 1357 на Братиславской. Здание № 2;+7 (499) 722-79-51, +7 (495) 346-25-10;+7 (916) 747-57-64;Перервинский бул., 10, корп. 1, Москва;sch1357uv.mskobr.ru;55.660 37.764;education
Государственное бюджетное общеобразовательное учреждение города Москвы школа № 1547;+7 (495) 658-58-91, +7 (495) 658-58-88;;Перервинский бул., 5, корп. 3, Москва;licuv1547.mskobr.ru;55.664 37.767;education
Государственное бюджетное общеобразовательное учреждение города Москвы школа № 1547;+7 (495) 658-90-24, +7 (495) 658-90-22;;Белореченская ул., 26, корп. 2, Москва;licuv1547.mskobr.ru;55.664 37.769;education
Государственное бюджетное общеобразовательное учреждение города Москвы школа № 1987;+7 (495) 347-45-54;+7 (915) 439-29-28;Перервинский бул., 20, корп. 1, Москва;sch1987uv.mskobr.ru;55.654 37.771;education
Государственное бюджетное общеобразовательное учреждение города Москвы школа № 1547;+7 (495) 658-13-13;;ул. Верхние Поля, 38, корп. 2, Москва;licuv1547.mskobr.ru;55.666 37.772;education
Государственное бюджетное общеобразовательное учреждение города Москвы школа № 1987;+7 (495) 346-63-45;;Перервинский бул., 17, корп. 2, Москва;sch1987uv.mskobr.ru;55.658 37.772;education
Государственное бюджетное общеобразовательное учреждение города Москвы школа № 1547;+7 (495) 658-72-29;;ул. Верхние Поля, 40, корп. 3, Москва;licuv1547.mskobr.ru;55.666 37.774;education
Государственное бюджетное общеобразовательное учреждение города Москвы школа № 1547;+7 (495) 658-59-21;;ул. Верхние Поля, 40, корп. 2, Москва;licuv1547.mskobr.ru;55.665 37.775;education
Государственное бюджетное общеобразовательное учреждение города Москвы школа № 1547;;+7 (968) 952-16-62, +7 (967) 003-05-55, +7 (926) 367-42-29;Белореченская ул., 41, корп. 3, Москва;licuv1547.mskobr.ru;55.664 37.775;education
ГБОУ города Москвы школа № 1547;+7 (495) 346-46-71;;Белореченская ул., 47, корп. 1, Москва;licuv1547.mskobr.ru;55.662 37.777;education
Государственное бюджетное общеобразовательное учреждение города Москвы школа № 1547;+7 (495) 654-96-26;;Белореченская ул., 47, корп. 2, Москва;licuv1547.mskobr.ru;55.663 37.778;education
Государственное бюджетное общеобразовательное учреждение города Москвы школа № 1357 на Братиславской. Здание № 15;+7 (495) 658-49-91;+7 (965) 294-89-46;ул. Верхние Поля, 47, корп. 1, Москва;sch1357uv.mskobr.ru;55.667 37.778;education
Онлайн Гимназия № 1;+7 (495) 032-33-32, +7 (495) 132-20-37;;Очаковское ш., 28, стр. 1, Москва;og1.ru;55.685 37.441;education
Школа №2025 с дошкольным отделением;+7 (499) 662-66-23, +7 (499) 726-15-89;;Большая Очаковская ул., 42, корп. 2, Москва;sch2025.mskobr.ru;55.677 37.446;education
ГБОУ школа № 2025 Здание № 2;+7 (495) 430-51-11, +7 (495) 437-27-23;;Большая Очаковская ул., 39, корп. 3, Москва;sch2025.mskobr.ru;55.676 37.449;education
Ступени, частное учреждение общеобразовательная организация;+7 (495) 430-21-38, +7 (495) 476-48-25, +7 (495) 430-26-79, +7 (495) 437-92-65;;ул. Марии Поливановой, 12А, Москва;nou-stupeni.ru;55.678 37.453;education
Специальная коррекционная общеобразовательная школа №571;+7 (495) 430-63-35, +7 (495) 430-21-44, +7 (495) 437-22-47;;Большая Очаковская ул., 25, Москва;sch571.mskobr.ru;55.680 37.453;education
Школа №2025 с дошкольным отделением, Филиал №3;+7 (495) 430-74-06, +7 (495) 437-90-81;;Озёрная ул., 27, корп. 2, Москва;sch2025.mskobr.ru;55.674 37.455;education
ГБОУ школа № 2025 Здание № 4;+7 (495) 430-71-20;;Большая Очаковская ул., 18, Москва;sch2025.mskobr.ru;55.684 37.457;education
ГБОУ школа № 2025 Здание № 6;;+7 (985) 227-03-81;Озёрная ул., 4, корп. 3, Москва;sch2025.mskobr.ru;55.688 37.467;education
ГБОУ школа № 1329 Дошкольное отделение № 2 Ладошки;+7 (495) 437-29-58, +7 (495) 437-29-57, +7 (495) 437-29-59, +7 (495) 651-35-98;;ул. Мичуринский Проспект, Олимпийская Деревня, 8, корп. 1, Москва;sch1329.mskobr.ru;55.673 37.467;education
ГБУЗ г. Москвы Центр образования и спорта Москва-98 Москомспорта;+7 (495) 932-74-01, +7 (495) 932-77-66, +7 (499) 739-47-04, +7 (495) 932-86-26, +7 (495) 932-53-78, +7 (495) 932-61-24;;ул. Лобачевского, 92, Москва;1973.mskobr.ru , mos.ru , sch1953.mskobr.ru;55.681 37.485;education
Школа №1329 с дошкольным отделением;+7 (495) 735-75-07, +7 (495) 651-34-57, +7 (495) 735-75-11, +7 (495) 735-75-09, +7 (495) 735-75-08, +7 (495) 651-35-52, +7 (495) 735-75-06, +7 (495) 651-33-54;;ул. Академика Анохина, 2, корп. 5, Москва;sch1329.ru , sch1329.mskobr.ru;55.673 37.473;education
Ромашка, частная средняя общеобразовательная школа;+7 (495) 938-46-40, +7 (495) 938-41-22;+7 (985) 908-77-01;ул. Удальцова, 87, корп. 1, Москва;школа-ромашка.рф , romashkacenter.com;55.685 37.486;education
Юджин-Центр;+7 (499) 431-09-03, +7 (499) 138-35-23;;ул. Лобачевского, 72, Москва;eugene-center.ru;55.674 37.491;education
Юджин Центр, негосударственная средняя общеобразовательная школа;+7 (499) 432-90-82;;улица Лобачевского, 72;eugene-center.ru;55.674 37.492;education
Жар-птица, школа №324 с дошкольным отделением;+7 (499) 431-19-87;;ул. Лобачевского, 54, Москва;sch324.mskobr.ru , crrds463.mskzapad.ru;55.673 37.493;education
Центр образования и спорта Москва-98;+7 (499) 432-29-91, +7 (499) 432-32-74;+7 (967) 259-51-33, +7 (916) 360-77-58, +7 (926) 527-40-06, +7 (926) 215-38-22, +7 (909) 938-25-51, +7 (903) 993-02-84, +7 (903) 195-02-84;ул. Удальцова, 40, Москва;moscow98.mossport.ru , co1953.ru , mos.ru , sch1953.mskobr.ru;55.685 37.493;education
ЦСиО Москва-98;+7 (499) 133-17-28;;ул. Удальцова, 67, Москва;olimp-co.ru;55.678 37.500;education
ЕГЭ-центр, школа-экстернат;+7 (495) 646-85-92;;проспект Вернадского, 41 ст1;ege-centr.ru;55.674 37.504;education
Государственное бюджетное общеобразовательное учреждение города Москвы школа № 1434 Раменки;+7 (495) 932-08-01, +7 (495) 931-46-77, +7 (495) 932-00-00, +7 (495) 932-12-67, +7 (495) 932-28-48, +7 (495) 931-04-07;;ул. Раменки, 15, корп. 2, Москва;sch1434.mskobr.ru;55.689 37.497;education
Государственное бюджетное общеобразовательное учреждение города Москвы школа № 1434 Раменки;+7 (495) 932-08-56, +7 (495) 932-11-19;+7 (985) 170-25-89;ул. Раменки, 15, корп. 1, Москва;sch1434.mskobr.ru;55.691 37.500;education
Школа №1541 с дошкольным отделением;+7 (499) 730-83-35;+7 (964) 627-03-24, +7 (968) 728-28-11;просп. Вернадского, 57, Москва;gym1541.mskobr.ru;55.672 37.505;education
ГБОУ школа № 7 СП № 1.3;+7 (499) 131-81-10;;ул. Крупской, 11, Москва;sch7uz.mskobr.ru;55.683 37.527;education
ГБПОУ Ок Юго-Запад, ТСП Ломоносовское;+7 (499) 138-47-98, +7 (499) 129-23-97, +7 (499) 125-31-62, +7 (499) 138-21-71;;просп. Вернадского, 29А, Москва;spo39.mskobr.ru;55.681 37.518;education
Средняя общеобразовательная школа №7 с дошкольным отделением;+7 (499) 131-91-33;;ул. Крупской, 17, Москва;sch7uz.mskobr.ru;55.683 37.524;education
Славянско-англо-американская школа Марина;+7 (499) 138-37-08, +7 (499) 134-50-35;;ул. Кравченко, 8, Москва;saasmar.ru;55.677 37.520;education
ГБОУ школа № 1514;+7 (499) 133-67-77;;ул. Крупской, 12, Москва;gym1514uz.mskobr.ru , 1514.ru;55.685 37.527;education
ГБОУ школа № 1514;+7 (499) 138-32-59;;ул. Крупской, 10, Москва;gym1514uz.mskobr.ru;55.686 37.528;education
Школа №117 с дошкольным отделением, 4-е школьное отделение;+7 (499) 138-28-77;;Ленинский просп., 93Б, Москва;sch117.mskobr.ru;55.675 37.529;education
Школа №117 с дошкольным отделением, Школьное отделение №2;+7 (499) 132-13-44;;ул. Академика Пилюгина, 14А, Москва;sch117.mskobr.ru;55.672 37.534;education
Школа №117 с дошкольным отделением, Дошкольное отделение №5;+7 (499) 134-74-82, +7 (499) 134-75-62;;ул. Гарибальди, 6, корп. 3, Москва;sch117.mskobr.ru;55.675 37.533;education
English Playschool Moscow, международный детский сад и начальная школа;+7 (499) 134-20-06;+7 (977) 538-80-10, +7 (985) 998-35-25;Ленинский просп., 87А, Москва;englishplayschool.eu;55.679 37.536;education
Школа №1536 с дошкольным отделением;+7 (499) 134-34-12;;Ленинский просп., 83А, Москва;gym1536uz.mskobr.ru;55.680 37.539;education
Школа №118 с дошкольным отделением;+7 (495) 930-36-39;;Ломоносовский просп., 13, Москва;sch118uz.mskobr.ru;55.688 37.540;education
ГБОУ школа № 1205 Единство;+7 (499) 128-18-33, +7 (499) 134-80-21;;ул. Вавилова, 91, Москва;sch1205uz.mskobr.ru;55.677 37.543;education
Школа №117 с дошкольным отделением;+7 (499) 134-45-17;;ул. Гарибальди, 8, корп. 1, Москва;sch117.mskobr.ru;55.675 37.537;education
Юго-запад, образовательный комплекс;+7 (499) 124-88-02, +7 (499) 132-54-83;;ул. Вавилова, 84, корп. 2, Москва;spo39.mskobr.ru;55.678 37.539;education
ГБОУ школа № 1533, библиотека;+7 (495) 930-55-70, +7 (499) 125-23-59, +7 (499) 133-24-35, +7 (495) 930-14-17;;Ломоносовский просп., 18, Москва;lit.msu.ru;55.692 37.541;education
Марина, славянско-англо-американская школа;+7 (499) 134-10-96;;ул. Панфёрова, 6, корп. 2, Москва;saasmar.ru;55.682 37.542;education
Школа №1536 с дошкольным отделением;+7 (499) 138-48-81, +7 (495) 366-66-80, +7 (499) 138-47-88;;Ломоносовский просп., 3А, Москва;sch187.ru , gym1536uz.mskobr.ru;55.684 37.546;education
Школа № 1205;+7 (499) 128-05-51, +7 (499) 128-19-00, +7 (499) 128-67-77;;ул. Гарибальди, 19, корп. 1, Москва;sch1205uz.mskobr.ru;55.674 37.551;education
ГБОУ школа № 199, Школьное отделение 3;+7 (499) 126-09-80;;ул. Ивана Бабушкина, 15, корп. 5, Москва;sch199uz.mskobr.ru;55.684 37.564;education
ГБОУ школа № 1205 Диалог;+7 (499) 120-85-05;;ул. Архитектора Власова, 19А, Москва;sch1205uz.mskobr.ru , 1205.ru;55.677 37.554;education
ЛИТ, школа №1533;+7 (499) 133-20-60;;ул. Кржижановского, 4А, Москва;lit.msu.ru , lyc1533.mskobr.ru;55.682 37.561;education
Московская школа Таэквон-До;+7 (499) 128-18-11, +7 (499) 120-92-80;;Профсоюзная ул., 40, корп. 2, Москва;sch1205uz.mskobr.ru;55.676 37.556;education
ГБОУ школа № 1205 Исток 1;+7 (499) 128-69-79, +7 (499) 128-08-52;;Профсоюзная ул., 38, корп. 2, Москва;sch1205uz.mskobr.ru;55.676 37.558;education
Чу СОШ Столичный-КИТ;+7 (499) 764-74-87, +7 (495) 764-93-96;+7 (916) 929-28-51;ул. Ивана Бабушкина, 14, корп. 1, Москва;noustolichnkit.mskobr.ru;55.686 37.560;education
Феникс, частная средняя общеобразовательная школа с дошкольным отделением;+7 (495) 182-42-77, +7 (495) 431-71-74, +7 (495) 085-50-07, +7 (499) 128-58-29, +7 (499) 128-52-77, +7 (495) 327-54-18, +7 (499) 125-25-11;;Профсоюзная ул., 27, корп. 3, Москва;feniksvb.ru , школафеникс.москва;55.673 37.563;education
Lancman School;;+7 (925) 114-24-45;ул. Ивана Бабушкина, 8, Москва;lancman-school-forever.ru , lancmanschool.com;55.688 37.564;education
Средняя общеобразовательная школа №199 с дошкольным отделением;+7 (499) 125-18-12, +7 (499) 125-01-59;+7 (926) 187-13-88;ул. Ивана Бабушкина, 15, корп. 5, Москва;sch199uz.mskobr.ru;55.684 37.564;education
Школа №2115 с дошкольным отделением;+7 (499) 128-69-98, +7 (499) 128-69-97;;Новочерёмушкинская ул., 48, Москва;sch2115.mskobr.ru;55.673 37.567;education
Академическая школа №1534 с дошкольным отделением, Учебный корпус №3;+7 (499) 125-31-28, +7 (499) 124-43-07, +7 (499) 125-59-82;+7 (965) 300-02-31;Профсоюзная ул., 15А, Москва;gym1534uz.mskobr.ru;55.678 37.568;education
Академическая школа №1534 с дошкольным отделением;+7 (499) 125-37-94;;Профсоюзная ул., 9А, Москва;gym1534uz.mskobr.ru;55.682 37.571;education
Средняя общеобразовательная школа №199 с дошкольным отделением;+7 (499) 126-08-53, +7 (499) 126-48-20, +7 (499) 126-29-13, +7 (495) 369-25-23, +7 (499) 126-32-89;+7 (917) 505-32-01;ул. Дмитрия Ульянова, 15, корп. 1, Москва;sch199uz.mskobr.ru;55.690 37.572;education
Британская международная школа 5;+7 (499) 124-34-96, +7 (495) 414-48-52, +7 (499) 124-08-58;;Нахимовский просп., 35А, Москва;bismoscow.com;55.672 37.574;education
Средняя общеобразовательная школа №1280 с дошкольным отделением;+7 (499) 129-78-09, +7 (499) 129-78-55, +7 (499) 125-88-31;+7 (903) 963-13-26;ул. Кржижановского, 30, Москва;sch7uz.mskobr.ru , sch1280uz.mskobr.ru;55.675 37.579;education
Школа №45 им. Л.И. Мильграма с дошкольным отделением;+7 (499) 126-33-47, +7 (495) 779-77-69, +7 (495) 779-77-57, +7 (499) 723-66-54, +7 (499) 126-05-37, +7 (499) 723-66-11, +7 (499) 126-33-82;;ул. Гримау, 8, Москва;sch45uz.mskobr.ru;55.691 37.580;education
Школа №45 им. Л.И. Мильграма с дошкольным отделением;+7 (495) 123-51-22;;Большая Черёмушкинская ул., 36А, Москва;sch45uz.mskobr.ru;55.680 37.581;education
Hinkson academy, частная школа;+7 (495) 733-97-40;;Новочерёмушкинская ул., 39, корп. 3, Москва;hinkson.ru;55.675 37.577;education
Государственная Автошкола ГБПОУ ОK Юго-Запад;+7 (499) 124-46-39, +7 (499) 124-36-59, +7 (499) 129-51-54;;ул. Дмитрия Ульянова, 26, корп. 1, Москва;autopk39.ru , spo39.mskobr.ru;55.686 37.577;education
Лицей им. С. Н. Нюберг;;+7 (967) 130-15-55;Большая Черёмушкинская ул., 25, стр. 25, Москва;nyberg.school;55.676 37.582;education
Академическая школа №1534 с дошкольным отделением;+7 (495) 123-50-07, +7 (495) 123-50-06;;ул. Гримау, 11А, стр. 3, Москва;gym1534uz.mskobr.ru;55.688 37.582;education
Школа №45 им. Л.И. Мильграма с дошкольным отделением;+7 (499) 129-71-10, +7 (499) 129-71-55;;Новочерёмушкинская ул., 11А, Москва;sch45uz.mskobr.ru;55.686 37.587;education
Юго-запад, образовательный комплекс;+7 (499) 123-75-96, +7 (499) 176-10-70, +7 (495) 129-51-54, +7 (499) 127-69-95, +7 (499) 127-10-03;;Большая Черёмушкинская ул., 17А, Москва;spo39.mskobr.ru;55.684 37.593;education
Окружная служба информационной поддержки, Гимназия №45 им. Л.И. Мильграма с дошкольным отделением;+7 (499) 129-34-36, +7 (499) 129-39-88, +7 (499) 129-39-77;;Севастопольский просп., 20А, Москва;sch45uz.mskobr.ru;55.682 37.597;education
ГБОУ школа № 626 им. Н. И. Сац, корпус № 4;+7 (499) 127-66-74;;ул. Ремизова, 12, Москва;sch626uz.mskobr.ru;55.675 37.602;education
ГБОУ школа № 1450 Олимп;+7 (499) 794-37-01, +7 (499) 794-36-02;;Электролитный пр., 16, корп. 6, Москва;sch1450u.mskobr.ru;55.672 37.612;education
Школа №507 с дошкольным отделением;+7 (499) 618-10-01, +7 (499) 611-53-62;;1-й Нагатинский пр., 16, Москва;lyc507u.mskobr.ru;55.677 37.632;education
ГБОУ Школа № 507, здание № 6 Гимназический корпус;+7 (499) 618-12-12;;Нагатинская наб., 12, корп. 1, Москва;lyc507u.mskobr.ru;55.682 37.644;education
Средняя общеобразовательная школа №1375 с дошкольным отделением;+7 (499) 618-50-84, +7 (499) 618-15-35, +7 (499) 618-98-80;+7 (964) 784-47-25;Высокая ул., 6, Москва;sch1375u.mskobr.ru;55.679 37.655;education
Эрудит;;+7 (905) 738-26-96;Высокая ул., 6, Москва;nouerudit.mskobr.ru;55.679 37.654;education
Средняя общеобразовательная школа №1375 с дошкольным отделением;+7 (499) 614-88-88;;Высокая ул., 14, Москва;sch1375u.mskobr.ru;55.679 37.659;education
Школа №1375 с дошкольным отделением;+7 (499) 615-76-18;;Коломенская наб., 16, Москва;sch1375u.mskobr.ru;55.678 37.700;education
Средняя общеобразовательная школа №1375 с дошкольным отделением;;+7 (915) 252-74-63;Нагатинская наб., 24, Москва;sch1375u.mskobr.ru;55.681 37.657;education
ГБОУ г. Москвы школа № 463 им. Героя Советского Союза Д. Н. Медведева, дошкольное отделение № 7 Щелкунчик;+7 (499) 725-56-94, +7 (495) 674-10-15, +7 (495) 675-03-45, +7 (495) 675-05-58, +7 (495) 675-12-12, +7 (499) 612-34-19, +7 (499) 615-64-08, +7 (499) 618-13-03, +7 (499) 618-14-54, +7 (499) 618-55-55;;просп. Андропова, 35, корп. 1, Москва;;55.674 37.667;education
Школа №1527 с дошкольным отделением;+7 (499) 618-70-05, +7 (499) 615-34-07;;просп. Андропова, 17, корп. 3, Москва;gym1527u.mskobr.ru;55.682 37.668;education
Школа №1527 с дошкольным отделением;+7 (499) 618-70-30, +7 (499) 618-70-51, +7 (499) 618-80-96, +7 (499) 618-70-31;;просп. Андропова, 17, корп. 5, Москва;gym1527u.mskobr.ru;55.682 37.669;education
Школа №463 им. Героя Советского союза Д.Н. Медведева с дошкольным отделением;+7 (499) 612-02-04;+7 (903) 273-93-66;Судостроительная ул., 10, корп. 1, Москва;;55.679 37.672;education
Университетский лицей № 1523;+7 (499) 614-50-94, +7 (499) 614-50-85, +7 (495) 614-51-00, +7 (499) 614-51-00;;Кленовый бул., 21, Москва;mephi.mskobr.ru , l1523.ru;55.677 37.681;education
Школа №1527 с дошкольным отделением;+7 (499) 614-66-55, +7 (499) 614-66-56;;Затонная ул., 7, корп. 3, Москва;gym1527u.mskobr.ru;55.681 37.687;education
Школа №1527 с дошкольным отделением;+7 (499) 616-83-44;;Судостроительная ул., 32, корп. 3, Москва;gym1527u.mskobr.ru;55.682 37.687;education
Школа №1770 с дошкольным отделением;+7 (499) 617-24-66, +7 (499) 617-82-00;;Судостроительная ул., 43, корп. 2, Москва;sch1770.mskobr.ru;55.686 37.689;education
Школа №1770 с дошкольным отделением;+7 (499) 616-80-22, +7 (499) 615-89-83, +7 (499) 616-05-00;;Нагатинская наб., 56, Москва;sch1770.mskobr.ru , 1770.ru;55.690 37.689;education
Дошкольное отделение № 5 ГБОУ школа Спектр;+7 (499) 786-18-24, +7 (499) 746-20-01, +7 (495) 353-90-09, +7 (495) 354-75-11;;ул. Гурьянова, 85, Москва;spectr.mskobr.ru;55.676 37.719;education
Дошкольное отделение № 1 ГБОУ школа Спектр;+7 (495) 353-04-60, +7 (499) 786-15-90;+7 (916) 741-41-71;ул. Гурьянова, 45, Москва;spectr.mskobr.ru;55.682 37.719;education
Дошкольное отделение № 4 ГБОУ школа Спектр;+7 (499) 746-43-30;;ул. Гурьянова, 63, Москва;spectr.mskobr.ru;55.679 37.719;education
Школа № 1524;+7 (499) 722-48-08;;ул. Гурьянова, 8, Москва;sch1524uv.mskobr.ru;55.690 37.719;education
Школа № 1524;+7 (495) 353-41-11;;Шоссейная ул., 10, Москва;sch1524uv.mskobr.ru;55.690 37.724;education
Школа № 1524;+7 (495) 353-33-38;;ул. Гурьянова, 3А, Москва;sch1524uv.mskobr.ru;55.692 37.725;education
Школа им. дважды Героя Советского союза И.С. Полбина с дошкольным отделением;+7 (495) 354-28-07;;Шоссейная ул., 7, Москва;polbin.mskobr.ru;55.690 37.729;education
Школа им. Ф.М. Достоевского с дошкольным отделением;+7 (495) 350-08-52, +7 (495) 350-56-88;+7 (915) 778-37-70, +7 (906) 762-67-99, +7 (915) 110-02-57, +7 (915) 110-02-58, +7 (926) 921-83-55, +7 (985) 045-75-58, +7 (916) 941-59-19, +7 (985) 951-54-62;Мариупольская ул., 3, Москва;shkid.mskobr.ru;55.675 37.742;education
Школа им. Ф.М. Достоевского с дошкольным отделением;+7 (495) 350-86-62;+7 (925) 443-12-30;Краснодарская ул., 9, Москва;shkid.mskobr.ru;55.679 37.742;education
Карьера, частная общеобразовательная школа;+7 (495) 350-43-00, +7 (495) 172-16-74, +7 (495) 350-09-25;;Краснодарская ул., 11, Москва;school-karjera.ru;55.677 37.743;education
Интеллект, частная общеобразовательная школа;+7 (495) 350-37-72;;Ставропольская ул., 16, Москва;school-karjera.ru , nouintellekt.mskobr.ru;55.680 37.748;education
Школа СВ. Георгия;+7 (495) 350-33-81, +7 (495) 350-38-01;+7 (977) 429-49-89, +7 (963) 653-35-77;Ейская ул., 5/9, Москва;stgeorgeschool.ru;55.687 37.745;education
Школа №2121 им. Маршала Советского Союза С.К. Куркоткина;+7 (495) 359-37-10, +7 (495) 358-61-38;;Краснодонская ул., 37, Москва;sch2121.mskobr.ru;55.674 37.751;education
Школа №2121 им. Маршала Советского Союза С.К. Куркоткина;+7 (495) 350-07-38;;Спортивный пр., 3А, Москва;sch2121.mskobr.ru;55.684 37.754;education
Школа №2121 им. Маршала Советского Союза С.К. Куркоткина;+7 (495) 359-12-42;;Таганрогская ул., 22, Москва;sch2121.mskobr.ru;55.676 37.755;education
Школа им. Маршала В.И. Чуйкова с дошкольным отделением;+7 (529) 056-20-00, +7 (495) 133-76-04;;ул. Судакова, 29, Москва;schuv.mskobr.ru;55.674 37.757;education
Школа №2010 им. героя Советского Союза М.П. Судакова с дошкольным отделением, Белореченский корпус;+7 (495) 359-01-01;;Белореченская ул., 8, Москва;sch2010uv.mskobr.ru;55.672 37.764;education
Школа №2121 им. Маршала Советского Союза С.К. Куркоткина;+7 (499) 784-51-19, +7 (499) 784-51-10;;Краснодарская ул., 25, корп. 2, Москва;sch2121.mskobr.ru;55.679 37.752;education
Школа №2121 им. Маршала Советского Союза С.К. Куркоткина;+7 (495) 359-25-01, +7 (495) 359-25-56;;Ставропольская ул., 30, корп. 2, Москва;sch2121.mskobr.ru;55.680 37.757;education
ГБОУ города Москвы школа № 1186 имени Героя Советского Союза Мусы Джалиля;+7 (495) 358-63-16, +7 (495) 359-57-47, +7 (495) 359-50-47;;Белореченская ул., 19, корп. 2, Москва;schuve1186.mskobr.ru;55.672 37.768;education
ГБОУ школа № 460 имени дважды Героев Советского Союза А. А. Головачёва и С. Ф. Шутова;+7 (495) 358-94-51, +7 (495) 358-27-01;+7 (917) 508-46-88;Тихорецкий бул., 10, Москва;sch460uv.mskobr.ru;55.679 37.770;education
ГБОУ школа № 460 имени дважды Героев Советского Союза А. А. Головачёва и С. Ф. Шутова;+7 (495) 358-07-92;+7 (926) 767-76-67;Тихорецкий бул., 8А, Москва;sch460uv.mskobr.ru;55.679 37.772;education
Школа №460 им. дважды Героев Советского Союза А.А. Головачева и С.Ф. Шутова с дошкольным отделением;+7 (495) 358-60-56;;Тихорецкий бул., 8, Москва;sch460uv.mskobr.ru;55.679 37.773;education
Школа №460 им. дважды Героев Советского Союза А.А. Головачева и С.Ф. Шутова с дошкольным отделением;+7 (495) 358-06-47;;ул. Головачёва, 5, корп. 3, Москва;sch460uv.mskobr.ru;55.675 37.808;education
Школа №460 им. дважды Героев Советского Союза А.А. Головачева и С.Ф. Шутова с дошкольным отделением;+7 (495) 377-69-71, +7 (495) 359-35-36;;ул. Степана Шутова, 8, корп. 3, Москва;sch460uv.mskobr.ru;55.674 37.810;education
ГБОУ школа № 1793 Школьный корпус № 2;+7 (495) 705-81-22, +7 (495) 704-15-05, +7 (495) 705-79-68;;Привольная ул., 45, Москва;lyc1793.ru , edu1439.ru , lyc1793uv.mskobr.ru;55.687 37.846;education
ГБОУ школа № 1793 Школьный корпус № 10;+7 (495) 704-52-11;;Привольная ул., 41, Москва;lyc1793uv.mskobr.ru;55.689 37.850;education
Средняя общеобразовательная школа №1935 с дошкольным отделением;+7 (495) 704-26-11, +7 (495) 704-08-40;;ул. Авиаконструктора Миля, 18, корп. 2, Москва;sch1935uv.mskobr.ru;55.681 37.856;education
ГБОУ Средняя общеобразовательная школа № 1905;+7 (495) 705-74-77, +7 (495) 705-79-50, +7 (495) 376-61-44;;ул. Маршала Полубоярова, 22, Москва;sch1905uv.mskobr.ru;55.683 37.860;education
Средняя общеобразовательная школа №2089 с дошкольным отделением;+7 (495) 706-94-01;;1-я Вольская ул., 5, Москва;sch2089uv.mskobr.ru;55.685 37.918;education
Средняя общеобразовательная школа №2089 с дошкольным отделением;+7 (495) 706-90-97;;1-я Вольская ул., 9, корп. 3, Москва;sch2089uv.mskobr.ru;55.685 37.921;education
ГБОУ школа № 2089, корпус 7;;+7 (926) 892-03-93;1-я Вольская ул., 22, корп. 2, Москва;sch2089uv.mskobr.ru;55.683 37.926;education
Школа №384 им. Д.К. Корнеева с дошкольным отделением;+7 (495) 735-35-31;;Беловежская, 7;sch384.mskobr.ru;55.712 37.400;education
Школа №97 с дошкольным отделением;+7 (499) 445-08-55, +7 (526) 859-70-00, +7 (499) 445-06-64;;Очаковское шоссе, 10 к1;sch97z.mskobr.ru;55.695 37.457;education
Велосипедная парковка № 32004 школа № 97;+7 (495) 441-91-77, +7 (495) 441-15-23;;Очаковское ш., 10, корп. 1, Москва;sch97z.mskobr.ru;55.695 37.457;education
ГБОУ школа № 814, учебный корпус № 4;+7 (495) 441-15-11, +7 (495) 441-73-07, +7 (495) 441-00-38;;Матвеевская ул., 34, корп. 2, Москва;sch814z.mskobr.ru;55.706 37.464;education
Школа №814 с дошкольным отделением;+7 (495) 441-72-39, +7 (495) 441-72-48, +7 (495) 441-01-01, +7 (499) 726-01-46;;Матвеевская ул., 20, корп. 2, Москва;sch814z.mskobr.ru;55.705 37.468;education
Классический пансион МГУ им. М.В. Ломоносова, школа и детский сад;+7 (495) 433-11-11;;ул. Лобачевского, 118, корп. 3, Москва;pansionmsu.ru;55.694 37.472;education
ГБОУ школа № 814, учебный корпус № 1;+7 (495) 442-04-84, +7 (495) 441-01-88;;Веерная ул., 5, корп. 3, Москва;sch814z.mskobr.ru;55.707 37.475;education
ГБОУ школа № 814 Учебный корпус 2;+7 (495) 441-82-83;+7 (915) 268-75-82;Веерная ул., 5, корп. 2, Москва;sch814z.mskobr.ru;55.708 37.476;education
ONE! International School, частная школа-детский сад;+7 (495) 150-54-48, +7 (495) 152-22-75, +7 (495) 152-22-21;;Мосфильмовская ул., 88, корп. 3, Москва;oneischool.com;55.703 37.490;education
Новая школа;+7 (495) 532-25-88, +7 (495) 532-26-88;;Мосфильмовская ул., 88, корп. 5, Москва;;55.705 37.491;education
Центр дополнительного образования и творческого развития детей и подростков Дар имени Виктора Баринова;+7 (499) 739-15-87, +7 (495) 641-16-29, +7 (495) 931-42-22, +7 (495) 931-61-72, +7 (495) 931-42-27, +7 (495) 932-49-40;+7 (968) 856-66-94, +7 (926) 318-36-29;Мичуринский просп., 40, Москва;ctr-dar.ru , sch1448.mskobr.ru;55.697 37.493;education
Школа №37 с дошкольным отделением, дошкольное отделение;+7 (499) 739-35-28;;ул. Столетова, 13, Москва;sch37.mskobr.ru;55.703 37.500;education
Школа №37 с дошкольным отделением;+7 (499) 739-35-21, +7 (499) 739-35-60;;Мичуринский просп., 28, Москва;sch37.mskobr.ru;55.703 37.502;education
Средняя общеобразовательная школа № 1498;+7 (495) 932-75-01, +7 (495) 932-74-88;+7 (926) 685-31-67;Мичуринский просп., 23, Москва;sch1498.mskobr.ru;55.695 37.507;education
ГБУ Комплексный реабилитационно-образовательный центр департамента труда и социальной защиты населения города Москвы, обособленное структурное подразделение Раменки;+7 (495) 932-93-20, +7 (495) 348-09-28, +7 (499) 739-21-14, +7 (499) 356-34-31, +7 (495) 932-93-30;;Мичуринский просп., 33, корп. 2, Москва;krots.mskobr.ru;55.694 37.500;education
ГАОУ школа № 1306 - школа молодых политиков;+7 (495) 932-99-58, +7 (495) 932-89-99;+7 (915) 328-31-11;Мичуринский просп., 27, корп. 3, Москва;gymg1306.mskobr.ru;55.696 37.501;education
ГБОУ школа № 37 Дошкольное отделение;+7 (495) 932-61-02;;Мичуринский просп., 22, корп. 2, Москва;sch37.mskobr.ru;55.702 37.503;education
ГАОУ Средняя общеобразовательная школа № 1306, школа молодых политиков;+7 (495) 932-89-42;;Мичуринский просп., 15, корп. 2, Москва;gymg1306.mskobr.ru;55.698 37.509;education
ГБОУ школа № 1498;+7 (495) 932-66-12, +7 (495) 932-59-10;;Мичуринский просп., 15, корп. 1, Москва;sch1498.mskobr.ru;55.698 37.510;education
Школа №1586 с дошкольным отделением;+7 (499) 147-45-81, +7 (499) 143-16-20, +7 (499) 143-36-84;;ул. Дружбы, 8, Москва;1586.mskobr.ru;55.709 37.514;education
ГБОУ Средняя общеобразовательная Шуваловская школа № 1448;+7 (495) 641-16-27;;Мичуринский просп., 5, корп. 1, Москва;sch1448.mskobr.ru;55.702 37.513;education
Mini domini, частная школа-сад;+7 (499) 647-44-88;+7 (917) 558-40-40;Ломоносовский просп., 25, корп. 3, Москва;otminidomini.ru;55.694 37.529;education
Планета образования;+7 (495) 545-63-67;+7 (916) 503-73-82;1Н, Западный административный округ, район Раменки, микрорайон Ленинские Горы, Москва;edukids.ru , planetaedu.ru;55.702 37.530;education
ГБОУ школа № 1533 Лит;+7 (499) 133-20-00;;Ломоносовский просп., 16, Москва;lit.msu.ru , lyc1533.mskobr.ru;55.692 37.544;education
Средняя общеобразовательная школа №2086 с дошкольным отделением, ГБОУ г. Москвы;;+7 (925) 011-45-23;Университетский просп., 7, Москва;sch2086uz.mskobr.ru;55.695 37.549;education
Средняя общеобразовательная школа №2086 с дошкольным отделением, ГБОУ г. Москвы;+7 (495) 930-50-70;;Университетский просп., 3, Москва;sch2086uz.mskobr.ru;55.694 37.551;education
Воробьевы горы, образовательный комплекс;+7 (499) 137-57-84;;Университетский просп., 4А, Москва;;55.699 37.555;education
ГБОУ Лицей Вторая школа имени В. Ф. Овчинникова;+7 (499) 137-69-31, +7 (499) 137-17-69;;ул. Фотиевой, 18, Москва;lycuz2.mskobr.ru , linktr.ee , sch2.ru;55.698 37.556;education
Средняя общеобразовательная школа №1265 с дошкольным отделением;+7 (499) 137-68-64, +7 (499) 137-06-71;+7 (926) 914-14-57, +7 (965) 348-91-93;ул. Фотиевой, 14, корп. 1, Москва;sch1265uz.mskobr.ru;55.699 37.558;education
Средняя общеобразовательная школа №199 с дошкольным отделением;+7 (499) 124-57-00;;ул. Вавилова, 51, Москва;sch199uz.mskobr.ru;55.692 37.566;education
Средняя общеобразовательная школа №192 с дошкольным отделением;+7 (499) 137-72-85;;Ленинский просп., 34А, Москва;sch192uz.mskobr.ru;55.707 37.575;education
Средняя общеобразовательная школа №192 с дошкольным отделением;+7 (499) 135-32-90;;Ленинский просп., 43А, Москва;sch192uz.mskobr.ru;55.705 37.578;education
Средняя общеобразовательная школа №192 с дошкольным отделением;+7 (499) 135-86-19;;Ленинский просп., 39А, Москва;sch192uz.mskobr.ru;55.707 37.584;education
ГБОУ школа № 45 им. Мильграма Л. И.;+7 (499) 126-01-10, +7 (499) 126-18-14;+7 (915) 485-46-66;ул. Шверника, 10, стр. 1, Москва;sch45uz.mskobr.ru;55.692 37.586;education
Социальная школа Шанс;+7 (495) 958-54-51, +7 (499) 723-59-00;;Канатчиковский пр., 7, Москва;школашанс.рф;55.702 37.593;education
Школа №630 им. дважды Героя Советского Союза Г.П. Кравченко с дошкольным отделением, Детский сад;+7 (495) 952-93-55, +7 (495) 952-93-59, +7 (495) 954-93-65;;Загородное ш., 8А, Москва;sch630.mskobr.ru;55.693 37.604;education
Государственное бюджетное общеобразовательное учреждение города Москвы школа № 630 имени дважды Героя Советского Союза Г. П. Кравченко;+7 (495) 952-35-63;;4-й Рощинский пр., 5, Москва;sch630.mskobr.ru;55.710 37.611;education
Школа №630 им. дважды Героя Советского Союза Г.П. Кравченко с дошкольным отделением, Коррекционное отделение;+7 (495) 952-52-62;;5-й Рощинский пр., 4, Москва;sch630.mskobr.ru;55.711 37.612;education
Школа №1257 с дошкольным отделением;+7 (495) 952-63-70, +7 (495) 633-92-81;;Малая Тульская ул., 15, Москва;gym1257u.mskobr.ru;55.709 37.620;education
ГБОУ школа № 1257;+7 (499) 235-11-91;;Даниловская наб., 6, Москва;gym1257u.mskobr.ru;55.709 37.640;education
Государственное бюджетное общеобразовательное учреждение города Москвы школа № 1272;+7 (495) 710-36-40, +7 (495) 710-36-39;;ул. Мастеркова, 1, Москва;sch1272.mskobr.ru;55.710 37.659;education
Государственное бюджетное общеобразовательное учреждение города Москвы школа № 1272;+7 (495) 679-28-37;;ул. Трофимова, 4, корп. 3, Москва;sch1272.mskobr.ru;55.702 37.661;education
Государственное бюджетное общеобразовательное учреждение города Москвы школа № 1272;+7 (495) 679-99-49, +7 (495) 679-55-91;;2-й Кожуховский пр., 15, корп. 4, Москва;sch1272.mskobr.ru;55.704 37.663;education
Средняя общеобразовательная школа №2129 им. Героя Советского Союза П.И. Романова с дошкольным отделением, Школьный корпус № 2;+7 (495) 710-19-95;;6-я Кожуховская ул., 8, Москва;sch2129uv.mskobr.ru;55.706 37.672;education
Средняя общеобразовательная школа №2129 им. Героя Советского Союза П.И. Романова с дошкольным отделением, Корпус для детей с ОВЗ;+7 (495) 679-19-60;;5-я Кожуховская ул., 15, Москва;sch2129uv.mskobr.ru;55.705 37.672;education
Средняя общеобразовательная школа №2129 им. Героя Советского Союза П.И. Романова с дошкольным отделением, Школьный корпус № 3;+7 (495) 710-19-94;;3-й Кожуховский пр., 3А, Москва;sch2129uv.mskobr.ru;55.708 37.676;education
Средняя общеобразовательная школа №2129 им. Героя Советского Союза П.И. Романова с дошкольным отделением, Начальная школа;+7 (495) 679-19-24;;ул. Петра Романова, 16, Москва;sch2129uv.mskobr.ru;55.704 37.681;education
ГБОУ г. Москвы школа № 2129 имени Героя Советского Союза П. И. Романова;+7 (495) 679-19-39, +7 (495) 958-88-27, +7 (495) 958-88-57;;2-й Южнопортовый пр., 11, стр. 2, Москва;sch2129uv.mskobr.ru;55.701 37.683;education
Школа № 1524;+7 (499) 722-47-90;;ул. Гурьянова, 2, корп. 5, Москва;sch1524uv.mskobr.ru;55.694 37.721;education
Школа №654 им. А.Д. Фридмана с дошкольным отделением, Учебный корпус №4;;+7 (916) 712-45-89;Люблинская ул., 45, Москва;sch654.mskobr.ru;55.695 37.736;education
Столица, образовательный комплекс градостроительства;+7 (499) 125-33-61, +7 (499) 610-33-11, +7 (495) 384-74-70, +7 (495) 339-56-22, +7 (499) 784-59-47, +7 (495) 383-11-33, +7 (499) 610-69-13, +7 (499) 178-56-57, +7 (495) 713-17-52;+7 (916) 810-40-98, +7 (925) 152-90-34, +7 (915) 303-10-41, +7 (985) 916-12-84, +7 (977) 750-71-62, +7 (903) 203-26-61, +7 (926) 659-06-62, +7 (916) 840-56-35, +7 (905) 596-67-92, +7 (926) 141-39-88;1-й Саратовский пр., 5, Москва;stolitsa.mskobr.ru;55.712 37.736;education
Школа №2010 им. героя Советского Союза М.П. Судакова с дошкольным отделением, Коррекционное подразделение №4;+7 (499) 178-02-16, +7 (499) 178-78-96;;1-я ул. Текстильщиков, 5/8, Москва;sch2010uv.mskobr.ru;55.702 37.736;education
Школа №654 им. А.Д. Фридмана с дошкольным отделением, Учебный корпус №1;+7 (499) 176-54-00;;ул. Артюхиной, 17, Москва;sch654.mskobr.ru;55.697 37.740;education
Школа №641 им. С. Есенина с дошкольным отделением, Школа;+7 (499) 178-15-12, +7 (499) 179-88-67;+7 (985) 924-82-91;11-я ул. Текстильщиков, 6, Москва;sch641uv.mskobr.ru;55.706 37.742;education
Школа №825 с дошкольным отделением;+7 (499) 177-62-77;;Окская улица, 14 к3;sch825uv.mskobr.ru;55.710 37.754;education
ГБОУ города Москвы школа № 641 имени Сергея Есенина;+7 (499) 179-91-48;;ул. Юных Ленинцев, 45, корп. 2, Москва;sch641uv.mskobr.ru;55.702 37.754;education
ГБОУ города Москвы школа № 641 имени Сергея Есенина;+7 (499) 172-36-36;;Волгоградский просп., 66, корп. 5, Москва;sch641uv.mskobr.ru;55.704 37.756;education
Школа №825 с дошкольным отделением;+7 (499) 177-26-88;;Волгоградский просп., 103, корп. 6, Москва;sch825uv.mskobr.ru;55.710 37.757;education
Средняя общеобразовательная школа № 825, корпус 1;+7 (499) 177-62-78;;Окская ул., 16, корп. 3, Москва;sch825uv.mskobr.ru;55.711 37.758;education
ГБОУ города Москвы школа № 641 имени Сергея Есенина;+7 (499) 178-07-68;;Волгоградский просп., 68, корп. 4, Москва;sch641uv.mskobr.ru;55.705 37.758;education
ГБОУ города Москвы школа № 641 имени Сергея Есенина;+7 (499) 172-47-46;;Волгоградский просп., 74, корп. 4, Москва;sch641uv.mskobr.ru;55.704 37.760;education
Школа Кузьминки с дошкольным отделением;+7 (499) 172-68-43, +7 (499) 175-95-10, +7 (499) 742-65-71, +7 (499) 746-52-53, +7 (499) 746-52-50;;Зеленодольская ул., 41, корп. 3, Москва;sch2091.mskobr.ru;55.703 37.769;education
Школа №1208 им. Героя Советского Союза М.С. Шумилова с дошкольным отделением;+7 (499) 172-78-49;;улица Зеленодольская, 33 к2;sch1208uv.mskobr.ru;55.707 37.771;education
ГБОУ школа имени Маршала В. И. Чуйкова;+7 (499) 172-06-05;;Зеленодольская ул., 32, корп. 6, стр. 7, Москва;schuv.mskobr.ru;55.712 37.766;education
ГБОУ г. Москвы школа Кузьминки, дошкольное отделение Солнечный город;+7 (499) 172-38-02;;ул. Юных Ленинцев, 75, корп. 2, Москва;sch2091.mskobr.ru;55.701 37.770;education
Государственное бюджетное общеобразовательное учреждение города Москвы школа № 1208 имени Героя Советского Союза М. С. Шумилова;+7 (499) 172-59-60, +7 (499) 379-72-16;;ул. Шумилова, 2, корп. 2, стр. 15, Москва;sch1208uv.mskobr.ru;55.708 37.770;education
ГБОУ города Москвы школа № 1208 им. Героя Советского Союза М. С. Шумилова, корпус № 7;+7 (495) 379-72-16, +7 (499) 175-83-74;;ул. Шумилова, 14, корп. 2, Москва;sch1208uv.mskobr.ru;55.707 37.774;education
Государственное бюджетное общеобразовательное учреждение города Москвы школа Кузьминки;+7 (499) 742-65-73, +7 (499) 742-65-72;;Есенинский бул., 14, корп. 2, Москва;sch2091.mskobr.ru;55.701 37.775;education
Школа №2090 им. Л.Х. Паперника с дошкольным отделением;+7 (529) 058-60-00, +7 (495) 378-24-47;;4-я Новокузьминская ул., 3, Москва;sch2090uv.mskobr.ru;55.709 37.793;education
Школа №1420 с дошкольным отделением;+7 (495) 379-82-54, +7 (495) 379-06-11;;ул. Академика Скрябина, 36, корп. 3, Москва;sch1420uv.mskobr.ru;55.700 37.787;education
Школа им. Маршала В.И. Чуйкова с дошкольным отделением;+7 (495) 378-92-80, +7 (495) 378-47-84;;Волгоградский просп., 157, корп. 4, Москва;schuv.mskobr.ru;55.706 37.787;education
Мини-школа, частная школа;+7 (499) 172-18-50;;Кузьминская ул., 6, стр. 2, Москва;miniskola.mskobr.ru;55.694 37.788;education
Школа №1363 с дошкольным отделением;+7 (495) 919-01-71;;Ферганская ул., 7, Москва;sch1363uv.mskobr.ru;55.712 37.805;education
ГБОУ Школа № 1420, корпус № 17;+7 (495) 377-62-29, +7 (495) 376-78-38, +7 (495) 376-45-35;;ул. Чугунные Ворота, 11, Москва;sch1420uv.mskobr.ru;55.695 37.800;education
Школа №1420 с дошкольным отделением;+7 (495) 376-79-17;;Ташкентская ул., 22, корп. 4, Москва;sch1420uv.mskobr.ru;55.703 37.810;education
ГБОУ школа № 1420, корпус № 10;+7 (495) 372-05-61;;Ташкентская ул., 27, корп. 4, стр. 5, Москва;ts-zvezda.ru , sch1420uv.mskobr.ru;55.698 37.812;education
ГБОУ школа № 1363, УК 5;+7 (499) 172-08-80, +7 (499) 175-64-13;;Сормовская ул., 5, Москва;sad931.ucoz.ru , sch1363uv.mskobr.ru;55.710 37.813;education
Школа №1363 с дошкольным отделением;+7 (495) 377-90-81;;Ферганский пр., 10, корп. 4, Москва;sch1363uv.mskobr.ru;55.697 37.818;education
ГБОУ школа 1420, Дошкольное отделение корпус № 6;+7 (495) 372-92-60, +7 (495) 372-10-02;;Самаркандский бул., 22, корп. 2, Москва;sch1420uv.mskobr.ru;55.702 37.819;education
Школа №1420 с дошкольным отделением;+7 (495) 376-41-86, +7 (495) 372-22-11, +7 (495) 372-23-20;;Самаркандский бул., 11, корп. 2, Москва;sch1420uv.mskobr.ru;55.699 37.823;education
Государственное бюджетное общеобразовательное учреждение города Москвы школа № 1359 имени авиаконструктора М. Л. Миля, школьное здание № 4;+7 (495) 705-59-24, +7 (495) 705-53-32;;Привольная ул., 17, корп. 1, Москва;sch1359uv.mskobr.ru;55.699 37.840;education
Государственное бюджетное общеобразовательное учреждение города Москвы школа № 1359 имени авиаконструктора М. Л. Миля, дошкольное здание № 1;+7 (495) 705-54-29, +7 (495) 705-79-98;;Пронская ул., 4, корп. 2, Москва;sch1359uv.mskobr.ru;55.702 37.844;education
ГБОУ города Москвы школа № 1359 имени авиаконструктора М. Л. Миля, школьное здание № 1;+7 (495) 705-57-00;;Пронская ул., 4, корп. 1, Москва;sch1359uv.mskobr.ru;55.701 37.845;education
Государственное бюджетное общеобразовательное учреждение города Москвы школа № 1359 имени авиаконструктора М. Л. Миля, школьное здание № 3;+7 (495) 705-57-59, +7 (499) 746-12-01, +7 (495) 705-61-96;;Лермонтовский просп., 14, корп. 2, Москва;sch1359uv.mskobr.ru;55.697 37.855;education
ГБОУ школа № 2031, Дошкольные группы;+7 (495) 700-25-13, +7 (499) 721-72-82;;Большая Косинская ул., 18, корп. 1, Москва;sch2031.mskobr.ru;55.711 37.859;education
Средняя общеобразовательная школа №2036 с дошкольным отделением;+7 (495) 700-45-40, +7 (499) 797-34-12, +7 (495) 700-34-31;+7 (985) 334-12-45;Златоустовская ул., 3, стр. 5, Москва;;55.704 37.865;education
Средняя общеобразовательная школа №2036 с дошкольным отделением;+7 (499) 721-35-15, +7 (499) 721-19-93;;ул. Дмитриевского, 5, Москва;;55.710 37.885;education
ГБОУ школа № 2031, Дошкольные группы;+7 (499) 721-74-02;+7 (969) 087-37-95;Святоозёрская ул., 20, Москва;sch2031.mskobr.ru;55.712 37.891;education
ГБОУ школа № 2031, Начальное образование;+7 (499) 721-72-83;;ул. Дмитриевского, 13, стр. 1, Москва;sch2031.mskobr.ru;55.710 37.892;education
ГБОУ школа № 2031, дошкольные отделение;+7 (499) 797-00-01;;ул. Дмитриевского, 19, Москва;sch2031.mskobr.ru;55.710 37.895;education
Средняя общеобразовательная школа №2053 с дошкольным отделением;+7 (495) 700-99-77, +7 (529) 057-40-00;+7 (985) 931-43-72;Покровская ул., 35, Москва;sch2053.mskobr.ru;55.706 37.919;education
Средняя общеобразовательная школа №2051 с дошкольным отделением;+7 (499) 588-00-50, +7 (499) 995-31-57;;просп. Защитников Москвы, 3, корп. 2, Москва;sch2051uv-new.mskobr.ru;55.700 37.915;education
Средняя общеобразовательная школа №2051 с дошкольным отделением;+7 (499) 995-31-63;;Рождественская ул., 10, корп. 2, Москва;sch2051uv-new.mskobr.ru;55.701 37.916;education
Средняя общеобразовательная школа №2051 с дошкольным отделением;;+7 (916) 442-38-79;просп. Защитников Москвы, 9, корп. 2, Москва;sch2051uv-new.mskobr.ru;55.702 37.919;education
Средняя общеобразовательная школа №2051 с дошкольным отделением;+7 (495) 967-86-21;;Покровская ул., 29, Москва;sch2051uv-new.mskobr.ru;55.704 37.922;education
Средняя общеобразовательная школа №2051 с дошкольным отделением;+7 (499) 588-00-51, +7 (499) 670-90-40, +7 (499) 588-00-48;;ул. Недорубова, 5А, Москва;sch2051uv-new.mskobr.ru;55.700 37.929;education
Школа №2048 с дошкольным отделением;+7 (495) 123-88-08, +7 (495) 700-72-72;;ул. Липчанского, 6А, Москва;2048.mskobr.ru;55.704 37.938;education
VitaGYM;;+7 (963) 716-41-16, +7 (966) 888-17-64;ул. Липчанского, 4, корп. 2, Москва;vitagym.club;55.704 37.936;education
Школа № 1400, отделение дополнительного образования;+7 (495) 448-92-59;;ул. Говорова, 7, Москва;sch1400z.mskobr.ru;55.718 37.394;education
Западный комплекс непрерывного образования;+7 (495) 446-34-73, +7 (495) 446-50-00;;ул. Толбухина, 7, корп. 3, Москва;zkno.mskobr.ru;55.720 37.398;education
Школа №806 с дошкольным отделением;+7 (495) 417-23-74;+7 (917) 539-38-81;Партизанская ул., 11, Москва;sch806.mskobr.ru;55.731 37.411;education
Гимназия во имя апостола евангелиста Иоанна Богослова;+7 (495) 416-62-65, +7 (495) 416-41-93;;Партизанская ул., 7, корп. 2, Москва;nouschib.mskobr.ru , orthoschool.ru;55.730 37.411;education
Государственное бюджетное общеобразовательное учреждение города Москвы школа № 1400, здание № 3;;+7 (916) 511-40-58;ул. Кутузова, 20, Москва;sch1400z.mskobr.ru;55.723 37.415;education
Школа №1195 с дошкольным отделением;+7 (495) 444-65-62;;Дорогобужская ул., 13, Москва;sch1195.mskobr.ru;55.717 37.416;education
Средняя общеобразовательная школа №1195 с дошкольным отделением;+7 (495) 440-29-93;;Можайское ш., 18, корп. 2, Москва;sch587.mskobr.ru , sch1195.mskobr.ru;55.722 37.429;education
ГБОУ Средняя общеобразовательная школа № 1195;+7 (495) 444-45-88, +7 (495) 443-32-14;;Рябиновая ул., 8, корп. 2, Москва;sch1195.mskobr.ru;55.717 37.420;education
Ломоносовская школа, общеобразовательная школа с дошкольным отделением;+7 (495) 800-55-55;;Можайское ш., 31, корп. 2, Москва;lomon.ru;55.718 37.421;education
Средняя общеобразовательная школа №1195 с дошкольным отделением;+7 (495) 448-50-04, +7 (495) 446-22-40, +7 (495) 444-27-14;+7 (906) 092-15-80;ул. Красных Зорь, 61, Москва;sch587.mskobr.ru , sch1195.mskobr.ru;55.725 37.427;education
Государственное бюджетное общеобразовательное учреждение школа № 887;+7 (495) 443-23-75;;ул. Ивана Франко, 28, корп. 3, Москва;;55.729 37.427;education
ГБОУ школа № 887 дошкольное отделение;+7 (499) 149-33-00;+7 (926) 132-52-70;Молдавская ул., 10, Москва;;55.732 37.437;education
Западный комплекс непрерывного образования;+7 (495) 443-73-93;;ул. Ращупкина, 3, Москва;zkno.mskobr.ru;55.725 37.444;education
Rybakov Playschool, школа и детский сад;;+7 (903) 003-35-56;Гжатская ул., 5, корп. 4, Москва;partners.playschool.ru , playschool.ru;55.713 37.437;education
Велосипедная парковка № 32003 школа № 97;;+7 (968) 684-43-18, +7 (915) 355-06-27;Кременчугская ул., 46, Москва;sch97z.mskobr.ru;55.712 37.456;education
Школа №97 с дошкольным отделением;+7 (495) 443-42-49;;ул. Артамонова, 11, Москва;sch97z.mskobr.ru;55.719 37.457;education
ГБОУ Средняя общеобразовательная школа № 97;+7 (499) 445-09-43, +7 (499) 445-09-42, +7 (499) 445-47-35, +7 (499) 445-09-40;;ул. Артамонова, 2, Москва;sch97z.mskobr.ru;55.720 37.461;education
Школа № 1589;+7 (495) 444-33-75, +7 (495) 444-25-71, +7 (495) 444-31-05;;Инициативная ул., 1, Москва;lycc1589.mskobr.ru;55.717 37.460;education
Ломоносовская музыкальная школа;+7 (495) 685-95-08, +7 (495) 983-31-86, +7 (495) 730-20-15;+7 (906) 029-78-47;Аминьевское ш., 18, корп. 4, Москва;lomon.ru;55.714 37.456;education
Государственное бюджетное общеобразовательное учреждение города Москвы Первый Московский кадетский корпус;+7 (499) 144-79-18, +7 (495) 611-53-21;;Кастанаевская ул., 59, корп. 1, Москва;kdsch1s.mskobr.ru;55.731 37.456;education
Маяк, детский центр развития;+7 (499) 445-15-44, +7 (495) 507-31-40;+7 (905) 550-81-43, +7 (925) 602-36-10, +7 (925) 507-31-40;Кременчугская ул., 3, корп. 2, Москва;mayakschool.ru;55.724 37.463;education
ГБОУ школа № 1248, школьное здание № 3;+7 (499) 445-17-34, +7 (499) 445-59-50, +7 (499) 445-07-49, +7 (499) 792-66-13, +7 (499) 445-00-94;;Славянский бул., 11, корп. 3, Москва;sch1248.mskobr.ru , school1248.taplink.ws;55.724 37.466;education
Школа №1248 с дошкольным отделением;+7 (499) 449-09-10;;Давыдковская ул., 14, корп. 1, Москва;sch1248.mskobr.ru , school1248.taplink.ws;55.721 37.468;education
Московская Монтессори школа;+7 (495) 721-50-04;+7 (903) 721-50-04;Староволынская ул., 12, корп. 3, Москва;mosmontessori.ru;55.715 37.476;education
ГБОУ Средняя общеобразовательная школа № 814, учебный корпус № 5;+7 (495) 441-74-11, +7 (495) 441-71-22;;Веерная ул., 38, корп. 2, Москва;sch814z.mskobr.ru;55.714 37.483;education
Средняя общеобразовательная школа № 1699;+7 (495) 620-81-89, +7 (499) 445-42-49;;Давыдковская ул., 1, стр. 2, Москва;sch1699-udprf.com;55.729 37.483;education
ГБОУ Шуваловская школа № 1448, отделение Мосфильмовское;+7 (495) 147-65-24, +7 (499) 147-25-80;+7 (926) 467-53-07;ул. Довженко, 10, Москва;sch1448.mskobr.ru;55.721 37.512;education
Школа №1586 с дошкольным отделением, 2 корпус;+7 (499) 143-03-06;;Мосфильмовская ул., 21, Москва;1586.mskobr.ru;55.714 37.515;education
Государственное бюджетное общеобразовательное учреждение города Москвы школа № 74;+7 (499) 143-08-75, +7 (499) 143-09-95;;ул. Пырьева, 11, Москва;sch74.mskobr.ru;55.728 37.523;education
Наши традиции, частная школа;+7 (495) 988-89-07, +7 (495) 988-89-06, +7 (495) 988-89-05;;Мичуринский просп., 6, корп. 4, Москва;nashitraditsii.ru;55.714 37.525;education
ГБПОУ Московский образовательный комплекс Запад;+7 (499) 141-55-23, +7 (499) 141-24-86, +7 (499) 795-51-94, +7 (499) 140-70-93, +7 (499) 141-86-75, +7 (499) 144-57-39, +7 (499) 240-84-20;+7 (910) 494-08-83;2-й Сетуньский пр., 12, корп. 1, Москва;zapad.mskobr.ru;55.731 37.536;education
ГБОУ школа № 171, корпус № 3;+7 (499) 242-45-58, +7 (499) 246-87-09;;Усачёва ул., 66, Москва;sch171c.mskobr.ru , shkola-45.ru;55.724 37.560;education
Школа № 1535;+7 (499) 246-08-06, +7 (499) 245-57-42, +7 (499) 245-75-43, +7 (495) 800-15-35, +7 (499) 245-47-40;;Малый Саввинский пер., 8, Москва;lyc1535.mskobr.ru;55.731 37.562;education
ГБОУ школа № 1535;;+7 (903) 008-04-57, +7 (903) 014-69-08, +7 (925) 910-31-73, +7 (966) 146-49-06, +7 (903) 008-56-36, +7 (915) 338-26-27, +7 (905) 564-52-59;Усачёва ул., 50, Москва;liceum1535.ru , lyc1535.mskobr.ru;55.726 37.565;education
Филипповская школа, начальная школа;+7 (499) 245-56-20, +7 (495) 708-34-90;;Усачёва ул., 52, Москва;fschool.ru;55.726 37.564;education
Средняя общеобразовательная школа № 171, школьный корпус № 2;+7 (499) 242-69-78, +7 (499) 242-05-74, +7 (499) 242-10-21;;Комсомольский просп., 43, стр. 1, Москва;sch171c.mskobr.ru;55.719 37.575;education
Виктория-2000, средняя общеобразовательная школа;+7 (499) 242-30-59;+7 (985) 244-43-87;ул. Хамовнический Вал, 4, Москва;viktoria2000.ru;55.717 37.577;education
ГБОУ школа № 171, школьный корпус № 1;+7 (499) 242-58-59;+7 (910) 446-78-83;2-я Фрунзенская ул., 7А, Москва;sch171.ru , sch171c.mskobr.ru;55.722 37.580;education
Новый взгляд, частная начальная школа;+7 (495) 129-41-28, +7 (495) 445-55-99;;Усачёва ул., 1, стр. 1, Москва;garden.study;55.730 37.576;education
Золотое сечение, частная школа;+7 (499) 242-31-94, +7 (499) 242-41-44, +7 (499) 242-76-82;+7 (985) 766-18-39;Фрунзенская наб., 50, Москва;theschool.ru;55.719 37.578;education
Школа №630 им. дважды Героя Советского Союза Г.П. Кравченко с дошкольным отделением;+7 (495) 954-47-04, +7 (495) 954-49-07, +7 (495) 952-11-30;+7 (903) 114-76-65;Ленинский просп., 18А, Москва;sch630.mskobr.ru;55.718 37.593;education
Бауманская инженерная школа № 1580, корпус № 3;+7 (495) 954-37-93;;ул. Стасовой, 8, Москва;lycu1580.mskobr.ru;55.714 37.595;education
Воробьевы горы, образовательный комплекс;+7 (499) 237-67-78;+7 (926) 597-64-12;Донская ул., 37, Москва;dnttm.su , dvorecpionerov.pulse.is;55.719 37.605;education
Свято-Димитриевская православная общеобразовательная школа;+7 (499) 705-88-40, +7 (499) 236-98-83;+7 (977) 412-91-63, +7 (930) 974-47-29, +7 (916) 471-32-45, +7 (963) 612-44-42, +7 (915) 368-96-69, +7 (916) 377-46-65;Ленинский просп., 8, корп. 12, Москва;pravschool.ru;55.723 37.601;education
Школа № 1799;+7 (495) 951-28-28, +7 (499) 237-40-62;;Донская ул., 10, Москва;lic1799.mskobr.ru , sch1799.mskobr.ru;55.723 37.606;education
Школа № 1799;+7 (495) 952-50-24, +7 (499) 236-47-19, +7 (499) 237-09-91, +7 (495) 951-32-06, +7 (495) 952-42-41, +7 (499) 236-03-71;;Донская ул., 21, Москва;lic1799.mskobr.ru , sch1799.mskobr.ru;55.723 37.608;education
Школа №630 им. дважды Героя Советского Союза Г.П. Кравченко с дошкольным отделением;+7 (495) 954-53-23;;Хавская ул., 15, стр. 3, Москва;sch630.mskobr.ru;55.713 37.614;education
Школа № 627 имени генерала Д. Д. Лелюшенко;+7 (495) 959-78-31, +7 (528) 656-00-00, +7 (499) 238-10-90;;Житная ул., 6, Москва;sch627.mskobr.ru , sch1262.ru;55.730 37.621;education
ГБОУ школа № 627, Учебный корпус № 7;+7 (495) 959-88-50;;1-й Люсиновский пер., 5, Москва;vsesadiki.ru , sch627.mskobr.ru;55.727 37.621;education
Школа №630 им. дважды Героя Советского Союза Г.П. Кравченко с дошкольным отделением;+7 (499) 237-26-58, +7 (499) 236-40-64;+7 (915) 253-64-88;Мытная ул., 50, корп. 3, Москва;sch630.mskobr.ru;55.719 37.617;education
Школа №627 с дошкольным отделением, Учебный корпус №5;+7 (499) 236-74-10;;Люсиновская ул., 31, стр. 1, Москва;sch627.mskobr.ru;55.724 37.624;education
Школа №1257 с дошкольным отделением;+7 (495) 952-78-38, +7 (495) 952-65-24, +7 (495) 952-84-09, +7 (495) 952-81-57, +7 (495) 633-85-08;;Павловская ул., 8А, Москва;gym1257u.mskobr.ru;55.714 37.626;education
ГБОУ г. Москвы школа № 627 имени генерала Д. Д. Лелюшенко, отделение № 4;+7 (499) 236-52-14;;Стремянный пер., 33/35, Москва;1060.ru , sch627.mskobr.ru;55.726 37.628;education
Школа № 627 имени генерала Д. Д. Лелюшенко;+7 (499) 235-71-44;;Дубининская ул., 42, Москва;sch627.mskobr.ru;55.724 37.635;education
Viva Cuba, студия танцев;+7 (499) 755-85-17;+7 (909) 912-07-74;1-й Кожевнический пер., 8, Москва;vivacuba.studio;55.727 37.647;education
Школа имени В. И. Вернадского № 1553;+7 (495) 959-78-06, +7 (495) 959-77-38, +7 (495) 959-76-71;;Дербеневская ул., 13, Москва;1553.ru , lycu1553.mskobr.ru;55.721 37.649;education
Школа имени В. В. Маяковского, учебный корпус Пролетарка;+7 (495) 674-06-09;;ул. Крутицкий Вал, 5, Москва;mayak.mskobr.ru;55.729 37.666;education
Школа №498 с дошкольным отделением;+7 (495) 677-16-46, +7 (495) 911-31-66, +7 (495) 911-37-66, +7 (495) 677-16-30;;2-я Дубровская ул., 3, Москва;sch498.mskobr.ru;55.729 37.671;education
Международная Ломоносовская гимназия;+7 (495) 117-93-64;+7 (915) 390-19-10, +7 (916) 157-12-98;Шарикоподшипниковская ул., 30А, корп. 1, Москва;lomonosovschool.mskobr.ru;55.717 37.672;education
Эрудит;+7 (499) 647-60-02;+7 (904) 567-32-03;Нижегородская ул., 80, корп. 2, Москва;erudite.ru , kids.erudite.ru;55.731 37.715;education
Школа №1367 с дошкольным отделением, Центр кадетского образования;+7 (499) 754-13-67;;2-й Саратовский пр., 4, Москва;lyc1367uv.mskobr.ru;55.714 37.738;education
ГБОУ г. Москвы школа № 1367, здание № 4;+7 (499) 177-76-11, +7 (499) 177-56-92;;Волжский бул., 6, корп. 3, Москва;lyc1367uv.mskobr.ru;55.717 37.737;education
ГБОУ г. Москвы школа № 1367, здание № 3;;+7 (964) 581-22-30;Саратовская ул., 16, корп. 2, Москва;lyc1367uv.mskobr.ru , 1367.ru;55.714 37.741;education
Средняя общеобразовательная школа №1222 им. Маршала Советского Союза И.Х. Баграмяна с дошкольным отделением;+7 (495) 678-00-34, +7 (499) 171-03-60;+7 (903) 777-77-18;Орехово-Зуевский пр., 4, Москва;sch1222uv.mskobr.ru;55.731 37.745;education
Государственное бюджетное общеобразовательное учреждение города Москвы школа № 1208 имени Героя Советского Союза М. С. Шумилова;+7 (499) 175-43-35, +7 (499) 742-94-85, +7 (499) 172-29-89, +7 (499) 796-22-60;;Васильцовский пер., 1, Москва;sch1208uv.mskobr.ru;55.717 37.749;education
Школа №777 им. Героя Советского Союза Е.В. Михайлова с дошкольным отделением, Школьное отделение №2;+7 (499) 171-93-49, +7 (499) 171-96-10, +7 (495) 371-67-02;;Шатурская ул., 1, Москва;sch777uv.mskobr.ru;55.730 37.765;education
Школа № 777 имени Е. В. Михайлова, дошкольное отделение № 2;+7 (499) 784-41-04;;Рязанский просп., 45, корп. 2, Москва;sch777uv.mskobr.ru;55.727 37.762;education
Школа №777 им. Героя Советского Союза Е.В. Михайлова с дошкольным отделением;+7 (499) 171-17-40;;ул. Михайлова, 24, корп. 3, Москва;sch777uv.mskobr.ru;55.725 37.769;education
ГБОУ Средняя общеобразовательная школа № 777 с дошкольным отделением № 3;+7 (499) 171-29-83;;Рязанский просп., 55/1, Москва;sch777uv.mskobr.ru;55.724 37.769;education
Школа №777 им. Героя Советского Союза Е.В. Михайлова с дошкольным отделением;+7 (499) 171-27-07;;2-й Пятигорский пр., 5, корп. 1, Москва;sch777uv.mskobr.ru;55.725 37.770;education
Школа №777 им. Героя Советского Союза Е.В. Михайлова с дошкольным отделением;+7 (499) 171-68-51;;ул. Михайлова, 43, корп. 2, Москва;sch777uv.mskobr.ru;55.723 37.783;education
ГБОУ города Москвы школа № 2090 имени Героя Советского Союза Л. Х. Паперника;+7 (495) 709-77-78;+7 (916) 911-19-32;1-я Новокузьминская ул., 20, корп. 4, Москва;1314.ru , sch2090uv.mskobr.ru;55.713 37.789;education
Личность, частная школа;+7 (495) 371-55-92, +7 (495) 371-59-00, +7 (495) 643-89-60;+7 (985) 643-89-60, +7 (909) 689-26-45;ул. Паперника, 6, корп. 2, Москва;school-lichnost.ru;55.719 37.789;education
ГБОУ школа № 2090 им. Героя Советского Союза Л. Х. Паперника;+7 (495) 919-43-43;;1-я Новокузьминская ул., 21, Москва;sch2090uv.mskobr.ru;55.714 37.792;education
Школа №777 им. Героя Советского Союза Е.В. Михайлова с дошкольным отделением;+7 (495) 371-02-31;;4-й Вешняковский пр., 1, корп. 2, Москва;sch777uv.mskobr.ru;55.719 37.793;education
Школа №777 им. Героя Советского Союза Е.В. Михайлова с дошкольным отделением;+7 (495) 371-05-83, +7 (495) 371-16-71;+7 (929) 619-31-81;4-й Вешняковский пр., 3, стр. 1, Москва;sch777uv.mskobr.ru;55.720 37.794;education
Школа №777 им. Героя Советского Союза Е.В. Михайлова с дошкольным отделением;+7 (495) 371-55-09, +7 (495) 371-31-01, +7 (495) 371-80-80;+7 (916) 132-11-48;ул. Вострухина, 4, корп. 2, Москва;sch777uv.mskobr.ru;55.718 37.800;education
Школа №777 им. Героя Советского Союза Е.В. Михайлова с дошкольным отделением;+7 (495) 371-97-81, +7 (495) 371-00-35, +7 (495) 371-05-63;;Рязанский просп., 89, корп. 2, Москва;sch777uv.mskobr.ru;55.717 37.802;education
Школа №777 им. Героя Советского Союза Е.В. Михайлова с дошкольным отделением;+7 (495) 371-96-84;;Рязанский просп., 89, корп. 3, Москва;sch777uv.mskobr.ru;55.719 37.803;education
Школа №1363 с дошкольным отделением;+7 (495) 371-78-61;;Рязанский просп., 68, корп. 2, Москва;sch1363uv.mskobr.ru;55.713 37.806;education
ГБОУ города Москвы школа № 1512;+7 (499) 374-77-45, +7 (499) 374-77-44, +7 (499) 374-12-60;;ул. Красный Казанец, 3А, Москва;sch1512.mskobr.ru;55.724 37.807;education
"Школа ""Ирида""";+7 (118) 991-18-99, +7 (499) 374-71-82;+7 (915) 404-49-09;ул. Юности, 5, стр. 6, Москва;iridaschool.ru;55.730 37.812;education
ГБОУ города Москвы школа № 1512;+7 (499) 373-64-61;;Снайперская ул., 11А, Москва;sch1512.mskobr.ru;55.720 37.814;education
ГБОУ школа № 1512 Дошкольное отделение № 1150;+7 (495) 375-70-02;;ул. Молдагуловой, 30А, Москва;sch1512.mskobr.ru;55.719 37.827;education
Гамма, школа №1404 с дошкольным отделением;+7 (499) 373-68-40, +7 (499) 261-03-43, +7 (499) 373-78-00, +7 (495) 964-45-22, +7 (499) 268-46-30, +7 (495) 466-59-01;+7 (910) 451-46-29;Косинская ул., 28А, Москва;gym1404.mskobr.ru;55.716 37.828;education
ГБОУ школа № 1512;+7 (495) 375-70-17;;ул. Молдагуловой, 30Б, Москва;sch1512.mskobr.ru;55.719 37.828;education
ГБОУ города Москвы школа № 1512;;+7 (926) 275-68-06;Косинская ул., 24А, Москва;sch1512.mskobr.ru;55.719 37.830;education
ГБОУ школа № 402, школьное отделение Мой профиль;+7 (495) 375-59-11, +7 (495) 375-62-91, +7 (495) 375-71-31;+7 (905) 554-29-76, +7 (916) 098-22-38;Косинская ул., 10А, Москва;sch1512.mskobr.ru;55.724 37.834;education
ГБОУ школа № 2031, дошкольные группы;+7 (495) 700-00-60;;Оренбургская ул., 10, Москва;sch2031.mskobr.ru;55.713 37.860;education
Частное общеобразовательное учреждение Православная школа Косинская;+7 (495) 700-00-02;;Большая Косинская ул., 42, Москва;noukosin.mskobr.ru;55.719 37.858;education
ГБОУ школа № 2026, учебный корпус № 11;+7 (499) 721-06-87, +7 (499) 721-45-40, +7 (499) 721-12-27, +7 (499) 721-33-70;;ул. Медведева, 6, Москва;sch2026v.mskobr.ru;55.718 37.883;education
Средняя общеобразовательная школа №2036 с дошкольным отделением, дошкольное отделение;+7 (499) 721-63-60, +7 (499) 721-63-61;;ул. Татьяны Макаровой, 12, Москва;;55.712 37.888;education
Средняя общеобразовательная школа №2036 с дошкольным отделением, Корпус №3;+7 (499) 721-60-02, +7 (499) 721-60-03;;ул. Руднёвка, 10, Москва;;55.715 37.890;education
ГБОУ школа № 2036, дошкольное отделение;+7 (499) 721-49-80;;Святоозёрская ул., 6, Москва;;55.713 37.883;education
ГБОУ школа № 2031, Дошкольные группы;+7 (499) 721-55-58, +7 (499) 721-55-43;;ул. Медведева, 14, Москва;sch2031.mskobr.ru;55.718 37.895;education
ГБОУ школа № 2026, учебный корпус № 13;+7 (499) 797-60-81, +7 (499) 797-60-80;;Лухмановская ул., 13Б, Москва;sch2026v.mskobr.ru;55.721 37.895;education
ГБОУ школа № 2031;+7 (499) 721-52-03, +7 (499) 721-52-04;;Святоозёрская ул., 17, стр. 1, Москва;sch2031.mskobr.ru;55.714 37.896;education
Центр Юсст, частная школа;+7 (495) 970-06-89;+7 (968) 985-73-72;улица Академика Павлова, 12 к3;centerusst.com;55.740 37.401;education
Школа №1293 с углубленным изучением иностранного языка, с дошкольным отделением;+7 (499) 141-24-05, +7 (499) 141-01-81, +7 (499) 141-45-19;;Партизанская ул., 39, Москва;sch1293.mskobr.ru;55.738 37.405;education
Грата, Монтессори-школа;+7 (495) 136-95-36, +7 (495) 230-52-26;+7 (916) 287-45-87, +7 (968) 859-81-06;ул. Академика Павлова, 12, корп. 3, Москва;msgrata.ru;55.740 37.400;education
ГБОУ Первый Московский кадетский корпус;+7 (499) 141-10-06, +7 (499) 141-45-01;;Оршанская ул., 14, Москва;1mkk.mskobr.ru , kdsch1s.mskobr.ru;55.742 37.408;education
Школа №1293 с углубленным изучением иностранного языка, с дошкольным отделением;+7 (499) 141-12-69, +7 (499) 140-52-01, +7 (499) 141-41-40, +7 (499) 141-40-95;;Оршанская ул., 10, корп. 2, Москва;sch1293.mskobr.ru;55.742 37.411;education
Школа №1293 с углубленным изучением иностранного языка, с дошкольным отделением;+7 (499) 140-35-73, +7 (495) 630-30-78, +7 (499) 141-04-00;;Оршанская ул., 10, корп. 1, Москва;sch1293.mskobr.ru;55.743 37.411;education
Олимп-плюс, средняя общеобразовательная школа;+7 (499) 141-75-93, +7 (499) 141-55-78;;Рублёвское ш., 121, Москва;nouolimpplus.mskobr.ru;55.747 37.412;education
ГБОУ школа № 64, школьное подразделение здание 1;+7 (499) 141-24-07, +7 (499) 141-41-38;;Партизанская ул., 30, корп. 2, Москва;sch64.mskobr.ru;55.736 37.414;education
ГБОУ школа № 1133;+7 (526) 856-00-00, +7 (495) 413-02-24, +7 (495) 413-77-55;;ул. Крылатские Холмы, 13, Москва;sch1440.mskobr.ru , sch1133.mskobr.ru;55.751 37.419;education
Государственное бюджетное общеобразовательное учреждение школа № 887;+7 (495) 417-93-19;;Ельнинская ул., 24, Москва;;55.740 37.420;education
Школа №806 с дошкольным отделением;+7 (495) 417-92-20, +7 (495) 416-04-20;;Полоцкая ул., 21, Москва;sch806.mskobr.ru;55.732 37.424;education
ГБОУ школа № 64 дошкольная группа № 2;+7 (499) 140-08-49, +7 (499) 140-08-50;;Молодогвардейская ул., 34, корп. 1, Москва;sch64.mskobr.ru;55.736 37.419;education
Школа №806 с дошкольным отделением;+7 (495) 417-92-34, +7 (495) 417-25-33, +7 (495) 417-92-29;;Молодогвардейская ул., 19, корп. 2, Москва;sch806.mskobr.ru;55.732 37.422;education
Частное учреждение дошкольная образовательная организация детский сад № 199;+7 (499) 141-75-89, +7 (499) 141-81-57, +7 (499) 141-80-00;+7 (915) 179-36-50;Ельнинская ул., 18, корп. 3, Москва;detsad199.msk.ru;55.740 37.423;education
Государственное бюджетное общеобразовательное учреждение школа № 887, дошкольное отделение Радуга;+7 (499) 141-50-01;;Рублёвское ш., 95, корп. 2, Москва;;55.741 37.424;education
Школа №1584 с дошкольным отделением;+7 (495) 415-48-50, +7 (495) 415-76-24;;Рублёвское ш., 24, корп. 3, Москва;sch1584.mskobr.ru;55.745 37.429;education
ГБОУ Начальная школа № 1584;+7 (495) 413-34-91, +7 (495) 413-34-67;;Рублёвское ш., 24, корп. 4, Москва;sch1584.mskobr.ru;55.745 37.430;education
Государственное бюджетное общеобразовательное учреждение школа № 887;+7 (499) 141-15-25, +7 (499) 141-15-53, +7 (499) 141-15-63;;Истринская ул., 3, корп. 1, Москва;;55.737 37.431;education
Классика;+7 (495) 755-28-20;;Рублёвское ш., 14, корп. 1, Москва;golden-kids.com;55.740 37.436;education
Английский детский сад;;+7 (903) 755-28-20;Рублёвское ш., 14, корп. 1, Москва;golden-kids.com;55.740 37.436;education
Школа Имтп;+7 (499) 144-01-25;+7 (968) 617-78-78;Молодогвардейская ул., 4, корп. 1, Москва;school.imtp.ru;55.734 37.439;education
Школа № 887;+7 (495) 444-72-53, +7 (495) 447-61-54, +7 (495) 620-29-95, +7 (495) 624-60-01, +7 (495) 633-65-77, +7 (495) 694-91-08, +7 (495) 957-05-85, +7 (499) 140-44-34;;Молдавская ул., 6, корп. 2, Москва;;55.732 37.440;education
Школа №2101 с дошкольным отделением;+7 (499) 792-95-05;;Кастанаевская ул., 45, Москва;sch2101.mskobr.ru;55.732 37.465;education
Школа №2101 с дошкольным отделением;+7 (499) 144-26-65;;Малая Филёвская ул., 26, корп. 2, Москва;sch2101.mskobr.ru;55.736 37.463;education
Велосипедная парковка № 32001 школа № 71;+7 (499) 144-29-90;;Большая Филёвская ул., 39, Москва;sch2101.mskobr.ru;55.742 37.478;education
Вита, медико-биологическая школа;+7 (495) 966-06-53;+7 (916) 921-88-64, +7 (916) 980-69-69;Кастанаевская ул., 29, корп. 3, Москва;vita-chastnaya-shkola.ru , vita.ru;55.734 37.480;education
Государственное бюджетное общеобразовательное учреждение города Москвы школа Интеграл;+7 (499) 144-37-82, +7 (499) 145-62-88, +7 (499) 145-21-29, +7 (499) 142-36-14, +7 (499) 148-22-96;+7 (916) 798-83-91;2-я Филёвская ул., 3, корп. 1, Москва;integral.mskobr.ru;55.735 37.491;education
Школа интеграл, школа с дошкольным отделением;+7 (499) 142-41-10, +7 (499) 142-40-90, +7 (499) 142-41-90, +7 (499) 142-42-35;;Кастанаевская ул., 9А, Москва;integral.mskobr.ru;55.738 37.496;education
ГБОУ Образовательный центр Протон;+7 (526) 859-50-00, +7 (499) 145-19-63, +7 (499) 145-14-87, +7 (499) 145-60-60;;ул. Барклая, 15, корп. 3, Москва;proton.mskobr.ru , sch1497.mskobr.ru;55.745 37.493;education
Государственное бюджетное общеобразовательное учреждение города Москвы школа Интеграл;+7 (499) 145-01-95;;Кастанаевская ул., 10, Москва;integral.mskobr.ru;55.740 37.496;education
ГБОУ Образовательный центр Протон;+7 (495) 738-40-65;;Большая Филёвская ул., 15, Москва;proton.mskobr.ru;55.748 37.498;education
Государственное бюджетное общеобразовательное учреждение города Москвы школа Интеграл;+7 (499) 145-29-95;;ул. Барклая, 5А, Москва;integral.mskobr.ru;55.739 37.502;education
Смарт Скул;;+7 (925) 239-81-81;Багратионовский пр., 5, корп. 2, Москва;smartschool.group;55.744 37.510;education
ГБОУ города Москвы школа № 67, структурное подразделение № 1;+7 (495) 134-60-60;;Кутузовский пр., 10, Москва;sch67.mskobr.ru;55.741 37.523;education
Романовская школа;+7 (528) 657-50-00, +7 (499) 254-80-83;+7 (903) 124-02-40;Мукомольный проезд, 3 ст1;;55.751 37.524;education
LITE Agency, маркетинговое агентство;+7 (495) 120-42-05;;Пресненская наб., 6, стр. 2, Москва;lite.digital;55.748 37.540;education
Эталон;+7 (495) 776-03-28;;Пресненская наб., 12, Москва;etalon.school;55.750 37.537;education
Школа №1465 им. адмирала Н.Г. Кузнецова с дошкольным отделением, Отделение №3;+7 (499) 240-05-27;;Студенческая ул., 24, Москва;sch1465.mskobr.ru;55.743 37.547;education
Государственное бюджетное общеобразовательное учреждение города Москвы школа № 56 имени академика В. А. Легасова;+7 (499) 243-63-10;;Кутузовский просп., 22, корп. 1, Москва;sch56.mskobr.ru;55.747 37.549;education
Школа №1465 им. адмирала Н.Г. Кузнецова с дошкольным отделением;+7 (499) 240-51-63;;Брянская ул., 10, Москва;sch1465.mskobr.ru;55.745 37.560;education
Школа №1465 им. адмирала Н.Г. Кузнецова с дошкольным отделением;+7 (499) 243-37-97, +7 (499) 243-54-03;;Украинский бул., 9, Москва;sch1465.mskobr.ru;55.748 37.568;education
ГКОУ школа № 2124, центр развития и коррекции;+7 (499) 261-76-78;;1-й пер. Тружеников, 18, Москва;sch2124.mskobr.ru;55.737 37.571;education
Школа №1231 им. В.Д. Поленова с дошкольным отделением;+7 (499) 241-43-84, +7 (528) 655-20-00;+7 (916) 206-59-61, +7 (915) 417-41-20, +7 (963) 636-50-61, +7 (905) 581-58-31;ул. Плющиха, 39, Москва;sch1231.mskobr.ru;55.740 37.577;education
Лев, актерская школа;;+7 (901) 187-04-17;Смоленская наб., 5/13, Москва;levschool.ru;55.750 37.576;education
Школа №1231 им. В.Д. Поленова с дошкольным отделением;;+7 (909) 920-17-88;1-й Неопалимовский пер., 10, стр. 10, Москва;sch1231.mskobr.ru;55.742 37.581;education
Школа №1234 с дошкольным отделением, немецкое отделение;+7 (499) 795-14-08, +7 (499) 795-12-16, +7 (499) 795-13-71, +7 (495) 690-65-18;+7 (965) 327-00-66, +7 (916) 312-08-31;Новинский бул., 3, стр. 2, Москва;sch1234c.mskobr.ru;55.751 37.581;education
ГБОУ Средняя общеобразовательная школа № 1529 имени А. С. Грибоедова;+7 (499) 766-98-42;;ул. Тимура Фрунзе, 28, Москва;gym1529c.mskobr.ru;55.736 37.587;education
Частная школа-пансион Дубравушка;+7 (499) 252-76-07, +7 (495) 156-15-60, +7 (495) 320-06-40, +7 (484-39) 9-71-71, +7 (4842) 50-28-00, +7 (4842) 56-08-56, +7 (495) 231-34-33, +7 (484-39) 5-88-55;+7 (910) 916-58-99, +7 (901) 145-17-65, +7 (910) 602-22-11, +7 (985) 227-97-72;Карманицкий пер., 3, Москва;pansion.dubravushka.ru , dubravushka.ru , reviews.dubravushka.ru , dubravushka-camp.ru;55.749 37.586;education
Школа №1231 им. В.Д. Поленова с дошкольным отделением;+7 (499) 241-41-25;;Спасопесковский пер., 6, стр. 7, Москва;sch1231.mskobr.ru;55.750 37.589;education
Школа №1253 с дошкольным отделением;+7 (499) 246-53-33, +7 (499) 246-61-18, +7 (499) 246-30-75, +7 (499) 246-62-80;+7 (926) 427-90-80;ул. Тимура Фрунзе, 3, стр. 2, Москва;sch1253c.mskobr.ru;55.733 37.591;education
Школа № 1529 Здание № 2 для слепых и слабовидящих детей;+7 (499) 241-00-65, +7 (499) 241-00-07;;Гагаринский пер., 20, стр. 1, Москва;gym1529c.mskobr.ru;55.745 37.593;education
Школа №1253 с дошкольным отделением;;+7 (916) 684-19-82;Зубовский бул., 5, стр. 1, Москва;sch1253c.mskobr.ru , 1253med.ru;55.735 37.592;education
Школа №1529 им. А.С. Грибоедова, отделение для детей с нарушениями слуха;+7 (499) 241-45-48, +7 (495) 695-28-90, +7 (499) 241-39-23;;Староконюшенный пер., 18, Москва;gym1529c.mskobr.ru;55.747 37.595;education
АЙЛОН, частная общеобразовательная школа на Арбате;;+7 (967) 129-79-42, +7 (901) 147-94-18;Малый Афанасьевский пер., 7, Москва;kurbatov-school.ru;55.751 37.598;education
МГЛУ, предуниверситарий;+7 (499) 766-96-34, +7 (495) 695-10-50, +7 (499) 766-93-12, +7 (495) 695-10-90, +7 (495) 637-55-97;+7 (901) 741-58-53;Хилков пер., 3А, Москва;linguanet.ru;55.737 37.598;education
ГБОУ школа № 1529 имени А. С. Грибоедова;+7 (499) 245-28-38, +7 (499) 246-82-09, +7 (499) 246-56-31;;Пречистенская наб., 1, Москва;gym1529c.mskobr.ru;55.735 37.598;education
ГБОУ школа № 57;+7 (495) 691-59-40, +7 (495) 691-54-58, +7 (495) 691-88-30;;Малый Знаменский пер., 7/10с5, Москва;sch57.ru , sch57.msk.ru;55.749 37.605;education
Средняя общеобразовательная Пироговская школа;+7 (499) 238-40-45, +7 (499) 238-40-12, +7 (499) 238-41-11;;1-й Бабьегородский пер., 5, Москва;noupirogsch.mskobr.ru , pirogovka.info;55.736 37.611;education
Школа № 1799;+7 (499) 238-85-21, +7 (499) 238-02-07;;Бродников пер., 3, Москва;lic1799.mskobr.ru , sch1799.mskobr.ru;55.737 37.618;education
Школа № 1799;+7 (495) 951-37-85;;1-й Кадашёвский пер., 3, стр. 1, Москва;lic1799.mskobr.ru , sch1799.mskobr.ru;55.744 37.621;education
Школа № 1799;+7 (495) 953-57-00;;ул. Большая Ордынка, 15, Москва;lic1799.mskobr.ru , sch1799.mskobr.ru;55.743 37.626;education
Колледж малого бизнеса № 4;+7 (495) 953-58-32, +7 (495) 678-63-33, +7 (499) 235-52-94, +7 (495) 633-28-83, +7 (499) 235-17-87, +7 (495) 633-28-90;;Пятницкая ул., 46, стр. 3, Москва;kmb-4.mskobr.ru;55.737 37.627;education
Государственное бюджетное общеобразовательное учреждение города Москвы школа № 1259;+7 (495) 953-24-47, +7 (495) 953-96-19, +7 (495) 951-62-87, +7 (495) 953-09-22, +7 (495) 953-04-16, +7 (495) 959-22-17, +7 (495) 951-46-48, +7 (495) 951-11-85;;5-й Монетчиковский пер., 7, Москва;sch1259.mskobr.ru;55.732 37.632;education
Представительство школы-пансиона Malta Crown в России;+7 (495) 797-81-52, +7 (343) 380-84-44, +7 (343) 380-84-56, +7 (347) 257-53-59, +7 (347) 284-42-05, +7 (347) 298-59-85, +7 (401) 259-30-59, +7 (495) 118-21-91, +7 (495) 517-05-29, +7 (495) 532-41-22;+7 (985) 921-95-53, +7 (921) 634-47-48, +7 (906) 107-27-77, +7 (917) 118-59-41, +7 (926) 009-34-77, +7 (982) 921-17-07, +7 (985) 285-37-67;Озерковский пер., 12, Москва;maltacrown.ru;55.741 37.635;education
ГБОУ школа № 627 им. генерала Д. Д. Лелюшенко;+7 (499) 238-16-63;;ул. Бахрушина, 24, стр. 1, Москва;sch627.mskobr.ru;55.733 37.636;education
Общеобразовательная школа в стиле постконструктивизм;+7 (495) 951-49-82, +7 (495) 951-03-41, +7 (495) 951-39-41;;Садовническая наб., 37, стр. 1, Москва;schc518.mskobr.ru;55.744 37.637;education
Колледж малого бизнеса № 4;+7 (495) 953-71-77, +7 (495) 953-25-06, +7 (495) 953-24-97;;Садовническая ул., 57А, стр. 1, Москва;kmb-4.mskobr.ru;55.740 37.641;education
Школа №2104 с дошкольным отделением;+7 (495) 915-15-72, +7 (495) 915-15-63;;1-й Котельнический пер., 5, Москва;sch2104c.mskobr.ru;55.744 37.646;education
Школа №2104 с дошкольным отделением;+7 (495) 915-64-56, +7 (495) 915-64-61, +7 (495) 915-64-36;+7 (903) 166-27-61;5-й Котельнический пер., 8, Москва;sch2104c.mskobr.ru;55.742 37.649;education
Православная Свято-Петровская школа;+7 (499) 641-03-25, +7 (495) 916-16-61;;Тессинский пер., 3, Москва;tgym.ru;55.751 37.651;education
ГБОУ школа № 498;+7 (495) 911-16-63;;ул. Малые Каменщики, 2, Москва;sch498.mskobr.ru;55.738 37.652;education
Школа сотрудничества;+7 (495) 911-27-93, +7 (495) 911-99-91;;ул. Александра Солженицына, 9А, Москва;cooperation.ru;55.743 37.656;education
Центр интенсивных технологий образования;+7 (495) 748-07-13, +7 (499) 647-50-32, +7 (495) 252-04-28, +7 (495) 781-10-30, +7 (495) 783-64-90, +7 (499) 703-31-11, +7 (499) 116-34-64;+7 (929) 633-85-80, +7 (967) 200-10-75;ул. Земляной Вал, 54, стр. 2, Москва;online.cito.ru , cito.ru , a-edu.ru;55.748 37.655;education
Центр домашнего обучения;+7 (499) 112-18-75, +7 (499) 112-25-45;;ул. Земляной Вал, 54, стр. 2, Москва;school4you.ru , odoportal.ru , a-edu.ru;55.748 37.655;education
Школа №2104 с дошкольным отделением, Корпус №4;+7 (495) 912-07-74, +7 (495) 912-08-34;;Николоямский пер., 3А, корп. 2, Москва;sch2104c.mskobr.ru;55.750 37.659;education
Счастливые люди;;+7 (904) 567-55-24;Воронцовская ул., 24/6с1, Москва;;55.736 37.659;education
Вектор, школа №1270 с дошкольным отделением;+7 (495) 912-99-16, +7 (495) 676-31-86;;Лавров пер., 9, Москва;sch1270c.mskobr.ru;55.733 37.661;education
Белая ворона;;+7 (916) 815-33-66;ул. Александра Солженицына, 16, Москва;;55.743 37.660;education
ГБОУ г. Москвы школа № 1270, Дошкольное отделение № 3;+7 (495) 912-45-32;;Большой Факельный пер., 21, Москва;sch1270c.mskobr.ru;55.741 37.666;education
Школа №498 с дошкольным отделением;+7 (495) 911-35-52, +7 (495) 912-21-62;;Большой Факельный пер., 23, Москва;sch498.mskobr.ru , schools.keldysh.ru;55.741 37.668;education
ГБОУ школа № 498;+7 (495) 912-24-61, +7 (495) 911-01-32;;Марксистская ул., 9, корп. 2, Москва;sch622.narod.ru , sch498.mskobr.ru;55.736 37.668;education
Школа №498 с дошкольным отделением;+7 (495) 911-84-81, +7 (495) 911-47-90;;Добровольческая ул., 28, стр. 1, Москва;sch498.mskobr.ru , dskv992.mskobr.ru;55.742 37.669;education
ГБОУ школа № 1468, школьный корпус 1;+7 (495) 670-06-27;;Новорогожская ул., 9, Москва;sch1468.mskobr.ru;55.743 37.681;education
ГБОУ школа № 1468, Школьный корпус № 4;+7 (495) 671-69-12, +7 (495) 670-00-24;;Брошевский пер., 21, Москва;sch1468.mskobr.ru;55.735 37.672;education
ГБОУ города Москвы школа № 480 им. В. В. Талалихина;+7 (495) 670-94-20, +7 (495) 670-53-54;+7 (916) 671-67-68, +7 (916) 495-22-30;ул. Талалихина, 20, стр. 1, Москва;sch480c.mskobr.ru;55.734 37.678;education
Смарт Скул Таганка;;+7 (977) 099-75-08, +7 (977) 584-30-23;ул. Талалихина, 8, Москва;smartschool.group;55.736 37.676;education
Открытая (сменная) школа №88;+7 (495) 912-56-10;;Средняя Калитниковская, 9-11 ст1;sch88c.mskobr.ru;55.737 37.681;education
ГБОУ Открытая школа № 88;+7 (495) 911-87-92;+7 (916) 476-90-88;Средняя Калитниковская ул., 9/11, Москва;sch88c.mskobr.ru;55.737 37.681;education
ГБОУ школа № 480 имени В. В. Талалихина;+7 (495) 670-53-51;;Средняя Калитниковская ул., 22, стр. 1, Москва;sch480c.mskobr.ru;55.735 37.685;education
Школа №1468 с дошкольным отделением, Школьное отделение №396;+7 (495) 678-84-65;;Новорогожская ул., 18, стр. 1, Москва;sch1468.mskobr.ru;55.740 37.686;education
ГБОУ Первый Московский кадетский корпус;+7 (495) 911-06-25;;Большая Калитниковская ул., 42/5, Москва;1mkk.mskobr.ru;55.736 37.692;education
ГБОУ школа № 1228 Лефортово, корпус 3;+7 (495) 673-10-64, +7 (529) 056-40-00;;Шепелюгинская ул., 21/13с1, Москва;sch1228.mskobr.ru;55.745 37.703;education
Средняя общеобразовательная школа №1222 им. Маршала Советского Союза И.Х. Баграмяна с дошкольным отделением;+7 (495) 678-03-03, +7 (495) 678-00-30;;Нижегородская ул., 64, Москва;sch1222uv.mskobr.ru;55.733 37.706;education
НОВОЕ ОБРАЗОВАНИЕ, частная общеобразовательная школа;+7 (495) 678-53-21;+7 (903) 779-65-85;ул. Верхняя Хохловка, 1/7, Москва;eliteschool.ru;55.734 37.716;education
Лефортово, школа №1228 с дошкольным отделением;+7 (495) 673-11-08;;Авиамоторная ул., 42, Москва;sch1228.mskobr.ru;55.741 37.720;education
Школа №2126 с дошкольным отделением;+7 (495) 309-04-19, +7 (495) 309-26-32;;ул. Плющева, 14А, Москва;sch2126.mskobr.ru;55.743 37.759;education
Средняя общеобразовательная школа №920 с дошкольным отделением;+7 (495) 368-07-81, +7 (495) 304-87-20;+7 (917) 571-45-67;Перовская ул., 24, Москва;sch920v.mskobr.ru;55.746 37.770;education
Средняя общеобразовательная школа №920 с дошкольным отделением;+7 (495) 368-07-80;;Перовская ул., 37, Москва;sch920v.mskobr.ru;55.747 37.778;education
Школа №1310 с дошкольным отделением;+7 (495) 309-55-27, +7 (495) 309-11-17;;Перовская ул., 44А, Москва;lyc1310.mskobr.ru;55.743 37.782;education
Московская международная школа, средняя общеобразовательная школа;+7 (495) 306-55-45, +7 (495) 306-54-20, +7 (495) 306-54-31;+7 (910) 434-03-62;Зелёный просп., 14, Москва;gymmg.mskobr.ru , rp5.ru , arch.sch672.ru;55.750 37.782;education
Школа №2072 с дошкольным отделением;+7 (495) 306-47-37, +7 (495) 368-00-44, +7 (495) 123-50-73;;Перовская ул., 57А, Москва;sch2072v.mskobr.ru;55.746 37.792;education
Школа №2072 с дошкольным отделением;+7 (495) 306-45-20;;Утренняя ул., 12, Москва;sch2072v.mskobr.ru;55.748 37.793;education
ГБОУ школа № 1798 Феникс, Дошкольное отделение № 3;+7 (495) 302-81-15, +7 (495) 302-63-37;;Союзный просп., 3, Москва;1798.mskobr.ru;55.751 37.804;education
Феникс, Дошкольное отделение №2;+7 (495) 301-54-29;;Союзный просп., 7, Москва;1798.mskobr.ru;55.751 37.807;education
ГБОУ школа № 1798 Феникс, школьное отделение № 2;;+7 (929) 575-48-84;ул. Алексея Дикого, 18А, Москва;1798.mskobr.ru;55.746 37.810;education
ГБОУ школа № 1798 Феникс, Дошкольное отделение № 1;+7 (495) 303-35-50, +7 (495) 303-40-49, +7 (495) 303-35-12;;Союзный просп., 10А, Москва;1798.mskobr.ru;55.749 37.810;education
ГБОУ школа № 1798 Феникс, дошкольное образование Фениксёнок;+7 (495) 302-50-01, +7 (495) 302-65-60, +7 (495) 301-20-90;;Зелёный просп., 54, Москва;1798.mskobr.ru;55.751 37.813;education
Государственное бюджетное общеобразовательное учреждение города Москвы школа № 1324, учебный корпус Сеченовский;+7 (495) 303-51-30, +7 (495) 302-05-68, +7 (495) 302-30-09;+7 (964) 566-13-24;Фрязевская ул., 5, Москва;sch1324.mskobr.ru;55.746 37.819;education
Государственное бюджетное общеобразовательное учреждение города Москвы школа № 1324, учебный корпус Ушаковский;+7 (495) 302-00-57;;Фрязевская ул., 7, Москва;sch1324.mskobr.ru;55.746 37.821;education
ГБОУ школа № 1798 Феникс;+7 (495) 302-80-78;;ул. Алексея Дикого, 7А, Москва;1798.mskobr.ru;55.749 37.813;education
ГБОУ города Москвы Вешняковская школа школьное отделение Р16;+7 (495) 370-06-51;+7 (909) 160-04-22;Реутовская ул., 16А, Москва;veshsch.mskobr.ru;55.735 37.837;education
Флагман;;+7 (985) 234-40-40;Суздальская ул., 14А, Москва;mchost.ru , flagman-reutov.edumsko.ru;55.740 37.847;education
Школа Новокосино с дошкольным отделением;+7 (495) 701-03-60, +7 (495) 701-23-91, +7 (495) 701-33-51, +7 (495) 701-25-80;;Суздальская ул., 22Б, Москва;sch1200.mskobr.ru;55.742 37.857;education
Школа Новокосино с дошкольным отделением;+7 (495) 701-25-90, +7 (495) 701-33-50, +7 (495) 701-23-90, +7 (495) 701-53-50;;Суздальская ул., 24Б, Москва;sch1200.mskobr.ru;55.742 37.859;education
ГБОУ школа № 2127 корпус № 5;+7 (495) 703-89-43, +7 (495) 701-22-11, +7 (495) 701-22-00;;Новокосинская ул., 12Б, Москва;2127.mskobr.ru;55.735 37.858;education
ГБОУ школа № 2127 корпус 3;+7 (495) 702-75-40, +7 (495) 701-09-00;;Салтыковская ул., 5А, Москва;2127.mskobr.ru;55.733 37.861;education
Школа №2127 с дошкольным отделением;+7 (495) 701-01-10, +7 (495) 702-58-81;;Салтыковская ул., 13Б, Москва;2127.mskobr.ru;55.738 37.863;education
Школа №1591 с дошкольным отделением;+7 (495) 702-40-01, +7 (495) 702-32-39, +7 (495) 702-32-66;;Новокосинская ул., 41, Москва;gym1591.mskobr.ru;55.744 37.870;education
Школа №1591 с дошкольным отделением;+7 (495) 702-06-26, +7 (495) 702-06-27;;Салтыковская ул., 29Б, Москва;gym1591.mskobr.ru;55.741 37.871;education
Школа №1591 с дошкольным отделением;+7 (495) 702-40-00, +7 (495) 702-32-40;;Новокосинская ул., 40А, Москва;gym1591.mskobr.ru;55.742 37.872;education
Школа №1591 с дошкольным отделением;+7 (495) 702-32-92;;Суздальская ул., 40А, Москва;gym1591.mskobr.ru;55.745 37.874;education
Школа №1591 с дошкольным отделением;+7 (495) 701-04-40;;Новокосинская ул., 42А, Москва;gym1591.mskobr.ru;55.742 37.874;education
Школа №1591 с дошкольным отделением;+7 (495) 701-32-10, +7 (495) 702-06-35;;Новокосинская ул., 44А, Москва;gym1591.mskobr.ru;55.743 37.877;education
Школа №1371 с дошкольным отделением;+7 (495) 413-26-84, +7 (495) 413-25-74;;Осенняя, 8 к3;sch1371z.mskobr.ru;55.761 37.405;education
ГБОУ школа № 1130 дошкольное отделение № 2;+7 (495) 415-29-67, +7 (495) 413-03-04;;Осенний бул., 9, корп. 2, Москва;sch1130.mskobr.ru , sch1371z.mskobr.ru;55.758 37.404;education
ГБОУ г. Москвы, школа № 1440;+7 (495) 413-14-05, +7 (495) 413-06-15, +7 (495) 413-07-34;;ул. Крылатские Холмы, 23, Москва;sch1440.mskobr.ru , schools-moscow.ru;55.756 37.413;education
ГБОУ школа № 1593;+7 (495) 413-77-94, +7 (495) 413-85-55, +7 (495) 413-77-75;+7 (985) 242-00-77;Крылатская ул., 25, Москва;sch1593.mskobr.ru;55.771 37.414;education
Школа №1371 с дошкольным отделением;+7 (495) 413-27-45;+7 (903) 004-38-67;ул. Крылатские Холмы, 45, корп. 1, Москва;sch1371z.mskobr.ru;55.762 37.412;education
ГБОУ Средняя общеобразовательная школа № 1440;+7 (495) 415-98-55, +7 (495) 415-97-35, +7 (495) 964-04-93, +7 (499) 737-10-61, +7 (495) 415-97-25;+7 (926) 181-81-76;Осенний бул., 10, корп. 3, Москва;sch1440.mskobr.ru;55.757 37.412;education
ABC primary school;+7 (495) 413-25-64, +7 (495) 001-47-16, +7 (499) 643-83-19;+7 (915) 148-50-42, +7 (985) 396-77-88, +7 (916) 608-86-80;ул. Крылатские Холмы, 41, корп. 1, Москва;abcprimary.ru , school-abc.ru;55.761 37.416;education
Школа №1517 с дошкольным отделением;+7 (499) 199-58-87, +7 (499) 199-64-21, +7 (499) 199-27-16, +7 (499) 720-25-67, +7 (495) 212-15-17;;Карамышевская наб., 38, Москва;1517.msk.ru , 1517.mskobr.ru;55.770 37.472;education
Лицей № 1560, отделение основного и среднего образования Корпус им. И. И. Пущина;+7 (495) 616-10-10;+7 (915) 023-23-25;Карамышевская наб., 22, корп. 2, Москва;1560.mskobr.ru;55.771 37.479;education
ГБОУ Образовательный центр Протон;+7 (499) 145-19-70;;Филёвский бул., 3, корп. 2, Москва;proton.mskobr.ru;55.765 37.491;education
ГБОУ школа № 1560 Лидер, корпус им. А. М. Горчакова;;+7 (912) 752-77-64;ул. Мнёвники, 7, корп. 5, Москва;1560.mskobr.ru;55.771 37.492;education
Дошкольное отделение при ГБОУ СОШ № 2055;+7 (499) 256-81-29;+7 (916) 534-15-90, +7 (916) 619-88-56, +7 (963) 995-23-00;ул. Подвойского, 2, Москва;sch2055c.mskobr.ru;55.759 37.536;education
Средняя общеобразовательная школа №2055 им. А. Живова и Ю. Костикова с дошкольным отделением;;+7 (985) 162-81-82;2-я Черногрязская ул., 7, стр. 1, Москва;sch2055c.mskobr.ru;55.763 37.547;education
Романовская школа, начальное отделение;+7 (499) 254-02-83, +7 (499) 252-26-24;;ул. Климашкина, 13Б, стр. 1, Москва;sch1240.mskobr.ru;55.767 37.570;education
Средняя общеобразовательная школа №2030 с дошкольным отделением;+7 (499) 795-19-20, +7 (499) 256-62-50;;2-я Звенигородская ул., 8, Москва;coc2030.mskobr.ru;55.760 37.556;education
На Красной пресне, школа №1241 с дошкольным отделением;+7 (495) 609-34-64, +7 (499) 252-37-88;+7 (916) 696-46-53;Большая Декабрьская ул., 10, Москва;sch1241.mskobr.ru;55.768 37.556;education
На Красной пресне, школа №1241 с дошкольным отделением;+7 (499) 252-34-84, +7 (495) 690-30-97, +7 (499) 255-63-61;+7 (926) 365-72-22;Большой Предтеченский пер., 24, Москва;sch1241.mskobr.ru;55.760 37.566;education
Виктория, частная школа;+7 (495) 605-69-17;+7 (916) 580-37-81, +7 (915) 121-73-21;Дружинниковская ул., 9, стр. 2, Москва;nouviktorija.mskobr.ru;55.757 37.572;education
Lancman school, центр подготовки к ЕГЭ и ОГЭ;+7 (495) 127-06-18, +7 (495) 128-12-44;;Трубниковский пер., 32, Москва;lancmanschool.com , lancmanschool.ru;55.756 37.587;education
Школа №1950 с дошкольным отделением;+7 (499) 254-34-44, +7 (499) 254-95-37;+7 (906) 741-40-00;Зоологическая ул., 28, стр. 1, Москва;sch1950.mskobr.ru;55.767 37.585;education
Школа №1234 с дошкольным отделением, детский сад;+7 (495) 691-03-85;;Трубниковский пер., 23, стр. 2, Москва;sch1234c.mskobr.ru;55.756 37.586;education
Школа №1239 с дошкольным отделением;+7 (495) 690-36-48, +7 (495) 690-17-82;;Вспольный пер., 6, стр. 1, Москва;1239.ru , coc1239.mskobr.ru;55.761 37.588;education
Школа № 1239 с дошкольным отделением;+7 (495) 691-44-96, +7 (495) 691-54-28;;Малая Бронная ул., 15, Москва;coc1239.mskobr.ru;55.761 37.595;education
LGEG, образовательный центр;+7 (812) 409-98-32, +7 (495) 021-57-93, +7 (495) 032-52-42, +7 (495) 698-61-11;;ул. Большая Молчановка, 12, стр. 1, Москва;lgeg.ru;55.753 37.595;education
Иракская школа при посольстве Ирака;;+7 (903) 175-48-96;Столовый пер., 7, стр. 2, Москва;iraqcam.org , school-iraqi.narod.ru;55.756 37.595;education
Школа Драмы Германа Сидакова;;+7 (926) 333-55-56;Мерзляковский пер., 15, Москва;sidakov.ru;55.757 37.596;education
Средняя общеобразовательная школа №91;+7 (495) 690-35-58;+7 (976) 554-33-21, +7 (976) 543-32-27, +7 (976) 543-56-76;Поварская ул., 14, Москва;schc91.mskobr.ru;55.754 37.597;education
ГБОУ школа № 2123 имени Мигеля Эрнандеса;+7 (495) 690-44-71, +7 (495) 691-21-72;;Малая Бронная ул., 5-7с1, Москва;2123.mskobr.ru;55.759 37.597;education
ГБОУ Школа № 2123 им. Мигеля Эрнандеса Структурное подразделение Бронная слобода;+7 (495) 695-80-27, +7 (495) 691-36-89;;Большой Козихинский пер., 5, стр. 3, Москва;2123.mskobr.ru;55.762 37.597;education
ГБОУ школа № 1574;+7 (499) 978-70-83, +7 (499) 973-14-04, +7 (495) 699-88-00, +7 (499) 972-32-28, +7 (495) 699-66-83;+7 (910) 445-22-32;Старопименовский пер., 5, Москва;lyc1574.mskobr.ru;55.769 37.600;education
Школа №1234 с дошкольным отделением;+7 (495) 694-10-71;;Малый Палашёвский пер., 3, Москва;sch1234c.mskobr.ru;55.765 37.601;education
Средняя общеобразовательная школа №2054 с дошкольным отделением;+7 (495) 699-57-22, +7 (495) 608-38-27, +7 (495) 608-33-05;;Дегтярный пер., 7, Москва;sch2054.mskobr.ru;55.769 37.602;education
Школа №1520 им. Капцовых;+7 (495) 629-08-78;;Малый Кисловский переулок, 12/8 ст1;sch1520.mskobr.ru;55.756 37.603;education
ГБОУ школа № 123;+7 (495) 690-20-12, +7 (495) 690-67-38;+7 (965) 135-50-75;Хлыновский тупик, 3, стр. 5, Москва;schuc123.mskobr.ru;55.758 37.603;education
ГБОУ города Москвы школа № 1520 имени Капцовых;+7 (499) 800-15-20, +7 (495) 690-04-35, +7 (495) 800-15-20;;Малый Кисловский пер., 12/8с1, Москва;sch1520.mskobr.ru;55.756 37.603;education
ГБОУ школа № 1574;+7 (499) 978-32-00, +7 (495) 650-71-01, +7 (495) 650-06-15;;ул. Малая Дмитровка, 23/15с3, Москва;lyc1574.mskobr.ru;55.771 37.603;education
ГБОУ школа № 2054;+7 (495) 699-01-74;;Воротниковский пер., 2/11, Москва;sch2054.mskobr.ru;55.769 37.603;education
Алгоритм, международная школа;+7 (499) 649-05-76;;улица Мясницкая, 8/2 ст1;a-edu.ru;55.760 37.631;education
Школа № 1520 им. Капцовых;;+7 (915) 299-72-51, +7 (903) 769-33-64;Леонтьевский пер., 19/2с1, Москва;sch1520.mskobr.ru;55.761 37.605;education
Школа № 1501;+7 (495) 699-94-18, +7 (499) 973-02-84;;ул. Малая Дмитровка, 14А, стр. 5, Москва;lycc1501.mskobr.ru;55.770 37.607;education
Система Жохова;;+7 (903) 726-40-67;Россия, Москва, Красная площадь;pestalozzi-dpo.ru , sistemazhokhova.ru;55.753 37.623;education
Школа №179;+7 (495) 692-48-51, +7 (495) 692-69-79, +7 (495) 692-33-56;;улица Большая Дмитровка, 5/6 ст7;179.ru , schc179.mskobr.ru;55.760 37.615;education
ГБОУ школа № 179;;+7 (968) 637-37-97, +7 (968) 851-51-40;ул. Большая Дмитровка, 5/6с7, Москва;179.ru , schc179.mskobr.ru;55.760 37.615;education
Пушкинская школа №1500 с дошкольным отделением;+7 (528) 656-50-00, +7 (495) 608-50-38, +7 (495) 607-20-70;;ул. Сретенка, 20, Москва;lycc1500.mskobr.ru;55.769 37.633;education
Алгоритм, Начальная школа;+7 (499) 938-68-40;;Милютинский пер., 18, стр. 2, Москва;a-edu.ru;55.765 37.634;education
Современное образование, частная школа;+7 (495) 607-25-64, +7 (495) 607-40-73, +7 (495) 607-71-95;+7 (915) 145-14-83;Малый Головин пер., 14, Москва;so-school.ru;55.769 37.636;education
Школа №1284 с дошкольным отделением;+7 (495) 625-24-53, +7 (495) 624-16-24;;Уланский пер., 8, Москва;sch1284.mskobr.ru;55.768 37.638;education
Лицей, НИУ ВШЭ;+7 (495) 531-00-53, +7 (495) 916-88-44;;ул. Солянка, 14А, стр. 1, Москва;school.hse.ru , hse.ru;55.752 37.637;education
Свято-Владимирская общеобразовательная Православная школа;+7 (495) 625-66-71, +7 (495) 625-79-56, +7 (495) 624-82-94, +7 (495) 625-74-86;;Малый Ивановский пер., 4, стр. 2, Москва;s-vlad-school.ru;55.754 37.640;education
Бнот Менахем, частная школа;+7 (499) 407-08-02, +7 (495) 308-04-31;;пер. Огородная Слобода, 7А, Москва;shalom.mskobr.ru;55.766 37.643;education
Школа №1621 с дошкольным отделением;+7 (495) 625-70-81, +7 (495) 624-01-58;+7 (903) 627-00-67, +7 (963) 613-36-13, +7 (968) 853-62-58;Малый Козловский пер., 3, Москва;sch1621.mskobr.ru , olami.moscow , sch1621.ru , school1621.ru;55.765 37.649;education
Gbou Engineering School № 1581;+7 (499) 975-16-41, +7 (495) 916-18-86;+7 (985) 414-95-95;Новая Басманная ул., 4-6с4, Москва;lycc1581.mskobr.ru;55.768 37.655;education
Средняя общеобразовательная школа №354 им. Д.М. Карбышева с дошкольным отделением;+7 (499) 267-74-64;;Гороховский пер., 10, Москва;sch354c.mskobr.ru;55.765 37.666;education
Средняя общеобразовательная школа №354 им. Д.М. Карбышева с дошкольным отделением;+7 (499) 265-09-72;;Старая Басманная ул., 35, Москва;sch354c.mskobr.ru;55.769 37.668;education
Государственное казенное общеобразовательное учреждение города Москвы школа № 2124 центр развития и коррекции;+7 (499) 261-82-23, +7 (499) 248-44-17;;Денисовский пер., 6, стр. 1, Москва;sch2124.mskobr.ru;55.765 37.672;education
ГОсударственное бюджетное общеобразовательное учреждение г. Москвы школа № 345 имени А. С. Пушкина;+7 (499) 264-09-38;+7 (906) 061-20-01;Бауманская ул., 40, Москва;sch345.mskobr.ru;55.771 37.678;education
Школа В. И. Жохова на Яузе;;+7 (926) 654-07-95;Волочаевская ул., 14, корп. 1, Москва;nauka-servis.mskobr.ru;55.756 37.680;education
ГБОУ Средняя общеобразовательная школа № 1247 имени Юргиса Балтрушайтиса;+7 (499) 267-20-48, +7 (499) 267-28-81, +7 (499) 265-01-81, +7 (499) 267-75-36;;Госпитальный пер., 3, Москва;schec1247.mskobr.ru;55.771 37.688;education
Школа на Яузе, г. Москва;+7 (495) 360-81-06;+7 (915) 333-25-06;Кондрашевский тупик, 3а;sch2105c.mskobr.ru;55.769 37.688;education
ГБОУ школа на Яузе, школьное отделение корпус № 3;+7 (499) 261-22-63;;Кондрашёвский тупик, 3, Москва;sch2105c.mskobr.ru;55.769 37.688;education
Лефортово, школа №1228 с дошкольным отделением;+7 (495) 673-13-65, +7 (495) 362-32-25;;Танковый пр., 3А, стр. 1, Москва;sch1228.mskobr.ru;55.757 37.690;education
Содружество, школа с дошкольным отделением;+7 (495) 361-14-18, +7 (499) 267-49-59, +7 (499) 267-76-55;;Красноказарменная ул., 3, корп. 1, Москва;sch417uv.mskobr.ru;55.761 37.692;education
Содружество, школа с дошкольным отделением;+7 (495) 361-14-72;;Красноказарменная ул., 11, Москва;sch417uv.mskobr.ru;55.757 37.701;education
Лефортово, школа №1228 с дошкольным отделением;+7 (495) 362-26-80;;Красноказарменная ул., 21, Москва;sch1228.mskobr.ru;55.754 37.711;education
Лефортово, школа №1228 с дошкольным отделением;+7 (495) 360-85-26, +7 (495) 360-05-61;;Лонгиновская ул., 6, Москва;sch1228.mskobr.ru;55.767 37.712;education
Английская школа естественных наук и Икт;;+7 (916) 993-77-64, +7 (963) 976-22-28;Ухтомская ул., 12, Москва;english-school.org.uk;55.770 37.713;education
Колледж архитектуры, дизайна и реинжиниринга № 26;+7 (499) 653-70-77;;ш. Энтузиастов, 19, стр. 2, Москва;priem.26kadr.ru , 26kadr.ru , 26kadr.mskobr.ru;55.754 37.725;education
ГБОУ школа № 1852, начальное образование;+7 (495) 305-76-00, +7 (495) 260-18-52;+7 (968) 790-82-32;1-я Владимирская ул., 13, Москва;sch1852.mskobr.ru;55.759 37.776;education
ГБОУ города Москвы Московская международная школа, учебное подразделение Уран;+7 (495) 304-37-94, +7 (495) 672-26-40;;ш. Энтузиастов, 72, Москва;gymmg.mskobr.ru , schv443.mskobr.ru;55.763 37.782;education
Школа №1637 с дошкольным отделением;+7 (495) 672-02-35;;3-я Владимирская ул., 12А, Москва;;55.760 37.784;education
ГБОУ Московская международная школа, учебное подразделение Плутон;;+7 (919) 963-97-73;3-я Владимирская ул., 30А, Москва;gymmg.mskobr.ru;55.754 37.787;education
ГБОУ Московская международная школа, учебное подразделение Солнце;+7 (495) 306-63-54, +7 (495) 672-03-37;;3-я Владимирская ул., 5, Москва;gymmg.mskobr.ru;55.762 37.787;education
Государственное бюджетное общеобразовательное учреждение города Москвы школа № 423, академия возможностей;+7 (495) 304-01-09;+7 (903) 002-11-45;Федеративный просп., 1А, Москва;sch423.mskobr.ru;55.759 37.797;education
ГБОУ города Москвы Московская международная школа, учебное подразделение Юпитер;;+7 (925) 132-43-43;Федеративный просп., 11, Москва;gymmg.mskobr.ru;55.757 37.803;education
ГБОУ школа № 1798 Феникс;+7 (495) 301-35-49;;Зелёный просп., 59, Москва;1798.mskobr.ru;55.754 37.804;education
Государственное бюджетное общеобразовательное учреждение города Москвы школа № 1324, учебный корпус Шекспировский;+7 (495) 303-64-10;;Федеративный просп., 27, Москва;sch1324.mskobr.ru;55.755 37.821;education
Государственное бюджетное общеобразовательное учреждение города Москвы школа № 1324, учебный корпус Ломоносовский;+7 (495) 303-82-42;;Федеративный просп., 29А, Москва;sch1324.mskobr.ru;55.755 37.823;education
Энергия, школа №1502 с дошкольным отделением;+7 (526) 356-70-00, +7 (495) 300-20-90;;ш. Энтузиастов, 94А, Москва;sch799v.mskobr.ru , 1502.mskobr.ru;55.770 37.825;education
Энергия, школа №1502 с дошкольным отделением;+7 (495) 300-70-60, +7 (495) 307-11-61, +7 (495) 300-70-50;;Саянская ул., 3А, Москва;1502.mskobr.ru;55.769 37.825;education
Средняя общеобразовательная школа №922 с дошкольным отделением;+7 (495) 300-44-81, +7 (495) 300-53-97;;Федеративный просп., 37А, Москва;sch922v.mskobr.ru;55.754 37.827;education
Средняя общеобразовательная школа №922 с дошкольным отделением;+7 (495) 300-64-70;;ул. Молостовых, 10Б, Москва;sch922v.mskobr.ru;55.760 37.828;education
Энергия, школа №1502 с дошкольным отделением;+7 (495) 300-12-91;;ш. Энтузиастов, 96Г, Москва;1502.mskobr.ru;55.770 37.829;education
Энергия, школа №1502 с дошкольным отделением;+7 (495) 918-98-08, +7 (495) 307-79-67, +7 (495) 918-94-34;;ул. Молостовых, 10А, Москва;1502.mskobr.ru;55.761 37.830;education
Государственное бюджетное общеобразовательное учреждение города Москвы школа № 1504;+7 (495) 307-59-30, +7 (495) 303-23-88, +7 (495) 307-03-00;;ул. Сталеваров, 20А, Москва;mosschool411.narod.ru , gym1504.mskobr.ru;55.755 37.838;education
Школа №1504 с дошкольным отделением;+7 (495) 307-05-00;;ул. Сталеваров, 10А, Москва;gym1504.mskobr.ru;55.762 37.838;education
Колледж индустрии гостеприимства и менеджмента № 23, отделение Скош;+7 (495) 300-20-71, +7 (495) 300-20-40, +7 (495) 366-54-68, +7 (499) 169-94-54, +7 (499) 169-93-67;+7 (985) 978-13-60;ул. Молостовых, 3, корп. 2, Москва;kigm23.ru , autokigm.ru , kigm.mskobr.ru;55.763 37.835;education
ГБОУ № 1130 Школьное отделение № 2;+7 (499) 727-21-04;;Новорублёвская ул., 1, посёлок Рублёво;sch1130.mskobr.ru;55.787 37.362;education
Частное учреждение-общеобразовательная организация Православная гимназия;;+7 (985) 425-66-54;Одинцовская ул., 24, стр. 6, Москва;tlgym.ru;55.789 37.407;education
Школа №1517 с дошкольным отделением;+7 (499) 720-25-69;;Живописная ул., 11, корп. 3, Москва;1517.mskobr.ru , 1517.msk.ru;55.785 37.452;education
Школа №1517 с дошкольным отделением;+7 (499) 197-25-55;;Карамышевская наб., 54, корп. 2, Москва;1517.mskobr.ru , 1517.msk.ru;55.775 37.463;education
Школа № 138, отделение старшей школы;+7 (499) 199-00-24, +7 (499) 197-00-85;;ул. Генерала Глаголева, 10, корп. 2, Москва;sch138sz.mskobr.ru;55.781 37.464;education
ГБОУ школа № 138, начальная школа;+7 (499) 199-12-70;;бул. Генерала Карбышева, 15, корп. 3, Москва;sch138sz.mskobr.ru;55.782 37.466;education
ГБОУ Курчатовская школа, корпус Спектр;+7 (499) 194-10-44;;ул. Берзарина, 24, Москва;kurchat.mskobr.ru;55.790 37.478;education
Школа № 138, отделение Коллаж;+7 (499) 197-00-97;;ул. Берзарина, 19, корп. 2, Москва;sch138sz.mskobr.ru;55.787 37.477;education
Государственное бюджетное общеобразовательное учреждение города Москвы школа № 1515;+7 (499) 191-45-25, +7 (499) 191-40-50;;ул. Народного Ополчения, 27, корп. 2, Москва;gym1515sz.mskobr.ru;55.780 37.477;education
ГБОУ школа № 1560 Лидер, корпус им. А. А. Дельвига;+7 (495) 191-20-11;+7 (915) 011-24-97;ул. Народного Ополчения, 22, корп. 4, Москва;1560.mskobr.ru;55.779 37.482;education
ГБОУ школа № 1560 Лидер;+7 (499) 946-44-20;;ул. Мнёвники, 13, корп. 2, Москва;1560.mskobr.ru;55.773 37.486;education
ГБОУ школа № 1560 Лидер, корпус им. А. С. Пушкина;;+7 (963) 679-12-69;Новохорошёвский пр., 12, Москва;1560.mskobr.ru;55.780 37.496;education
ГБОУ школа № 1560 Лидер, дошкольная группа Сказка;+7 (499) 191-31-06;+7 (909) 904-77-35;Новохорошёвский пр., 6, Москва;1560.mskobr.ru , lyc1560.mskobr.ru;55.779 37.498;education
Школа с углубленным изучением иностранных языков № 1288 имени Героя Советского Союза Н. В. Троян, подразделение № 5;+7 (495) 941-57-56, +7 (499) 242-84-11, +7 (499) 242-85-42, +7 (499) 242-84-44, +7 (495) 941-34-62;;Хорошёвское ш., 64А, стр. 1, Москва;mos.ru , sch1288s.mskobr.ru;55.778 37.529;education
Школа №1288 с дошкольным отделением им. Героя Советского Союза Н.В. Троян, Детский сад;+7 (495) 940-08-65, +7 (499) 195-01-21;;ул. Куусинена, 3, Москва;sch1288s.mskobr.ru;55.779 37.515;education
Университетская школа, МГПУ;+7 (499) 762-69-93, +7 (499) 181-26-16;;Ходынский бул., 21А, Москва;university-school.mskobr.ru;55.790 37.521;education
ГБОУ школа № 1288 имени Героя Советского Союза Н. В. Троян подразделение № 9;+7 (495) 941-45-64, +7 (495) 941-45-69, +7 (495) 941-29-22;;Хорошёвское ш., 21, Москва;sch1288s.mskobr.ru;55.776 37.530;education
Международная школа;+7 (499) 740-57-62, +7 (499) 740-57-63;+7 (985) 774-11-70, +7 (937) 881-16-81, +7 (916) 123-50-89;Ходынский бул., 9, Москва;myinterschool.mskobr.ru , myinterschool.com;55.784 37.529;education
Школа № 1288 имени Героя Советского Союза Н. В. Троян, подразделение № 6;+7 (495) 941-57-58, +7 (495) 941-59-76;;Хорошёвское ш., 64А, стр. 2, Москва;sch1288s.mskobr.ru;55.778 37.529;education
Школа №1409 с дошкольным отделением;+7 (499) 740-51-06, +7 (499) 740-52-13;;Ходынский бул., 7, Москва;gym1409s-new.mskobr.ru;55.784 37.532;education
ФГКОУ Московский кадетский корпус, пансион воспитанниц Министерства обороны РФ;+7 (495) 946-02-95, +7 (495) 946-03-95, +7 (495) 946-03-04, +7 (495) 780-76-71;;ул. Поликарпова, 21, Москва;pansion-mil.ru , dnevnik.edumil.ru;55.778 37.544;education
Государственное бюджетное общеобразовательное учреждение города Москвы школа № 1550;+7 (495) 945-86-00, +7 (527) 755-60-00;;ул. Поликарпова, 6, Москва;lyc1550.mskobr.ru;55.777 37.554;education
Кадетская школа №1784 им. генерала армии В.А. Матросова с дошкольным отделением;+7 (495) 945-61-57, +7 (495) 945-63-81;+7 (903) 229-16-16;Беговая ул., 6, корп. 1, Москва;sch1784s.mskobr.ru;55.776 37.557;education
Государственное бюджетное общеобразовательное учреждение города Москвы школа № 1550;+7 (495) 945-82-04;;1-й Боткинский пр., 9, Москва;lyc1550.mskobr.ru;55.785 37.559;education
ГКОУ Специальная коррекционная общеобразовательная школа-интернат № 52;+7 (495) 612-40-41, +7 (495) 614-94-56;;ул. Расковой, 20А, стр. 1, Москва;schig52.mskobr.ru;55.787 37.574;education
Школа №1570 с дошкольным отделением;+7 (495) 612-71-81;+7 (916) 413-55-55;пер. Расковой, 14А, Москва;gym1570s.mskobr.ru;55.786 37.576;education
Общеобразовательная Православная школа искусств;+7 (495) 614-12-24, +7 (495) 612-06-46;;Ленинградский просп., 16, стр. 2, Москва;nouoschart.mskobr.ru;55.781 37.577;education
Школа №1570 с дошкольным отделением, Детский сад;+7 (499) 250-13-03, +7 (495) 614-20-11;+7 (903) 248-04-18;1-я ул. Ямского Поля, 24А, Москва;gym1570s.mskobr.ru;55.781 37.585;education
Школа №1570 с дошкольным отделением;+7 (499) 257-16-76;;ул. Нижняя Масловка, 5, корп. 4, Москва;gym1570s.mskobr.ru;55.791 37.584;education
ГБОУ школа № 1574;+7 (499) 250-35-64, +7 (499) 251-39-95, +7 (499) 251-00-01, +7 (499) 250-23-03;;4-й Лесной пер., 6, Москва;lyc1574.mskobr.ru;55.780 37.588;education
ГБОУ школа № 1574;+7 (499) 251-96-00;;2-я Тверская-Ямская ул., 46, стр. 1, Москва;lyc1574.mskobr.ru;55.775 37.590;education
ГБОУ Средняя общеобразовательная школа № 1540;+7 (499) 791-21-90, +7 (499) 972-12-10, +7 (499) 978-35-84;;Новослободская ул., 57, стр. 1, Москва;1540.ort.ru , gymc1540.mskobr.ru;55.787 37.592;education
Школа № 1501;+7 (499) 973-49-57, +7 (499) 973-02-83, +7 (499) 973-27-56;;Тихвинский пер., 3, Москва;lycc1501.mskobr.ru , lyceum1501.ru;55.788 37.596;education
Мир интеллекта, частная еврейская школа;+7 (495) 645-05-33;+7 (985) 169-37-84;Тихвинский пер., 7А, стр. 1, Москва;mirintellekta.ru;55.788 37.596;education
Школа №1540 с дошкольным отделением;+7 (499) 973-30-42, +7 (499) 973-30-27, +7 (499) 973-30-40;+7 (916) 606-03-20;Новослободская ул., 38, стр. 1, Москва;1540.ort.ru , gymc1540.mskobr.ru;55.785 37.597;education
ГБОУ школа № 1574;+7 (499) 978-17-41;;Долгоруковская ул., 29, Москва;lyc1574.mskobr.ru;55.776 37.600;education
Школа №1574, Дошкольное отделение;+7 (499) 250-49-31;;Оружейный пер., 25, стр. 1А, Москва;lyc1574.mskobr.ru;55.773 37.601;education
Школа № 1501;+7 (499) 978-64-53;;Сущёвская ул., 32, Москва;lycc1501.mskobr.ru , lyceum1501.ru;55.784 37.602;education
Бит, онлайн-школа;+7 (495) 118-22-07, +7 (495) 249-90-11;;Сущёвский Вал улица, 16 ст4;school-bit.ru , mob-edu.com;55.792 37.602;education
ГБОУ школа № 1574;+7 (499) 973-50-93, +7 (499) 973-56-82;;ул. Фадеева, 2, стр. 2, Москва;lyc1574.mskobr.ru;55.774 37.602;education
Школа № 1501;+7 (495) 631-40-22;;ул. Достоевского, 25, стр. 1, Москва;lycc1501.mskobr.ru , lyceum1501.ru;55.784 37.607;education
Средняя общеобразовательная школа №2054 с дошкольным отделением;+7 (495) 699-95-34, +7 (495) 699-53-19;;Большой Каретный пер., 22, стр. 6, Москва;sch2054.mskobr.ru;55.772 37.618;education
Средняя общеобразовательная школа №2054 с дошкольным отделением;+7 (495) 624-79-76, +7 (495) 608-40-64;+7 (915) 304-68-63, +7 (903) 009-81-05, +7 (915) 223-99-26;Трубная ул., 36, Москва;sch2054.mskobr.ru;55.773 37.626;education
Автономная некоммерческая организация Общеобразовательная школа Центра педагогического мастерства;+7 (495) 689-63-38, +7 (495) 118-36-62;;Олимпийский просп., 11, стр. 1, Москва;школа-цпм.рф;55.789 37.622;education
ГБОУ школа № 2107;+7 (495) 681-67-16, +7 (495) 631-64-58, +7 (495) 680-07-44;+7 (916) 252-91-40;ул. Гиляровского, 21, Москва;sch2107.mskobr.ru;55.777 37.630;education
ГБОУ школа № 2107 Школьное отделение школа имени В. М. Комарова;+7 (495) 681-89-09, +7 (495) 680-53-55, +7 (495) 680-08-44, +7 (495) 684-59-05;;ул. Щепкина, 68, Москва;sch2107.mskobr.ru;55.788 37.630;education
ГБОУ школа № 2107 Школьное отделение Физико-математическая школа;+7 (495) 680-62-29;;просп. Мира, 50, Москва;sch2107.mskobr.ru;55.782 37.635;education
Средняя общеобразовательная школа №1297 с дошкольным отделением;+7 (495) 631-21-14, +7 (495) 680-84-47;;Глинистый пер., 7, стр. 1, Москва;schuc1297.mskobr.ru;55.788 37.637;education
Государственное бюджетное общеобразовательное учреждение города Москвы Пушкинская школа № 1500;+7 (495) 607-10-75;;Скорняжный пер., 3, стр. 1, Москва;lycc1500.mskobr.ru;55.773 37.642;education
Государственное бюджетное общеобразовательное учреждение города Москвы школа № 2107;+7 (495) 680-60-49;;Большая Переяславская ул., 1, стр. 1, Москва;sch2107.mskobr.ru;55.780 37.643;education
Ступени, Московский лицей;+7 (495) 607-66-17, +7 (495) 607-65-53, +7 (495) 607-65-87, +7 (495) 118-29-95;+7 (903) 725-78-20;Скорняжный пер., 3, стр. 2, Москва;stupeni-lyceum.ru;55.773 37.643;education
Лингвистическая экономическая школа-лицей;+7 (499) 264-70-26;;Верхняя Красносельская ул., 14А, стр. 1, Москва;cultus.ru;55.783 37.661;education
Сокольники, школа №1282 с дошкольным отделением;+7 (499) 264-90-72, +7 (499) 264-56-71;+7 (926) 282-73-78;ул. Сокольнический Вал, 24А, Москва;schvu1282.mskobr.ru;55.791 37.663;education
Государственное бюджетное общеобразовательное учреждение города Москвы Пушкинская школа № 1500;+7 (499) 264-19-56;;Верхняя Красносельская ул., 30, Москва;lycc1500.mskobr.ru;55.781 37.664;education
Европейская гимназия с дошкольным отделением;+7 (499) 264-41-47, +7 (495) 225-52-01;;ул. Сокольнический Вал, 28, Москва;eurogym.ru;55.791 37.668;education
Пушкинская школа №1500 с дошкольным отделением;+7 (499) 264-30-73, +7 (499) 264-15-11;;2-й Красносельский пер., 18, Москва;lycg1525.mskobr.ru , lycc1500.mskobr.ru;55.785 37.670;education
Сокольники, школа №1282 с дошкольным отделением;+7 (499) 264-81-43, +7 (499) 268-52-14, +7 (499) 268-48-11;;Старослободская ул., 8, Москва;schvu1282.mskobr.ru;55.790 37.670;education
Школа №345 им. А.С. Пушкина с дошкольным отделением;+7 (499) 261-83-29;;Елоховский пр., 1, стр. 5, Москва;sch345.mskobr.ru;55.773 37.673;education
Школа №315;+7 (499) 264-64-45;;Русаковская улица, 10 ст6;schc315.mskobr.ru;55.783 37.674;education
ГБОУ Средняя общеобразовательная школа № 315;+7 (495) 369-00-90;+7 (905) 733-98-22;Русаковская ул., 10, Москва;schc315.mskobr.ru , school315.ru;55.783 37.675;education
Сокольники, школа №1282 с дошкольным отделением;+7 (499) 268-59-32, +7 (499) 268-54-66;;ул. Барболина, 1, корп. 1, Москва;schvu1282.mskobr.ru;55.789 37.685;education
Велосипедная парковка № 31013 центр образования № 1429;+7 (499) 265-00-26, +7 (499) 261-68-02, +7 (499) 267-87-53, +7 (499) 267-36-84;+7 (985) 205-92-86;Переведеновский пер., 11, Москва;sch1429c.mskobr.ru;55.779 37.687;education
ГБОУ школа на Яузе, корпус № 1;+7 (495) 360-80-21, +7 (495) 360-12-86;;Семёновская наб., 5, стр. 1, Москва;sch2105c.mskobr.ru , s414.narod.ru;55.779 37.706;education
Школа №444 с дошкольным отделением;+7 (495) 465-50-01, +7 (495) 465-23-52, +7 (495) 465-60-52;;Нижний Журавлёв пер., 3, Москва;schv444.mskobr.ru;55.784 37.706;education
ГБОУ школа на Яузе школьное отделение корпус № 2;+7 (499) 787-03-38, +7 (499) 261-10-02, +7 (499) 787-03-41, +7 (495) 360-25-48;+7 (916) 952-86-30;ул. Госпитальный Вал, 5, стр. 19, Москва;sch2105c.mskobr.ru;55.774 37.707;education
Цифровая школа;+7 (495) 963-20-83;+7 (917) 544-76-40, +7 (977) 367-28-62;Малая Семёновская улица, 15/17;digitalschool.mskobr.ru;55.787 37.714;education
Цифровая школа;;+7 (930) 997-51-57;Малая Семёновская ул., 15, Москва;digitalschool.msk.ru , digitalschool.mskobr.ru;55.786 37.714;education
Школа №1362;+7 (495) 365-56-44;;улица Благуша, 6 ст1;sch1362.mskobr.ru;55.781 37.724;education
Школа № 429 Соколиная гора;+7 (495) 365-09-03;+7 (964) 503-19-25;просп. Будённого, 15А, Москва;cog429.mskobr.ru , 429.mskobr.ru;55.775 37.725;education
Школа №1290 с дошкольным отделением;+7 (499) 367-82-54;;Измайловский просп., 53, Москва;sch1290.mskobr.ru;55.789 37.780;education
ГБОУ школа № 444, дошкольное отделение;+7 (499) 367-06-20, +7 (495) 603-96-67;;2-я Парковая ул., 24/28, Москва;schv444.mskobr.ru;55.792 37.781;education
Восточное Измайлово, школа №1811 с дошкольным отделением;+7 (495) 465-14-49, +7 (495) 465-23-07, +7 (526) 355-80-00;;Нижняя Первомайская ул., 51, Москва;1811.mskobr.ru;55.791 37.812;education
Восточное Измайлово, школа №1811 с дошкольным отделением;+7 (495) 465-69-44, +7 (495) 465-51-59;;Измайловский просп., 115, Москва;1811.mskobr.ru;55.790 37.813;education
Общеобразовательная школа №1373 с дошкольным отделением;+7 (499) 308-01-27;;Челябинская ул., 9, Москва;sch1373v.mskobr.ru;55.778 37.824;education
Школа №1476 с дошкольным отделением;+7 (499) 308-00-29;+7 (926) 197-14-76, +7 (926) 077-14-76;Челябинская ул., 20, Москва;gym1476.mskobr.ru;55.777 37.831;education
ГБОУ школа № 1476;+7 (495) 307-83-56;+7 (925) 376-94-18;Магнитогорская ул., 15, Москва;gym1476.mskobr.ru;55.776 37.827;education
ГБОУ школа № 58;+7 (499) 665-33-31;;ул. Твардовского, 12А, Москва;schiuz58.mskobr.ru;55.794 37.399;education
ГБОУ школа № 705;+7 (495) 758-36-87, +7 (495) 758-57-15;+7 (985) 520-42-11;Таллинская ул., 3, корп. 2, Москва;sch705sz.mskobr.ru;55.801 37.394;education
Школа №705, г. Москва;+7 (495) 942-78-83, +7 (495) 758-63-85;;ул. Кулакова, 25, корп. 2, стр. 2, Москва;sch705sz.mskobr.ru;55.803 37.394;education
ГБОУ школа № 89 имени А. П. Маресьева;+7 (495) 758-76-51, +7 (495) 758-91-15, +7 (495) 757-90-67;;ул. Кулакова, 12, корп. 2, Москва;sch89sz.mskobr.ru;55.810 37.395;education
Школа №1619 им. М.И. Цветаевой с дошкольным отделением, Корпус Севастополь;+7 (495) 122-00-20;+7 (903) 710-38-28;Таллинская ул., 12, корп. 4, Москва;1619.mskobr.ru , co1619.mskobr.ru;55.797 37.396;education
ГБОУ города Москвы школа № 86 имени М. Е. Катукова;+7 (495) 758-40-65, +7 (495) 750-41-85, +7 (495) 756-24-60, +7 (495) 756-24-57;;ул. Кулакова, 17, корп. 2, Москва;sch86sz.mskobr.ru;55.808 37.398;education
ГБОУ школа № 705, начальная школа;+7 (495) 758-67-00, +7 (495) 758-43-78;;Строгинский бул., 14, корп. 5, Москва;sch705sz.mskobr.ru;55.802 37.398;education
Феникс, негосударственная средняя общеобразовательная школа;+7 (495) 758-10-75, +7 (499) 740-16-60, +7 (499) 740-26-96, +7 (495) 750-50-36;;Таллинская ул., 12, корп. 5, Москва;phoenix-school.org;55.797 37.399;education
Школа №1155 с дошкольным отделением;+7 (495) 756-62-90, +7 (495) 756-62-91, +7 (495) 942-99-16;;Таллинская ул., 16, корп. 4, Москва;1155.mskobr.ru;55.797 37.401;education
Интеграция XXI век, международная общеобразовательная школа;+7 (499) 194-72-90, +7 (495) 750-31-02, +7 (495) 750-01-97, +7 (499) 190-52-45, +7 (495) 758-37-01;+7 (901) 793-50-73, +7 (985) 761-19-55, +7 (903) 174-59-60;ул. Маршала Катукова, 16, корп. 3, Москва;integration21.ru;55.807 37.404;education
ГБОУ г. Москвы школа № 1519, корпус № 5;+7 (495) 758-40-67, +7 (495) 757-37-17;;ул. Маршала Катукова, 15, корп. 3, Москва;gym1519.mskobr.ru;55.810 37.408;education
Школа №1519 с дошкольным отделением;+7 (495) 758-40-57, +7 (495) 757-53-97, +7 (495) 757-54-23;+7 (977) 395-66-35;ул. Исаковского, 22, корп. 3, Москва;gym1519.mskobr.ru;55.809 37.411;education
Школа №1519 с дошкольным отделением;+7 (495) 757-37-15;;ул. Маршала Катукова, 21, корп. 2, Москва;gym1519.mskobr.ru;55.807 37.412;education
ГБОУ школа № 1210;+7 (499) 196-53-70, +7 (499) 196-53-47, +7 (495) 800-12-10;;Живописная ул., 32, Москва;sch1210sz.mskobr.ru;55.793 37.456;education
Частная школа и детский сад Инеснэк;;+7 (904) 567-30-52;ул. Рогова, 9, корп. 2, Москва;inesnec.school , inesnec.mskobr.ru;55.795 37.460;education
Ювенес, частная школа;+7 (499) 193-91-47, +7 (499) 193-91-57;+7 (929) 648-06-63;Сосновая ул., 3, Москва;uvenes.com;55.807 37.483;education
Морозко, образовательный комплекс;+7 (499) 194-60-10;+7 (904) 567-05-28, +7 (985) 233-31-06;ул. Расплетина, 17, корп. 2, Москва;noumorozko.mskobr.ru , l-morozko.ru;55.797 37.482;education
ГБОУ школа № 1212 Щукино;+7 (499) 194-11-44;;ул. Маршала Рыбалко, 14, Москва;sch1212sz.mskobr.ru;55.799 37.487;education
ГБОУ школа № 1212 Щукино;+7 (499) 194-84-00;;1-й Волоколамский пр., 9, корп. 1, Москва;sch1212sz.mskobr.ru;55.801 37.491;education
ГБОУ Средняя общеобразовательная школа № 1251 имени генерала Шарля Де Голля, корпус № 2;+7 (499) 198-04-81, +7 (499) 198-26-03, +7 (499) 198-37-11;;ул. Сальвадора Альенде, 6, Москва;sch1251s.mskobr.ru;55.796 37.506;education
ГБОУ школа № 149 имени Героя Советского Союза Ю. Н. Зыкова;+7 (499) 158-03-31;;ул. Левитана, 3А, Москва;sch149.mskobr.ru;55.801 37.500;education
Школа №1252 им. Сервантеса с дошкольным отделением;+7 (499) 158-82-61, +7 (499) 158-02-22;;Волоколамское ш., 14А, Москва;sch1252.mskobr.ru;55.810 37.495;education
ГБОУ школа № 1252 имени Сервантеса, начальная школа;+7 (499) 158-69-89, +7 (499) 158-18-02;;Волоколамское ш., 12, Москва;sch1252.mskobr.ru;55.809 37.496;education
Школа №1252 им. Сервантеса с дошкольным отделением;+7 (499) 158-80-29, +7 (495) 653-18-01, +7 (499) 158-24-22, +7 (495) 653-18-21;;Дубосековская ул., 3, Москва;sch1252.mskobr.ru;55.810 37.496;education
ГБОУ школа № 149 имени Героя Советского Союза Ю. Н. Зыкова;+7 (499) 198-43-62, +7 (499) 198-54-51, +7 (499) 198-60-63;+7 (916) 356-54-65;ул. Левитана, 3А, Москва;sch149.mskobr.ru;55.801 37.500;education
Школа №1252 им. Сервантеса с дошкольным отделением;;+7 (985) 734-43-20;Волоколамское ш., 6, Москва;sch1252.mskobr.ru , 1252.ru;55.808 37.501;education
Муми-Тролль, старшая школа;+7 (499) 158-62-66, +7 (499) 158-24-07;;Волоколамское ш., 1, корп. А, Москва;mumi-troll.ru;55.806 37.504;education
Seymour house, монтессори-школа;+7 (495) 150-14-00, +7 (499) 444-28-60;;ул. Верещагина, 3, Москва;seymourhouse.ru;55.802 37.505;education
Школа №1251 им. Генерала Шарля де Голля с дошкольным отделением, Учебный корпус №4;+7 (499) 198-15-73, +7 (499) 198-77-15, +7 (499) 198-77-16, +7 (499) 198-77-17;;ул. Алабяна, 15, Москва;sch1251s.mskobr.ru;55.799 37.505;education
ГБОУ школа № 149 имени Героя Советского Союза Ю. Н. Зыкова;+7 (499) 740-60-46;;ул. Левитана, 5А, Москва;sch149.mskobr.ru;55.801 37.499;education
ГБОУ Средняя общеобразовательная школа № 1251 имени генерала Шарля де Голля с углубленным изучением французского языка, учебный корпус № 3;+7 (499) 198-84-93, +7 (499) 198-04-52;;ул. Сальвадора Альенде, 9, Москва;sch1251s.mskobr.ru;55.794 37.507;education
Средняя общеобразовательная школа № 1251 им. генерала Шарля де Голля, дошкольное отделение № 2;+7 (499) 198-10-12, +7 (499) 157-67-12;;Песчаный пер., 1А, Москва;sch1251s.mskobr.ru;55.797 37.511;education
Государственное бюджетное общеобразовательное учреждение города Москвы школа № 1384 имени А. А. Леманского;+7 (499) 157-23-11;;Новопесчаная ул., 15, Москва;sch1384.mskobr.ru;55.798 37.515;education
Инженерно-техническая школа им. дважды Героя Советского Союза П.Р. Поповича с дошкольным отделением;+7 (499) 152-59-31;+7 (916) 176-95-97;ул. Усиевича, 31А, Москва;itschool.mskobr.ru;55.808 37.516;education
Школа № 90 имени Героя Советского Союза Е. Г. Ларикова;+7 (499) 157-10-66, +7 (499) 976-08-62;;2-я Песчаная ул., 4А, Москва;sch90.mskobr.ru;55.794 37.516;education
Школа №1287 с дошкольным отделением;+7 (499) 198-76-43, +7 (499) 198-76-41, +7 (499) 198-76-44, +7 (499) 157-62-51;;пр. Аэропорта, 10, Москва;sch1287s.mskobr.ru;55.796 37.521;education
Школа № 1249;+7 (499) 157-08-68, +7 (499) 157-07-04, +7 (499) 157-28-84;;Чапаевский пер., 6, стр. 2, Москва;schs1249.mskobr.ru;55.801 37.518;education
Школа Макарун;+7 (499) 152-66-60;+7 (966) 668-81-35, +7 (969) 155-50-00, +7 (969) 349-50-00;2-й Балтийский пер., 3А, Москва;macarun.ru;55.808 37.522;education
Московский авиационный институт, Центр Предуниверсарий;+7 (499) 158-44-03;+7 (929) 560-99-06;ул. Острякова, 15А, Москва;preduniversariy-mai.mskobr.ru , preduniversariy.mai.ru , mai.ru;55.799 37.523;education
Школа №1287 с дошкольным отделением;+7 (499) 157-34-81;+7 (915) 304-75-97;ул. Острякова, 7, Москва;sch1287s.mskobr.ru;55.799 37.525;education
ГБОУ Инженерно-техническая школа имени дважды Героя Советского Союза П. Р. Поповича, школьное отделение;+7 (499) 152-22-31;;Малый Коптевский пр., 3, Москва;itschool.mskobr.ru;55.810 37.531;education
Школа №1575 с дошкольным отделением;+7 (499) 151-99-82, +7 (499) 151-89-24, +7 (527) 755-30-00;;ул. Усиевича, 6, Москва;lyc1575.mskobr.ru;55.805 37.532;education
Средняя общеобразовательная школа №152 с дошкольным отделением;+7 (499) 151-02-16, +7 (495) 656-07-85;;1-я Аэропортовская ул., 1, Москва;sch152s-new.mskobr.ru;55.801 37.536;education
Новая гуманитарная школа;+7 (499) 152-17-06, +7 (499) 152-41-55, +7 (495) 956-16-64;;Красноармейская ул., 30Б, Москва;school-1.ru , nhs-1.com;55.802 37.541;education
Бугенвиль;+7 (499) 795-77-17;+7 (985) 788-65-60;ул. Черняховского, 19, Москва;bougenville.ru;55.809 37.542;education
Средняя общеобразовательная школа №152 с дошкольным отделением;+7 (495) 612-05-59, +7 (495) 612-23-13, +7 (495) 612-85-23, +7 (495) 612-52-41;;Ленинградский просп., 46, Москва;sch152s-new.mskobr.ru , school-152-museum.umi.ru;55.796 37.545;education
Школа №1575 с дошкольным отделением;+7 (495) 614-50-00;;Планетная ул., 23, Москва;lyc1575.mskobr.ru;55.801 37.547;education
Инженерно-техническая школа им. дважды Героя Советского Союза П.Р. Поповича с дошкольным отделением;+7 (499) 152-78-26;;ул. 8 Марта, 17, Северный административный округ, Москва;school227cao.narod.ru , itschool.mskobr.ru;55.806 37.548;education
НОЧУ Гимназия Свет;+7 (495) 614-29-36, +7 (495) 614-40-21, +7 (495) 611-46-19, +7 (495) 614-37-75;+7 (916) 163-46-09;ул. 8 Марта, 6Г, стр. 1, Северный административный округ, Москва;shkolasvet.ru;55.802 37.556;education
Частная школа-детский сад;+7 (495) 611-52-11, +7 (499) 198-62-23, +7 (499) 198-37-00, +7 (495) 695-17-91, +7 (495) 120-04-50, +7 (495) 611-08-35;+7 (926) 736-99-17, +7 (926) 834-37-21, +7 (929) 539-33-25;ул. Вучетича, 7А, Москва;school.luchik.ru , luchik.ru;55.808 37.557;education
Школа № 1601 имени Героя Советского Союза Е. К. Лютикова, предпринимательский корпус;+7 (495) 613-37-07;+7 (901) 746-34-74, +7 (906) 038-38-14, +7 (963) 963-14-88, +7 (925) 241-87-34, +7 (901) 536-36-05, +7 (903) 155-30-89;ул. Верхняя Масловка, 26, Москва;cos1601.mskobr.ru;55.798 37.560;education
Школа №218 с дошкольным отделением;+7 (499) 976-42-24, +7 (499) 977-66-25, +7 (495) 611-39-18, +7 (495) 611-00-43, +7 (499) 976-40-69, +7 (499) 976-69-62, +7 (499) 976-40-87;+7 (916) 629-19-60;ул. Вучетича, 6, Москва;sch218.mskobr.ru;55.809 37.560;education
Петровская школа;+7 (495) 612-41-84, +7 (495) 614-71-85;+7 (903) 795-96-40;ул. Юннатов, 1, Москва;petrovskaja-school.ru;55.797 37.564;education
ГБОУ школа № 1164;+7 (527) 758-60-00;;Писцовая ул., 14А, Москва;sch1164.mskobr.ru;55.798 37.574;education
ГБОУ Средняя общеобразовательная школа № 1164;+7 (495) 656-07-50;+7 (985) 365-89-00;Писцовая ул., 7А, Москва;sch1164.mskobr.ru;55.797 37.574;education
Школа №218 с дошкольным отделением;+7 (499) 976-03-20, +7 (499) 976-63-45;;Дмитровское ш., 5А, стр. 1, Москва;sch218.mskobr.ru;55.812 37.574;education
Школа №218 с дошкольным отделением;+7 (499) 976-47-56;;ул. Костякова, 4, Москва;sch218.mskobr.ru;55.811 37.575;education
Школа №218 с дошкольным отделением;+7 (499) 976-09-27;;ул. Костякова, 2А, Москва;sch218.mskobr.ru;55.810 37.575;education
Классный проект, начальная школа и детский сад;+7 (495) 799-82-77, +7 (495) 104-30-86;;Складочная ул., 8, корп. 2, Москва;cp-school.ru;55.803 37.596;education
Школа № 1501;+7 (499) 972-64-05, +7 (499) 972-62-41, +7 (499) 973-10-00;;Тихвинская ул., 39, стр. 2, Москва;lycc1501.mskobr.ru , lyceum1501.ru;55.792 37.598;education
Школа №1518 с дошкольным отделением;+7 (495) 687-66-66;;Мурманский пр., 4, Москва;gum1518.mskobr.ru;55.802 37.632;education
ГАОУ школа № 1518;+7 (495) 687-66-94;;просп. Мира, 85, Москва;gum1518.mskobr.ru;55.803 37.635;education
КодКласс;+7 (495) 649-83-06;+7 (995) 789-13-15, +7 (995) 789-13-05;просп. Мира, 101, стр. 1, Москва;;55.812 37.636;education
Школа №1539 с дошкольным отделением;+7 (495) 683-11-16, +7 (495) 683-04-03;;Староалексеевская ул., 1, Москва;gym1539sv.mskobr.ru , 13dno.ru;55.810 37.642;education
Общеобразовательная школа-интернат №1 для обучения и реабилитации слепых, с дошкольным отделением;+7 (495) 687-55-01, +7 (495) 687-55-02;;3-я Мытищинская ул., 5, Москва;schisv1.mskobr.ru;55.807 37.645;education
Потенциал, частная образовательная школа;+7 (495) 682-50-75, +7 (495) 683-63-58;;Кулаков пер., 7, корп. 1, Москва;school-potencial.ru;55.805 37.641;education
Гамма, школа №1404 с дошкольным отделением;+7 (499) 268-46-80;;Большая Ширяевская ул., 10, Москва;gym1404.mskobr.ru , gamma1404.edusite.ru;55.808 37.687;education
Гамма, школа №1404 с дошкольным отделением;+7 (499) 268-73-11;;Большая Оленья ул., 3, Москва;gym1404.mskobr.ru , gamma1404.edusite.ru;55.804 37.688;education
Энергия, школа №1502 с дошкольным отделением;+7 (495) 963-08-59, +7 (495) 962-19-11, +7 (495) 962-18-11;;2-я ул. Бухвостова, 6, Москва;1502.mskobr.ru;55.798 37.707;education
Богородская, школа №1797 с дошкольным отделением;+7 (499) 169-59-41;;1-я Гражданская ул., 96, Москва;gym1797.mskobr.ru , sch1797.ru;55.807 37.709;education
Heritage International School;+7 (495) 565-30-90, +7 (3452) 57-45-15, +7 (495) 136-26-27, +7 (495) 730-73-30;+7 (912) 387-45-15;Краснобогатырская ул., 90, стр. 3, Москва;heritageschool.ru;55.800 37.710;education
Богородская, школа №1797 с дошкольным отделением;+7 (495) 963-33-27;;3-я Гражданская ул., 64, Москва;gym1797.mskobr.ru , sch1797.ru;55.809 37.712;education
Энергия, школа №1502 с дошкольным отделением;+7 (495) 963-40-36;;ул. Девятая Рота, 14А, Москва;1502.mskobr.ru;55.792 37.713;education
Школа №1080 с дошкольным отделением;+7 (526) 359-40-00, +7 (499) 161-75-39;;Знаменская, 12;sch1080.mskobr.ru;55.802 37.721;education
Школа №1080 с дошкольным отделением, Школьное отделение №2;+7 (499) 162-02-28, +7 (499) 161-46-08, +7 (499) 168-70-40, +7 (499) 162-03-05;;Халтуринская ул., 16, Москва;sch1080.mskobr.ru;55.804 37.728;education
Школа № 1505 Преображенская;+7 (495) 963-77-44, +7 (495) 963-76-77;;2-я Пугачёвская ул., 6А, Москва;gym1505.ru , gym1505v.mskobr.ru;55.796 37.729;education
ГБОУ школа № 1505 Преображенская;+7 (495) 964-35-93, +7 (499) 161-72-59;;2-я Пугачёвская ул., 7, Москва;gym1505.ru , gym1505v.mskobr.ru;55.796 37.731;education
Школа №1080 с дошкольным отделением, Школьное отделение №5;+7 (499) 169-32-56, +7 (499) 160-86-26;;Бойцовая ул., 6, корп. 8А, Москва;sch1080.mskobr.ru;55.810 37.720;education
Ретро, частная школа;+7 (499) 160-62-32, +7 (499) 455-64-53, +7 (499) 160-63-32, +7 (499) 160-86-25;;4-я Гражданская ул., 43, корп. 8, Москва;retroschool.ru;55.807 37.722;education
ГБОУ школа № 1505 Преображенская;+7 (499) 161-00-17, +7 (499) 161-41-39, +7 (499) 161-41-43, +7 (499) 162-05-10;;Большая Черкизовская ул., 26, Москва;gym1505.ru , gym1505v.mskobr.ru;55.797 37.739;education
ГБОУ Средняя общеобразовательная школа № 319;+7 (499) 966-88-04, +7 (499) 966-88-30, +7 (499) 966-87-10;;Амурская ул., 6, Москва;sch319v.mskobr.ru;55.807 37.760;education
ГБОУ школа № 2033 Дмитриевский корпус;;+7 (929) 672-34-01;Сиреневый бул., 3, Москва;sch2033v.mskobr.ru;55.803 37.768;education
Концепт, международная школа;+7 (495) 777-38-08;+7 (977) 928-43-95, +7 (980) 800-47-08;3-я Прядильная ул., 6А, Москва;school-concept.ru;55.797 37.772;education
Школа № 1290, корпус 4;+7 (499) 165-88-32;;Никитинская ул., 7, стр. 2, Москва;sch1290.mskobr.ru;55.797 37.774;education
Колибри, школа-сад;+7 (499) 164-37-60;+7 (926) 646-95-06, +7 (929) 992-09-76;Никитинская ул., 24А, Москва;kolibrischool.ru;55.806 37.775;education
ГБОУ школа № 2033;+7 (499) 164-38-16, +7 (495) 652-02-30;;Сиреневый бул., 9, Москва;sch2033v.mskobr.ru;55.803 37.777;education
ГБОУ школа № 319, здание № 5;;+7 (916) 801-14-69;Щёлковское ш., 29А, Москва;sch319v.mskobr.ru;55.811 37.779;education
Измайловская школа №1508, Школьный корпус Петровский;+7 (499) 163-15-97, +7 (499) 163-80-89, +7 (499) 163-08-47;;Измайловский бул., 7, Москва;gym1508.mskobr.ru;55.798 37.785;education
Государственное бюджетное общеобразовательное учреждение города Москвы КиберШкола;+7 (495) 369-17-23;;5-я Парковая ул., 51, Москва;kibershkola.mskobr.ru;55.807 37.786;education
ГБОУ Средняя общеобразовательная школа № 2033, Владимирский корпус;;+7 (926) 557-77-16;5-я Парковая ул., 62, Москва;sch2033v.mskobr.ru;55.808 37.788;education
ГБОУ школа № 444, дошкольное отделение;+7 (499) 367-33-72;;6-я Парковая ул., 25, Москва;schv444.mskobr.ru;55.794 37.790;education
ГБОУ школа № 2033, Юрьевский корпус;+7 (499) 164-49-01;;5-я Парковая ул., 49, Москва;sch2033v.mskobr.ru;55.806 37.786;education
Школа №2200 с дошкольным отделением;+7 (499) 164-56-01, +7 (495) 498-83-34, +7 (495) 468-02-91, +7 (495) 468-83-34;;5-я Парковая ул., 58Б, Москва;sch2200.mskobr.ru;55.805 37.791;education
ГБОУ школа № 1508 корпус имени Софьи Ковалевской;+7 (499) 164-67-01, +7 (499) 367-21-09;;Сиреневый бул., 20, Москва;gym1508.mskobr.ru;55.802 37.791;education
Школа №2200 с дошкольным отделением;+7 (499) 164-46-16;;Щёлковское ш., 44А, Москва;sch2200.mskobr.ru;55.808 37.792;education
Школа № 1508, Ломоносовский корпус;;+7 (930) 949-79-68;Первомайская ул., 65, Москва;gym1508.mskobr.ru;55.794 37.796;education
Школа №2200 с дошкольным отделением;+7 (495) 770-41-87;;Щёлковское ш., 52А, Москва;sch2200.mskobr.ru;55.808 37.796;education
ГБОУ школа № 1508, Королёвский корпус;+7 (495) 965-46-01, +7 (495) 965-46-28;;Верхняя Первомайская ул., 47А, Москва;gym1508.mskobr.ru;55.800 37.796;education
Школа № 2200;+7 (499) 163-61-02;;ул. Константина Федина, 14, Москва;sch2200.mskobr.ru;55.806 37.797;education
Кладезь, частная школа;+7 (495) 465-65-20, +7 (495) 965-33-68;+7 (905) 753-76-49;9-я Парковая ул., 54А, Москва;noukladez.mskobr.ru , kladez-school.ru;55.802 37.800;education
Школа №2200 с дошкольным отделением;+7 (499) 164-57-45;;Щёлковское ш., 58А, Москва;sch2200.mskobr.ru;55.809 37.801;education
Лидер, клуб детского развития;;+7 (925) 502-47-38;9-я Парковая ул., 60, Москва;;55.804 37.801;education
Школа № 1508, Менделеевский корпус;+7 (495) 465-46-60;;Средняя Первомайская ул., 8, Москва;gym1508.mskobr.ru;55.795 37.801;education
ГБОУ школа № 1811 Восточное Измайлово;+7 (495) 465-25-76, +7 (495) 465-25-45;;Измайловский бул., 52, Москва;1811.mskobr.ru;55.796 37.809;education
Оано;+7 (495) 933-31-64;+7 (915) 277-48-17;Измайловский бул., 60/10, Москва;olded.ru;55.797 37.815;education
Школа №2200 с дошкольным отделением;+7 (495) 468-41-28;;Щёлковское ш., 82Б, Москва;sch2200.mskobr.ru;55.808 37.815;education
Восточное Измайлово, школа №1811 с дошкольным отделением;+7 (495) 465-68-00;;Первомайская ул., 111, Москва;1811.mskobr.ru;55.794 37.815;education
Восточное Измайлово, школа №1811 с дошкольным отделением;+7 (495) 468-30-78;;13-я Парковая ул., 18А, Москва;1811.mskobr.ru;55.800 37.816;education
Вертикаль, Школа №3 для детей с особыми образовательными потребностями;+7 (499) 461-75-73, +7 (499) 461-82-07, +7 (499) 463-61-52;+7 (900) 945-29-56;16-я Парковая ул., 8, Москва;gym1748v.mskobr.ru;55.799 37.826;education
Школа №2200 с дошкольным отделением;+7 (495) 468-31-16, +7 (495) 468-53-20;;Сиреневый бул., 55, Москва;sch2200.mskobr.ru;55.804 37.815;education
ГБОУ школа № 1811;+7 (495) 965-87-22;;Измайловский бул., 62, Москва;1811.mskobr.ru;55.796 37.816;education
ГБОУ города Москвы школа № 1748 Вертикаль, школьный корпус № 5;+7 (495) 468-82-05;;15-я Парковая ул., 52А, Москва;gym1748v.mskobr.ru;55.809 37.821;education
Школа № 1748 Вертикаль, школьный корпус № 4;+7 (495) 468-81-52;;15-я Парковая ул., 46А, Москва;gym1748v.mskobr.ru;55.808 37.822;education
ГБОУ школа самоопределения № 734 имени А. Н. Тубельского;+7 (499) 461-06-23, +7 (499) 461-47-56;;Сиреневый бул., 58А, Москва;cog734.mskobr.ru;55.801 37.824;education
ГБОУ города Москвы Школа № 1748 Вертикаль, школьный корпус № 1;+7 (499) 463-57-16;;Сиреневый бул., 73, корп. 3, Москва;gym1748v.mskobr.ru;55.805 37.828;education
ГБОУ школа № 1748 Вертикаль, школьный корпус № 2;+7 (499) 461-34-35, +7 (499) 461-34-44, +7 (499) 461-52-23;;Сиреневый бул., 68, Москва;gym1748v.mskobr.ru;55.802 37.834;education
ГБОУ школа № 1564 имени Героя Советского Союза А. П. Белобородова;+7 (495) 794-42-93, +7 (495) 505-97-42, +7 (495) 505-97-44, +7 (495) 505-97-41, +7 (495) 505-97-43;;Уваровский пер., 8, Москва;lyc1564.mskobr.ru;55.828 37.349;education
Каток, ГБОУ СОШ № 69 им. Б. Ш. Окуджавы;+7 (495) 750-96-08, +7 (495) 750-10-10, +7 (495) 750-81-72;+7 (985) 245-80-29;ул. Кулакова, 2, корп. 2, Москва;sch69sz.mskobr.ru;55.816 37.398;education
Московский государственный образовательный комплекс, Первая школа Союза машиностроителей России;+7 (495) 491-92-25, +7 (495) 491-68-88;+7 (996) 938-13-54;пр. Стратонавтов, 15, Москва;mgok.mskobr.ru;55.828 37.429;education
Школа № 727, Дошкольное отделение Воробей;+7 (499) 727-07-27;+7 (963) 612-62-38;Волоколамское ш., 71, стр. 3, Москва;727.mskobr.ru;55.820 37.430;education
ГБОУ школа № 830, корпус № 8 Пчёлка;+7 (495) 490-12-79, +7 (495) 491-11-59, +7 (495) 491-13-45, +7 (495) 490-14-07, +7 (528) 356-90-00;+7 (963) 607-23-04;Волоколамский пр., дв5к3, Москва;sch830sz.mskobr.ru;55.827 37.432;education
Шахматенок и его друзья;;+7 (985) 069-61-64;Тушинская ул., 10, Москва;шахматёнок.рф;55.827 37.450;education
Школа №1285 с дошкольным отделением;+7 (495) 491-76-33, +7 (495) 491-72-41, +7 (495) 491-79-01;;Тушинская ул., 7, Москва;sch1285sz.mskobr.ru;55.826 37.450;education
ГБОУ Средняя общеобразовательная школа № 830, корпус № 3;+7 (495) 491-52-92, +7 (495) 491-51-10;;ул. Свободы, 3, корп. 1, Москва;sch830sz.mskobr.ru;55.825 37.450;education
Англо-Американская школа Москвы;+7 (495) 231-44-83, +7 (495) 009-88-99, +7 (495) 231-44-88, +7 (495) 231-44-86, +7 (495) 231-44-84, +7 (495) 231-44-82;;Береговая ул., 1, Москва;aas.ru;55.827 37.462;education
Средняя общеобразовательная школа №1250 с дошкольным отделением;+7 (499) 150-86-77, +7 (499) 150-86-75;;Ленинградское ш., 27, Москва;sch1250s.mskobr.ru;55.830 37.485;education
Средняя общеобразовательная школа №224 с дошкольным отделением;+7 (499) 159-75-73;;Ленинградское ш., 30, Москва;sch224s.mskobr.ru;55.829 37.491;education
Школа № 717 с дошкольным отделением;+7 (495) 708-28-99, +7 (499) 150-06-74, +7 (499) 150-13-14, +7 (499) 150-06-44;;ул. Зои и Александра Космодемьянских, 4, корп. 3, Москва;sch717s.mskobr.ru;55.818 37.504;education
Школа № 201, отделение дополнительного образования;+7 (495) 450-95-37;;Ленинградское ш., 10, Москва;gym201s.mskobr.ru;55.820 37.501;education
ГБОУ школа № 90 имени Героя Советского Союза Е. Г. Ларикова;+7 (495) 450-44-88, +7 (495) 450-95-10, +7 (395) 672-06-20;;4-й Новоподмосковный пер., 2А, Москва;joomlarulit.com , sch90.mskobr.ru;55.822 37.504;education
Средняя общеобразовательная школа №224 с дошкольным отделением;+7 (495) 123-67-01, +7 (499) 401-01-91, +7 (499) 401-01-95;;Нарвская ул., 1А, корп. 6, Москва;sch224s.mskobr.ru;55.832 37.503;education
ГБОУ школа № 717, подростковая школа;;+7 (967) 135-45-20, +7 (916) 500-79-22;ул. Зои и Александра Космодемьянских, 6А, Москва;shans717.nethouse.ru , sch717s.mskobr.ru;55.818 37.507;education
ГБПОУ ПК имени Н. Н. Годовикова, отделение общеобразовательных дисциплин;+7 (495) 450-03-23, +7 (499) 156-40-01, +7 (495) 450-01-73;;ул. Клары Цеткин, 27, Москва;pkgodovikov.mskobr.ru;55.825 37.516;education
ГБОУ школа № 1679;+7 (495) 459-40-42, +7 (495) 459-40-43, +7 (495) 459-30-64, +7 (527) 758-00-00;;Новопетровская ул., 1А, Москва;co1679s.mskobr.ru;55.828 37.519;education
Школа № 1576, корпус № 2;+7 (495) 646-15-76;;ул. Космонавта Волкова, 23, Москва;gym1576s.mskobr.ru;55.817 37.520;education
ГБПОУ Политехнический колледж им. Н. Н. Годовикова, отделение школа им. Героя Советского Союза Н. И. Кузнецова;+7 (499) 156-10-19;;ул. Зои и Александра Космодемьянских, 33, Москва;pkgodovikov.mskobr.ru;55.825 37.524;education
ГБУ Средняя общеобразовательная школа города Москвы, класс-центр;+7 (499) 767-08-76, +7 (499) 767-09-55;;Большая Академическая ул., 11А, Москва;klass-center.ru;55.822 37.525;education
ГБОУ школа № 1576, корпус № 1;;+7 (926) 587-79-49;Большая Академическая ул., 22А, Москва;gym1576s.mskobr.ru;55.823 37.529;education
Британская международная школа 1;+7 (495) 414-48-53;;Большая Академическая ул., 24, Москва;bismoscow.com;55.826 37.532;education
Школа № 1576, корпус № 3;+7 (499) 154-71-32, +7 (499) 154-33-41, +7 (495) 450-85-68, +7 (499) 154-84-16;;бул. Матроса Железняка, 12, Москва;gym1576s.mskobr.ru;55.829 37.527;education
ГБОУ школа № 1454 Тимирязевская;+7 (499) 977-00-11;;ул. Немчинова, 8, Москва;sch1454s.mskobr.ru;55.824 37.568;education
Первый Московский кадетский корпус;+7 (495) 611-29-43;;ул. Вучетича, 30, Москва;kdsch1s.mskobr.ru;55.815 37.559;education
ГБОУ школа № 1454 Тимирязевская, дошкольная образовательная площадка;+7 (499) 976-53-98, +7 (499) 976-56-45;;Дмитровское ш., 29, корп. 2, Москва;sch1454s.mskobr.ru;55.828 37.570;education
ГБОУ школа № 1454 Тимирязевская, дошкольная образовательная площадка Дмитровская 15;+7 (499) 977-16-10;;Дмитровское ш., 15, корп. 3, Москва;sch1454s.mskobr.ru;55.819 37.571;education
Школа №1236 им. С.В. Милашенкова с дошкольным отделением;+7 (495) 639-36-83, +7 (495) 639-34-63, +7 (495) 610-05-47, +7 (495) 639-05-05, +7 (495) 610-05-14;;ул. Яблочкова, 35Г, Москва;sch1236sv.mskobr.ru;55.825 37.575;education
Школа №1236 им. С.В. Милашенкова с дошкольным отделением;+7 (495) 619-11-72;;ул. Яблочкова, 10, Москва;sch1236sv.mskobr.ru;55.817 37.582;education
Школа №1236 им. С.В. Милашенкова с дошкольным отделением;+7 (495) 610-92-35;;ул. Милашенкова, 9Б, Москва;sch1236sv.mskobr.ru;55.824 37.583;education
Школа №1236 им. С.В. Милашенкова с дошкольным отделением;+7 (495) 639-51-21;;ул. Милашенкова, 10В, Москва;sch1236sv.mskobr.ru;55.826 37.585;education
Школа Подсолнух, частная коррекционная школа;+7 (495) 973-49-81;+7 (926) 456-41-42, +7 (916) 127-73-01;ул. Добролюбова, 21А, корп. Б, Москва;centr-podsolnuh.ru;55.818 37.590;education
Школа №1494 с дошкольным отделением;+7 (499) 975-06-09;;Большая Марфинская, 7;sch1494sv.mskobr.ru;55.831 37.592;education
Школа №1236 им. С.В. Милашенкова с дошкольным отделением;+7 (495) 618-30-80, +7 (495) 618-70-35, +7 (495) 618-32-13;;ул. Добролюбова, 14, Москва;sch1236sv.mskobr.ru;55.815 37.594;education
Государственное бюджетное общеобразовательное учреждение города Москвы школа № 1494;+7 (499) 975-06-08, +7 (495) 618-40-79;+7 (910) 452-02-66;Большая Марфинская ул., 1А, Москва;sch1494sv.mskobr.ru;55.831 37.591;education
Государственное бюджетное общеобразовательное учреждение города Москвы школа № 1494;+7 (495) 618-29-95, +7 (495) 618-28-47;;Ботаническая ул., 11А, Москва;sch1494sv.mskobr.ru;55.825 37.600;education
Венда, частный детский сад-школа;+7 (495) 743-69-39, +7 (495) 615-00-03;+7 (915) 001-61-65;Прудовой пр., 9, Москва;venda.ru;55.815 37.616;education
Останкино, школа №1415 c дошкольным отделением;+7 (495) 686-06-15, +7 (495) 602-20-41;;1-я Останкинская ул., 29, Москва;sch1415sv.mskobr.ru;55.825 37.625;education
ГБОУ школа № 1220 Структурное подразделение № 2;+7 (495) 683-09-08;;3-я Новоостанкинская ул., 6, Москва;sch1220.mskobr.ru;55.818 37.627;education
Средняя общеобразовательная школа №293 им. А.Т. Твардовского;+7 (495) 683-01-47, +7 (495) 683-45-70, +7 (495) 683-20-48;;просп. Мира, 128, Москва;sch293.mskobr.ru;55.818 37.640;education
Шик 16, школа с дошкольным отделением;+7 (495) 682-62-34;;просп. Мира, 123, Москва;schisv16.mskobr.ru;55.825 37.644;education
ГБОУ школа № 293 им. А. Т. Твардовского;+7 (495) 683-06-69, +7 (495) 682-60-52;;ул. Космонавтов, 5, Москва;sch293.mskobr.ru;55.822 37.653;education
Средняя общеобразовательная школа №293 им. А.Т. Твардовского;+7 (495) 683-58-80, +7 (495) 686-82-11, +7 (495) 683-53-90, +7 (495) 683-18-60;;Ярославская ул., 27, Москва;sch293.mskobr.ru;55.827 37.653;education
Школа № 1503, корпус начальной школы;+7 (495) 683-77-12;+7 (926) 867-91-01;ул. Павла Корчагина, 1А, Москва;gym1503.mskobr.ru , s1503.ru;55.813 37.656;education
ГБОУ школа № 1499 им. И. А. Докукина;+7 (499) 181-16-17, +7 (499) 665-36-01, +7 (499) 665-36-21;;Малахитовая ул., 15, Москва;co1499sv-new.mskobr.ru;55.832 37.664;education
Средняя школа;+7 (499) 455-70-01;;6-й Лучевой просек, 21 ст11;academ-school.ru;55.813 37.683;education
Школа № 1795 Лосиноостровская, школьное отделение № 3;+7 (499) 169-40-70;;Миллионная ул., 5, корп. 1, Москва;sch1795.ru , lyc1795.mskobr.ru , sch374.mskobr.ru;55.816 37.697;education
Школа №1360 с дошкольным отделением;;+7 (916) 021-94-05, +7 (903) 628-99-63;Бойцовая ул., 20, Москва;sch1360v.mskobr.ru;55.815 37.724;education
Государственное бюджетное общеобразовательное учреждение города Москвы школа № 1360;+7 (499) 160-22-10, +7 (499) 160-25-62, +7 (499) 160-38-06;+7 (964) 774-06-40, +7 (985) 146-90-78;бул. Маршала Рокоссовского, 34, Москва;sch1360v.mskobr.ru;55.818 37.716;education
ГБОУ школа № 1080 Школьное отделение № 4;+7 (499) 160-12-20;;Ивантеевская ул., 32А, Москва;sch1080.mskobr.ru;55.814 37.729;education
Средняя общеобразовательная школа № 1795 Лосиноостровская, школьное отделение № 1;+7 (499) 167-81-71, +7 (499) 167-92-86, +7 (499) 167-40-67;;Открытое ш., 23А, Москва;lyc1795.mskobr.ru;55.827 37.753;education
Школа №1246 с дошкольным отделением;+7 (499) 167-80-23;;Открытое ш., 31А, Москва;sch1246v.mskobr.ru;55.830 37.761;education
Школа №1246 с дошкольным отделением;+7 (499) 780-70-29;;ул. Николая Химушина, 13, Москва;sch1246v.mskobr.ru;55.823 37.762;education
Школа №1246 с дошкольным отделением;+7 (499) 167-74-13;;Открытое ш., 29, Москва;sch1246v.mskobr.ru;55.830 37.763;education
Лад, частная средняя общеобразовательная школа с дошкольным отделением;+7 (495) 469-92-52, +7 (495) 466-59-98;;Уральская ул., 15А, Москва;school-lad.ru;55.819 37.796;education
ГБОУ школа № 319. Здание 3;+7 (495) 462-26-87, +7 (495) 462-03-19;;Амурская ул., 25А, Москва;sch319v.mskobr.ru;55.815 37.792;education
ГБОУ школа № 319, здание 2;+7 (495) 462-04-19;;Уральская ул., 19, Москва;sch319v.mskobr.ru;55.821 37.794;education
Средняя общеобразовательная школа №1352;+7 (495) 466-81-74;;Щёлковское ш., 77А, Москва;sch1352v.mskobr.ru;55.813 37.804;education
ГБОУ школа № 1598 здание № 19 с дошкольными группами;+7 (495) 469-92-61, +7 (495) 466-34-14, +7 (495) 469-06-51;;Уральская ул., 23, Москва;lyc1598v.mskobr.ru;55.824 37.807;education
ГБОУ города Москвы школа № 1516, корпус №3;+7 (495) 466-63-16, +7 (465) 460-43-66, +7 (495) 467-56-22, +7 (495) 466-36-31, +7 (495) 466-95-03;;Алтайская ул., 10А, Москва;gym1516.mskobr.ru , sch1078.mskobr.ru;55.819 37.808;education
ГБОУ школа № 1598 здание № 18 с дошкольными группами;+7 (495) 467-22-31, +7 (495) 467-61-00;;Камчатская ул., 2А, Москва;lyc1598v.mskobr.ru;55.826 37.810;education
Школа № 1352;+7 (495) 468-11-62;;Щёлковское ш., 79А, Москва;sch1352v.mskobr.ru;55.813 37.808;education
ГБОУ школа № 368 Лосиный остров;+7 (495) 466-95-41;;Уссурийская ул., 12, Москва;sch368.mskobr.ru;55.822 37.818;education
ГБОУ Школа № 1516;+7 (495) 460-43-77, +7 (495) 460-43-66, +7 (495) 468-47-10;;Новосибирская ул., 3А, Москва;gym1516.mskobr.ru;55.813 37.818;education
ГБОУ школа № 1598 здание № 14 с дошкольными группами;+7 (495) 466-51-44;;Сахалинская ул., 6, Москва;lyc1598v.mskobr.ru;55.827 37.819;education
ГБОУ школа № 1598 здание № 16 с дошкольными группами;+7 (495) 469-52-79;;Уссурийская ул., 9А, Москва;lyc1598v.mskobr.ru;55.825 37.819;education
Школа №1078 с дошкольным отделением;+7 (495) 467-63-40;;Алтайская ул., 26А, Москва;sch1516.mskobr.ru , sch1078.mskobr.ru;55.819 37.821;education
ГБОУ школа № 1598 здание № 15 с дошкольными группами;+7 (495) 467-54-70;;Камчатская ул., 23, Москва;lyc1598v.mskobr.ru;55.829 37.822;education
ГБОУ школа № 1598 здание № 8 с дошкольными группами;+7 (495) 467-75-44, +7 (495) 467-75-01;;Красноярская ул., 17А, Москва;lyc1598v.mskobr.ru;55.827 37.827;education
ГБОУ Школа № 1598 здание № 12 с дошкольными группами;+7 (495) 469-92-18;;Хабаровская ул., 8Б, Москва;lyc1598v.mskobr.ru;55.819 37.829;education
Школа №1598 с дошкольным отделением;+7 (495) 469-15-10;;Хабаровская ул., 8А, Москва;lyc1598v.mskobr.ru;55.819 37.829;education
ГБОУ школа № 1598 здание № 3 со школьными классами;+7 (495) 466-04-88;;Хабаровская ул., 18А, стр. 1, Москва;lyc1598v.mskobr.ru;55.825 37.828;education
ГБОУ школа № 1598 здание № 7 с дошкольными группами;+7 (495) 467-56-56, +7 (495) 467-56-83;;Алтайская ул., 29А, Москва;lyc1598v.mskobr.ru;55.822 37.830;education
ГБОУ Школа № 1598 здание № 9 с дошкольными группами;+7 (495) 467-49-00;;Красноярская ул., 9А, Москва;lyc1598v.mskobr.ru;55.822 37.831;education
ГБОУ школа № 368 Лосиный остров, блок начальных классов;+7 (495) 469-94-92;;Уссурийская ул., 14А, Москва;sch368.mskobr.ru;55.822 37.820;education
ГБОУ школа № 1598 здание № 4 со школьными классами;+7 (495) 466-92-22;;Камчатская ул., 10, Москва;lyc1598v.mskobr.ru;55.828 37.821;education
Школа № 1516, дошкольный корпус № 5;+7 (495) 469-13-21;;Алтайская ул., 34А, Москва;gym1516.mskobr.ru;55.819 37.832;education
Средняя общеобразовательная школа №1748 с дошкольным отделением;+7 (499) 780-68-94, +7 (499) 780-97-96, +7 (499) 780-17-65;;Главная ул., 9А, Восточный административный округ, район Восточный, Москва;gym1748v.mskobr.ru;55.820 37.864;education
ГБОУ Средняя общеобразовательная школа № 664;+7 (499) 780-97-98, +7 (526) 356-10-00, +7 (499) 780-59-85;+7 (916) 809-76-49;Главная ул., 13, Восточный административный округ, район Восточный, Москва;sch664.mskobr.ru;55.820 37.867;education
Школа №1944 с дошкольным отделением;+7 (495) 794-20-19, +7 (495) 754-15-79, +7 (495) 754-14-61, +7 (495) 751-69-48, +7 (495) 794-18-00;;ул. Барышиха, 29, корп. 1, Москва;schusz1944.mskobr.ru;55.847 37.343;education
Школа №1747 с дошкольным отделением;+7 (495) 751-41-61, +7 (495) 794-09-44, +7 (495) 754-29-87, +7 (495) 753-47-11, +7 (495) 752-31-10;+7 (926) 335-46-64;ул. Барышиха, 32, Москва;sch1747sz.mskobr.ru;55.849 37.344;education
Школа №1944 с дошкольным отделением;;+7 (967) 152-78-67;ул. Барышиха, 17, корп. 1, Москва;schusz1944.mskobr.ru;55.842 37.350;education
ГБОУ школа № 1944, дошкольное отделение;+7 (495) 753-65-99;;ул. Барышиха, 15, корп. 1, Москва;schusz1944.mskobr.ru;55.843 37.351;education
Территория iq, детский клуб;+7 (495) 766-21-68;;Дубравная ул., 40, Москва;shkola-iq.ru , territory-iq.ru;55.843 37.354;education
ГБОУ школа № 1564 имени Героя Советского Союза А. П. Белобородова;+7 (495) 753-10-40;;ул. Генерала Белобородова, 22, Москва;lic1564.narod.ru , lyc1564.mskobr.ru;55.832 37.354;education
ГБОУ школа № 1747;+7 (495) 751-10-10;;3-й Митинский пер., 12, корп. 1, Москва;sch1747sz.mskobr.ru;55.847 37.352;education
Школа № 1747 Дошкольное отделение Маленькая Страна;;+7 (903) 720-32-15;Дубравная ул., 38, корп. 1, Москва;sch1747sz.mskobr.ru , co1435.mskobr.ru , ds2320.narod.ru;55.845 37.355;education
Школа №1544 с дошкольным отделением;+7 (495) 752-61-11, +7 (495) 754-18-06, +7 (495) 794-49-25, +7 (495) 753-74-91;;Пенягинская ул., 14, Москва;gym1544sz.mskobr.ru;55.836 37.360;education
Школа № 1191, здание № 8;+7 (495) 794-25-34;;Митинская ул., 50, корп. 1, Москва;sch1191sz.mskobr.ru;55.852 37.357;education
Школа №1191 с дошкольным отделением;;+7 (926) 010-63-59;Митинская ул., 46, корп. 2, Москва;sch1191sz.mskobr.ru;55.850 37.358;education
Школа №1900 с дошкольным отделением;+7 (499) 192-32-01, +7 (495) 752-69-98, +7 (495) 752-69-97;+7 (999) 802-69-02, +7 (967) 152-67-84;Дубравная ул., 41, корп. 4, Москва;sch1900sz.mskobr.ru;55.842 37.363;education
ГБОУ школа № 1538, Здание № 4;+7 (495) 794-87-72, +7 (495) 794-87-70, +7 (495) 794-87-71;+7 (916) 320-84-19;Митинская ул., вл14, Москва;gym1538sz.mskobr.ru;55.842 37.375;education
ГБОУ школа № 1538, здание № 1;+7 (495) 751-14-91, +7 (495) 751-05-49;;Новотушинский пр., 8, Москва;gym1538sz.mskobr.ru;55.840 37.382;education
ГБОУ школа № 1538, Здание № 2;+7 (495) 753-77-70, +7 (495) 753-60-60, +7 (495) 753-03-26;;Пятницкое ш., 16, корп. 5, Москва;gym1538sz.mskobr.ru;55.842 37.388;education
Школа № 2097, корпус № 6;+7 (495) 948-63-01, +7 (528) 359-30-00, +7 (495) 948-03-05, +7 (495) 948-63-00, +7 (495) 948-03-04;+7 (917) 511-16-91;ул. Василия Петушкова, 23, корп. 1, Москва;sch2097sz.mskobr.ru;55.839 37.403;education
ГБОУ школа № 2097, корпус № 5;+7 (495) 948-66-19;;бул. Яна Райниса, 43, корп. 2, Москва;sch2097sz.mskobr.ru;55.849 37.410;education
ГБОУ школа № 827, ДО Березки;+7 (495) 949-88-72, +7 (528) 357-30-00, +7 (495) 949-88-73;+7 (926) 300-21-80;бул. Яна Райниса, 30, корп. 2, Москва;sch827sz.mskobr.ru;55.852 37.410;education
Школа № 1285 с углубленным изучением английского языка с дошкольным отделением;+7 (495) 491-67-59, +7 (495) 491-47-56;;1-й Тушинский пр., 12, Москва;sch1285sz.mskobr.ru;55.834 37.418;education
ГБОУ школа № 827, Дошкольное отделение Ёжики;+7 (495) 495-83-61;;бул. Яна Райниса, 18, корп. 3, Москва;sch827sz.mskobr.ru;55.851 37.419;education
ГБОУ школа № 827, дошкольное отделение Совушка;+7 (495) 948-27-78, +7 (495) 948-29-38;;бул. Яна Райниса, 18, корп. 2, Москва;sch827sz.mskobr.ru;55.851 37.419;education
ГБОУ школа № 2097, корпус № 1;+7 (495) 948-66-22, +7 (495) 948-16-14;+7 (905) 586-91-58;Аэродромная ул., 9, Москва;sch2097sz.mskobr.ru;55.847 37.430;education
ГБОУ школа № 2097, корпус № 2;+7 (499) 493-35-37, +7 (495) 948-30-60;+7 (905) 726-92-44;Туристская ул., 11, корп. 2, Москва;sch2097sz.mskobr.ru;55.847 37.421;education
Школа №2097 с дошкольным отделением, центр дополнительного образования;+7 (499) 492-01-90;+7 (917) 598-09-32;Аэродромная ул., 4, стр. 1, Москва;sch2097sz.mskobr.ru;55.845 37.432;education
Школа № 2097, корпус № 3;+7 (499) 493-51-13, +7 (499) 493-53-88;;Сходненская ул., 35, Москва;sch2097sz.mskobr.ru;55.849 37.438;education
Школа №2097 с дошкольным отделением, центр дополнительного образования;+7 (499) 492-77-51;;ул. Фабрициуса, 17, корп. 2, Москва;sch2097sz.mskobr.ru;55.843 37.437;education
ГБОУ школа № 2097 корпус № 16;;+7 (916) 222-45-65;Сходненская ул., 46/14, Москва;sch2097sz.mskobr.ru;55.847 37.440;education
Московская классическая гимназия;+7 (499) 493-91-83;+7 (903) 748-95-83, +7 (903) 136-30-22;Новопоселковая ул., 5А, Москва;mklassic.ru , sch-mkg.mskobr.ru;55.839 37.441;education
Средняя общеобразовательная школа №1056 с дошкольным отделением;+7 (495) 491-96-10, +7 (499) 497-01-40;;Штурвальная ул., 7, корп. 2, Москва;sch1056sz.mskobr.ru;55.848 37.444;education
Школа №1285 с дошкольным отделением;+7 (495) 490-29-31, +7 (495) 491-47-50;;Вишнёвая ул., 20, корп. 1, Москва;sch1285sz.mskobr.ru , sch1285.ru;55.834 37.448;education
Школа №1551 с дошкольным отделением;+7 (499) 493-90-80;;ул. Фабрициуса, 10, корп. 2, Москва;gym1551sz.mskobr.ru;55.845 37.449;education
Школа №1551 с дошкольным отделением;+7 (499) 493-90-71;;ул. Свободы, 40, Москва;gym1551sz.mskobr.ru;55.845 37.457;education
ГБОУ школа № 830;+7 (495) 490-28-81;;Большая Набережная ул., 23, Москва;sch830sz.mskobr.ru;55.833 37.460;education
Школа №1551 с дошкольным отделением;;+7 (916) 632-09-51;ул. Свободы, 42, корп. 2, Москва;gym1551sz.mskobr.ru;55.847 37.456;education
Частное учреждение общеобразовательная организация “Школа этикета и всестороннего развития”;+7 (499) 492-80-90, +7 (495) 490-35-77, +7 (499) 493-40-82;+7 (958) 827-45-44, +7 (967) 115-65-08;Лодочная ул., 31, корп. 4, Москва;noy-shevr.ru;55.839 37.462;education
Школа №1315 с дошкольным отделением;+7 (499) 457-04-04, +7 (499) 457-03-75;;Конаковский пр., 5, Москва;sch1315s.mskobr.ru;55.846 37.481;education
Средняя общеобразовательная школа №224 с дошкольным отделением;+7 (495) 452-04-71;;Выборгская ул., 4А, Москва;sch224s.mskobr.ru;55.833 37.489;education
Средняя общеобразовательная школа №224 с дошкольным отделением;+7 (499) 150-28-24;;ул. Адмирала Макарова, 25, Москва;sch224s.mskobr.ru;55.832 37.491;education
Средняя общеобразовательная школа №224 с дошкольным отделением;+7 (495) 452-52-14;;Головинское ш., 8, корп. 1, Москва;sch224s.mskobr.ru;55.839 37.491;education
Государственное бюджетное общеобразовательное учреждение города Москвы школа № 1583 имени К. А. Керимова;+7 (499) 458-02-57;;Кронштадтский бул., 33, Москва;supir.org , gym1583s-new.mskobr.ru;55.844 37.500;education
Реабилитационно-образовательный центр № 76 Департамента труда и социальной защиты населения города Москвы;+7 (495) 450-17-66, +7 (495) 450-40-43;+7 (910) 429-68-44;Кронштадтский бул., 20А, корп. 1, Москва;schsi76.mskobr.ru , roc76.ru;55.843 37.509;education
Школьная академия, учебно-воспитательный комплекс;+7 (495) 456-47-88;;Кронштадтский бульвар, 32;schoolacademy.ru;55.851 37.514;education
Школа № 90 имени Героя Советского Союза Е. Г. Ларикова;+7 (499) 154-72-41;+7 (916) 381-51-73;3-й Михалковский пер., 15А, Москва;sch90.mskobr.ru;55.834 37.526;education
Спецшкола №1;+7 (499) 153-91-21;;Михалковская, 15а;schs1.mskobr.ru;55.839 37.526;education
ГБОУ школа № 1223, школьное отделение № 1;+7 (499) 154-43-31, +7 (499) 154-63-31;;Михалковская ул., 13А, Москва;sch1223s.mskobr.ru;55.839 37.527;education
Школа № 1576, корпус № 4;+7 (499) 154-14-95;;3-й Михалковский пер., 16, Москва;gym1576s.mskobr.ru;55.836 37.527;education
Знайка, частная школа-детский сад;+7 (499) 154-43-91;+7 (963) 665-45-98;проезд Черепановых, 36;znaika-school.ru;55.841 37.530;education
Планета успеха, частная общеобразовательная школа;+7 (499) 153-20-45;+7 (925) 355-22-17;бул. Матроса Железняка, 29А, Москва;planetauspeha.ru;55.837 37.528;education
Школа №1223 с дошкольным отделением;+7 (499) 154-31-21, +7 (499) 154-00-41;;3-й Новомихалковский пр., 24, Москва;sch1223s.mskobr.ru;55.841 37.533;education
ГБОУ города Москвы школа № 185 им. Героя Советского Союза, Героя Социалистического Труда В. С. Гризодубовой;+7 (499) 153-12-01, +7 (499) 154-44-41, +7 (499) 154-43-61;+7 (910) 426-08-15, +7 (967) 011-33-06;Михалковская ул., 3, Москва;sch185s.mskobr.ru;55.837 37.536;education
Школа №1223 с дошкольным отделением;+7 (495) 482-59-01, +7 (495) 482-59-33;;Большая Академическая ул., 77А, Москва;sch1223s.mskobr.ru , dzen.ru;55.844 37.554;education
Школа №1213 с дошкольным отделением, корпус №1;+7 (499) 488-65-97, +7 (499) 488-69-96;;3-й Нижнелихоборский пр., 6А, Москва;sch1213s.mskobr.ru , sch1213.ru;55.844 37.565;education
Школа №1213 с дошкольным отделением, Корпус №2;+7 (499) 488-71-14;;Линейный пр., 11, Москва;sch1213s.mskobr.ru;55.842 37.574;education
Государственное бюджетное общеобразовательное учреждение города Москвы школа № 1494;+7 (495) 482-58-60, +7 (495) 482-54-56;;Гостиничная ул., 8, корп. 1, Москва;sch1494sv.mskobr.ru;55.845 37.582;education
Школа №950 с дошкольным отделением;+7 (499) 204-34-46, +7 (499) 204-67-01;;Берёзовая аллея, 15Б, Москва;sch950sv.mskobr.ru;55.851 37.616;education
Brookes Moscow International IB School, частная международная школа;+7 (499) 110-70-01;;Лазоревый пр., 7, Москва;moscow.brookes.org;55.848 37.634;education
ГБОУ школа Свиблово, корпус 3;+7 (495) 656-60-81;;1-й Ботанический пр., 2, Москва;gym-sviblovo.mskobr.ru;55.851 37.636;education
Планета Юнити;+7 (495) 185-57-01;+7 (966) 700-19-70;пр. Серебрякова, 3, Москва;planetaunity.ru;55.848 37.643;education
Детский пансион Бейт Хая;+7 (495) 660-05-63;+7 (966) 309-00-93;Будайский пр., 5, Москва;beitchaya.org;55.836 37.666;education
Школа №1577 с дошкольным отделением;+7 (495) 656-15-49;;Ярославское ш., 8, корп. 7, Москва;gym1577sv.mskobr.ru;55.851 37.688;education
ГБОУ школа № 1358;+7 (495) 751-68-60;+7 (967) 152-85-47;ул. Барышиха, 42, корп. 1, Москва;gym1358sz.mskobr.ru;55.854 37.346;education
ГБОУ школа № 1358, дошкольное отделение Рябинушка;+7 (495) 751-51-00, +7 (495) 753-84-68;+7 (967) 152-92-30;Ангелов пер., 2, корп. 3, Москва;gym1358sz.mskobr.ru;55.856 37.349;education
Школа №1191 с дошкольным отделением;;+7 (965) 373-71-95, +7 (965) 373-71-93;Пятницкое ш., 42, корп. 2, Москва;sch1191sz.mskobr.ru;55.857 37.361;education
ГБОУ Средняя общеобразовательная школа № 1399;+7 (495) 948-53-26, +7 (495) 949-64-94, +7 (495) 949-64-92, +7 (495) 949-64-93;+7 (915) 329-54-21;ул. Вилиса Лациса, 33, корп. 2, Москва;schu1399.mskobr.ru;55.859 37.410;education
Средняя общеобразовательная школа №827 с дошкольным отделением;+7 (495) 496-87-82, +7 (495) 496-55-29;;ул. Героев Панфиловцев, 45, корп. 3, Москва;sch827sz.mskobr.ru;55.853 37.413;education
Средняя общеобразовательная школа №827 с дошкольным отделением;+7 (495) 494-15-07;;ул. Героев Панфиловцев, 35, корп. 2, Москва;sch827sz.mskobr.ru;55.855 37.414;education
Средняя общеобразовательная школа №827 с дошкольным отделением;+7 (495) 948-47-37;;Туристская ул., 19, корп. 5, Москва;sch827sz.mskobr.ru;55.852 37.415;education
ГБОУ школа № 827, дошкольное отделение Московский дворик;+7 (495) 496-02-10;;Туристская ул., 19, корп. 6, Москва;sch827sz.mskobr.ru;55.853 37.416;education
ГБОУ школа № 827, ДО Здравушка;+7 (495) 494-31-12, +7 (495) 495-40-33;;Туристская ул., 27, корп. 3, Москва;sch827sz.mskobr.ru;55.855 37.418;education
ГБОУ школа № 1286, учебный корпус Север;+7 (495) 494-01-88;;ул. Героев Панфиловцев, 15, Москва;sch1286sz.mskobr.ru;55.857 37.427;education
ГБОУ школа № 883, учебный корпус Севастополь;+7 (495) 494-05-64, +7 (495) 495-84-28, +7 (495) 496-44-51, +7 (495) 496-55-21;;ул. Вилиса Лациса, 23, корп. 3, Москва;sch883sz.mskobr.ru;55.861 37.423;education
ГБОУ школа № 1286, учебный корпус Запад;+7 (495) 495-74-01, +7 (495) 496-36-25;;Туристская ул., 16, корп. 2, Москва;sch1286sz.mskobr.ru;55.855 37.424;education
ГБОУ школа № 883, Учебный корпус Ленинград;+7 (495) 495-52-45;;ул. Вилиса Лациса, 11, корп. 2, Москва;sch883sz.mskobr.ru;55.862 37.427;education
ГБОУ школа № 1286, учебный корпус Восток;+7 (495) 494-11-55;;ул. Героев Панфиловцев, 13, корп. 2, Москва;sch1286sz.mskobr.ru;55.856 37.430;education
Школа №1571 с дошкольным отделением;+7 (499) 492-35-71, +7 (499) 492-60-03;;Планерная ул., 12, корп. 2, Москва;lyc1571sz.mskobr.ru;55.860 37.439;education
Школа №1571 с дошкольным отделением;+7 (495) 495-62-64;;ул. Свободы, 81, корп. 6, Москва;lyc1571sz.mskobr.ru;55.863 37.442;education
ГБОУ школа № 1571, корпус Мечта;+7 (495) 495-81-88;;ул. Свободы, 81, корп. 1, Москва;lyc1571sz.mskobr.ru;55.862 37.445;education
ГБОУ школа № 158, школьное отделение № 1;+7 (499) 457-33-51;;Валдайский пр., 14, Москва;sch158s.mskobr.ru;55.868 37.469;education
Средняя общеобразовательная школа №167 им. маршала Л.А. Говорова с дошкольным отделением;+7 (499) 457-35-00, +7 (499) 458-21-11, +7 (499) 458-21-01, +7 (499) 458-21-21, +7 (499) 457-70-71;+7 (916) 608-05-50, +7 (916) 735-68-15, +7 (964) 644-44-94;Ленинградское ш., 94А, Москва;sch167s.mskobr.ru;55.856 37.473;education
Кембриджская международная школа, Кампус Москва;+7 (4967) 75-42-70, +7 (495) 152-77-30;+7 (968) 778-80-54, +7 (903) 281-27-20;Фестивальная ул., 7А, Москва;cisedu.com , cisrussia.com;55.856 37.474;education
Школа №1474 с дошкольным отделением;+7 (495) 451-20-81, +7 (499) 767-16-50;;ул. Дыбенко, 2А, Москва;sch1474s.mskobr.ru;55.868 37.487;education
ГБОУ школа № 597 Новое поколение;+7 (495) 455-03-11, +7 (495) 455-16-07;;Петрозаводская ул., 19А, Москва;sch597s.mskobr.ru;55.866 37.490;education
Школа №1474 с дошкольным отделением;+7 (495) 451-20-71;+7 (917) 552-61-68, +7 (916) 789-66-31;Клинская ул., 24, Москва;sch1474s.mskobr.ru , mskobr.ru;55.872 37.490;education
Школа №1474 с дошкольным отделением;+7 (495) 451-22-11, +7 (495) 451-45-81, +7 (495) 451-14-90;+7 (903) 281-10-02, +7 (968) 727-18-91, +7 (906) 051-59-22;Клинская ул., 22, Москва;sch1474s.mskobr.ru , mskobr.ru;55.871 37.491;education
Школа № 1474;+7 (495) 451-02-56, +7 (495) 451-04-71, +7 (495) 451-42-01;;Клинская ул., 20, Москва;sch1474s.mskobr.ru , schools-moscow.ru;55.870 37.492;education
Школа № 1474, начальное отделение № 12;;+7 (963) 660-31-68;Клинская ул., 16А, Москва;sch1474s.mskobr.ru , mskobr.ru;55.871 37.493;education
1590 имени Героя Советского Союза В. В. Колесника, школьное отделение № 2;+7 (495) 455-31-36, +7 (499) 747-96-64, +7 (495) 453-94-24, +7 (495) 454-02-80, +7 (495) 455-99-03, +7 (495) 455-34-61, +7 (495) 455-32-13;+7 (910) 405-51-12;Фестивальная ул., 16, Москва;gym1590s.mskobr.ru;55.859 37.497;education
ГБОУ школа № 1590 им. Героя Советского Союза Колесника В. В.;+7 (495) 455-82-44;;Фестивальная ул., 69, Москва;gym1590s.mskobr.ru;55.863 37.503;education
Школа №1474 с дошкольным отделением;+7 (495) 456-50-91, +7 (495) 456-52-01, +7 (495) 455-92-49, +7 (495) 456-42-61;;Онежская ул., 53А, Москва;sch1474s.mskobr.ru , mskobr.ru;55.859 37.507;education
Школа №1583 им. К.А. Керимова;+7 (495) 453-44-25;;Флотская ул., 60, Москва;supir.org , gym1583s-new.mskobr.ru;55.854 37.507;education
Государственное бюджетное общеобразовательное учреждение города Москвы школа № 1583 имени К. А. Керимова;+7 (495) 453-45-41, +7 (495) 453-44-30;;Флотская ул., 64, Москва;supir.org , gym1583s-new.mskobr.ru;55.855 37.508;education
Спортивный комплекс Государственного бюджетного общеобразовательного учреждения города Москвы школа № 1159;+7 (495) 453-91-03, +7 (495) 454-62-89;;Фестивальная ул., 42, Москва;sch1159s.mskobr.ru;55.862 37.510;education
Государственное бюджетное общеобразовательное учреждение города Москвы школа № 1159;+7 (499) 747-97-96;;Солнечногорский пр., 7, Москва;sch1159s.mskobr.ru;55.859 37.523;education
Школа №2100 с дошкольным отделением;+7 (499) 905-48-83;;Дегунинская ул., 17А, Москва;sch2100.mskobr.ru;55.867 37.530;education
ГБОУ школа Бескудниково, Учебный корпус № 2;+7 (495) 483-35-86;;Бескудниковский бул., 53, Москва;cob.mskobr.ru;55.872 37.542;education
Государственное бюджетное общеобразовательное учреждение города Москвы школа № 183;+7 (499) 480-61-12;+7 (925) 507-69-78;Дубнинская ул., 41, Москва;sch183.mskobr.ru;55.869 37.562;education
ГБОУ школа № 1794, здание № 7;+7 (499) 481-35-01, +7 (499) 481-36-01, +7 (499) 900-01-48, +7 (499) 481-35-00;;Дубнинская ул., 18А, Москва;sch1794s.mskobr.ru;55.869 37.566;education
ГБОУ школа 1383 Школьное отделение № 1;+7 (499) 144-84-97;+7 (910) 443-73-32;Дубнинская ул., 7, Москва;sch1383.mskobr.ru;55.858 37.566;education
ГБОУ школа № 1794, здание № 4;+7 (499) 219-32-26, +7 (499) 481-05-14, +7 (499) 219-32-22;;Дубнинская ул., 14Б, Москва;sch1794s.mskobr.ru;55.867 37.568;education
ГБОУ школа № 1794, здание № 8;+7 (499) 481-81-61, +7 (499) 480-81-41, +7 (499) 481-38-02;;Дубнинская ул., 18Б, Москва;sch1794s.mskobr.ru;55.870 37.568;education
ГБОУ школа № 1794, здание № 12, Бесплатная консультация по выбору баз данных на exрort-base.ru;+7 (499) 904-65-93, +7 (499) 904-93-86, +7 (499) 904-93-82;;Дубнинская ул., 8А, Москва;sch1794s.mskobr.ru;55.861 37.571;education
Пенаты, средняя общеобразовательная школа;+7 (499) 201-18-11, +7 (499) 745-50-90, +7 (499) 201-24-97, +7 (499) 745-50-81;+7 (936) 555-55-09, +7 (929) 630-93-31;Алтуфьевское ш., 12Б, Москва;penaty.ru;55.854 37.588;education
Государственное бюджетное общеобразовательное учреждение города Москвы школа № 962;+7 (499) 903-16-19;;Алтуфьевское ш., 24А, Москва;sch962sv.mskobr.ru;55.862 37.588;education
ГБОУ школа № 1411, ДОк15/2;+7 (499) 201-46-52, +7 (499) 204-43-11, +7 (499) 745-51-01, +7 (499) 201-26-54;;Алтуфьевское ш., 40, стр. 2, Москва;sch1411.mskobr.ru;55.871 37.588;education
Государственное бюджетное общеобразовательное учреждение города Москвы школа № 962;+7 (499) 201-81-00, +7 (499) 201-28-86, +7 (499) 201-83-09;;Алтуфьевское ш., 12, корп. 1, Москва;sch962sv.mskobr.ru;55.855 37.588;education
Государственное бюджетное общеобразовательное учреждение города Москвы школа № 962;+7 (499) 903-37-22, +7 (499) 903-37-14;+7 (903) 672-51-00;Каргопольская ул., 13, корп. 2, Москва;sch962sv.mskobr.ru;55.865 37.590;education
ГБОУ школа № 1411, ШОк3;+7 (499) 201-70-38;;ул. Бестужевых, 1, Москва;sch1411.mskobr.ru , 761shkola.3dn.ru;55.869 37.596;education
Велосипедная парковка № 37134 Гимназия № 1554;+7 (499) 204-91-00, +7 (499) 204-91-77;;ул. Бестужевых, 10А, Москва;gum1554sv.mskobr.ru , gym1554.mskobr.ru;55.869 37.606;education
Государственное бюджетное образовательное учреждение школа № 950 Мини Осип;+7 (499) 204-00-98;+7 (910) 479-06-99;ул. Декабристов, 26А, Москва;sch950sv.mskobr.ru;55.861 37.609;education
ГБОУ школа № 1411, ШОк2;+7 (499) 204-43-09, +7 (499) 204-43-18;;Северный бул., 11, Москва;sch1411.mskobr.ru;55.869 37.609;education
Школа №1554 с дошкольным отделением;+7 (499) 203-17-90;;ул. Пестеля, 5, Москва;gym1554.mskobr.ru;55.865 37.613;education
Школа №1554 с дошкольным отделением;+7 (499) 204-96-06, +7 (499) 202-63-41;;ул. Пестеля, 8Г, Москва;gym1554.mskobr.ru;55.865 37.620;education
Школа №950 с дошкольным отделением;+7 (499) 204-87-01;+7 (903) 627-55-03;Отрадная ул., 11А, Москва;sch950sv.mskobr.ru;55.858 37.613;education
ГБОУ школа № 1554;+7 (499) 203-39-63, +7 (499) 203-39-09;;ул. Мусоргского, 11Г, Москва;gym1554.mskobr.ru;55.866 37.622;education
Велосипедная парковка № 37064 школа № 956;+7 (499) 186-38-92, +7 (528) 059-40-00;+7 (926) 044-49-14, +7 (916) 075-20-28;Заповедная ул., 22, Москва;sch956sv-new.mskobr.ru;55.868 37.643;education
Разум-Л, школа;+7 (495) 472-28-44, +7 (499) 186-56-10, +7 (495) 186-56-10;+7 (925) 155-70-90;пр. Дежнёва, 11, корп. 2, Москва;razum-l.ru;55.870 37.643;education
Школа №1558 им. Росалии де Кастро с дошкольным отделением;+7 (495) 641-75-34, +7 (495) 472-47-30, +7 (495) 472-47-31, +7 (495) 471-23-54;;Чукотский пр., 6, Москва;gym1558sv.mskobr.ru , 1410.ru;55.868 37.655;education
Школа №1558 им. Росалии де Кастро с дошкольным отделением;+7 (528) 055-60-00, +7 (495) 471-15-61;;Печорская ул., 18, Москва;gym1558sv.mskobr.ru;55.866 37.657;education
Школа №1558 им. Росалии де Кастро с дошкольным отделением;+7 (495) 471-25-66, +7 (495) 470-50-38;;Ленская ул., 24, Москва;gym1558sv.mskobr.ru;55.868 37.661;education
ГБОУ школа № 1558 имени Росалии де Кастро, дошкольные группы;+7 (499) 186-74-41, +7 (499) 186-78-15;;Ленская ул., 26, корп. 2, Москва;gym1558sv.mskobr.ru;55.869 37.659;education
Школа №1558 им. Росалии де Кастро с дошкольным отделением;+7 (495) 471-13-38, +7 (495) 471-15-38;;Ленская ул., 17, корп. 1, Москва;gym1558sv.mskobr.ru;55.867 37.660;education
Государственное бюджетное общеобразовательное учреждение города Москвы школа № 1095;+7 (495) 470-91-55;;ул. Менжинского, 30, Москва;sch1095sv.mskobr.ru;55.871 37.669;education
Альтернативная школа;+7 (495) 128-51-35;+7 (985) 236-50-05, +7 (916) 152-16-15;Ленская ул., 10, корп. 1, Москва;alternativeschool.ru;55.868 37.667;education
ГБОУ Школа № 281, учебный корпус;+7 (495) 471-28-55;;ул. Рудневой, 10, Москва;sch281sv-new.mskobr.ru;55.867 37.677;education
Алые Паруса;;+7 (958) 100-04-19, +7 (926) 946-26-11;Ленская ул., 2/21, Москва;schoolparusa.ru , luckychildren.ru;55.866 37.673;education
Средняя общеобразовательная школа с дошкольным отделением №281;+7 (499) 184-37-03, +7 (495) 471-11-15, +7 (499) 185-87-74;;ул. Коминтерна, 16, корп. 1, Москва;sch281sv-new.mskobr.ru;55.863 37.679;education
ГБОУ школа № 1577;+7 (495) 656-15-34;;Ярославское ш., 8, корп. 6, Москва;gym1577sv.mskobr.ru;55.853 37.691;education
Государственное бюджетное общеобразовательное учреждение города Москвы школа № 1985;+7 (499) 401-98-21;;Ландышевая ул., 8, Москва;sch1985.mskobr.ru;55.887 37.392;education
Профиль Куркино, школа №1298 с дошкольным отделением;+7 (495) 123-59-85, +7 (495) 369-24-05;;Воротынская ул., 10, Москва;sch1298sz.mskobr.ru;55.889 37.396;education
ГБОУ школа № 158, отделение № 2;+7 (499) 458-22-91, +7 (499) 457-65-43;;Прибрежный пр., 12, Москва;school158.ru , sch158s.mskobr.ru;55.873 37.465;education
Школа №1474 с дошкольным отделением;+7 (495) 451-96-56;;Зеленоградская ул., 37А, Москва;co1474s.mskobr.ru , sch1474s.mskobr.ru , mskobr.ru;55.877 37.487;education
ГБОУ школа № 1474, школьное отделение № 2;;+7 (985) 208-63-34;Зеленоградская ул., 33Б, Москва;co1474s.mskobr.ru , sch1474s.mskobr.ru , mskobr.ru;55.873 37.489;education
Школа № 1474;+7 (495) 451-50-53, +7 (495) 451-33-40, +7 (495) 451-13-21;;ул. Дыбенко, 30А, Москва;co1474s.mskobr.ru , sch1474s.mskobr.ru , mskobr.ru;55.875 37.487;education
Средняя общеобразовательная школа №1125 с дошкольным отделением, ГБДОУ;+7 (495) 486-62-95;;ул. Бусиновская Горка, 7, корп. 1, Москва;sch1125s.mskobr.ru;55.883 37.492;education
Первая школа, частная школа;+7 (495) 486-76-52, +7 (495) 150-04-82;+7 (967) 214-90-55;ул. Бусиновская Горка, 7, корп. 1, Москва;noufirstsch.mskobr.ru , 1schoolso.ru;55.883 37.492;education
ГБОУ школа № 1125 отделение начального образования;+7 (495) 486-30-57, +7 (495) 486-02-14;;ул. Бусиновская Горка, 7, корп. 2, Москва;sds.2bb.ru , sch1125s.mskobr.ru;55.883 37.492;education
ГБОУ школа № 1125 имени Я. Н. Федоренко, дошкольное отделение;+7 (495) 486-57-65;;ул. Бусиновская Горка, 9, Москва;sch1125s.mskobr.ru;55.883 37.494;education
Школа №2098 им. Героя Советского Союза Л.М. Доватора, многопрофильный образовательный центр с дошкольным отделением;+7 (499) 906-84-00;+7 (916) 129-98-43, +7 (985) 551-65-13, +7 (915) 347-58-26, +7 (915) 341-58-26;Базовская ул., 15, корп. 13, Москва;sch2098s.mskobr.ru;55.879 37.511;education
ГБОУ школа № 236 им. Героя Советского Союза Щедрина Г. И., корпус № 1;+7 (499) 906-77-81;+7 (985) 160-01-22;Коровинское ш., 24А, Москва;sch236s.mskobr.ru;55.882 37.522;education
Школа № 236 имени Героя Советского Союза Г. И. Щедрина, корпус № 3;+7 (495) 486-37-58;;Клязьминская ул., 7, корп. 4, Москва;sch236s.mskobr.ru;55.890 37.525;education
Школа №771 с дошкольным отделением;+7 (495) 484-90-88;;Коровинское ш., 14А, Москва;sch771s.mskobr.ru;55.874 37.531;education
ГБОУ школа № 771;+7 (495) 484-90-74, +7 (495) 485-16-45;+7 (906) 758-33-84, +7 (926) 958-60-45, +7 (977) 553-21-00, +7 (910) 402-98-27;ул. Софьи Ковалевской, 18А, Москва;sch771s.mskobr.ru;55.888 37.537;education
Восточное Дегунино, школа №1678 с дошкольным отделением;+7 (499) 480-35-33;;Дубнинская ул., 73Б, Москва;sch1678.mskobr.ru;55.881 37.555;education
Средняя общеобразовательная школа №183 с дошкольным отделением;+7 (499) 481-61-67, +7 (499) 488-12-25, +7 (499) 480-61-60;;Дубнинская ул., 59, Москва;sch183.mskobr.ru;55.874 37.556;education
ГБОУ города Москвы школа имени Героя Российской Федерации Чернышёва Е. Н.;+7 (499) 489-73-20;;Бескудниковский пр., 4Б, Москва;chernyshev.mskobr.ru;55.875 37.555;education
Школа №222 с дошкольным отделением;+7 (499) 900-17-30;;Дубнинская ул., 36А, Москва;sch222s.mskobr.ru;55.886 37.561;education
ГБОУ школа № 1794, здание № 10;+7 (499) 900-61-11, +7 (499) 900-61-09, +7 (499) 900-61-33, +7 (499) 900-69-00, +7 (499) 900-61-22, +7 (499) 900-69-94;;Керамический пр., 47А, Москва;sch1794s.mskobr.ru;55.873 37.566;education
Академия развития, образовательный комплекс;+7 (495) 484-70-27;+7 (985) 124-06-17;Керамический пр., 71, корп. 3, Москва;akademrazvitiya.ru;55.890 37.561;education
ГБОУ Школа № 1296, корпус № 4;+7 (499) 900-08-50, +7 (499) 900-08-72, +7 (499) 900-08-44;+7 (985) 931-56-87, +7 (917) 525-08-02;Дубнинская ул., 32А, Москва;cos1296.mskobr.ru;55.884 37.561;education
Восточное Дегунино, школа №1678 с дошкольным отделением;+7 (495) 485-95-41, +7 (495) 483-20-31, +7 (495) 485-95-42, +7 (495) 485-95-43, +7 (495) 485-19-03, +7 (495) 483-30-78;;Дубнинская ул., 46, корп. 2, Москва;sch1678.mskobr.ru;55.892 37.561;education
Школа №1296 с дошкольным отделением, дошкольное отделение;+7 (495) 485-60-74;;Дубнинская ул., 34, корп. 2, Москва;cos1296.mskobr.ru;55.885 37.562;education
ГБОУ школа № 1794, здание № 9;+7 (499) 900-02-27, +7 (499) 900-02-22, +7 (499) 900-00-98;;Керамический пр., 55, корп. 4, Москва;sch1794s.mskobr.ru;55.876 37.563;education
ГБОУ Средняя общеобразовательная школа № 305, школьное отделение № 1;+7 (528) 055-40-00, +7 (499) 901-72-00, +7 (499) 901-72-11;;Путевой пр., 10А, Москва;sch305.mskobr.ru;55.875 37.580;education
ГБОУ школа № 1411, ШОк4;+7 (499) 903-55-00;;Алтуфьевское ш., 42Б, Москва;sch1411.mskobr.ru;55.873 37.589;education
ГБОУ школа № 1370;+7 (499) 902-22-27, +7 (499) 902-46-77;;Алтуфьевское ш., 60Б, Москва;sch1370sv.mskobr.ru;55.883 37.591;education
Государственное бюджетное общеобразовательное учреждение города Москвы школа № 953;+7 (499) 909-18-92, +7 (499) 206-95-22;;Шенкурский пр., 4А, Москва;co953sv.mskobr.ru;55.891 37.593;education
ГБОУ школа № 1370;+7 (499) 902-94-65, +7 (495) 707-06-19, +7 (499) 902-94-00;;Бибиревская ул., 5, Москва;sch1370sv.mskobr.ru;55.881 37.594;education
Школа № 1370, корпус 2;+7 (499) 901-21-22;;Костромская ул., 14Г, стр. 1, Москва;sch1370sv.mskobr.ru;55.884 37.595;education
Школа №1412 с дошкольным отделением;+7 (495) 206-95-11, +7 (499) 205-06-91, +7 (499) 206-35-29, +7 (499) 206-47-47, +7 (499) 206-40-16, +7 (499) 206-14-38;;Мурановская ул., 4А, Москва;sch1412sv.mskobr.ru;55.891 37.602;education
ГБОУ школа Бибирево - дошкольное отделение № 5;+7 (499) 902-15-55;;ул. Пришвина, 19А, Москва;sch-bibirevo.mskobr.ru;55.887 37.605;education
ГБОУ школа Бибирево, дошкольное отделение № 4;+7 (499) 207-85-80;;ул. Плещеева, 3Б, Москва;sch-bibirevo.mskobr.ru;55.887 37.606;education
Надежда, частная школа-детский сад;+7 (499) 325-47-78, +7 (499) 205-03-49;;ул. Плещеева, 8А, Москва;nadezhda-school.mskobr.ru , nadezhda-school.ru;55.884 37.609;education
ГБОУ школа Бибирево - дошкольное отделение № 2;+7 (499) 206-60-01;;ул. Плещеева, 7Б, Москва;sch-bibirevo.mskobr.ru;55.889 37.609;education
ГБОУ города Москвы школа Бибирево, главный корпус;+7 (499) 206-63-29;;ул. Конёнкова, 8А, Москва;sch-bibirevo.mskobr.ru;55.890 37.610;education
ГБОУ г. Москвы школа № 285 имени В. А. Молодцова, здание № 1;+7 (499) 477-13-13;+7 (916) 272-89-01;Ясный пр., 21, Москва;schsv285.mskobr.ru;55.877 37.618;education
ГБОУ школа № 1411, ШОк6;;+7 (962) 914-89-06;ул. Бестужевых, 23, Москва;sch1411.mskobr.ru;55.872 37.610;education
1-й Мок, отделение Средняя общеобразовательная школа, Блок начальных классов;+7 (495) 120-13-02, +7 (499) 798-30-70, +7 (499) 478-18-73, +7 (499) 478-24-80;;ул. Тихомирова, 10А, Москва;1-mok.mskobr.ru;55.884 37.651;education
ГБОУ школа № 1568 имени Пабло Неруды, здание № 2;+7 (499) 477-11-55;;пр. Шокальского, 11, корп. 3, Москва;lyc1568.mskobr.ru;55.874 37.642;education
ГБОУ школа № 1568 имени Пабло Неруды, здание № 3;+7 (499) 477-11-33;;пр. Шокальского, 11, корп. 2, Москва;lyc1568.mskobr.ru;55.875 37.643;education
База скачана с еxport-base.ru;;;;;;education
Школа №1568 им. П. Неруды с дошкольным отделением;+7 (495) 656-88-13, +7 (495) 656-83-04, +7 (495) 656-86-61;;пр. Шокальского, 7, корп. 2, Москва;lyc1568.mskobr.ru , lyc1568sv-new.mskobr.ru;55.875 37.643;education
Государственное бюджетное общеобразовательное учреждение города Москвы школа № 967;+7 (495) 472-04-88;;Полярная ул., 30, корп. 4, Москва;sch967.mskobr.ru;55.882 37.643;education
ГБПОУ города Москвы Первый Московский Образовательный комплекс, отделение Средняя общеобразовательная школа, Блок начальных классов;+7 (499) 476-91-58, +7 (499) 476-76-80, +7 (499) 798-30-68;+7 (925) 713-73-51, +7 (926) 864-77-14;ул. Тихомирова, 6, Москва;schools-moscow.ru , 1-mok.mskobr.ru;55.884 37.648;education
УНА, школа;+7 (495) 472-09-00, +7 (495) 472-08-77, +7 (499) 798-04-64;;ул. Молодцова, 2Б, Москва;school-una.ru , уна.рф;55.878 37.649;education
ГБОУ школа № 1568 им. Пабло Неруды, дошкольное отделение № 1;+7 (499) 478-05-23;;Сухонская ул., 3А, Москва;lyc1568.mskobr.ru;55.875 37.650;education
ГБОУ школа № 1506, учебный корпус № 1;+7 (499) 476-38-56, +7 (499) 476-01-27, +7 (499) 476-87-14, +7 (499) 476-57-46, +7 (499) 476-00-89, +7 (499) 476-39-87;;Широкая ул., 1А, Москва;gym1506.mskobr.ru;55.890 37.651;education
ГБОУ школа № 1568 им. Пабло Неруды, здание № 4;+7 (499) 479-52-75, +7 (499) 479-30-76;;Сухонская ул., 3, Москва;lyc1568.mskobr.ru;55.874 37.651;education
Школа № 967;+7 (495) 472-07-55;;Сухонская ул., 13, Москва;sch967.mskobr.ru;55.879 37.652;education
ГБОУ школа № 1506 учебный корпус № 3;+7 (499) 798-05-49;;ул. Грекова, 11Б, Москва;gym1506.mskobr.ru;55.890 37.657;education
ГБОУ школа № 1506, учебный корпус № 2;+7 (499) 478-10-89;;ул. Грекова, 11А, Москва;gym1506.mskobr.ru;55.891 37.659;education
Средняя общеобразовательная школа №283 с дошкольным отделением, Блок начальных классов;+7 (499) 478-69-15, +7 (499) 478-69-16, +7 (499) 479-81-07;;ул. Грекова, 20, Москва;sch283sv-new.mskobr.ru;55.891 37.664;education
Средняя общеобразовательная школа №283 с дошкольным отделением;+7 (499) 479-35-89, +7 (499) 477-11-40;;пр. Шокальского, 63А, Москва;sch283sv-new.mskobr.ru;55.885 37.667;education
Школа №1955;+7 (528) 056-50-00;;Тайнинская улица, 15 к3;sch1955sv.mskobr.ru;55.885 37.683;education
ГБОУ школа № 1955, здание № 3;+7 (495) 475-64-08, +7 (495) 475-89-46;;1-я Напрудная ул., 13, Москва;sch1955sv.mskobr.ru;55.880 37.691;education
ГБОУ школа № 1955, здание № 4;+7 (499) 185-36-76, +7 (499) 185-18-42, +7 (499) 185-23-44;;Тайнинская ул., 15, корп. 3, Москва;sch1955sv.mskobr.ru;55.885 37.683;education
ГБОУ школа № 1381, школьное отделение 3;+7 (499) 184-59-60;+7 (985) 154-64-69, +7 (909) 909-68-83;Норильская ул., 4, Москва;sch1381.mskobr.ru;55.876 37.696;education
ГБОУ школа № 763, структурное подразделение № 1;+7 (495) 474-90-60;+7 (916) 574-52-77;Стартовая ул., 27, корп. 3, Москва;sch763sv-new.mskobr.ru;55.884 37.694;education
ГБОУ школа № 763 УК - 1;+7 (495) 475-00-84;;ул. Малыгина, 8, стр. 1, Москва;sch763sv-new.mskobr.ru;55.884 37.695;education
ГБОУ школа № 763 структурное подразделение школьного отделения № 2;+7 (495) 474-48-13, +7 (495) 475-84-72, +7 (495) 474-94-55, +7 (495) 474-93-69;;Таймырская ул., 5, Москва;sch763sv-new.mskobr.ru;55.884 37.697;education
ГБОУ школа № 763 структурное подразделение школьного отделения № 3;+7 (495) 474-01-44, +7 (495) 474-61-11;;Анадырский пр., 51, Москва;sch763sv-new.mskobr.ru;55.879 37.704;education
Школа № 760 имени А. П. Маресьева;+7 (499) 183-39-10, +7 (499) 182-55-92, +7 (499) 182-56-10;;Палехская ул., 137, Москва;schsv760.mskobr.ru;55.877 37.711;education
Велосипедная парковка № 37121 школа здоровья № 1099;;+7 (917) 558-96-95;ул. Ротерта, 5, Москва;lyc1537.mskobr.ru , lit1537.ru;55.874 37.724;education
Государственное бюджетное общеобразовательное учреждение города Москвы школа № 1387, учебный корпус начальной школы;+7 (495) 123-50-95, +7 (499) 401-99-96, +7 (495) 633-46-34;+7 (985) 799-32-22;Машкинское ш., 7, Москва;sch1387.mskobr.ru;55.910 37.387;education
Дедушка Олехник;+7 (499) 713-14-19;+7 (999) 880-35-85;Соколово-Мещерская ул., 29, корп. 4, Москва;olehnik.ru;55.906 37.381;education
ГБОУ школа № 2005;+7 (499) 401-86-01;;Родионовская ул., 6/7, Москва;sch2005sz.mskobr.ru;55.894 37.398;education
ГБОУ школа Дмитровский имени Героя Советского Союза В. П. Кислякова, учебный корпус № 10;+7 (495) 485-78-18;;Клязьминская ул., 19А, Москва;dmitrovsky.mskobr.ru;55.893 37.528;education
ГБОУ школа Дмитровский имени героя советского союза Кислякова В. П. учебный корпус № 3;;+7 (926) 395-64-63;Вагоноремонтная ул., 15А, Москва;dmitrovsky.mskobr.ru;55.897 37.533;education
Школа Дмитровский имени Героя Советского Союза В. П. Кислякова, Учебный корпус № 7;;+7 (968) 601-73-40;Долгопрудная ул., 6, корп. 3, Москва;dmitrovsky.mskobr.ru;55.895 37.541;education
Школа №1573 с дошкольным отделением;+7 (499) 501-13-26, +7 (499) 501-13-27, +7 (499) 501-13-30, +7 (499) 501-13-25;;Псковская ул., 11, Москва;gum1573.mskobr.ru;55.907 37.553;education
Русская монтессори школа святого Георгия;+7 (495) 971-38-08;+7 (968) 858-88-18;ул. Громова, 19, Москва;montessori.moscow;55.907 37.567;education
ГБОУ школа № 1430 имени Г. В. Кисунько;+7 (499) 200-14-00, +7 (499) 908-10-21;;Угличская ул., 17, Москва;sch1430sv-new.mskobr.ru;55.904 37.567;education
Средняя общеобразовательная школа №1449 с дошкольным отделением;+7 (499) 200-62-90;;Угличская ул., 6А, Москва;sch1449sv.mskobr.ru;55.895 37.570;education
Средняя общеобразовательная школа №1449 с дошкольным отделением;+7 (499) 200-70-00;;Череповецкая ул., 10А, Москва;sch1449sv.mskobr.ru;55.897 37.571;education
Средняя общеобразовательная школа №1430 с дошкольным отделением;+7 (499) 200-42-56;;Новгородская ул., 21А, Москва;sch1430sv-new.mskobr.ru;55.901 37.578;education
Лианозово, школа №1416 с дошкольным отделением;+7 (499) 200-95-66, +7 (499) 909-29-01;;Новгородская ул., 6, Москва;museum.sch1416.ru , news.sch1416.ru , sch1416sv.mskobr.ru;55.893 37.581;education
Лианозово, школа №1416 с дошкольным отделением;+7 (499) 200-06-55, +7 (499) 209-49-15;;Новгородская ул., 12, Москва;museum.sch1416.ru , news.sch1416.ru , sch1416sv.mskobr.ru;55.895 37.581;education
Лианозово, школа №1416 с дошкольным отделением;+7 (499) 209-42-29;;Новгородская ул., 8, Москва;museum.sch1416.ru , news.sch1416.ru , sch1416sv.mskobr.ru;55.893 37.582;education
Государственное бюджетное общеобразовательное учреждение города Москвы школа № 953;+7 (499) 909-18-00;;Шенкурский пр., 15, Москва;co953sv.mskobr.ru;55.896 37.589;education
Лотос, частная школа с дошкольным отделением;+7 (499) 909-57-74, +7 (499) 909-95-36;+7 (977) 982-50-79, +7 (985) 619-36-61;Шенкурский пр., 5, Москва;slotos.ru;55.893 37.590;education
Глория, школа с дошкольным отделением;+7 (499) 901-07-00, +7 (499) 908-52-11, +7 (495) 707-07-62, +7 (499) 909-00-10;+7 (903) 154-63-00;Алтуфьевское ш., 94, Москва;gsg.mskobr.ru;55.902 37.590;education
Школа №1573 с дошкольным отделением;+7 (499) 200-73-44, +7 (499) 200-07-51, +7 (499) 747-86-16;;Абрамцевская ул., 24, корп. 2, Москва;gum1573.mskobr.ru;55.905 37.576;education
Школа №166 с дошкольным отделением;+7 (499) 200-06-15;;Новгородская ул., 24, корп. 1, Москва;sch166.mskobr.ru;55.901 37.582;education
Школа №166 с дошкольным отделением;+7 (499) 200-52-70, +7 (499) 200-82-53;;Алтуфьевское ш., 97, корп. 3, Москва;sch166.mskobr.ru;55.903 37.584;education
Глория, школа с дошкольным отделением;+7 (499) 908-64-05, +7 (499) 908-39-23;;ул. Лескова, 3, корп. 3, Москва;gsg.mskobr.ru;55.899 37.590;education
Государственное бюджетное общеобразовательное учреждение города Москвы школа № 953;+7 (499) 909-69-00, +7 (499) 909-72-41;;Шенкурский пр., 8Г, Москва;co953sv.mskobr.ru;55.894 37.593;education
ГБОУ школа № 1413, корпус дополнительного образования;+7 (499) 206-33-47, +7 (499) 205-33-36;;ул. Корнейчука, 14А, Москва;sch1413sv.mskobr.ru;55.901 37.609;education
Школа № 1413, учебный корпус № 3;+7 (499) 206-32-89;;Белозерская ул., 7, Москва;sch1413sv.mskobr.ru;55.899 37.612;education
ГБОУ школа Глория, корпус № 1;+7 (499) 901-08-88, +7 (499) 901-12-31;;Белозерская ул., 12, Москва;gsg.mskobr.ru;55.896 37.616;education
ГБОУ школа № 1413, корпус № 2;+7 (499) 206-22-55, +7 (499) 206-22-56;;Белозерская ул., 13, Москва;sch1413sv.mskobr.ru;55.897 37.616;education
ГБОУ школа № 1413, учебный корпус № 1;+7 (499) 206-97-63, +7 (499) 206-27-06, +7 (499) 206-64-77, +7 (499) 207-58-45;;Белозерская ул., 15, Москва;sch1413sv.mskobr.ru;55.897 37.618;education
ГБОУ школа № 2044, начальное общее образование;+7 (499) 761-01-30, +7 (499) 761-01-34, +7 (499) 761-01-36;;Дмитровское ш., 165Е, корп. 8, Москва;sch2044sv-new.mskobr.ru;55.927 37.543;education
Государственное бюджетное общеобразовательное учреждение города Москвы школа № 709, школьное отделение № 4;+7 (499) 761-05-75;;Челобитьевское ш., 8, Москва;sch709sv.mskobr.ru;55.914 37.551;education
Приходская школа;+7 (495) 228-70-57;+7 (968) 813-34-37, +7 (905) 505-74-15, +7 (916) 394-53-14, +7 (925) 612-40-56, +7 (903) 149-69-93;Приозёрная ул., 3, Москва;hramcherkizovo.ru;55.950 37.354;education
Государственное бюджетное общеобразовательное учреждение города Москвы школа № 709, корпус № 1;+7 (499) 767-60-11;;9-я Северная линия, 1, корп. 2, Москва;sch709sv.mskobr.ru;55.935 37.556;education
ГБОУ г. Москвы Гимназия № 45 имени Л. И. Мильграма;+7 (499) 724-19-33, +7 (499) 724-23-00;;ул. Винокурова, 19, Москва;sch45uz.mskobr.ru;55.685 37.599;education
ГБОУ школа № 2036, учебный корпус № 1;;+7 (915) 149-83-49;ул. Татьяны Макаровой, 2, Москва;;55.711 37.887;education
ГБОУ школа № 56 им. академика В. А. Легасова;+7 (499) 233-28-64;;Кутузовский просп., 28, Москва;sch56.mskobr.ru;55.743 37.539;education
Татьянинская частная школа;+7 (499) 171-43-71, +7 (499) 170-40-06, +7 (499) 174-73-24;;3-я Карачаровская ул., 10, Москва;tatianinskaya-shkola.ru;55.734 37.748;education
Подсолнух, детский городской лагерь;+7 (499) 841-01-55, +7 (499) 394-38-94;+7 (968) 511-73-00;Кольская ул., 2, корп. 5, Москва;sadikdom.ru , shkoladom.ru , skazokdom.ru;55.859 37.658;education
Радуга, начальная школа-детский сад;+7 (499) 766-84-19, +7 (499) 242-68-57;+7 (958) 815-50-85;Комсомольский просп., 45, Москва;theschool.ru , raduga-sadik.ru;55.720 37.574;education
Школа №1465 им. адмирала Н.Г. Кузнецова с дошкольным отделением;+7 (499) 249-35-22;;Студенческая ул., 29, Москва;sch1465.mskobr.ru;55.740 37.545;education
Государственное бюджетное общеобразовательное учреждение города Москвы школа № 924;+7 (495) 382-79-80;;Россошанский пр., 3А, Москва;sch924.mskobr.ru;55.601 37.612;education
Государственное бюджетное общеобразовательное учреждение города Москвы школа № 924;+7 (495) 382-85-85;;Дорожная ул., 22А, Москва;sch924.mskobr.ru;55.600 37.618;education
Вертикаль, школа №6 для детей с особыми образовательными потребностями;+7 (495) 465-61-86, +7 (495) 465-36-04;;Сиреневый бул., 30А, Москва;gym1748v.mskobr.ru;55.801 37.802;education
Московская экономическая школа;+7 (499) 255-00-70, +7 (499) 255-55-66;;ул. Заморёнова, 29, Москва;mes.ru;55.761 37.566;education
Государственное бюджетное образовательное учреждение школа № 1282 Сокольники;+7 (499) 264-01-21, +7 (499) 269-89-82;;Поперечный просек, 1А, Москва;schvu1282.mskobr.ru;55.795 37.656;education
Велосипедная парковка № 37127 Гимназия № 1531 Лингвистическая;+7 (495) 687-01-07, +7 (495) 615-48-65;;ул. Годовикова, 4, стр. 2, Москва;gym1531sv.mskobr.ru;55.804 37.632;education
Государственное бюджетное общеобразовательное учреждение города Москвы школа № 709, корпус № 2;+7 (499) 761-06-10;;Челобитьевское ш., 2, Москва;sch709sv.mskobr.ru;55.915 37.548;education
Перспектива, школа с дошкольным отделением;+7 (499) 670-92-86, +7 (527) 758-40-00, +7 (499) 284-14-80;;Синявинская ул., 11А, Москва;perspektiva.mskobr.ru;55.946 37.347;education
Школа № 429 Соколиная гора;+7 (495) 365-18-55;;5-я ул. Соколиной Горы, 5, Москва;429.mskobr.ru;55.763 37.732;education
Школа № 1980;+7 (495) 716-27-96;;Чечёрский пр., 14, корп. 1, Москва;sch1980uz.mskobr.ru;55.541 37.542;education
ГБОУ школа № 667, корпус № 3;+7 (495) 383-88-56;;Булатниковская ул., 1А, Москва;sch667u.mskobr.ru;55.577 37.654;education
Специализированный учебно-научный центр-школа (факультет) - интернат имени А. Н. Колмогорова Московского государственного университета имени М. В. Ломоносова;+7 (499) 445-03-41, +7 (499) 340-09-04;+7 (996) 974-23-71, +7 (916) 499-69-25, +7 (905) 508-56-81, +7 (925) 530-03-15;Кременчугская ул., 11, Москва;letopis.msu.ru , aesc.msu.ru , msu.ru , internat.msu.ru , lanat.ru , only5.ru;55.719 37.464;education
Школа для слабослышащих и глухих при Технологическом колледже № 21;;+7 (915) 124-66-98;Реутовская ул., 22Б, Москва;tk21.mskobr.ru;55.734 37.836;education
Памятная стела бойцам и командирам Первой Гвардейской танковой Армии Маршала бронетанковых войск дважды героя Советского Союза Катукова;+7 (495) 758-41-11;;ул. Маршала Катукова, 12, корп. 3, Москва;sch86sz.mskobr.ru;55.807 37.403;education
ГБОУ Многопрофильная школа № 1220;+7 (495) 683-39-01;;ул. Кондратюка, 5, Москва;sch1220.mskobr.ru;55.819 37.634;education
ГБОУ школа № 2097, корпус № 4;+7 (495) 949-00-98, +7 (495) 949-58-10;+7 (985) 922-59-74;Светлогорский пр., 7, корп. 1, Москва;sch2097sz.mskobr.ru;55.845 37.402;education
Очу СОШ Лидер;+7 (495) 740-03-15;+7 (985) 443-52-44;Юровская ул., 41, Москва;schleader.ru , kurkino.football.tilda.ws;55.899 37.375;education
Академикус, детский центр;;+7 (977) 822-66-32, +7 (926) 038-71-15;Россия, Москва, поселение Десеновское, 2-я Нововатутинская улица, 5;;55.518 37.352;education
ГАОУ школа № 548, корпус начальной школы;+7 (495) 399-20-09, +7 (495) 399-20-00;;Елецкая ул., 31, корп. 2, Москва;cou548.mskobr.ru;55.602 37.738;education
Школа №2126 с дошкольным отделением;+7 (495) 309-55-11, +7 (495) 309-04-92, +7 (495) 309-29-77, +7 (495) 306-88-03;+7 (910) 428-78-45;ул. Плющева, 11А, Москва;sch2126.mskobr.ru;55.742 37.763;education
Школа № 1636;+7 (495) 399-38-59, +7 (495) 399-40-41, +7 (495) 399-40-03;;Ясеневая ул., 23, корп. 2, Москва;gym1636u.mskobr.ru;55.605 37.732;education
Школы иностранных языков;;;;;;education
English life style, школа иностранных языков;+7 (495) 255-33-70;+7 (903) 616-46-15;Южная ул., 16, д. Девятское;english-lifestyle.ru;55.469 37.540;education
Brilliant, клуб английского языка;;+7 (925) 712-71-99;3, микрорайон Родники, посёлок Знамя Октября;clubbrilliant.ru;55.469 37.544;education
G&s, языковой центр;+7 (499) 938-67-57;+7 (965) 231-54-04;ул. Маршала Савицкого, 26, Москва;goandstudycenter.ru;55.505 37.594;education
5 levels, лингвистический центр;+7 (495) 777-84-35;+7 (916) 180-59-95, +7 (999) 877-37-62, +7 (905) 715-55-70;Адмирала Лазарева улица, 63 к2;5levels.ru;55.537 37.507;education
Englishland, школа английского языка;+7 (495) 545-49-31;+7 (906) 056-22-88, +7 (906) 056-33-88, +7 (965) 264-22-88, +7 (906) 056-44-22;ул. Академика Семёнова, 3, Москва;englishland-school.ru;55.543 37.510;education
Hills, школа иностранных языков;;+7 (925) 508-70-86, +7 (953) 431-41-31;Южнобутовская ул., 36, Москва;hills-school.ru;55.541 37.536;education
Berd, языковая школа;;+7 (916) 236-32-36;бульвар Адмирала Ушакова, 12;didwasniki.ru;55.548 37.550;education
Startum, детский образовательный центр;+7 (495) 740-54-94;;улица Изюмская, 37 к1;makariina.ru , startum77.ru;55.551 37.569;education
Discover English, школа английского языка;;+7 (925) 301-54-82;Александры Монаховой улица, 30 ст1;english-discover.ru;55.567 37.482;education
Butovoenglish, развивающий клуб;;+7 (903) 255-22-45;улица Изюмская, 22;butovoenglish.ru;55.553 37.559;education
Lingua smile, языковая школа;;+7 (926) 198-41-40;ул. Грина, 11, Москва;linguasmile.ru;55.568 37.566;education
My speak english, центр иностранных языков;+7 (495) 714-93-27;+7 (926) 117-72-80;улица Грина, 28 к1;myspeakenglish.ru;55.569 37.571;education
Ibrain, репетиторский центр;+7 (499) 841-70-75, +7 (3919) 41-98-60;+7 (913) 508-89-31, +7 (913) 491-19-87, +7 (913) 530-48-60, +7 (977) 638-65-50;Бирюлёвская ул., 43, Москва;ibrain.center , online.ibrain.center , msk.ibrain.center;55.587 37.667;education
Англез, центр иностранного языка;;+7 (977) 315-42-63;Загорьевская, 10 к2;anglez.ru;55.579 37.677;education
Студия английского языка для детей Smart English;;+7 (926) 219-80-88;Вильнюсская ул., 1, Москва;en-smart.ru;55.607 37.525;education
English point, языковая школа;;+7 (977) 472-54-67;Генерала Белова, 26;english-point.ru;55.606 37.723;education
Englishas, репетиторский центр;;+7 (915) 499-03-00, +7 (977) 737-08-33, +7 (903) 253-86-84;Ясеневая ул., 26, Москва;englishas.ru;55.604 37.736;education
Humphrey`s House, языковая школа;+7 (495) 398-69-79;+7 (966) 344-94-44;Ясеневая ул., 35, Москва;hh-english.ru;55.607 37.739;education
В школу с улыбкой, центр детского развития;;+7 (963) 662-44-22;Россия, Москва, поселение Внуковское, улица Авиаконструктора Петлякова, 9;;55.622 37.302;education
Miss Kate school, языковая школа;;+7 (958) 100-76-75, +7 (991) 257-58-77, +7 (977) 306-77-98, +7 (985) 100-53-92;Россия, Москва, поселение Внуковское, улица Лётчика Грицевца, 4;misskate-school.ru , misskate.ru;55.624 37.302;education
Азбука интеллекта, центр развития ребенка;+7 (499) 391-59-83;+7 (926) 193-59-83;Москва, поселение Внуковское, улица Авиаконструктора Петлякова, 13;;55.621 37.304;education
Star English, центр иностранных языков;;+7 (916) 488-23-88;Лётчика Грицевца, 6;starenglish.ru;55.623 37.304;education
Папа слон, игротека;;+7 (916) 152-00-16, +7 (916) 033-68-32;Москва, поселение Внуковское, улица Лётчика Ульянина, 5;papslon.ru;55.626 37.307;education
Osmi, центр развития детей и частная школа;;+7 (926) 188-80-22, +7 (977) 805-36-79;улица Авиаконструктора Петлякова, 25;osmickub.ru;55.624 37.315;education
Три Совы, детский клуб;;+7 (916) 566-87-16, +7 (915) 246-41-38;Борисовский проезд, 17 к1 ст2;trisovy-club.ru;55.625 37.728;education
Центр тестирования русского языка для иностранных граждан Мигрант;;+7 (915) 409-02-32, +7 (925) 224-10-18;Шипиловская ул., 58, корп. 1, Москва;rus-test.turbo.site;55.621 37.746;education
Teeny-weeny, частный детский сад;+7 (495) 297-12-72;+7 (926) 806-22-82;улица Бориса Пастернака, 27 к1;teenyweenykids.ru;55.637 37.317;education
English Dive, школа английского языка;;+7 (926) 933-45-55;Москва, поселение Внуковское, улица Самуила Маршака, 21;englishdive.ru;55.635 37.322;education
Family Club, центр иностранных языков;+7 (495) 125-44-03;+7 (915) 412-78-11, +7 (985) 151-38-82;Лукинская улица, 8 к3;;55.651 37.340;education
Im-school, школа иностранных языков;;+7 (977) 428-18-00;Лукинская улица, 14;im-school.online;55.648 37.341;education
Курсы подготовки к ЕГЭ Зинзера и Смирновой;;+7 (977) 115-79-29;22 километр Киевское шоссе, вл4 ст2а;zinzer-smirnova.ru;55.635 37.436;education
ТАКИТАК, языковая студия;;+7 (926) 590-85-90, +7 (925) 145-14-61;Ленинский просп., 131, Москва;takitak.ru , takitak.studio;55.644 37.473;education
EduLevel, центр развития;;+7 (916) 355-70-70;ул. Академика Виноградова, 9, Москва;edulevel.ru;55.634 37.485;education
UFirst, школа английского языка для детей и подростков;;+7 (926) 182-18-40;улица Азовская, 24а к1;clck.ru , ufirst.ru;55.648 37.596;education
Студия английского языка;;+7 (985) 517-03-12;Кантемировская улица, 29 к1;abcd-kids.ru;55.637 37.666;education
Unistar club;;+7 (916) 657-64-94;Батайский пр., 35, Москва;;55.644 37.724;education
Дошкольник, детский центр развития;;+7 (965) 218-81-90, +7 (915) 304-43-53, +7 (915) 304-45-53, +7 (926) 678-45-20;Поречная ул., 17/22, Москва;doshk.ru;55.648 37.761;education
English Indeed, школа английского языка;;+7 (906) 775-19-38;Озёрная ул., 42, Москва;englishindeed.ru;55.671 37.445;education
Oxford, центр изучения английского языка;+7 (495) 222-70-95, +7 (495) 021-43-22, +7 (495) 999-15-20, +7 (495) 085-43-72;;Никулинская улица, 6 к3;oxford-russia.ru;55.668 37.463;education
Школа китайского языка;+7 (495) 018-08-10;+7 (925) 741-34-98, +7 (925) 279-05-85;улица Намёткина, 10а;orange-kit.online;55.661 37.552;education
Language academy, языковая школа;;+7 (901) 360-85-55;улица Перерва, 52 ст1;lalaeng.com;55.653 37.738;education
Школа английского языка Friends;;+7 (925) 272-74-41, +7 (925) 928-89-80;ул. Перерва, 31, Москва;schoolforfriends.ru;55.659 37.744;education
Step up, учебный центр;;+7 (926) 153-06-67;просп. 40 лет Октября, 40, Москва;eng-stepup.ru;55.672 37.746;education
Easy Way English, школа английского языка;+7 (495) 150-17-83;;ул. Перерва, 56/2, Москва;easyway-english.ru;55.658 37.748;education
ABC, центр иностранных языков;;+7 (977) 876-08-06;Мячковский бульвар, 8 к3;abcabc.su;55.656 37.749;education
Школа английского языка Easy English School;+7 (499) 755-93-85;+7 (906) 758-43-86;Братиславская ул., 6, Москва;easy-english.pro;55.665 37.753;education
Smart сlub, языковой клуб;;+7 (925) 927-75-95;улица Верхние Поля, 36 к2;smartclub-msc.ru , sm-club.ru;55.667 37.764;education
Лингвист-Прайм, центр английского языка;+7 (495) 654-98-70;+7 (916) 094-52-58, +7 (968) 949-45-86;улица Перерва, 68/35;linguist-prime.ru;55.666 37.770;education
Английский рядом, клуб иностранных языков;+7 (495) 142-66-57;;2-й Очаковский переулок, 4;lcdk.ru;55.683 37.459;education
Peekaboovillage, детский развивающий центр;;+7 (926) 676-23-55;Озёрная ул., 9, Москва;peekaboovillage.ru;55.682 37.461;education
Lingua studio, студия иностранных языков;+7 (495) 776-18-88;+7 (999) 444-72-94, +7 (912) 947-69-09, +7 (985) 776-18-88;Большая Очаковская ул., 3, Москва;lingua-studio.ru;55.688 37.466;education
Мывместе, центр развития;;+7 (916) 239-18-98;Раменки, 23;myvmesteschool.ru;55.690 37.493;education
Happy&bright, английский частный детский сад;+7 (495) 782-71-88;;проспект Вернадского, 37 к1а;happy-bright.ru;55.678 37.511;education
Институт стран Востока;+7 (499) 398-16-04, +7 (499) 724-59-65;+7 (966) 019-92-59, +7 (966) 026-16-53;Профсоюзная ул., 23, Москва;orun.ru;55.675 37.561;education
Мигрантум;;+7 (967) 064-45-81;улица Кржижановского, 15 к7;migrantum.com;55.681 37.571;education
Kiberone, школа;+7 (343) 328-85-35;+7 (922) 188-85-35, +7 (903) 589-00-14;Новочерёмушкинская ул., 8, Москва;kiber-one.com , akadem.kiber-one.com;55.688 37.585;education
ЕВРАЗ, центр тестирования;+7 (495) 991-08-16;+7 (929) 651-30-08;ул. Дмитрия Ульянова, 36, Москва;centrevraz.ru;55.683 37.586;education
Методический центр i Love English;+7 (495) 215-08-71, +7 (495) 215-18-44, +7 (495) 545-44-73;+7 (926) 155-51-00, +7 (925) 518-55-32;Варшавское ш., 42, Москва;i-love-english.ru , studyinjoy.ru , eng-shop.ru;55.676 37.625;education
IQ007, международная школа скорочтения и развития интеллекта;+7 (804) 333-80-07, +7 (499) 490-07-39;+7 (915) 080-00-77, +7 (916) 675-64-28;Нагатинская ул., 16, Москва;iq007-nzm.ru , iq007.ru;55.679 37.644;education
EnglishMan, школа английского языка;;+7 (966) 149-84-83;Нагатинская ул., 16, Москва;engman.ru , englishman.info;55.678 37.644;education
Курсы английского языка Иностранный.ру;+7 (495) 518-80-57, +7 (495) 655-51-80, +7 (495) 655-51-78;+7 (906) 093-87-96, +7 (903) 627-06-32, +7 (916) 772-92-02, +7 (906) 094-87-86;Высокая ул., 4, Москва;inostranny.ru;55.679 37.653;education
Access, центр иностранных языков;+7 (495) 704-82-21;+7 (985) 746-02-02;ул. Авиаконструктора Миля, 3, Москва;access-msk.ru;55.688 37.853;education
Happy&bright, английский частный детский сад;+7 (495) 191-02-67;;Мичуринский просп., 34, Москва;happy-bright.ru;55.699 37.496;education
Engline School, английская языковая школа;+7 (499) 390-49-11;;Ленинский проспект, 42 к1-2-3;;55.703 37.567;education
Заговоришь!, школа английского языка;;+7 (926) 166-98-84;ул. Ленинская Слобода, 19, Москва;;55.708 37.652;education
A-team center, центр иностранных языков;;+7 (903) 293-45-82, +7 (906) 728-50-09, +7 (926) 694-59-44, +7 (901) 401-49-45, +7 (916) 113-67-97;Малышева, 15;a-team.center;55.697 37.744;education
Kleverok, досуговый семейный центр;;+7 (903) 281-74-64;Ферганская улица, 6 к2;;55.710 37.803;education
Step by step, центр;;+7 (967) 152-64-59;Рязанский проспект, 86/1 ст1;english-vihino.ru;55.708 37.830;education
Дамбо, детский центр;;+7 (926) 157-62-42, +7 (925) 221-43-75;Саранская ул., 7, Москва;damboo.ru;55.693 37.856;education
Just Talk, языковой центр;;+7 (964) 552-38-00, +7 (916) 862-27-27;ул. Татьяны Макаровой, 10, Москва;justtalkeng.ru;55.711 37.890;education
Лингвистик, школа иностранных языков;+7 (499) 347-73-27;+7 (906) 063-20-87;Рождественская ул., 12, Москва;linguistic-school.ru;55.702 37.917;education
Совёнок, детский центр развития;+7 (499) 113-51-80, +7 (499) 113-51-42;+7 (903) 186-31-15, +7 (967) 555-70-28;просп. Защитников Москвы, 11, Москва;sovenok-dc.ru;55.702 37.920;education
Британия, языковой центр;+7 (495) 518-29-40;+7 (926) 900-18-64, +7 (926) 905-80-81, +7 (958) 100-02-16, +7 (925) 518-29-40, +7 (926) 900-18-61, +7 (929) 973-65-00;ул. Вертолётчиков, 1, Москва;cambridge-english.ru , lingvo-britannia.ru , lcbritannia.ru;55.700 37.940;education
Class Room, школа английского языка;;+7 (906) 799-49-89, +7 (968) 910-88-89;улица Лавриненко, 3а;engclassroom.ru;55.702 37.945;education
MAIN.School, Монтессори-сад;+7 (495) 123-59-33;;Кутузова, 11 к4;main.school;55.722 37.412;education
Бэби арт, детский центр;+7 (495) 417-36-87, +7 (499) 727-18-73, +7 (499) 727-18-72;+7 (916) 016-84-69;Кунцевская улица, 13/6;rublevoart.ru , рублево-арт.рф;55.730 37.413;education
Fun English, языковой клуб;;+7 (903) 128-80-74;улица Пудовкина, 7Б;fun-english.club;55.727 37.529;education
Инглиш коннекшн, центр английского языка;+7 (495) 774-28-60;+7 (985) 774-28-60;улица Хамовнический Вал, 24 ст2;englishconnection.ru;55.720 37.570;education
HOPSCOTCH MONTESSORI SCHOOL;;+7 (926) 056-78-94;улица Трубецкая, 12;hopscotchmontessori.ru;55.727 37.574;education
Play school, английский детский сад;+7 (495) 545-47-24;;улица Трубецкая, 12;playschool.moscow;55.727 37.574;education
Cherrylane, языковой центр;+7 (495) 226-01-49, +7 (495) 766-89-26;+7 (915) 412-29-00, +7 (916) 519-10-60;Ленинский просп., 15, Москва;cherry-lane.ru;55.721 37.600;education
Межвузовский факультет китайского языка, ИСАА МГУ;+7 (499) 230-27-29;;Ленинский проспект, 6 ст1;;55.727 37.607;education
Образовательный центр иностранных языков, МИСиС;+7 (495) 959-99-85;+7 (985) 996-18-43;Ленинский проспект, 6 ст2;;55.727 37.608;education
Centro Vamos, центр обучения испанскому и каталанскому языку;+7 (495) 920-74-30;+7 (916) 169-18-37;Пятницкая улица, 71/5 ст2;centroespanol.ru;55.732 37.628;education
Ассоциация кружков;;+7 (925) 354-53-99, +7 (909) 034-64-32, +7 (913) 153-93-66;улица Щипок, 9/26;kruzhok.org;55.727 37.630;education
Ielts-school, языковой центр;+7 (495) 955-69-32;+7 (945) 955-69-32, +7 (991) 566-33-24;улица Щипок, 20 ст1;ielts-school.ru;55.724 37.634;education
Frame star education, школа иностранных языков;+7 (499) 392-00-76, +7 (499) 397-71-37;+7 (925) 230-66-27;улица Кожевническая, 7 ст2;framestar.ru;55.730 37.646;education
Speakland;;+7 (939) 111-69-27, +7 (985) 443-42-42;Волгоградский просп., 6, Москва;speakland.ru;55.731 37.671;education
Без уроков, центр дополнительного образования школьников;;+7 (901) 333-10-81, +7 (958) 558-03-19;Большой Симоновский пер., 2, Москва;bezurokov.ru;55.728 37.673;education
Easy-Sotka, школа;;+7 (916) 538-55-33, +7 (999) 835-26-44, +7 (965) 196-07-86, +7 (929) 669-11-90;Шарикоподшипниковская улица, 22;easy-sotka.online;55.718 37.673;education
Okey English, образовательный центр;+7 (495) 707-55-56, +7 (234) 234-23-23, +7 (499) 707-35-35;+7 (995) 507-35-35;2-й Грайвороновский проезд, 42 к1;okeyenglish.ru;55.724 37.743;education
Академгородок, академия развития детей;+7 (495) 919-52-44;+7 (926) 458-56-22, +7 (905) 737-89-35;Мещерский переулок, 6 к2;;55.716 37.779;education
Witty, центр раннего развития детей;;+7 (968) 725-62-42, +7 (926) 783-41-00;Святоозёрская, 9;witty.ru;55.713 37.891;education
ican, международный образовательный центр;+7 (499) 149-09-32;+7 (915) 335-15-29, +7 (925) 241-30-34;Ярцевская ул., 16, Москва;ican77.ru;55.737 37.414;education
Объединение культурных центров западного административного округа;+7 (495) 415-07-63, +7 (495) 415-02-86;;Рублёвское шоссе, 18 к1;okczao.ru;55.741 37.432;education
Воксель, научный центр;+7 (495) 440-39-78, +7 (495) 477-47-26;;Рублёвское ш., 79, Москва;voxelkids.ru , kuntsevo.pw;55.739 37.432;education
English Greenhouse, школа английского языка;+7 (499) 499-03-14;+7 (916) 933-45-42;ул. Полосухина, 1/28, Москва;english-greenhouse.ru;55.736 37.461;education
Good Talk, языковая школа;;+7 (926) 428-00-03, +7 (985) 987-57-81;ул. Олеко Дундича, 25, Москва;good-talk.ru;55.738 37.487;education
Michael Johnson`s School For Business;;+7 (922) 353-59-89;Пресненская набережная, 10 ст2;mybestlessons.ru;55.748 37.535;education
IT&language lab, центр иностранных языков и программирования для детей и взрослых;;+7 (968) 606-18-59;Пресненская набережная, 12;;55.750 37.538;education
Полилингва, школа иностранных языков;;+7 (916) 138-99-16, +7 (926) 567-23-27;Кутузовский проспект, 24;polilingva.ru;55.744 37.544;education
LangFrance, центр курсов иностранных языков;;+7 (903) 299-70-99;1-й Смоленский переулок, 3/2;langfrance.ru;55.747 37.580;education
Italia 82, школа итальянского языка;;+7 (917) 590-09-01;улица Арбат, 54/2 ст1;italia82.ru;55.747 37.584;education
Центр высших курсов иностранных языков, МИД РФ;+7 (499) 244-34-37, +7 (499) 244-43-17, +7 (499) 244-43-32;;Смоленская-Сенная площадь, 32/34;vkiya.mid.ru;55.746 37.584;education
Englium, школа английского языка;+7 (495) 220-50-10;+7 (985) 220-50-10;ул. Тимура Фрунзе, 26, Москва;englium.ru;55.736 37.587;education
Prolangue Linguistic Center;;+7 (968) 009-27-55;переулок Сивцев Вражек, 29/16;prolangue.ru;55.747 37.592;education
Russian lab, школа изучения русского языка для иностранцев;+7 (495) 223-22-45;;Большой Афанасьевский переулок, 3 ст3;russianlab.com;55.745 37.597;education
Центр креатива;+7 (499) 959-12-81;+7 (911) 350-76-87, +7 (985) 303-17-13;1-й Бабьегородский пер., 5, Москва;risuem.su;55.735 37.611;education
Солнышко, школа китайского языка;+7 (495) 255-56-67;+7 (901) 524-65-58;улица Большая Якиманка, 40 ст7;sunnyi.ru;55.734 37.612;education
Aaa English, школа английского языка;+7 (495) 374-70-38;+7 (964) 537-70-11;Старомонетный переулок, 8 ст6-7;aaaenglish.ru;55.741 37.617;education
Casa di Lingua, лингвистический центр;;+7 (977) 380-50-12;Малый Толмачёвский пер., 12, Москва;casadilingua.ru;55.741 37.620;education
Академия Армянской культуры;+7 (495) 798-70-15;+7 (903) 610-50-70, +7 (903) 610-50-80;Большая Ордынка, 29/10 ст2;armca.ru;55.739 37.625;education
Smart People, центр обучения и переводов;+7 (495) 220-29-95, +7 (499) 409-05-17;;Пятницкая улица, 6/1 ст1;smart-tr.com;55.745 37.627;education
Ad astra, учебный центр;;+7 (926) 592-89-99;Пятницкая ул., 36, Москва;adastra.center , larondine.ru;55.739 37.628;education
DaF Station, языковая школа;;+7 (926) 639-90-92, +7 (995) 901-90-92;Новокузнецкая улица, 4/12;dafstation.ru;55.739 37.630;education
Cherrypie Club, языковой клуб;;+7 (903) 754-65-63, +7 (925) 417-80-30;Новокузнецкая улица, 4/12 ст1;cherrypie.club;55.739 37.630;education
Сеть школ иностранных языков Московской международной академии;+7 (495) 120-13-15;;Новокузнецкая улица, 25;mmals.ru;55.736 37.633;education
Union study Russia, компания по сопровождению иностранных абитуриентов;;+7 (999) 803-22-22, +7 (950) 041-45-00;5-й Монетчиковский переулок, 3 ст1;unstudy.ru;55.733 37.633;education
Pro.English, школа английского языка;;+7 (963) 607-04-52, +7 (963) 607-04-91;Руновский переулок, 5 ст1;proenglish.me;55.743 37.635;education
Moscow j-academy, школа японского языка;;+7 (999) 809-88-81;Садовническая улица, 76/71 ст3;mj-academy.ru;55.739 37.640;education
goFLUENT, школа по корпоративному обучению английскому языку;+7 (495) 937-40-20;;Яузская ул., 5, Москва;gofluent.com;55.749 37.645;education
Manhattan Language, онлайн-школа английского языка;;+7 (926) 300-38-88, +7 (921) 080-68-46;Товарищеский переулок, 7 ст2;manhattanlanguage.ru;55.742 37.660;education
Denis`School, школа иностранных языков;+7 (804) 333-20-20, +7 (495) 966-25-56;;Марксистская, 22 ст1;dschool.ru;55.738 37.661;education
Swedlang, шведско-норвежский языковой центр;;+7 (905) 512-13-31;Марксистская, 3 ст2;swedlang.ru;55.738 37.663;education
LingvoDom, центр изучения иностранных языков;+7 (499) 398-03-00;;Рабочая ул., 35, Москва;lingvodom.ru;55.742 37.687;education
Tiptopschool, школа иностранных языков;;+7 (926) 676-67-11, +7 (925) 111-99-25, +7 (977) 676-67-11, +7 (985) 820-44-88;ш. Энтузиастов, 9, Москва;tiptopschool.ru;55.751 37.712;education
Sowa welcome academy, языковая школа;;+7 (963) 109-59-70, +7 (963) 109-80-36, +7 (969) 130-33-11;Суздальская, 40 к2;sowawelcome.ru;55.746 37.876;education
Win-Win Kids, детский сад;+7 (495) 740-94-46;+7 (925) 122-78-69;Крылатские Холмы, 36 к2;winwinkids.ru;55.765 37.409;education
Мир Роботов, центр будущих профессий;+7 (495) 220-76-26;+7 (985) 220-76-26;Карамышевская набережная, 10 к2;mrobotov.ru;55.771 37.483;education
KIBROLOGY, многопрофильный образовательный центр;;+7 (925) 082-52-22;улица Большая Филёвская, 4;kibrology.academy , kibrology.online;55.754 37.512;education
Angloclub, школа английского языка;+7 (495) 136-00-41;+7 (926) 816-61-26, +7 (926) 628-86-24;1-й Магистральный тупик, 5а;angloclub.ru;55.766 37.532;education
Институт Сервантеса, испанский культурный центр;+7 (495) 609-90-22, +7 (495) 609-94-22;;Новинский бульвар, 20а ст1-2;clicmoscu.cervantes.es , moscu.cervantes.es;55.756 37.586;education
ESP.HOLA, школа испанского языка;;+7 (903) 733-76-82;Большая Садовая улица, 3 ст2;esphola.ru;55.767 37.591;education
Carfax education, агентство международного образования;+7 (495) 775-42-60;+7 (916) 707-27-02;Благовещенский пер., 1Б, Москва;carfax-education-ru.com , carfax-education.ru;55.767 37.598;education
Simply English, языковая школа;+7 (499) 391-38-56;;Никитский бульвар, 9;simplyenglishschool.com;55.755 37.600;education
Балканика, школа иностранных языков;+7 (495) 778-16-81;+7 (916) 112-61-76;Страстной бульвар, 6 ст1;balkanikaclub.ru;55.766 37.609;education
Система-3, учебно-консультативный центр;+7 (499) 653-73-77;+7 (901) 511-34-22;Тверская улица, 20 ст1;fluent.ru;55.767 37.603;education
Itec, школа иностранных языков;+7 (495) 988-47-79, +7 (495) 925-05-08, +7 (495) 708-42-42, +7 (499) 110-16-45;+7 (965) 238-04-45;Тверская ул., 22А, стр. 3, Москва;itec-school.ru;55.768 37.603;education
BonAmi, школа французского языка;+7 (499) 321-59-02;;Тверская улица, 18 к1;bonami.com.ru;55.766 37.604;education
dasПРОЕКТ, школа немецкого языка;+7 (499) 213-33-00, +7 (812) 209-09-90;+7 (915) 322-69-98;Страстной бульвар, 4 ст1;dasproekt.ru , msk.dasproekt.ru;55.766 37.608;education
Lablang, лаборатория иностранных языков;+7 (499) 322-05-04;;Страстной бульвар, 4 ст2;lablang.ru;55.766 37.609;education
Espalabra, языковая школа;+7 (495) 920-32-76;;Страстной бульвар, 6/2;espalabra.ru;55.766 37.609;education
K-ling, лингвистический центр;;+7 (916) 927-95-43;улица Большая Дмитровка, 32 ст1;koreanfirst.ru;55.765 37.611;education
Telfords, школа английского языка;;+7 (921) 903-21-53;ул. Охотный Ряд, 1, корп. 2, стр. 2, Москва;moscow.telfords.ru;55.758 37.618;education
CT-School, школа английского;+7 (495) 776-00-51;+7 (985) 776-00-51;улица Никольская, 19/21 ст1;ct-school.ru;55.758 37.624;education
English zone, языковая школа;;+7 (985) 771-20-65, +7 (916) 080-53-40;улица Кузнецкий Мост, 19/1;;55.762 37.626;education
Хутонг, школа китайского языка;+7 (495) 374-80-21;;Сретенский бульвар, 6/1 ст1;hutongschool.ru;55.766 37.633;education
Silk way, школа китайского языка;+7 (499) 376-22-99;;улица Большая Лубянка, 24/15 ст1;silk-way.moscow;55.765 37.631;education
Language Lift, центр языковой подготовки;;+7 (916) 286-74-92, +7 (965) 279-52-78;Кривоколенный переулок, 5 ст4;languagelift.ru;55.761 37.634;education
Висла, школа польского языка;+7 (499) 450-29-23;+7 (910) 123-64-61;улица Мясницкая, 24;wisla.su;55.763 37.635;education
ГлобКампус, центр итальянского языка и культуры;+7 (495) 369-25-02;+7 (915) 234-19-83;улица Мясницкая, 24/7 ст3;globcampus.org;55.763 37.637;education
Language experts, школа иностранных языков;;+7 (903) 973-85-10;Большой Спасоглинищевский переулок, 9/1 ст10;l-experts.ru;55.755 37.637;education
Итальянский институт культуры;+7 (495) 916-54-92;+7 (985) 640-12-89;Малый Козловский переулок, 4 ст1;iicmosca.esteri.it;55.765 37.648;education
IQ consultancy, образовательный центр;+7 (495) 604-12-08, +7 (812) 425-35-22, +7 (812) 385-76-06;;Лялин переулок, 11-13/1 ст3;edustaff.ru , iqconsultancy.ru;55.759 37.653;education
Французский институт в Москве, языковая школа;+7 (812) 616-00-31, +7 (495) 902-69-34, +7 (812) 616-00-33;;Милютинский переулок, 10 ст1;institutfrancais.ru;55.763 37.632;education
Nihao-study, школа иностранных языков;;+7 (925) 887-87-16;Земляной Вал улица, 38-40/13 ст6;nihao-study.ru;55.755 37.656;education
Deutsch aktiv, онлайн-школа немецкого языка;;+7 (965) 240-59-50, +7 (926) 581-09-22, +7 (903) 536-60-56;проспект Мира, 68 ст1;deutschaktiv.ru;55.788 37.636;education
Alfaschool, школа итальянского языка;;+7 (906) 737-50-98;улица Синичкина 2-я, 1/2;alfaschool.org;55.764 37.709;education
Центриум, учебный центр;+7 (495) 085-76-68, +7 (495) 133-75-17, +7 (495) 241-18-17;;Бауманская улица, 58/25 ст10;centriym.ru;55.767 37.679;education
Мультимедиа технологии, веб-издательство;;+7 (999) 839-46-38;Лефортовский Вал улица, 7г ст5;;55.759 37.703;education
EDF School, школа иностранных языков;+7 (495) 762-62-89;+7 (985) 762-62-89;ул. Металлургов, 5, Москва;edf-school.ru;55.757 37.779;education
IQ-master, студия английского языка;;+7 (999) 872-50-10;ул. Металлургов, 5, Москва;iq-master.ru;55.757 37.779;education
Частный детский сад Wow Kids Серебряный Бор;;+7 (903) 136-72-90, +7 (977) 138-33-48;просп. Маршала Жукова, 59, Москва;silverborkids.ru;55.778 37.458;education
Система эй би си, клуб интеллектуального и творческого развития;+7 (499) 408-35-08, +7 (499) 408-35-38;+7 (926) 746-54-30;ул. Маршала Тухачевского, 51, Москва;;55.785 37.460;education
Edupeople, центр изучения иностранных языков;;+7 (925) 554-85-80;просп. Маршала Жукова, 51, Москва;edupeople.org;55.777 37.462;education
ITC Language Center;+7 (495) 785-22-15, +7 (499) 130-15-20;+7 (903) 130-15-20;Хорошёвское шоссе, 32а ст22;itc-english.com;55.776 37.543;education
Школа иностранных языков;;+7 (926) 062-66-22;Электрический переулок, 3/10 ст1;n-ls.ru;55.772 37.576;education
Liden & Denz, языковой центр;+7 (157) 891-39-72, +7 (499) 254-49-91, +7 (812) 602-03-99;+7 (916) 577-72-11, +7 (911) 760-20-30;Грузинский пер., 3, стр. 1, Москва;lidenz.ru;55.772 37.580;education
Nise, школа английского языка;;+7 (925) 706-31-90;Новослободская, 50/1 ст2;intensive.education;55.788 37.594;education
Willkommen, бюро переводов;+7 (495) 643-70-05;+7 (916) 980-05-43, +7 (919) 963-04-20;Новослободская ул., 48, Москва;willkommen-in-moskau.ru;55.786 37.596;education
H.I.S. International Tours, туроператор;+7 (423) 265-83-55, +7 (495) 488-67-21;+7 (964) 453-25-42;Новослободская ул., 23, Москва;his-russia.ru;55.781 37.599;education
Кенроку-гакко, центр японского языка;+7 (499) 110-76-54;;1-й Тверской-Ямской пер., 18, Москва;kenroku-gakko.com;55.774 37.599;education
Ensina-me, центр португальского и испанского языка;+7 (495) 190-72-02, +7 (495) 066-52-78;+7 (903) 140-44-51;Новослободская ул., 11, Москва;ensina-me.ru;55.780 37.599;education
Centro Italiano di cultura Fabrizio de Andre, языковая школа;+7 (495) 118-30-53;+7 (968) 038-10-80;Селезнёвская улица, 11а ст2;fda-mosca.com;55.781 37.604;education
What`s up Moscow, языковая студия;;+7 (915) 255-42-94;Селезнёвская улица, 30 к Б-В;whatsupmsk.ru;55.781 37.611;education
Easy speak, школа английского языка;+7 (495) 212-07-02;+7 (926) 234-13-29;Мещанская, 9/14 ст1;easyspeak.ru;55.776 37.627;education
Seiran, школа японского языка;+7 (495) 101-28-53;+7 (985) 800-27-08;Щепкина, 28 ст1;seiran.school;55.779 37.629;education
Центр помощи мигрантам;+7 (495) 018-51-62;+7 (909) 166-35-65;проспект Мира, 19 ст3;ctrudn.com;55.778 37.632;education
Macmillan education, официальный представитель Спрингер Нэйчер Лимитед;+7 (495) 967-67-72, +7 (495) 967-67-74;+7 (915) 460-10-14, +7 (910) 434-50-83, +7 (912) 620-12-83, +7 (910) 435-35-04, +7 (963) 344-07-46, +7 (910) 434-50-91, +7 (983) 136-40-43, +7 (960) 813-06-25;просп. Мира, 40, Москва;macmillan.ru;55.780 37.634;education
Bel Ami, клуб иностранных языков;;+7 (903) 242-38-28;2-й Красносельский переулок, 2;belami-languageclub.ru;55.783 37.666;education
Oneword, языковая школа;+7 (499) 390-03-39;+7 (909) 944-88-25;Бауманская ул., 4, Москва;oneword.ru;55.777 37.674;education
The one, школа иностранных языков;+7 (495) 664-31-43;+7 (985) 436-72-50, +7 (929) 644-07-90, +7 (903) 175-03-23;Сокольническая площадь, 9А, Москва;theone-center.ru;55.791 37.680;education
Lingvist-Profi, центр иностранных языков;+7 (499) 505-79-60, +7 (499) 265-67-02;+7 (903) 505-79-60;Большая Почтовая, 36 ст9;lingvist-profi.ru;55.781 37.698;education
Дом Мигранта, центр тестирования иностранных граждан;+7 (495) 766-06-26, +7 (499) 380-61-51;+7 (911) 554-27-12, +7 (905) 150-55-60, +7 (927) 426-69-44, +7 (962) 270-44-60, +7 (927) 345-90-11, +7 (902) 933-68-36, +7 (906) 553-87-07, +7 (909) 734-66-14, +7 (910) 911-41-74, +7 (914) 570-31-80;Семёновская набережная, 2/1 ст1;dommigranta.ru;55.777 37.705;education
Mosсow Language Academy, центр изучения иностранных языков;+7 (495) 920-77-44;+7 (985) 920-77-44;просп. Будённого, 14, Москва;mlacademy.ru;55.777 37.720;education
Либерти Скул, центр развития ребенка;+7 (499) 500-96-79, +7 (676) 757-81-25, +7 (499) 288-70-79;+7 (923) 888-47-59, +7 (965) 387-86-87, +7 (909) 958-99-39;Ткацкая ул., 17, Москва;либертискул.рф , liberty-school.ru;55.786 37.727;education
Englishgood, школа иностранных языков;+7 (495) 517-55-64;+7 (925) 505-02-63;9-я ул. Соколиной Горы, 17, Москва;englishgood.ru;55.773 37.736;education
Тёма, частный английский детский сад;;+7 (916) 052-78-41, +7 (915) 359-20-38;Борисовская ул., 4, Москва;tema-centr.ru;55.786 37.737;education
Englishgood, школа иностранных языков;;+7 (925) 517-55-64;Щербаковская ул., 54, Москва;englishgood.ru;55.782 37.739;education
Enline language school, школа английского языка;+7 (495) 477-33-79;+7 (921) 403-98-09, +7 (920) 895-59-49;Окружной проезд, 30а;;55.775 37.742;education
IQ007, международная школа скорочтения и развития интеллекта;+7 (495) 796-10-07;+7 (915) 250-69-79, +7 (909) 160-65-43;Заводской пр., 23, Москва;vao.iq007.pro , iq007.pro , iq007.ru , iq007-izmailovo.ru;55.790 37.788;education
DosAmericas, школа иностранных языков;+7 (499) 669-36-47, +7 (495) 669-36-47;+7 (926) 590-17-79;Дубосековская, 4а;dosamericas.ru;55.811 37.499;education
UFirst, школа английского языка для детей и подростков;+7 (495) 937-38-83, +7 (495) 414-37-21;;пр. Аэропорта, 8, Москва;clck.ru , ufirst.ru;55.797 37.522;education
Центр Седжон, школа корейского языка;+7 (499) 157-98-94;;улица Острякова, 9а;wonkwang.ru;55.799 37.525;education
English Country, центр изучения иностранных языков;+7 (495) 015-07-45, +7 (495) 765-25-08;+7 (985) 915-26-00;Ленинградский проспект, 47 ст4;english-country.ru;55.799 37.532;education
IQ007, международная школа скорочтения и развития интеллекта;+7 (495) 799-90-07;+7 (999) 114-40-07, +7 (910) 434-87-86;ул. Усиевича, 1, Москва;iq007.ru;55.804 37.533;education
LINGUA LAND, клуб иностранных языков;;+7 (906) 742-97-97;бульвар Маршала Рокоссовского, 6 к1;lingua-land.ru;55.811 37.728;education
Kids up, центр развития детей и детский сад;+7 (495) 120-90-24;;бульвар Маршала Рокоссовского, 6 к1в;kidsup.ru;55.811 37.728;education
E-cognitive, центр изучения иностранных языков;;+7 (910) 088-96-86, +7 (985) 248-34-33;1-я Пугачёвская улица, 25;ecognitive.ru;55.795 37.732;education
Русский учебный центр Мс;+7 (499) 163-74-42;;Сиреневый бульвар, 3 к4;english-mc.ru;55.804 37.769;education
Букварик, детский клуб-сад;;+7 (925) 859-88-64;3-я Парковая ул., 59, Москва;tilda.cc , bukvarik.club;55.806 37.781;education
IQ Room, студия интенсивного развития интеллекта;;+7 (965) 185-05-14;Средняя Первомайская ул., 4, Москва;iq-room.com;55.796 37.800;education
Эльфруна Скул, школа английского языка;+7 (495) 137-57-00;+7 (910) 486-26-08;9-я Парковая улица, 60;elfruna-school.ru , online.elfruna-school.ru;55.804 37.802;education
IC school;+7 (495) 795-69-65;;Измайловский бульвар, 66;in-course.ru;55.797 37.818;education
Азбука, детский развивающий клуб;+7 (499) 215-20-00, +7 (499) 243-56-90, +7 (495) 759-33-32, +7 (499) 215-00-00;+7 (915) 362-31-52, +7 (930) 243-75-00;Уваровский переулок, 3 к1;az-bu-ka.ru;55.831 37.352;education
Линформ, школа иностранных языков;+7 (499) 409-47-45;+7 (977) 121-83-40, +7 (977) 523-08-21;улица Зои и Александра Космодемьянских, 34 ст3;linform.ru;55.823 37.523;education
Lbe school, школа иностранных языков;+7 (495) 998-55-05;+7 (926) 050-01-17, +7 (910) 452-58-33;проспект Мира, 101 ст1;lbe.moscow;55.812 37.637;education
Language school, школа иностранных языков;;+7 (916) 783-90-82;Бойцовая ул., 27, Москва;school-language.ru;55.816 37.724;education
Foxen club, компания;;+7 (966) 103-99-77, +7 (966) 103-77-99;Курганская улица, вл6 ст1;foxen.club;55.829 37.817;education
Полиглот, центр всестороннего развития;+7 (495) 460-19-00, +7 (495) 466-97-95, +7 (495) 467-97-95;+7 (925) 642-40-66;Новосибирская ул., 11, Москва;центр-полиглот.рф;55.816 37.819;education
Aic, языковой центр;+7 (495) 502-31-53;;Митинская улица, 36 к1;age-com.ru;55.846 37.362;education
New Level, языковой центр;+7 (495) 123-53-23;+7 (901) 180-86-28, +7 (904) 567-15-06;Пятницкое ш., 31, Москва;newlevel-centre.ru;55.852 37.362;education
Центр английского языка Валерии Федоровой;;+7 (926) 722-94-55;Пятницкое шоссе, 31;english-mitino.online;55.852 37.362;education
Bee smart kid, школа;;+7 (925) 333-39-64;Митинская улица, 16;beesmartkid.ru;55.842 37.373;education
Start school, образовательный центр;+7 (495) 233-52-92;+7 (903) 521-52-31, +7 (985) 233-52-92, +7 (916) 876-72-92;Митинская ул., 16, Москва;smolnaya.startschool-msk.ru , startschool-msk.ru;55.843 37.373;education
Big step, центр иностранных языков;+7 (495) 799-76-60, +7 (495) 136-79-89;;Пятницкое ш., 15, Москва;bigstep-school.ru;55.842 37.379;education
WeSound, эстрадная студия;+7 (495) 142-08-59;+7 (977) 157-03-05, +7 (939) 111-58-93, +7 (999) 925-40-76;Сходненская ул., 25, Москва;wesound.ru;55.846 37.439;education
Plc, языковая школа;+7 (495) 142-71-36;+7 (977) 123-37-22, +7 (901) 256-64-96, +7 (977) 123-74-22;ул. Фабрициуса, 22, Москва;plcentre.ru;55.844 37.443;education
Инглиш плюс, школа иностранного языка;+7 (107) 221-14-22, +7 (223) 247-47-47, +7 (133) 443-14-60, +7 (235) 522-62-23, +7 (262) 859-44-62, +7 (264) 602-06-06, +7 (153) 991-79-56, +7 (841) 758-91-75, +7 (208) 323-67-56, +7 (348) 113-52-17;+7 (966) 203-58-11, +7 (985) 632-55-61, +7 (967) 709-09-75;Авангардная ул., 3, Москва;inglish-plyus.ru , englplus.ru;55.844 37.491;education
ГБУ города Москвы Физкультурно-досуговый центр Бригантина;+7 (499) 747-45-14, +7 (495) 482-05-61, +7 (495) 459-35-89, +7 (499) 153-82-83;;Большая Академическая ул., 57А, Москва;gbubrigantina.ru;55.840 37.543;education
Desstudio.Languages&Art;+7 (495) 116-00-09;+7 (985) 275-88-80, +7 (965) 175-58-58;Берёзовая аллея, 17 к2;des.studio.tilda.ws;55.850 37.620;education
Englisher, языковая школа;+7 (495) 139-63-23;+7 (963) 667-66-50;ул. Красная Сосна, 2А, Москва;englisher.ru;55.851 37.679;education
Unavischool, школа иностранных языков;;+7 (963) 776-77-79, +7 (963) 774-77-79, +7 (968) 455-18-00, +7 (999) 878-29-83;Вилиса Лациса, 5 к1;unavischool.ru;55.863 37.431;education
Lingo school, школа английского языка;+7 (495) 799-60-51;+7 (903) 799-60-51;улица Планерная, 14 к5;lingoschool.ru;55.863 37.438;education
English time studio;;+7 (916) 018-23-67;Клинская ул., 6, Москва;;55.868 37.498;education
British school, школа иностранных языков;+7 (495) 231-99-24;+7 (910) 451-11-89;Дмитровское ш., 89, Москва;brit-school.ru;55.864 37.546;education
Abc-Family, языковой центр;;+7 (903) 199-89-82, +7 (916) 311-50-70;Берёзовая аллея, 7Б;abc-family.ru;55.853 37.612;education
Курсы английского языка Марии Атяниной;;+7 (903) 789-08-85;Берёзовая аллея, 7Б, Москва;;55.853 37.612;education
Mr.Languages, языковая студия;+7 (499) 189-70-70;+7 (985) 735-38-32;Енисейская улица, 5;mrlanguages.ru;55.859 37.660;education
Maryland language school;;+7 (925) 901-22-33;Енисейская улица, вл7а ст4;;55.862 37.660;education
Твой турецкий, образовательный центр;;+7 (993) 505-95-75;Енисейская улица, 2 ст2;tvoyturetskiy.ru;55.852 37.670;education
UFirst, школа английского языка для детей и подростков;+7 (495) 995-59-00;;ул. Софьи Ковалевской, 6, Москва;clck.ru , ufirst.ru;55.881 37.533;education
Englishgates, центр языкового развития;;+7 (903) 211-60-60;Бескудниковский бульвар, 58 к3;;55.875 37.537;education
Lucky kids, английский детский центр;+7 (495) 587-40-97;+7 (916) 138-61-62;Высоковольтный проезд, 1 к6;luckykids-club.ru;55.875 37.590;education
Smart English, школа иностранных языков;;+7 (925) 575-27-81;Высоковольтный пр., 2А, Москва;английский-в-отрадном.рф;55.872 37.591;education
Freng, языковая школа;;+7 (985) 972-33-73;Староватутинский проезд, 1;freng.ru;55.873 37.676;education
Клуб британской культуры, лингвистический центр;;+7 (915) 150-51-65, +7 (916) 284-87-08;Челюскинская ул., 2, Москва;british-club.ru;55.879 37.701;education
Детский клуб Буракова;+7 (495) 222-87-10, +7 (4872) 25-12-38;+7 (985) 222-87-10;Новокуркинское ш., 51, стр. 5, Москва;nburakov.ru , nburakov-kurkino.ru;55.909 37.388;education
Друзья Шекспира, клуб иностранных языков;;+7 (919) 993-47-13, +7 (916) 906-23-56;Соколово-Мещерская, 14 к1;wsfriends.ru;55.897 37.391;education
Школа друзей, языковой центр;+7 (499) 696-03-57, +7 (499) 686-03-57;;Новокуркинское ш., 27, Москва;школа-друзей.рф , куркино.школа-друзей.рф;55.900 37.397;education
Lingvocentre, языковая школа;;+7 (926) 902-67-54, +7 (926) 902-67-44, +7 (962) 902-67-54;улица Угличская, 12 к1;lingvocentre.com;55.902 37.570;education
Maxienglish, языковая школа;;+7 (910) 432-12-47;Новгородская ул., 25, Москва;maxienglish.ru;55.902 37.580;education
Sugar life, школа танцев;;+7 (965) 426-85-82, +7 (965) 100-00-80, +7 (906) 406-46-18;Шенкурский проезд, 10;sldance.ru;55.895 37.591;education
Школа китайского языка Валерии А.;;+7 (985) 079-89-79;ул. Конёнкова, 23, Москва;alekseeva-school.ru;55.895 37.611;education
Mt`s, клуб иностранных языков;;+7 (915) 337-76-44;Дмитровское шоссе, 169 к9;;55.931 37.542;education
English4-u;;+7 (926) 707-60-81, +7 (915) 283-56-99;бульвар Академика Ландау, 3;english4-u.ru;55.921 37.552;education
Полиглотики, детский языковой центр;+7 (4832) 30-02-20, +7 (812-67) 9-64-80, +7 (4852) 66-24-22, +7 (3952) 64-06-49, +7 (3952) 98-11-12, +7 (8332) 43-30-77, +7 (812-66) 0-59-05, +7 (495) 055-26-25, +7 (812) 775-14-01, +7 (831-71) 2-15-11;+7 (903) 850-33-33, +7 (911) 740-33-00, +7 (966) 165-53-23, +7 (912) 129-78-58, +7 (927) 878-00-55, +7 (904) 531-23-55, +7 (918) 694-12-28, +7 (965) 015-03-53, +7 (920) 705-55-75, +7 (922) 201-33-62;ул. Улофа Пальме, 1, Москва;msk.poliglotiki.ru , poliglotikiramenki.taplink.ws , poliglotiki.ru;55.718 37.512;education
Friends, английский детский сад;;+7 (915) 047-37-37, +7 (966) 111-15-05;Студёный пр., 12, Москва;domfriends.ru;55.892 37.659;education
English campus;;+7 (985) 787-97-50;Батайский пр., 51, Москва;english-campus.ru;55.643 37.739;education
Анат, международный миграционный центр;+7 (495) 143-03-23;+7 (903) 116-39-11, +7 (965) 366-10-96, +7 (977) 194-55-05;Лермонтовский просп., 12, Москва;prioritet-translate.ru , mmc-anat.ru;55.699 37.854;education
Учебно-лингвистический центр ЛонГрин;+7 (495) 965-03-74;+7 (985) 502-43-56, +7 (916) 684-68-95, +7 (916) 395-25-52, +7 (985) 410-58-30;9-я Парковая ул., 39, Москва;longreen.ru;55.800 37.799;education
Кабинет логопеда-дефектолога;;+7 (915) 227-96-40, +7 (916) 441-44-41;улица Саянская, 10а;;55.767 37.830;education
Agile kids, детский клуб;;+7 (925) 680-40-01, +7 (925) 454-99-89, +7 (991) 975-20-95;улица Бориса Пастернака, 43;agilekids.ru;55.638 37.307;education
Перспектива, бюро переводов;+7 (495) 374-65-17, +7 (495) 974-85-63, +7 (495) 974-85-30;+7 (966) 194-96-69, +7 (915) 041-86-31, +7 (915) 147-92-38, +7 (903) 735-75-37, +7 (925) 376-00-96;деревня Сахарово, 16Б;сертификат-русский-язык.рф , патент-фмс.рф , свидетельство-профессиональной-квалификации.рф;55.295 37.191;education
Британский центр Fundamentals;;+7 (926) 267-26-23, +7 (999) 444-62-41, +7 (985) 267-26-23, +7 (916) 517-38-10;Школьная ул., 6А, Троицк;fundamentals.school;55.476 37.303;education
Байтик, детский IT-технопарк;+7 (495) 955-94-70;;39, микрорайон В, Троицк;bytic.ru;55.487 37.307;education
Империя знаний, детско-семейный клуб;;+7 (916) 593-87-77, +7 (916) 524-44-99, +7 (926) 106-88-86;деревня Рогозинино, вл1;imperia-znaniy.ru;55.530 37.197;education
Welcome, центр иностранных языков;+7 (495) 135-54-05;;ул. Адмирала Лазарева, 45, Москва;welcome-center.ru;55.542 37.518;education
Bkc-international house, школа иностранных языков;+7 (499) 372-06-43, +7 (495) 737-52-25, +7 (495) 258-00-04;+7 (977) 128-35-63, +7 (977) 694-90-93, +7 (968) 914-19-91, +7 (991) 579-25-89;ул. Адмирала Руднева, 2, Москва;bkc-butovo.ru , bkc.ru;55.544 37.526;education
Zebra, репетиторский центр;;+7 (961) 649-01-01, +7 (965) 882-01-02;ул. Адмирала Руднева, 2, Москва;зебрацентр.рф;55.544 37.526;education
Созвездие, детский развивающий Монтессори-центр;+7 (499) 132-71-76, +7 (495) 717-79-27, +7 (499) 686-19-35, +7 (499) 198-90-07, +7 (499) 686-10-35, +7 (495) 123-55-36;+7 (925) 012-01-52, +7 (926) 533-10-55;Изюмская ул., 50, Москва;center-sozvezdie.ru;55.545 37.559;education
Аксиом, частный детский сад;;+7 (904) 568-19-88, +7 (910) 827-40-00;ул. Грина, 34, Москва;campus-aksiom.ru;55.569 37.569;education
Индиго, детский центр дополнительного образования;;+7 (925) 621-77-26;Старокачаловская ул., 4, Москва;indigo-deti.ru;55.569 37.590;education
AcademKids, частный детский сад;+7 (495) 743-61-55;+7 (926) 011-86-91;Николо-Хованская, 26а;academkids.ru;55.589 37.457;education
English language club, языковой центр;+7 (495) 711-05-54;+7 (916) 728-54-64, +7 (917) 528-64-26, +7 (958) 830-76-22, +7 (987) 673-40-85, +7 (985) 243-04-41;Старобитцевская ул., 9, Москва;dc-butovo.ru , elc-butovo.ru;55.574 37.591;education
Академклуб, детско-юношеский центр;;+7 (915) 270-21-13;улица Газопровод, 9 к2;академклуб.рф;55.590 37.608;education
Центр изучения языков;+7 (495) 142-72-11;+7 (985) 074-96-22, +7 (977) 795-42-19;Востряковский проезд, 15 к5;englisholgazubova.com;55.576 37.648;education
Галактика, молодежный центр;+7 (499) 144-55-19, +7 (499) 792-95-82, +7 (495) 439-01-63, +7 (495) 440-74-19, +7 (495) 441-34-27, +7 (495) 447-01-17, +7 (495) 447-81-72, +7 (495) 668-32-08, +7 (495) 731-02-94;+7 (903) 173-22-01, +7 (966) 367-41-55, +7 (977) 958-45-86;Интернациональная улица, 2 к1;ogonek.mcgalaktika.ru , mcgalaktika.ru;55.612 37.255;education
Yes, сеть центров иностранных языков;+7 (495) 120-50-78, +7 (499) 490-25-72, +7 (495) 120-50-69, +7 (495) 649-69-44, +7 (495) 984-97-10, +7 (495) 120-50-63, +7 (495) 120-50-76, +7 (495) 445-94-01;+7 (925) 800-73-43, +7 (929) 936-76-65, +7 (925) 006-60-62, +7 (926) 079-67-79, +7 (925) 006-63-17, +7 (925) 895-05-05, +7 (977) 400-60-82, +7 (916) 628-08-77, +7 (926) 096-30-40;бульвар Веласкеса, 9 к2;yescenter.ru;55.594 37.461;education
Speak&Link, центр иностранных языков;+7 (495) 920-21-88;+7 (945) 920-21-88, +7 (968) 709-68-63;Новоясеневский проспект, 24 к4;speaklink.ru;55.603 37.528;education
Гринленд кидс, детский центр;+7 (499) 391-33-36, +7 (495) 191-80-18, +7 (495) 488-66-37;+7 (926) 716-63-36, +7 (967) 097-58-29;Кировоградская ул., 36, Москва;greenland-center.ru;55.604 37.598;education
Yes, сеть центров иностранных языков;;+7 (901) 256-82-16;Кировоградская ул., 30, Москва;yescenter.ru;55.608 37.601;education
Галактика, молодежный центр;+7 (495) 736-23-90, +7 (499) 142-17-70, +7 (499) 142-28-38;;Аэрофлотская ул., 7, посёлок Внуково;mcgalaktika.ru , ogonek.mcgalaktika.ru;55.612 37.293;education
Langwe, английский образовательный центр;+7 (499) 653-51-22, +7 (499) 653-84-81, +7 (499) 653-93-38, +7 (499) 553-03-09, +7 (499) 444-20-43, +7 (499) 653-88-94, +7 (499) 653-85-62;+7 (926) 585-15-02;Москва, поселение Внуковское, улица Авиаконструктора Петлякова, 25;vnukovo.langwe.ru , langwe.ru;55.624 37.315;education
English free school academy;+7 (495) 409-95-09;+7 (910) 420-70-12;Россия, Москва, поселение Внуковское, бульвар Андрея Тарковского, 4;englishfsa.ru;55.628 37.341;education
AcademKids, частный детский сад;;+7 (904) 567-35-28;Россия, Москва, поселение Внуковское, бульвар Андрея Тарковского, 5А;academkids.ru;55.628 37.346;education
Creative English;+7 (495) 197-71-77;;Литовский бульвар, 7;v-v-v.ru;55.613 37.539;education
London Express, лингвистическая школа;+7 (499) 288-24-17, +7 (499) 390-78-78, +7 (499) 288-24-07;+7 (926) 395-09-58, +7 (928) 363-55-34;Соловьиный пр., 1, корп. 4, стр. 1, Москва;moskva.london-express.ru , london-express.ru;55.619 37.544;education
Англичанка, языковой клуб;+7 (495) 115-15-65;+7 (926) 272-70-66, +7 (926) 350-98-88;ул. Мусы Джалиля, 4А, Москва;anglichanka-club.ru;55.629 37.741;education
Ec education club, образовательный клуб;+7 (495) 181-82-22, +7 (495) 803-44-84;+7 (925) 752-55-54;Москва, поселение Внуковское, улица Самуила Маршака, 19;ec-edclub.com;55.635 37.324;education
ILS, языковая школа;+7 (495) 414-39-97, +7 (495) 190-74-19, +7 (495) 215-58-28, +7 (495) 803-28-58;;Москва, поселение Внуковское, улица Самуила Маршака, 12;ils-school.com;55.639 37.328;education
Галактика, молодежный центр;+7 (499) 142-17-52, +7 (499) 792-37-01, +7 (499) 792-64-26;;Чоботовская ул., 1, Москва;mcgalaktika.ru , union.mcgalaktika.ru , astra.mcgalaktika.ru , ogonek.mcgalaktika.ru;55.642 37.356;education
Дельта, детский клуб;+7 (495) 435-74-55, +7 (495) 934-20-00;;ул. Богданова, 54, Москва;tks-solntsevo.ru;55.649 37.392;education
Китрус, центр изучения китайского языка;+7 (495) 162-26-88, +7 (495) 204-20-08;;22 километр Киевское шоссе, вл4 ст2а;confucius.center , goood.school;55.634 37.437;education
Китрус, компания;+7 (495) 118-33-66, +7 (495) 664-25-57;+7 (925) 552-38-88;22 километр Киевское шоссе, вл4 блок Г;kit-rus.com;55.634 37.437;education
Лингвитания, языковой центр;+7 (3472) 86-28-44, +7 (499) 350-41-59, +7 (812) 906-46-11;+7 (926) 590-90-94, +7 (926) 092-84-92, +7 (925) 589-11-70, +7 (926) 103-38-60, +7 (963) 134-47-77, +7 (965) 113-10-70, +7 (977) 914-49-40, +7 (903) 715-88-92, +7 (918) 443-88-10;ул. Академика Анохина, 56, Москва;lingvitan.ru;55.652 37.470;education
Биг бэн, языковая школа;+7 (495) 984-34-42, +7 (495) 181-21-33, +7 (495) 984-42-65, +7 (495) 984-83-31, +7 (495) 984-46-13, +7 (495) 104-23-33, +7 (495) 984-46-83, +7 (495) 984-42-31, +7 (495) 984-35-60, +7 (495) 023-69-32;;ул. Миклухо-Маклая, 22, Москва;big-ben.ru;55.644 37.521;education
Центр русско-китайского гуманитарного сотрудничества и развития;+7 (499) 390-72-67;+7 (929) 683-36-16;ул. Введенского, 1А, Москва;rc-centre.ru;55.648 37.550;education
Севастополец, дворец творчества детей и молодежи;+7 (495) 318-19-63, +7 (499) 124-86-22;;Большая Юшуньская ул., 14, Москва;;55.648 37.591;education
Северное Чертаново, Московский культурный центр;+7 (495) 319-70-31;+7 (966) 094-78-20;5, корп. Г, Южный административный округ, район Чертаново Северное, микрорайон Северное Чертаново, Москва;s-c-h.ru;55.638 37.591;education
Развитие XXI век, частный детский сад;+7 (495) 120-08-88;;Балаклавский просп., 8, Москва;razvitie21vek.ru , razvitie21vek.com;55.643 37.611;education
Лидер, центр детского развития;;+7 (916) 994-55-00, +7 (916) 417-05-09;Батайский пр., 59, Москва;schoolleader.ru;55.645 37.743;education
Бейкер стрит, центр иностранных языков;;+7 (968) 454-00-99, +7 (965) 140-00-33;Паромная, 9 к1;baker-street.school;55.637 37.763;education
Еврошкола, лингвистический центр;+7 (495) 451-13-02, +7 (499) 502-66-96, +7 (495) 354-65-16, +7 (499) 201-73-80, +7 (495) 642-42-22;;ул. Главмосстроя, 9, Москва;euroschool.moscow;55.656 37.405;education
Language link, международный языковой центр;+7 (495) 730-63-99, +7 (495) 258-99-44, +7 (499) 685-44-91, +7 (495) 258-67-00, +7 (499) 685-44-81, +7 (495) 152-39-23, +7 (495) 109-27-00, +7 (495) 225-87-18, +7 (495) 105-99-31;+7 (926) 120-65-13, +7 (968) 896-82-44;просп. Вернадского, 92, Москва;languagelink.ru;55.655 37.473;education
Школа отличника;+7 (495) 430-74-15;+7 (922) 288-48-61;ул. Академика Анохина, 9, Москва;shkolaotlichnika.ru;55.659 37.473;education
Perfect Grammar, студия английского языка;;+7 (965) 209-33-00, +7 (965) 209-22-00;улица Академика Анохина, 2 к1;pg-studio.ru;55.670 37.476;education
Эрика, школа английского языка для детей;+7 (495) 434-97-47, +7 (495) 589-48-60;+7 (925) 589-48-60;просп. Вернадского, 125, Москва;erika-english.ru;55.656 37.482;education
Bebrain, инновационная школа развития памяти и скорочтения;;+7 (919) 777-78-79, +7 (916) 260-55-05;ул. Гарибальди, 36, Москва;bebrain-cheremushki.ru , bebrain.school;55.668 37.563;education
Московский детско-юношеский центр экологии, краеведения и туризма;+7 (495) 318-00-03, +7 (499) 148-24-42, +7 (495) 614-82-00;;Одесская ул., 12А, Москва;mducekt.mskobr.ru;55.658 37.590;education
Англичанка, языковой клуб;;+7 (925) 382-67-83;Артековская ул., 1А, Москва;anglichanka-club.ru;55.653 37.613;education
#Alladaschool, школа иностранных языков;+7 (495) 236-74-95;;Новомарьинская, 12/12 к1;alladaschool.ru;55.653 37.755;education
Novakid, онлайн-платформа английского языка для детей;;+7 (929) 049-12-03;Большой бульвар, 42 ст1;novakid.ru;55.691 37.348;education
Baby-Bilingual Club, центр раннего языкового развития;;+7 (915) 044-57-12, +7 (916) 246-32-95, +7 (985) 334-17-71;ул. Удальцова, 85А, Москва;babybilingualclub.ru;55.682 37.491;education
Проф.Ин-яз, центр изучения иностранных языков;+7 (495) 545-18-11, +7 (495) 506-13-62, +7 (495) 508-16-66, +7 (499) 431-50-38;;Удальцова, 46;profinyaz.ru , my-school.one , profinyaz.com;55.685 37.492;education
Школа английского языка EasyEnglish. best;+7 (495) 128-75-02, +7 (499) 113-01-32;+7 (925) 680-61-90;просп. Вернадского, 29, Москва;easyenglish.best;55.682 37.517;education
Лингвистический центр Софии Черницыной;;+7 (939) 111-60-35;ул. Крупской, 1, Москва;lingvo.center;55.681 37.530;education
English & I, студия английского языка;+7 (495) 762-91-34;+7 (910) 406-68-41;ул. Панфёрова, 4, Москва;english-and-i.ru;55.683 37.542;education
Linguastart, центр изучения иностранных языков;+7 (499) 128-52-27;+7 (903) 975-09-05;Профсоюзная улица, 42 к4;linguastart.ru;55.675 37.556;education
Курсы английского языка Англичанка;;+7 (929) 665-18-15;ул. Дмитрия Ульянова, 30, Москва;anglichanka-club.ru;55.685 37.580;education
Мастер Класс, школа иностранных языков;+7 (499) 394-72-94, +7 (499) 391-28-83;;1-й Нагатинский пр., 2, Москва;maklass.ru , asb1.ru;55.682 37.633;education
Рвп центр, компания миграционных услуг;;+7 (926) 059-51-11;Совхозная ул., 39, Москва;rvpcentre.ru;55.674 37.761;education
Центр тестирования по русскому языку для иностранных граждан, МПГУ;;+7 (906) 724-47-57;Краснодарская, 59;мпгу.рф , mpgu.su;55.678 37.769;education
Как здорово, детский развивающий центр;+7 (495) 773-93-04;+7 (985) 773-93-04, +7 (916) 100-33-10;Жулебинский бульвар, 33 к1;kakzdorovo.online , kakzdorovo.center;55.686 37.846;education
Галактика, молодежный центр;+7 (499) 233-13-56, +7 (495) 233-13-56;;Матвеевская, 7;astra.mcgalaktika.ru , ogonek.mcgalaktika.ru;55.703 37.460;education
ILS, языковая школа;;+7 (966) 296-70-49;ул. Столетова, 19, Москва;ils-school.com;55.702 37.497;education
Дом Британского образования;+7 (495) 734-18-12;+7 (985) 958-32-34;Мичуринский проспект, 27 к3;hobed.ru;55.696 37.501;education
Профессиональная лингвистическая академия;+7 (499) 726-55-26, +7 (495) 932-20-00;+7 (926) 649-69-75;Мичуринский просп., 16, Москва;галереясайтов.рф , pla-academy.ru , placademy.ru;55.703 37.505;education
Unity school, школа иностранных языков;+7 (495) 748-88-18;+7 (929) 968-48-88, +7 (967) 277-55-33, +7 (962) 366-55-56;Мичуринский проспект, 11 к4;unity-school.com;55.699 37.510;education
Галактика, молодежный центр;+7 (495) 932-44-00, +7 (495) 736-31-08, +7 (495) 934-00-97, +7 (499) 140-26-73;;Мичуринский проспект, 13;astra.mcgalaktika.ru , rovesnik.mcgalaktika.ru , ogonek.mcgalaktika.ru;55.698 37.511;education
БК, детский клуб;+7 (499) 340-28-08;;Мичуринский просп., 3, Москва;bk-club.com;55.704 37.513;education
Глобальный мир, культурно-образовательный центр;+7 (739) 130-43-48, +7 (203) 166-22-69, +7 (852) 141-11-82, +7 (478) 260-86-96;+7 (916) 939-29-46;Университетский просп., 5, Москва;globmir.ru;55.696 37.552;education
Accent Center, образовательный центр;+7 (495) 162-62-77;+7 (916) 907-70-33, +7 (925) 544-83-88;Духовской переулок, 17 ст10;accent-center.ru;55.704 37.615;education
Enjoy, школа английского языка для детей;+7 (496) 758-71-19, +7 (495) 135-50-01, +7 (499) 350-60-19;+7 (909) 959-22-99, +7 (968) 959-22-99, +7 (985) 332-82-11;2-я Рощинская ул., 1А, Москва;enjoy-club.ru , kit-club.com;55.709 37.619;education
Pol & Glot, центр иностранных языков;+7 (495) 728-02-92;;Ленинская Слобода, 19;pol-i-glot.ru;55.709 37.654;education
Рома, детский досуговый центр;+7 (495) 998-70-07, +7 (495) 227-40-77;+7 (985) 227-40-77, +7 (910) 491-07-36, +7 (916) 368-77-55, +7 (985) 998-70-07;ул. Шкулёва, 17, Москва;shkuleva.russiakids.ru , россия-малышам.рф;55.694 37.749;education
Академия знаний, детский развивающий центр;+7 (495) 657-66-60, +7 (495) 657-66-61;+7 (925) 404-32-30, +7 (985) 012-90-30;к1, Юго-Восточный административный округ, район Выхино-Жулебино, квартал Самаркандский Бульвар 137А, Москва;miniakademiki.ru;55.702 37.823;education
Bet&s, школа иностранных языков;+7 (495) 782-56-69;;Дмитриевского, 7;betscenter.ru;55.710 37.886;education
Let`s go!, центр иностранных языков;;+7 (901) 581-50-60, +7 (917) 041-89-04, +7 (926) 950-02-42, +7 (977) 169-40-35, +7 (977) 530-66-87, +7 (977) 197-40-35, +7 (999) 899-35-00, +7 (901) 181-50-60, +7 (977) 169-40-33, +7 (977) 181-73-37;просп. Защитников Москвы, 8, Москва;letsgo.msk.ru;55.700 37.921;education
Smart Choice Studio, языковая школа;;+7 (977) 312-07-36;Можайское ш., 37, Москва;smart-choice-studio.ru;55.718 37.416;education
Поколение, культурно-досуговый клуб;+7 (499) 146-65-25, +7 (499) 144-33-28, +7 (499) 730-67-20, +7 (499) 737-65-15, +7 (499) 233-25-46;;Кременчугская, 7 к3;tks-fili.ru;55.722 37.466;education
Windsor, школа английского языка;+7 (499) 322-34-03;;Комсомольский проспект, 7 ст2;windsor.ru;55.731 37.592;education
Порталчайна, центр обучения китайского языка за рубежом;+7 (495) 782-64-15;+7 (925) 449-70-98;Шаболовка, 34 ст1;portalchina.ru;55.718 37.607;education
Транслинк-образование;+7 (495) 481-33-45;;Большой Строченовский переулок, 7;education-links.com , clck.ru;55.729 37.631;education
ИнЯз, школа иностранных языков;;+7 (985) 662-48-75, +7 (926) 628-34-71;Шарикоподшипниковская ул., 22, Москва;inyaz.moscow;55.718 37.673;education
English class, учебный центр;;+7 (968) 814-71-17, +7 (923) 567-89-10;ул. Васильцовский Стан, 11, Москва;kuzminki22.ru , class22.ru;55.717 37.750;education
Yes, сеть центров иностранных языков;+7 (495) 739-23-09, +7 (499) 657-96-99;;ул. Васильцовский Стан, 11, Москва;yescenter.ru;55.717 37.752;education
Комп лэнг, Офис;+7 (495) 991-37-03, +7 (495) 589-13-56;+7 (985) 991-37-03;Молодогвардейская улица, 61;complang.ru;55.734 37.391;education
Vivat, центр международного образования;+7 (495) 197-69-77;+7 (925) 720-07-95;Рублёвское шоссе, 18 к1;;55.742 37.431;education
Новая история, детский клуб;;+7 (926) 777-11-30, +7 (903) 241-57-46;ул. 1812 года, 2, Москва;newstoryclub.ru;55.735 37.525;education
Галактика, молодежный центр;+7 (499) 240-61-87;;Большая Дорогомиловская ул., 9, Москва;mcgalaktika.ru , ogonek.mcgalaktika.ru , detidetyam.mcgalaktika.ru;55.746 37.555;education
Ин-яз;+7 (499) 240-22-65, +7 (499) 240-10-55, +7 (499) 240-20-15, +7 (499) 240-21-52;;Большая Дорогомиловская улица, 7;goscourses.elearn.ru , goscourses.ru;55.746 37.558;education
Интенсив, образовательный центр;+7 (495) 624-68-86, +7 (495) 925-77-19, +7 (499) 955-45-49;+7 (926) 045-76-06;2-й Смоленский пер., 1/4, Москва;intensiv.ru;55.747 37.582;education
Ilc, международный лингвистический центр;+7 (495) 787-42-72;;Троилинский пер., 3, Москва;ilcmoscow.ru , ilc95.ru;55.748 37.584;education
Park kultury nursery;+7 (495) 126-95-05, +7 (495) 646-86-80;;улица Льва Толстого, 23/7 к В;parkkulturynursery.com;55.734 37.584;education
Bigwig, языковой центр;+7 (499) 350-00-25, +7 (499) 703-07-41;;Денежный пер., 18, Москва;bigwig-moscow.ru , goo.gl;55.745 37.587;education
Институт Конфуция, МГЛУ;+7 (499) 255-79-14;;Комсомольский просп., 6, Москва;ci-mglu.ru;55.733 37.592;education
Русская переводческая компания;+7 (495) 162-24-22, +7 (495) 211-03-47, +7 (495) 984-34-32;+7 (916) 992-72-70;Калошин переулок, 4 ст1;rpk.group , schooloftranslation.ru;55.748 37.592;education
Школа перевода и языковой подготовки;+7 (499) 984-34-32;;Калошин переулок, 4 ст1;summit.su , schooloftranslation.ru;55.748 37.592;education
Polylog, Офис;+7 (495) 767-64-08, +7 (495) 637-75-62, +7 (495) 637-52-93, +7 (499) 246-05-33;+7 (985) 767-64-08;улица Остоженка, 10;polylog.pro;55.743 37.600;education
American club of education;+7 (495) 477-33-06;;улица Знаменка, 13 ст1;english-language.ru;55.750 37.606;education
Московский центр Образования Престиж;+7 (499) 238-09-56, +7 (499) 238-99-43, +7 (499) 238-77-81;+7 (965) 238-99-33;1-й Бабьегородский пер., 5, Москва;prestige-class.ru;55.736 37.611;education
Территория счастливого детства, билингвальный франко-русский детский сад;+7 (495) 118-22-23;;ул. Большая Якиманка, 26, Москва;tsdkids.ru;55.737 37.612;education
Capital school center, языковой центр;+7 (495) 132-35-72, +7 (495) 241-62-04, +7 (495) 480-85-34, +7 (831-43) 7-81-41, +7 (495) 023-02-25;+7 (922) 272-52-22, +7 (914) 556-02-55, +7 (951) 878-87-66, +7 (967) 123-52-20, +7 (921) 304-07-30, +7 (922) 259-72-22, +7 (925) 222-76-22, +7 (914) 556-73-71, +7 (913) 383-83-11, +7 (969) 810-20-00;ул. Большая Полянка, 15, Москва;franchise-capitalsc.ru , capitalsc.ru;55.739 37.618;education
Soho bridge, клуб иностранных языков;+7 (495) 989-51-47;;улица Малая Ордынка, 13-13а ст1а;soho-bridge.ru;55.738 37.626;education
Лингва девелопмент, школа иностранных языков;+7 (495) 797-14-33, +7 (495) 797-16-40, +7 (495) 979-99-00, +7 (495) 797-15-38;;Пятницкая улица, 2/38 ст3;allenglish.ru;55.745 37.626;education
Московский центр непрерывного образования взрослых;+7 (499) 238-36-53;+7 (916) 085-65-90;Раушская набережная, 4/5 ст1;mznov.ru;55.749 37.627;education
Спортзания, детский лагерь;+7 (499) 444-30-56, +7 (499) 226-13-18, +7 (499) 430-80-25, +7 (499) 116-30-80;;Садовническая набережная, 9;sportzania.ru;55.746 37.629;education
Pitman-training, образовательный центр;+7 (495) 908-55-53, +7 (495) 008-08-81;+7 (985) 533-00-80;Новокузнецкая улица, 4/12 ст1;pitman-training.ru;55.739 37.630;education
Mandarin School, языковой центр;+7 (499) 398-40-92;;Старый Толмачёвский пер., 3, Москва;mymandarin.ru;55.740 37.632;education
Результат плюс, языковая студия;;+7 (915) 144-80-32;Подколокольный переулок, 8 ст2;resultat-plus.ru;55.753 37.642;education
Диалог, центр тестирования иностранных граждан;+7 (495) 151-80-44, +7 (499) 649-70-98, +7 (812) 424-37-42;+7 (964) 638-02-64;улица Большие Каменщики, 1;rf-test.ru;55.740 37.654;education
Мигрон, миграционное агентство;+7 (499) 938-74-13, +7 (499) 938-74-12, +7 (499) 677-56-64;+7 (910) 000-10-75;Таганская ул., 9, Москва;migron.ru;55.741 37.660;education
Эго транслейтинг, компания;+7 (812) 380-66-01, +7 (812) 315-43-72, +7 (812) 200-43-00, +7 (499) 350-43-00, +7 (495) 287-80-01, +7 (495) 419-08-44, +7 (812) 244-22-10;+7 (905) 301-53-04, +7 (931) 104-62-17, +7 (961) 420-49-38, +7 (906) 856-16-84, +7 (905) 701-63-00, +7 (918) 535-34-10, +7 (921) 931-69-92;Марксистская, 34 к7;egotranslating.com;55.736 37.664;education
Star talk, языковой центр;+7 (499) 444-31-34, +7 (499) 110-53-28, +7 (499) 110-37-61, +7 (499) 686-04-41;+7 (980) 002-79-02;Хлебников пер., 5, Москва;start2talk.ru;55.747 37.674;education
Биг бэн, языковая школа;;+7 (963) 642-91-71, +7 (969) 284-74-78;Малая Калитниковская ул., 5, Москва;big-ben.ru;55.737 37.678;education
Translation&study centre, центр переводов и обучения;+7 (495) 518-53-81;;Нижегородская улица, 32 ст3;tscentre.ru;55.737 37.690;education
Эксперт, центр иностранных языков;+7 (495) 664-36-88;+7 (991) 222-81-76, +7 (926) 254-36-80, +7 (926) 432-25-39;Новокосинская ул., 22, Москва;languagexpert.ru;55.740 37.861;education
Лингвистик, детский сад;+7 (495) 729-25-39, +7 (499) 792-89-12;+7 (968) 788-58-84;Крылатские Холмы, 15 к2;engexam.ru;55.752 37.417;education
Discovery, частный английский детский клуб;+7 (499) 495-42-90, +7 (495) 120-42-92, +7 (495) 955-53-22;;Шмитовский пр., 20, Москва;discoveryschool.ru;55.757 37.543;education
ChillOut, детский английский клуб;;+7 (905) 757-55-50;Красногвардейский бульвар, 1;chilienglish.ru;55.758 37.543;education
Edustream, центр образования за рубежом;+7 (495) 109-19-40, +7 (495) 109-30-30;;Краснопресненская набережная, 12;edustream.ru;55.755 37.558;education
Территория творчества 5/45, студия;;+7 (999) 907-72-88;ул. Пресненский Вал, 21, Москва;tt545.ru;55.772 37.569;education
Свобода слова, языковой тренинговый центр;+7 (495) 777-70-75;+7 (995) 120-84-79;пер. Капранова, 3, Москва;lingvo-svoboda.ru;55.758 37.573;education
Fast&easy, языковой центр;+7 (495) 664-65-26;+7 (925) 046-39-14, +7 (929) 507-72-17, +7 (961) 730-83-23;Большой Козихинский переулок, 7 к2;fastneasy.ru;55.763 37.597;education
Геотэк-колледж, образовательный центр;+7 (495) 697-14-45, +7 (495) 697-13-17, +7 (495) 510-05-70;;Нижний Кисловский переулок, 7 ст1;geotek-college.ru , geotekcollege.ru;55.754 37.603;education
Palabri, школа испанского языка;+7 (499) 321-59-04;;Тверская улица, 18 к1;palabri.ru;55.766 37.604;education
ИнЯзПрофи, школа немецкого языка;+7 (495) 725-94-07;+7 (903) 725-94-07, +7 (903) 185-77-59;Брюсов переулок, 8/10 ст1;inyazprofi.ru;55.760 37.609;education
Ipt, центр языковой подготовки;+7 (495) 228-35-13, +7 (495) 228-35-14;;улица Петровка, 15/13 ст5;iptrussia.ru;55.764 37.617;education
СтадиЛаб Эдьюкэйшн, центр образования за рубежом;+7 (495) 933-55-69, +7 (495) 191-10-51, +7 (495) 643-11-97, +7 (495) 191-24-49, +7 (495) 191-46-09, +7 (495) 191-07-81;;Никольская ул., 10, Москва;;55.758 37.625;education
Школа французского языка;+7 (499) 450-50-39;+7 (985) 810-39-39, +7 (985) 883-39-39;улица Мясницкая, 22/2;simplefrancais.ru;55.762 37.634;education
Центр инновационно-коммуникативной лингвистики Д. Петрова;+7 (3812) 51-50-20;+7 (925) 100-16-16, +7 (913) 665-77-70;Армянский переулок, 7;landing.mapl.cc , centerpetrova.com , centerpetrova.ru;55.760 37.637;education
Vltava, школа чешского языка;+7 (499) 961-06-29;+7 (995) 924-13-81;улица Мясницкая, 24/7 ст3;vltava.su;55.763 37.637;education
Португальский культурный центр;+7 (495) 641-71-01;;Архангельский переулок, 9;portugues.ru;55.762 37.638;education
Лингварекс, учебный центр;+7 (495) 624-96-05, +7 (495) 624-60-25, +7 (495) 623-14-18;;ул. Жуковского, 2, Москва;lingvarex.ru;55.764 37.644;education
Studywork, школа английского языка;+7 (495) 108-46-91;;Малый Харитоньевский переулок, 9/13 ст4;workstudyeng.ru;55.766 37.646;education
La Espanola, центр изучения испанского языка;+7 (499) 455-10-95, +7 (495) 445-19-54;+7 (929) 974-44-69;Садовая-Спасская улица, 13 к2;clasesdeespanol.ru;55.771 37.647;education
Фудзи, школа японского языка;;+7 (926) 381-27-17;Малый Козловский переулок, 12;fujischool.ru;55.764 37.649;education
Евразия, языковой центр;+7 (495) 119-75-92, +7 (495) 021-64-96, +7 (495) 877-47-01, +7 (499) 686-02-36;;Подсосенский пер., 22, Москва;chinatutor.ru;55.756 37.653;education
Юнайтед, международный студенческий центр;+7 (495) 967-93-16;+7 (964) 855-21-01, +7 (908) 180-15-55, +7 (962) 643-72-00, +7 (996) 408-59-16, +7 (951) 931-68-35, +7 (989) 503-28-88, +7 (917) 622-71-88, +7 (927) 320-18-13, +7 (915) 529-20-46;ул. Земляной Вал, 9, Москва;isc-united.com;55.762 37.658;education
Dream English School, школа изучения английского языка;+7 (499) 390-64-87;+7 (926) 602-91-58;Костомаровский переулок, 3 ст3;dream-english.ru;55.752 37.666;education
Лингватерра, центр изучения иностранных языков;+7 (495) 585-80-38;+7 (925) 585-80-38, +7 (926) 232-25-25;Токмаков переулок, 20/31 ст1;lingvaterra.ru;55.764 37.671;education
Высшая Школа Лингвистики Queen's English;+7 (495) 797-26-76;+7 (909) 163-02-42, +7 (903) 724-54-93;Электродный пр., 8А, Москва;queens-english.ru;55.762 37.752;education
Продети, центр образования для детей;+7 (495) 766-44-71;+7 (977) 808-40-18, +7 (926) 066-95-90, +7 (906) 737-16-71;Федеративный проспект, 5 к1;prokinder.ru;55.758 37.800;education
Мир знаний, центр образования и развития личности;;+7 (926) 848-58-09, +7 (977) 713-91-14;Федеративный просп., 29, Москва;;55.754 37.823;education
Lingua academ, языковой центр;+7 (495) 414-20-43, +7 (863-62) 0-00-50;+7 (958) 100-27-98, +7 (989) 724-22-92, +7 (989) 724-22-62, +7 (989) 724-22-82, +7 (925) 241-41-92;проспект Маршала Жукова, 48 к1;lingua-academ.ru;55.778 37.466;education
Language link, международный языковой центр;+7 (499) 404-00-21;;пр. Берёзовой Рощи, 10, Москва;languagelink.ru;55.789 37.519;education
Англичанка, языковой клуб;;+7 (925) 142-09-29;Хорошёвское ш., 58, Москва;anglichanka-club.ru;55.779 37.533;education
Форма Оптима, центр образования;+7 (495) 642-29-41;+7 (925) 186-99-29;улица Авиаконструктора Сухого, 2 к1;opfo.ru;55.786 37.542;education
English World, школа иностранных языков;;+7 (915) 463-87-73, +7 (985) 727-73-02;ул. Бутырский Вал, 68, Москва;engwo.ru;55.789 37.589;education
Легализуем.ру, центр легализации и переводов;+7 (499) 322-91-50, +7 (499) 350-18-51, +7 (499) 391-35-01, +7 (499) 391-35-65, +7 (499) 350-19-22;+7 (929) 660-41-61, +7 (926) 123-55-66;Лесная ул., 43, Москва;legalizationhelp.ru , legalizuem.ru;55.781 37.591;education
Новитекс, языковой центр;+7 (495) 725-09-19, +7 (495) 258-09-19;+7 (903) 242-14-16, +7 (903) 244-30-10;Лесная ул., 30, Москва;nowitex.ru;55.783 37.596;education
Учебный центр иностранных языков, РГГУ;+7 (499) 250-51-09, +7 (495) 250-61-18, +7 (495) 250-64-85, +7 (499) 973-41-05;+7 (925) 743-95-48;Миусская площадь, 6 к5;rggu.ru , college.rsuh.ru;55.778 37.598;education
Lexicon, студия английского языка;+7 (495) 777-66-47, +7 (495) 777-20-11;;проспект Мира, 16 ст2;english-lexicon.com;55.775 37.633;education
Лингва Хаус, языковая школа;+7 (560) 075-20-14, +7 (495) 798-86-64;+7 (903) 756-00-75;Окружной пр., 16, Москва;linguahouse.ru;55.788 37.742;education
Next Door English, студия английского языка;+7 (495) 196-80-53;;Твардовского, 2 к5;ndenglish.ru;55.798 37.390;education
Продети, центр образования для детей;;+7 (985) 998-48-18;Твардовского, 12 к2;prokinder.ru;55.793 37.398;education
Линформ, школа иностранных языков;+7 (495) 750-07-73;;ул. Маршала Катукова, 16, Москва;linform.ru;55.807 37.406;education
Language link, международный языковой центр;+7 (499) 112-40-70;;Авиационная ул., 63, Москва;languagelink.ru;55.809 37.455;education
Морозко, Центр творчества София;+7 (499) 194-98-76, +7 (499) 196-40-82;+7 (903) 178-37-61;ул. Расплетина, 13, Москва;sofiacenter.org , noumorozko.mskobr.ru , l-morozko.ru;55.795 37.483;education
Links, центр изучения иностранных языков;+7 (495) 204-44-05, +7 (495) 108-62-36;+7 (903) 611-11-22;ул. Расплетина, 24, Москва;language-opole.ru;55.795 37.485;education
Фантазия, центр детского досуга;+7 (499) 152-69-27, +7 (499) 346-64-68, +7 (499) 151-69-01;;Шебашёвский пр., 5, Москва;fantasia-dosug.ru;55.807 37.531;education
Школа Китайгородской;+7 (495) 737-73-70;+7 (919) 102-75-37;Авиационный переулок, 4а;kitaygorodskaya.ru;55.799 37.540;education
Language link, международный языковой центр;+7 (495) 656-48-58;;Красноармейская ул., 12, Москва;languagelink.ru;55.799 37.546;education
Классик, творческая мастерская;;+7 (910) 415-63-00;Тимирязевская ул., 2/3, Москва;классик.москва , classic.moscow;55.808 37.574;education
Virginia beowulf, школа английского языка;+7 (499) 444-10-66, +7 (499) 110-66-14;;Большая Новодмитровская, 36 ст1;beowulf.school;55.804 37.585;education
Интеллигент, языковой центр;+7 (495) 970-29-49;+7 (925) 004-82-26;Сущёвский Вал улица, 5 ст3;intelligentplus.ru;55.793 37.591;education
Speak english, центр иностранных языков;;+7 (968) 494-84-84, +7 (969) 767-40-26, +7 (926) 184-00-11;Стрелецкая ул., 6, Москва;se-school.ru;55.795 37.602;education
Глоссологус, детский центр;+7 (499) 397-70-00;+7 (926) 315-87-34;Сущёвский Вал улица, 43 ст2;glossologus.ru;55.794 37.610;education
Language link, международный языковой центр;+7 (495) 792-61-60;;Староалексеевская ул., 5, Москва;languagelink.ru;55.810 37.645;education
Happy nappy, английский детский сад;+7 (495) 204-19-20, +7 (495) 204-10-27, +7 (495) 127-03-13;+7 (966) 031-69-72;улица Атарбекова, 4;hapnap.ru;55.796 37.707;education
Фонарик, семейный клуб;+7 (495) 964-90-69;+7 (901) 518-73-39;улица Электрозаводская, 37/4 ст8;fonarik-club.ru;55.794 37.708;education
P`titcref, центр дошкольного образования;+7 (495) 697-20-06, +7 (495) 777-10-69;+7 (929) 509-30-70, +7 (962) 952-51-94;Сиреневый бульвар, 9а;ptitcref.com;55.804 37.777;education
Language link, международный языковой центр;;+7 (929) 641-19-85;Щёлковский пр., 2, Москва;languagelink.ru;55.806 37.779;education
Cava, французский клуб;;+7 (903) 223-69-74, +7 (926) 288-39-69;10-я Парковая ул., 3, Москва;franclub.ru;55.794 37.802;education
Ганна, учебный центр;+7 (495) 491-06-70;;Большая Набережная ул., 15, Москва;gannaedu.ru;55.831 37.457;education
Снежинка, детский клуб;+7 (499) 159-21-33;+7 (985) 069-22-02, +7 (916) 505-16-38;2-й Новоподмосковный пер., 3, Москва;snowflakedance.club;55.818 37.510;education
Альтернатива, центр подготовки к ЕГЭ и ОГЭ по английскому языку;;+7 (916) 826-80-07;Красностуденческий пр., 19, Москва;;55.824 37.562;education
Lewis foreman school, школа английского языка;+7 (499) 288-82-89;;ул. Дубки, 6, Москва;lewisforemanschool.ru;55.819 37.565;education
Мактаби, учебный центр;+7 (495) 722-77-75, +7 (499) 976-20-13;+7 (926) 224-68-80;Дмитровское ш., 11, Москва;maktabi.ru;55.816 37.574;education
Language link, международный языковой центр;;+7 (916) 259-47-39;ул. Академика Королёва, 32, Москва;languagelink.ru;55.823 37.596;education
Lewis foreman school, школа английского языка;;+7 (964) 783-56-90;Огородный пр., 14, Москва;lewisforemanschool.ru;55.814 37.602;education
Wonderland Kids;+7 (499) 397-70-77;;Звёздный бульвар, 1;kosmo-kids.ru;55.816 37.636;education
Discovery, частный английский детский клуб;+7 (499) 955-53-22;;Погонный проезд, 3а к3;;55.821 37.702;education
Сермонис, центр английского языка;+7 (495) 532-81-30;+7 (929) 639-84-12;Открытое шоссе, 24 к13;sermonis.ru;55.824 37.759;education
Детский сад и школа Гулливер;;+7 (966) 328-19-11, +7 (925) 124-55-50, +7 (926) 909-11-28, +7 (967) 438-90-76;Митинская ул., 19, Москва;club-gulliver.ru;55.843 37.367;education
Britannia School, британский детский сад;+7 (499) 444-06-61;;ул. Фабрициуса, 36, Москва;britanniaschool.net;55.845 37.436;education
Школа эстетического воспитания для детей и юношества при фонде детского кино им. А. Роу;+7 (499) 181-05-25;+7 (985) 087-57-87, +7 (916) 648-22-40;ул. Сергея Эйзенштейна, 6, Москва;lunatheatre.ru;55.832 37.642;education
Language link, международный языковой центр;+7 (495) 152-36-02, +7 (499) 685-44-19;;ул. Героев Панфиловцев, 5, Москва;languagelink.ru;55.855 37.437;education
Yes, сеть центров иностранных языков;+7 (495) 126-85-33;;Беломорская ул., 22, Москва;yescenter.ru;55.863 37.475;education
Профессионал плюс, образовательный центр;+7 (495) 178-07-14;+7 (910) 474-08-57;Смольная ул., 24А, Москва;professional-plus.ru;55.861 37.483;education
Семейный центр образования Ученый кот;+7 (495) 968-86-47;;ул. Пестеля, 6, Москва;uchkot.ru;55.865 37.615;education
Планета Английского, образовательный центр;+7 (495) 960-83-78;;Новая ул., 2, Москва;english-planet.info;55.873 37.511;education
Англичанка, языковой клуб;;+7 (977) 126-72-32;Бибиревская ул., 17Б, Москва;anglichanka-club.ru;55.883 37.597;education
AcademKids, частный детский сад;;+7 (904) 567-36-01, +7 (977) 276-40-06;Высоковольтный пр., 5А, Москва;otradnoe.academkids.ru , academkids.ru;55.875 37.598;education
English light, школа английского языка;;+7 (926) 403-55-50;Широкая ул., 8, Москва;english-light.ru;55.887 37.651;education
Диалог, языковой центр;+7 (495) 120-14-43;+7 (915) 242-29-62;Челюскинская ул., 13, Москва;dialog-eng.ru;55.884 37.706;education
Milc, билингвальный детский сад;+7 (495) 997-23-65;+7 (985) 997-23-65;Юровская ул., 73, Москва;milcentre.ru , lager.milcentre.ru , kurkino.milcentre.ru;55.896 37.376;education
Инглиш-Скул, школа английского языка;+7 (498) 720-47-97, +7 (495) 477-44-50, +7 (495) 123-66-68, +7 (495) 118-35-86;;Соколово-Мещерская ул., 25, Москва;es-eschool.ru;55.903 37.385;education
Meschool, школа современного английского языка;+7 (499) 504-66-58, +7 (495) 961-41-45;+7 (966) 322-79-69, +7 (929) 929-27-24;Новокуркинское ш., 47, Москва;meschool.ru;55.905 37.389;education
Тьюториан, образовательный центр;+7 (495) 146-66-64;+7 (977) 140-66-64;Родионовская, 12 к1;tutorian.ru;55.895 37.391;education
Bkc-international house, школа иностранных языков;+7 (495) 182-79-15;;Шенкурский пр., 11, Москва;bkc.ru;55.895 37.590;education
Буква, детский центр;;+7 (980) 697-76-68, +7 (964) 514-46-48, +7 (925) 102-87-56;ул. Грекова, 11, Москва;bukva.site;55.892 37.661;education
Центр творчества на Вадковском, структурное подразделение Россия молодая;+7 (495) 720-15-08, +7 (495) 622-73-41, +7 (499) 972-61-55, +7 (499) 972-62-37, +7 (495) 870-44-44, +7 (499) 357-01-80, +7 (495) 681-03-65;;просп. Мира, 43, Москва;navadkovscom.ru , dszn.ru;55.782 37.633;education
Центр языковой подготовки, Московский финансово-промышленный университет Синергия;+7 (495) 280-77-93, +7 (495) 663-93-62, +7 (495) 280-38-89;;Измайловский Вал улица, 2;lingva.edu.ru , synergy.ru;55.784 37.719;education
English Park, языковая школа;;+7 (926) 789-34-77;Новокуркинское шоссе, 1;engpark.ru;55.885 37.407;education
Language link, международный языковой центр;;+7 (929) 994-44-50;ул. Декабристов, 38, корп. 1, Москва;languagelink.ru;55.860 37.617;education
ILS, языковая школа;+7 (495) 215-18-06;;Россия, Москва, поселение Сосенское, жилой комплекс Скандинавия, улица Эдварда Грига, 5;ils-school.com;55.564 37.498;education
Галактика, молодежный центр;+7 (495) 736-23-87;;2-я Рейсовая улица, 25Б;astra.mcgalaktika.ru , ogonek.mcgalaktika.ru;55.612 37.309;education
Language link, международный языковой центр;+7 (499) 450-94-55;+7 (977) 892-18-53;Москва, поселение Внуковское, улица Самуила Маршака, 17;languagelink.ru , shop.relod.ru;55.636 37.327;education
