Нефтьмагистраль;+7 (495) 544-46-45;;Москва, поселение Щаповское, улица Евгения Родионова;neftm.ru;55.386 37.361;gas
GSoil;+7 (495) 118-01-16;+7 (926) 149-59-53;Высокая ул., 100, посёлок Ерино;kixxlube.ru;55.450 37.528;gas
Видное;;+7 (965) 332-07-73;63, микрорайон В, Троицк;;55.493 37.296;gas
Тотал-газ;+7 (495) 542-56-91, +7 (495) 795-10-10;+7 (905) 506-70-00;Калужское шоссе 35 километр, вл1;totalgaz.ru;55.506 37.342;gas
Эверон;+7 (499) 724-27-91;;Калужское шоссе 35 километр, 1в;everon.su;55.509 37.348;gas
Эверон;+7 (495) 715-03-18;;Чечёрский пр., вл9, Москва;everon.su;55.533 37.535;gas
Эверон;+7 (499) 743-29-09;;ул. Поляны, вл59с1, Москва;everon.su;55.550 37.543;gas
Эверон;+7 (495) 196-44-28;+7 (991) 303-47-18;Варшавское ш., вл201, Москва;everon.su;55.537 37.584;gas
Трасса, АЗС №6;+7 (499) 903-66-77, +7 (499) 940-10-40, +7 (499) 903-66-00, +7 (499) 903-62-66;+7 (967) 237-64-92;Киевское шоссе 37 км, вл1 ст1;trassagk.ru;55.566 37.185;gas
ЕКА;+7 (495) 580-83-83;;Бартеневская ул., вл6с1, Москва;eka.ru;55.552 37.533;gas
Эверон;;+7 (977) 281-95-32;Россия, Москва, посёлок Коммунарка, улица Александры Монаховой;everon.su;55.577 37.472;gas
Эверон;+7 (495) 328-91-55;;Загорьевский пр., 12, Москва;everon.su;55.578 37.684;gas
Сибирьнефть;+7 (499) 921-02-42, +7 (495) 994-01-67, +7 (495) 994-11-09;;Москва, Южный административный округ, район Бирюлёво Восточное;sibirneft.com;55.578 37.690;gas
LPG, АГЗС №12;;+7 (967) 031-47-47, +7 (968) 646-89-63;улица Адмирала Корнилова, 14 к1 ст4;gbo-lpg.ru;55.602 37.474;gas
Пропан-24;+7 (499) 995-25-35, +7 (495) 669-90-80;+7 (965) 255-10-10;деревня Мамыри, 1а ст4Б;пропан24.рф;55.603 37.484;gas
Пропан-24;;+7 (926) 628-87-56;30, д. Мамыри;пропан24.рф;55.603 37.484;gas
Эверон;+7 (495) 592-59-12;+7 (926) 060-34-04;МКАД, 40-й километр, вл. 5, Москва;everon.su;55.599 37.503;gas
ЕКА;;+7 (925) 333-85-69;МКАД, 39-й километр, вл1с1, Москва;azs-raduga.ru;55.598 37.507;gas
Пропан 24;+7 (812) 999-97-07;+7 (999) 962-18-40;Россия, Москва, поселение Мосрентген, улица Адмирала Корнилова, 64/1061;propan24.ru;55.619 37.447;gas
Shell;+7 (499) 923-21-05;;Новоясеневский проспект, вл4а ст1;shell.com.ru;55.616 37.510;gas
Shell;+7 (499) 923-21-03;+7 (967) 028-49-13;Новоясеневский просп., вл4Ас1, Москва;shell.com.ru;55.616 37.510;gas
Газмаркет24, заправочная станция;;+7 (929) 042-57-69;МКАД 19 Километр, вл12 ст2;gazmarket24.clients.site;55.617 37.780;gas
Astra;+7 (499) 530-55-40, +7 (499) 530-55-60;;Россия, Москва, поселение Московский, деревня Румянцево, Киевское шоссе, вл2;astra-azs.ru;55.634 37.452;gas
Эверон;+7 (499) 744-66-09;;ул. Обручева, 50, Москва;everon.su;55.650 37.560;gas
Shell;;+7 (985) 996-33-31;ул. Борисовские Пруды, вл1Г, Москва;shell.com.ru;55.636 37.704;gas
Эверон;+7 (495) 318-17-55;;Болотниковская ул., 36В, стр. 1, Москва;everon.su;55.660 37.591;gas
Shell;;+7 (916) 589-61-60, +7 (985) 066-47-33;МКАД, 49-й километр, 1, Москва;shell.com.ru;55.672 37.425;gas
Руспетрол, АЗС;+7 (499) 126-00-82;;Большая Черёмушкинская, вл1а ст1;ruspetrol.com;55.690 37.600;gas
Эверон;+7 (499) 129-16-73;;Севастопольский просп., 11Б, стр. 1, Москва;everon.su;55.686 37.603;gas
АЗС Картекс;+7 (499) 612-85-26;;ул. Садовники, 11А, корп. 1, стр. 2, Москва;cartex.ru;55.674 37.656;gas
Пропан-24;;+7 (925) 093-99-62;МКАД, 53-й километр, 6Б, Москва;пропан24.рф;55.707 37.394;gas
Эверон;+7 (495) 446-00-04;;МКАД, 52-й километр, 4, стр. 1, Москва;everon.su;55.701 37.402;gas
Shell Select;;+7 (965) 349-03-71;Аминьевское ш., вл1с1, Москва;shell.com.ru;55.697 37.462;gas
Пропан-24;;+7 (926) 628-84-35;ул. Академика Скрябина, вл21А, Москва;пропан24.рф;55.704 37.794;gas
Пропан-24;;+7 (915) 400-10-80;ул. Боженко, 5Г, стр. 1, Москва;пропан24.рф;55.731 37.403;gas
Юзтех РТК;+7 (495) 660-50-48;+7 (991) 394-08-82;Кожевническая ул., 10, стр. 1, Москва;usetech.ru;55.729 37.645;gas
Shell;;+7 (925) 084-13-23;1-й Вешняковский пр., 15, Москва;shell.com.ru;55.723 37.794;gas
Shell;;+7 (985) 840-06-88;МКАД, 7-й километр, с6, Москва, Россия;;55.720 37.838;gas
Shell;;+7 (926) 872-22-45;Салтыковская ул., 1Б, Москва;shell.com.ru;55.729 37.859;gas
Петербургская топливная компания;+7 (812) 493-29-18;;Перовская ул., 68А, Москва;rosneft-azs.ru , ptk.ru;55.744 37.811;gas
АГЗС;+7 (812-61) 2-91-39, +7 (812-61) 2-90-00, +7 (812) 385-99-99;+7 (985) 139-66-89;2-й Силикатный пр., 7, корп. 1, Москва;eco-gas.ru , gmt.gazprom.ru;55.769 37.505;gas
Компания Кэшбэк-Ойл;;+7 (926) 119-64-00, +7 (965) 280-51-94, +7 (925) 071-12-39;МКАД, 32-й километр, с1, Москва;cashback-oil.ru;55.753 37.623;gas
Заправка, АЗС;+7 (499) 938-95-90;+7 (926) 360-33-77;Старолучанская, 64 ст1;alfafuel.ru;55.788 37.370;gas
Shell;;+7 (903) 747-25-82;Большая Переяславская ул., 66, Москва;shell.com.ru;55.791 37.641;gas
Shell;;+7 (925) 084-14-06;2-я Рыбинская ул., вл15с1, Москва;shell.com , shell.com.ru;55.792 37.655;gas
Shell;;+7 (925) 084-13-18, +7 (926) 872-24-53;Нижняя Красносельская ул., 25, стр. 2, Москва;shell.com.ru;55.776 37.671;gas
АГЗС Сибирь ГАЗ;;+7 (903) 222-95-99, +7 (903) 251-40-80;Россия, Москва, Новая Переведеновская улица;;55.780 37.683;gas
Shell;;+7 (925) 084-13-26;Электрозаводская ул., 1А, стр. 2, Москва;shell.com.ru;55.783 37.700;gas
Shell;;+7 (925) 084-13-45;Ткацкая ул., 1А, Москва;shell.com.ru;55.785 37.720;gas
Shell;;+7 (925) 084-13-78;Новослободская ул., 64, Москва;shell.com.ru;55.792 37.590;gas
GT ULTIMA;+7 (499) 380-62-26, +7 (495) 128-54-45;+7 (926) 205-65-47, +7 (925) 288-35-73, +7 (916) 177-20-24, +7 (926) 205-66-58, +7 (926) 012-24-42;Сиреневый бул., 87, стр. 1, Москва;volgaresurs.ru , gtultima.ru;55.804 37.836;gas
Mmk Petrol;+7 (495) 740-90-77;+7 (905) 588-79-49, +7 (966) 150-40-00;ул. Генерала Белобородова, 40, Москва;avtoservispro.ru;55.826 37.353;gas
Stopexpress;+7 (812) 292-22-00, +7 (499) 220-03-24;+7 (911) 710-14-08, +7 (921) 408-02-50, +7 (929) 900-75-85;Амурская ул., 11, стр. 1, Москва;stopexpress.ru;55.812 37.775;gas
Shell;;+7 (962) 362-91-82;МКАД, 103-й километр, вл10, Москва;shell.com.ru;55.820 37.837;gas
CoBAS;;+7 (926) 776-07-76;МКАД 67 Километр, 7;cobas.group;55.835 37.394;gas
Пропан-24;;+7 (925) 093-99-48;Волоколамское ш., 132, Москва;пропан24.рф;55.832 37.401;gas
Shell;+7 (495) 786-67-19, +7 (495) 788-72-36, +7 (499) 267-24-28;+7 (926) 291-47-85;Алтуфьевское ш., 81А, Москва;shell.com.ru , transazs.com , cards.transazs.com;55.887 37.586;gas
ОйлАЗС Дизельное топливо;+7 (495) 128-55-56;+7 (999) 904-01-63;Бибиревская ул., 8, корп. 1, Москва;oilazs.ru;55.881 37.600;gas
Опти, АЗС №9904;+7 (495) 004-40-77;;Юрловский пр., 12, Москва;azs-2022.ru , azs-opti.ru;55.877 37.613;gas
Shell;;+7 (916) 449-15-21;Полярный пр., 4А, Москва;shell.com.ru;55.889 37.630;gas
Shell Select;;+7 (925) 084-14-22;МКАД, 90-й километр, вл6, Москва;;55.894 37.673;gas
Ойл-Шоп;+7 (495) 592-31-10;;Международное шоссе, вл10;trust-oil.com;55.941 37.408;gas
Газпромнефть;;+7 (912) 699-76-12;Россия, Москва, Троицкий административный округ, Калужское шоссе, 63-й километр, 1;gdriveracing.com , gpnbonus.ru , opti-24.com;55.286 37.122;gas
Роснефть;+7 (499) 517-88-99;;Москва, поселение Краснопахорское, Калужское шоссе, 46-й километр, 1А;rosneft.ru , rosneft-azs.ru , komandacard.ru , rn-card.ru;55.424 37.267;gas
Интеройл;+7 (495) 248-04-94, +7 (495) 258-76-96;;Калужское шоссе 43 километр, 2;ngk-interoil.ru;55.440 37.290;gas
Интеройл;;+7 (916) 293-59-44;Москва, поселение Краснопахорское, Калужское шоссе, 43-й километр;ngk-interoil.ru;55.440 37.290;gas
Роснефть, АЗС №067;+7 (499) 517-88-97, +7 (121) 315-17-18, +7 (499) 517-72-35, +7 (495) 987-30-60, +7 (499) 517-88-11;;Киевское шоссе 57 км, вл4;rosneft.ru , rosneft-azs.ru;55.467 36.921;gas
ОРТК, АЗС №1118;+7 (495) 591-32-80, +7 (495) 591-51-03;;63, микрорайон В, Троицк;ortkazs.ru , ortk.ru;55.493 37.296;gas
Лукойл, АЗС №77625;+7 (499) 973-70-95, +7 (495) 221-31-12, +7 (495) 642-76-44, +7 (495) 627-16-96, +7 (495) 646-92-36, +7 (495) 627-44-44, +7 (495) 725-67-56;;Чечёрский проезд, вл31а ст1;auto.lukoil.ru , lukoil.ru;55.529 37.522;gas
Лукойл;+7 (495) 627-49-99, +7 (495) 628-98-41;;Россия, Москва, Киевское шоссе, 42-й км;auto.lukoil.ru;55.552 37.129;gas
Интеройл;;+7 (985) 929-11-12;ул. Поляны, 14, Москва;ngk-interoil.ru;55.563 37.555;gas
Петрол Транс, АЗС №108;+7 (495) 280-06-78, +7 (495) 280-01-10;;Киевское шоссе 34 км, вл3 ст2;petrolplus.ru;55.579 37.238;gas
Радуга, заправочная станция;+7 (495) 984-42-23;;Куликовская, вл2 ст1;azs-raduga.ru;55.578 37.570;gas
Газпромнефть, АЗС №135;;+7 (916) 201-12-44;Варшавское ш., 141Б, Москва;gpn-promo.com , gdriveracing.com , gpnbonus.ru , opti-24.com;55.585 37.600;gas
Транс-Ойл;+7 (499) 288-81-80;;Ступинский пр., 7, стр. 11, Москва;trans-oil24.ru;55.590 37.633;gas
Лукойл;+7 (495) 326-22-11;;Липецкая ул., 2, корп. 15, Москва;auto.lukoil.ru , lukoil.ru;55.603 37.669;gas
Мосавтогаз, АГНКС №10;+7 (495) 648-64-27;;МКАД 44 Километр, вл5 ст1;mosavtogaz.ru;55.631 37.467;gas
МосНефтеТорг;+7 (495) 117-71-14;+7 (909) 306-99-66, +7 (925) 402-34-37;Кантемировская ул., 3, корп. 3, Москва;mosneft.com;55.636 37.679;gas
Лукойл, АЗС №77530;+7 (495) 331-65-00;;ул. Каховка, 28, корп. 1, Москва;auto.lukoil.ru , lukoil.ru;55.660 37.562;gas
Топаз 511;;+7 (918) 581-36-09;Рябиновая ул., 55, стр. 1, Москва;топаз-511.рф;55.691 37.428;gas
Ruspetrol;+7 (4842) 71-61-01;;Большая Черёмушкинская ул., 1А, стр. 1, Москва;ruspetrol.com;55.691 37.600;gas
Эксперт;+7 (495) 125-14-04;+7 (929) 641-40-49;ул. Горбунова, 9, корп. 2, Москва;card-expert.ru;55.722 37.388;gas
Teboil;;+7 (985) 232-22-45, +7 (915) 493-96-18;Можайское ш., 58, Москва;teboil-azs.ru , shell.com.ru;55.715 37.396;gas
Памп;+7 (499) 110-73-21;;ул. Горбунова, 2, стр. 3, Москва;pump.today;55.726 37.398;gas
Teboil;;+7 (985) 420-14-21;Крутицкая наб., 17А, Москва;teboil-azs.ru , shell.com.ru;55.721 37.659;gas
Интеройл;;+7 (916) 112-43-87;3-й Угрешский пр., 13, Москва;ngk-interoil.ru;55.713 37.701;gas
Бизнес-центр Голутвинский двор;;+7 (926) 411-10-15;Якиманская наб., 2, Москва;golutvinskiy-dvor.ru;55.740 37.612;gas
ТрансАЗС;;+7 (917) 584-91-92, +7 (925) 676-08-20, +7 (926) 872-25-42;Нижегородская ул., вл27соор3, Москва;transazs.com;55.737 37.696;gas
Nps, АЗС №15;+7 (495) 708-49-98, +7 (495) 708-49-89, +7 (495) 580-28-68;;Кетчерская улица, 5;nps-azs.ru;55.746 37.830;gas
ТрансАЗС, АЗС №10;+7 (499) 256-03-12;;1-й Красногвардейский пр., 4А, Москва;cards.transazs.com , transazs.com;55.755 37.547;gas
Лукойл АЗС;+7 (495) 625-70-16, +7 (495) 605-46-76;+7 (963) 772-05-03;Рочдельская ул., 14-20с7, Москва;auto.lukoil.ru;55.757 37.568;gas
Plus;;+7 (905) 130-73-66;улица Берзарина, 26 к1;azk-plus.ru;55.789 37.477;gas
ТрансАЗС;;+7 (925) 084-13-17;Верхняя Красносельская ул., 15Б, стр. 1, Москва;cards.transazs.com , transazs.com;55.784 37.665;gas
Газпромнефть;+7 (812) 363-31-52;;Гаврикова ул., 4ст1, Москва;opti-24.com , gdriveracing.com , gpnbonus.ru , gazprom-neft.ru;55.780 37.672;gas
Лукойл, АЗС №77522;;+7 (963) 772-05-22;1-я Мытищинская ул., 1, Москва;auto.lukoil.ru , lukoil.ru;55.797 37.640;gas
Лукойл, АЗС №77548;+7 (495) 627-88-88;;Волоколамское ш., 65, корп. 1, Москва;auto.lukoil.ru , lukoil.ru;55.821 37.447;gas
Интеройл;;+7 (916) 112-47-55;Волоколамское ш., 32, Москва;ngk-interoil.ru;55.813 37.478;gas
Сервис фонда содействия правопорядку;+7 (495) 508-63-96;+7 (926) 331-05-09;Краснобогатырская ул., 22, стр. 2, Москва;servisfsp.ru;55.812 37.698;gas
General fueller, АЗС №26;+7 (495) 662-72-32, +7 (495) 737-40-58;+7 (916) 909-55-99;Открытое ш., 14Г, стр. 1, Москва;gfoil.ru;55.814 37.738;gas
Интеройл;;+7 (916) 112-47-35;ул. Зенитчиков, 7, стр. 1, Москва;ngk-interoil.ru;55.835 37.348;gas
Лукойл;+7 (499) 458-20-18;;Правобережная ул., 1А, Москва;auto.lukoil.ru;55.881 37.448;gas
МосНефтеРесурс;+7 (495) 664-45-24;+7 (926) 810-84-53, +7 (966) 029-56-00, +7 (916) 525-45-07;Лобненская ул., 11, Москва;mnr-group.ru;55.889 37.531;gas
NPS;+7 (495) 477-02-91, +7 (496) 585-00-50, +7 (496) 585-00-48;;Осташковская ул., 18А, Москва;nps-azs.ru;55.885 37.677;gas
Интероргсинтез;+7 (495) 484-28-36, +7 (495) 148-88-90;;Лианозовский пр., 12, Москва;hyundai-clubs.ru;55.901 37.546;gas
Интеройл;;+7 (916) 112-43-97;Ленинградское ш., 309Б, стр. 1, Москва;ngk-interoil.ru;55.952 37.347;gas
Teboil;;+7 (985) 232-04-10;Большая Оленья ул., 20, Москва;shell.com.ru , teboil-azs.ru;55.812 37.690;gas
Магазины автозапчастей и автотоваров;;;;;;gas
Маг-авто, интернет-магазин;+7 (495) 668-13-74;+7 (916) 192-00-69;деревня Косовка, ст1;magavt.ru;55.308 37.147;gas
Truck Parts;;+7 (980) 800-10-34;Россия, Москва, поселение Краснопахорское, квартал № 171, 11;trucks-parts24.ru;55.449 37.299;gas
Форум Авто, склад;+7 (495) 789-80-00;+7 (925) 001-37-09;Солнечная ул., 24, стр. 2, посёлок подсобного хозяйства Минзаг;forum-auto.ru;55.453 37.326;gas
Зап-леон;;+7 (925) 919-79-76, +7 (926) 708-86-00;Центральная ул., 12, посёлок Рассудово;;55.471 36.927;gas
АВТОдоктор;;+7 (903) 560-42-40, +7 (903) 635-54-43, +7 (965) 300-56-00;Дорожная ул., 32, д. Яковлевское;myautozap.ru;55.464 36.939;gas
Autocomponents24;;+7 (901) 767-85-81;Сиреневый бул., 1, Троицк;;55.468 37.296;gas
A24To;;+7 (999) 923-49-56, +7 (910) 772-32-73;Калужское шоссе, 41-й километр, 12, Троицк;a24to.ru;55.458 37.295;gas
Detailing Group;;+7 (995) 656-98-52;Россия, Москва, Калужское шоссе, 38;detailinggroup.ru;55.460 37.296;gas
LADA Dеталь;+7 (499) 270-65-07;;Калужское ш., 16, Троицк;lada-detail.ru;55.470 37.305;gas
Autro.ru;+7 (495) 120-67-04;+7 (915) 143-40-33, +7 (910) 445-14-19;ул. Новостройка, 27/18, Троицк;avtro.ru , autohelper.online;55.485 37.307;gas
Hybrids.ru;+7 (495) 789-77-86;+7 (921) 108-71-88, +7 (952) 057-77-17;Индустриальная ул., 5, Троицк;hybrids.ru;55.481 37.312;gas
Zавод;;+7 (925) 655-60-66;1А, д. Ватутинки;zavod-carservice.ru;55.491 37.326;gas
АФБ-Групп;+7 (495) 988-01-74;;8А, посёлок Знамя Октября;afbgroup.ru;55.476 37.545;gas
Ларена Авто;;+7 (926) 745-42-56, +7 (926) 242-96-87, +7 (926) 512-61-52, +7 (939) 555-30-74;Нагорная ул., 10, Троицк;larena-auto.ru;55.493 37.299;gas
Автодом BBauto.ru;;+7 (968) 770-50-50;деревня Ватутинки, 54в;bbauto.ru;55.497 37.331;gas
Maxcar;;+7 (926) 218-28-93;деревня Расторопово, 80;maxcar.ru;55.505 37.446;gas
Vip-diski;;+7 (915) 232-15-35, +7 (909) 635-98-93;ул. Брусилова, 3, Москва;vip-diski.ru;55.501 37.575;gas
Sparox;+7 (495) 120-77-93;+7 (991) 314-21-95;Симферопольское ш., 11А, Щербинка;sparox.ru;55.496 37.576;gas
ЗапчастиОпель.рф;+7 (495) 023-57-03, +7 (495) 505-63-86, +7 (495) 668-13-68, +7 (495) 668-13-70;;Торговая ул., 2, стр. 1, Москва;autonomia.ru , opelspare.ru;55.511 37.584;gas
Jeep Resource;;+7 (903) 668-17-07, +7 (964) 723-17-85;Щербинская ул., 48А, Москва;jeepresource.ru;55.513 37.584;gas
Гепард-авто, магазин автозапчастей;+7 (499) 550-34-59;+7 (901) 745-70-10, +7 (909) 966-25-25;Россия, Москва, поселение Десеновское, 2-я Нововатутинская улица, 5;gepard-auto.ru;55.518 37.352;gas
Ауди-Плюс;+7 (495) 755-09-85, +7 (495) 755-86-85;;Центральная ул., вл107с1, посёлок Птичное;audi-plus.ru;55.518 37.219;gas
Midas-Parts-Автозапчасти;+7 (495) 144-49-69;+7 (926) 969-88-80, +7 (993) 336-09-69;Россия, Москва, поселение Десёновское, 2-я Нововатутинская улица, 1;midas-parts.com;55.516 37.351;gas
Интертрак;+7 (143) 601-01-53, +7 (495) 411-94-80;+7 (909) 945-16-04, +7 (965) 113-89-53, +7 (909) 945-16-06;Звёздная ул., 30, д. Ямонтово;pnevmotruck.ru , intertruck.ru , haco-intertruck.ru;55.532 37.456;gas
Авто-РМ;+7 (495) 136-26-22, +7 (495) 774-36-00;;Россия, Москва, поселение Воскресенское, квартал № 81;avto-rm.ru;55.525 37.472;gas
Dexon, сервисный центр;;+7 (985) 790-56-56;Варшавское ш., 261, стр. 1, Москва;dexon24.ru;55.528 37.581;gas
BMW Разборка;;+7 (968) 979-71-89, +7 (977) 558-90-89;48А, стр. 8, Юго-Западный административный округ, район Южное Бутово, деревня Щербинка, Москва;;55.513 37.583;gas
Dvs Mers;;+7 (926) 356-93-33, +7 (977) 291-43-42, +7 (977) 291-43-61;48А, стр. 6, Юго-Западный административный округ, район Южное Бутово, деревня Щербинка, Москва;dvsmers.ru;55.513 37.583;gas
ПрофТехСнаб, компания;+7 (495) 136-59-17, +7 (495) 769-80-68;;ул. Адмирала Руднева, 2, Москва;pts-v.ru , podshypnik.pts-v.ru;55.544 37.526;gas
Исузу-клуб;;+7 (905) 542-96-96, +7 (968) 913-04-81;ул. Адмирала Лазарева, 34, Москва;isuzu-club.net;55.547 37.528;gas
Руликнам.ру;+7 (495) 205-44-08;+7 (915) 474-00-69;Южнобутовская ул., 9, Москва;ruliknam.ru;55.544 37.542;gas
Авторусь, магазин автотоваров и технического обслуживания;+7 (495) 276-15-21, +7 (495) 276-15-23;;Венёвская ул., 10, Москва;autorus.ru;55.544 37.547;gas
Mosautotuning;;+7 (915) 152-03-24;аллея Витте, 4, Москва;mosautotuning.com;55.549 37.540;gas
Shopbat.ru;+7 (499) 455-04-75;;ул. Поляны, 22, Москва;shopbat.ru;55.552 37.547;gas
Subzap;;+7 (985) 182-35-46, +7 (999) 333-11-22;Венёвская ул., 27, Москва;baza.drom.ru , subzap.ru;55.541 37.553;gas
ЭгоЛайт;+7 (495) 225-16-04;+7 (926) 330-11-20, +7 (915) 461-28-99, +7 (915) 354-77-29;Россия, Москва, 46Н-04875;egolight.ru;55.571 37.354;gas
Пассат. Руси;;+7 (903) 237-05-67;ул. Александры Монаховой, дв46с1, посёлок Коммунарка;пассат.руси.рф;55.556 37.484;gas
101-Авто;+7 (495) 641-00-79;+7 (963) 682-48-98, +7 (995) 300-10-28;ул. Липовый Парк, 1, посёлок Коммунарка;101-auto.ru;55.571 37.495;gas
Vcereno;+7 (495) 782-32-96;+7 (903) 154-12-42, +7 (903) 154-13-54;Куликовская ул., 20, Москва;renozapchast.ru;55.568 37.561;gas
АвтоРит;;+7 (916) 210-32-17, +7 (925) 114-32-21, +7 (917) 538-45-41, +7 (985) 114-32-21;Варшавское ш., 166Г, стр. 3, Москва;auto-rit.ru;55.569 37.596;gas
Jcb запчасти шоп;;+7 (985) 087-95-35;Варшавское ш., вл166с1, Москва;jcb-zapchasti-shop.ru;55.569 37.597;gas
Мэйджор Партс;;+7 (926) 365-62-22;Варшавское ш., вл166с1, Москва;major-parts.ru;55.569 37.597;gas
Макскар;+7 (495) 972-24-81;+7 (915) 138-60-37;ул. Грина, 1/9, Москва;rusparts.su;55.563 37.597;gas
АвтоТехЦентр Авто-Премьер;+7 (495) 266-53-31, +7 (495) 798-11-16, +7 (495) 266-47-22, +7 (495) 845-16-39, +7 (495) 798-11-15;+7 (929) 500-68-11, +7 (989) 828-87-96;Бачуринская ул., 8А, стр. 1, посёлок Коммунарка;avtohaval.com , avtopremier.net;55.577 37.478;gas
LADA Dеталь;+7 (495) 388-55-36;;Куликовская ул., 12, Москва;lada-detail.ru;55.572 37.564;gas
Osir-Parts;+7 (495) 205-97-97;+7 (925) 282-97-97;Ратная ул., 16, корп. 3, Москва;osir-parts.ru;55.577 37.571;gas
Mobil 1 центр, авторизованный сервисный центр;+7 (495) 120-40-23;;Варшавское ш., 170Г, Москва;mobil.ru , mymobil.ru;55.581 37.589;gas
Race-parts.ru;;+7 (926) 433-60-65;МКАД, 33-й километр, 6, стр. 5, Москва;race-parts.ru;55.579 37.588;gas
1224. Pro;;+7 (926) 736-99-12;МКАД, 33-й километр, 6, стр. 5, Москва;1224.pro;55.579 37.588;gas
АМ-Партс;+7 (495) 136-66-46;;МКАД, 33-й километр, 6, стр. 5, Москва;am-parts.ru;55.579 37.588;gas
Edg-parts.ru;+7 (499) 398-01-24;+7 (925) 721-79-68;МКАД, 33-й километр, 6, стр. 5, Москва;edg-parts.ru;55.579 37.588;gas
Парт-Хаус;+7 (495) 772-97-08;;МКАД, 33-й километр, 6, стр. 5, Москва;part-house.ru;55.579 37.588;gas
Zip1224;+7 (495) 181-12-24, +7 (495) 135-05-04;+7 (925) 325-18-83;МКАД, 33-й километр, 6, стр. 5, Москва;zip.1224.pro;55.579 37.588;gas
Ангарзап;;+7 (910) 422-11-99, +7 (910) 431-00-22;МКАД, 33-й километр, 6, стр. 5, Москва;;55.579 37.588;gas
Легион Гласс;+7 (495) 221-21-57, +7 (495) 991-39-69, +7 (351) 777-88-98, +7 (346) 266-60-24, +7 (812) 385-57-37, +7 (495) 514-47-37;+7 (921) 777-05-66, +7 (963) 191-30-09, +7 (904) 636-09-94, +7 (987) 346-84-64, +7 (922) 160-80-00, +7 (981) 896-01-30, +7 (988) 880-02-54, +7 (903) 385-77-76, +7 (920) 040-71-17;МКАД, 33-й километр, 6, стр. 5, Москва;legionglass.com;55.579 37.588;gas
РеформАвто;+7 (101) 014-20-30, +7 (495) 771-27-85;+7 (926) 267-06-37, +7 (917) 587-44-77;МКАД, 33-й километр, 6, Москва;reformauto.ru;55.578 37.589;gas
Запчасти Ниссан, Рено;+7 (495) 510-30-41;+7 (906) 730-50-60;МКАД, 33-й километр, 6, Москва;nissan33.ru;55.579 37.589;gas
Карлон;;+7 (985) 057-65-65;Варшавское ш., 170Г, Москва;carlon.ru;55.580 37.591;gas
Двигатели Infinity;+7 (499) 426-05-83;+7 (919) 073-30-71;Варшавское ш., 170Г, Москва;dvigatel-infiniti.ru;55.580 37.591;gas
Магазин автозапчастей и автотоваров;+7 (495) 374-93-68;;МКАД, 32-й километр, вл15, Москва;japansfera.ru , mego.travel;55.575 37.599;gas
Japan-zap;+7 (495) 642-25-13;+7 (925) 656-37-97;МКАД, 32-й километр, вл15, Москва;japan-zap.ru;55.575 37.598;gas
Dfcars.ru;+7 (499) 390-64-04;+7 (925) 078-35-08, +7 (925) 384-47-24;МКАД, 32-й километр, вл15, Москва;dfcars.ru;55.575 37.599;gas
ДвижОк;+7 (495) 649-61-19;;МКАД, 32-й километр, вл15, Москва;my-dvigok.su;55.575 37.598;gas
Дело в деталях;+7 (499) 130-56-26, +7 (495) 740-51-77;+7 (903) 130-56-26, +7 (926) 928-87-08;МКАД, 32-й километр, вл15, Москва;delo-parts.ru;55.575 37.599;gas
Yamalauto;+7 (495) 108-76-06;+7 (993) 999-92-53;Варшавское ш., 141А, корп. 5, Москва;shop.yamalauto.ru;55.584 37.604;gas
All boomers;;+7 (909) 998-88-35;ул. Кирпичные Выемки, 5, Москва;all-boomers.clients.site;55.587 37.608;gas
Автокрановые запчасти, торговый дом;+7 (495) 662-89-53;+7 (929) 676-06-03;ул. Кирпичные Выемки, 12, Москва;a-k-z.ru;55.584 37.609;gas
Автосклад, магазин автозапчастей;;+7 (915) 581-43-09;ул. Газопровод, 4Б, Москва;auto-sklad.com;55.588 37.608;gas
Центр кузовных деталей;;+7 (960) 537-18-05, +7 (904) 025-42-60, +7 (952) 996-14-64, +7 (961) 972-43-63, +7 (980) 636-01-50, +7 (929) 668-26-95;ул. Кирпичные Выемки, 12, стр. 4, Москва;кузовные-детали.рф;55.584 37.608;gas
Ressora center;;+7 (916) 910-10-47;ул. Газопровод, 4Б, Москва;ressora.center;55.588 37.608;gas
Avtofura;+7 (495) 363-56-04, +7 (495) 128-09-51, +7 (495) 956-71-62;;ул. Газопровод, 6Г, стр. 20, Москва;kz77.ru;55.586 37.612;gas
Дисман;;+7 (925) 729-63-26;Россия, Москва, МКАД, 32-й километр,;opox.ru;55.575 37.617;gas
Грузовые запчасти TruckParts;+7 (499) 490-17-52;;Россия, Москва, МКАД, 32-й километр;atdr.ru;55.575 37.617;gas
МКАД 31;+7 (495) 540-57-84;+7 (985) 277-23-23, +7 (985) 829-88-89, +7 (916) 261-28-05, +7 (925) 144-01-33, +7 (985) 157-95-59;Востряковский пр., 10Б, стр. 3, Москва;;55.577 37.622;gas
Orbita-Pluss;;+7 (925) 812-81-53;Востряковский пр., 10Б, Москва, Россия;;55.578 37.622;gas
Спец-Автопласт;;+7 (925) 485-82-49;Востряковский пр., 10Б, Москва;spets-avtoplast.clients.site , spec-autoplast.ru;55.578 37.622;gas
Компания Хороших Людей;+7 (495) 649-88-57;+7 (915) 118-88-83, +7 (925) 143-98-99;Востряковский пр., 10Б, стр. 5, Москва;gdpl.ru;55.577 37.623;gas
Сехун;+7 (495) 640-44-43;+7 (916) 962-92-77;Востряковский пр., 10Б, Москва;sehun.moscow;55.578 37.623;gas
ЗапСпецТех Howo Shaanxi Dongfeng Faw;;+7 (926) 347-13-38, +7 (926) 848-40-39;Востряковский пр., 10Б, стр. 2, Москва;klimanch.wixsite.com;55.577 37.623;gas
Leko Parts;+7 (495) 641-08-08;;Востряковский пр., 10Б, стр. 2, Москва;leko.parts;55.577 37.623;gas
Турбина Лэнд;;+7 (977) 927-00-02;Востряковский пр., 10Б, стр. 1, Москва;turbinaland.ru;55.577 37.624;gas
Ремтехстрой;+7 (495) 445-60-56, +7 (495) 150-04-68;;Ступинский пр., 6, Москва;l-34.com;55.590 37.629;gas
БизАвто;;+7 (967) 171-87-41, +7 (916) 874-18-29, +7 (916) 175-95-14;ул. Подольских Курсантов, 32, Москва;auto-taobao.ru;55.589 37.633;gas
Azp;;+7 (967) 014-60-14;Мелитопольская ул., 1, корп. 2, Москва;azp.clients.site;55.584 37.636;gas
China-zap;;+7 (964) 644-08-98;Мелитопольская ул., 1, корп. 2, Москва, Россия;china-zap.ru;55.584 37.636;gas
Eneos, техцентр;+7 (499) 703-33-11;+7 (905) 734-11-11, +7 (906) 041-97-97, +7 (964) 777-55-56;Бирюлёвская ул., 35, Москва;eneosservice.ru;55.590 37.665;gas
Гбт Тюнинг;;+7 (916) 640-02-90, +7 (985) 241-34-15;Ряжская ул., 13, корп. 1, стр. 2, Москва;;55.590 37.670;gas
Auto-Shock.ru;+7 (495) 772-03-46, +7 (495) 532-94-70;;Бирюлёвская ул., 51, Москва;auto-shock.ru;55.582 37.671;gas
Авто3Н;+7 (495) 085-51-11;;Лебедянская ул., 14, корп. 2, Москва;auto3n.ru;55.586 37.675;gas
Express-шина, Пункт выдачи заказов;+7 (495) 134-08-98, +7 (804) 333-00-41, +7 (343) 221-24-32, +7 (493) 335-16-10, +7 (3022) 55-05-05;+7 (906) 745-34-85;Загорьевский пр., 11А, стр. 3, Москва;moskva.express-shina.ru , express-shina.ru;55.577 37.678;gas
Кузовщик;+7 (499) 390-52-10;+7 (926) 909-03-00, +7 (926) 118-78-28, +7 (926) 666-21-37, +7 (926) 865-30-50;Шипиловский пр., вл75, Москва;zbsp.ru;55.591 37.724;gas
Motoroff, магазин автозапчастей;+7 (499) 213-33-33;+7 (985) 080-33-33;Москва, поселение Мосрентген, улица Адмирала Корнилова, вл5;motoroff.pro;55.604 37.461;gas
Euro Truck;+7 (499) 391-10-80;;Россия, Москва, поселение Сосенское, Калужское шоссе, 22-й километр, 10;eurotp.ru;55.600 37.470;gas
Madburg, интернет-магазин автозапчастей;+7 (495) 988-92-27;+7 (903) 616-28-40;пр. Одоевского, 10, Москва;madburg.ru;55.600 37.508;gas
AutoKeyTransponder;;+7 (915) 275-04-86, +7 (939) 555-13-64;Новоясеневский просп., 24, Москва;autokeytransponder.ru;55.606 37.530;gas
Авторазбор;;+7 (966) 112-93-73, +7 (929) 906-83-82, +7 (977) 783-60-64;Голубинская ул., 22, стр. 1, Москва;;55.597 37.531;gas
Авторазбор;;+7 (962) 992-69-19, +7 (926) 457-38-43;Голубинская ул., 22, стр. 2, Москва;razbor-renault.narod.ru;55.597 37.531;gas
911 Авторазбор;;+7 (967) 077-97-66, +7 (929) 621-74-14;Голубинская ул., 22, стр. 1, Москва;;55.597 37.531;gas
АвтоИмпекс;;+7 (903) 509-64-54;Москва, Юго-Западный административный округ, район Ясенево;autoimpex.ru;55.596 37.534;gas
Atf-Service;+7 (495) 637-63-40, +7 (495) 637-63-45, +7 (495) 637-63-47;+7 (903) 521-56-00, +7 (925) 506-72-12;Ясногорская ул., 2, Москва;atf-service.ru;55.611 37.536;gas
Евроразборка двигатели и КПП Iveco, Man, Mercedes, Volvo;;+7 (929) 561-28-61;Варшавское ш., 150, Москва;belrazborka.ru;55.600 37.603;gas
Srf racing;;+7 (916) 623-45-19, +7 (968) 423-68-53;ул. Академика Янгеля, 3, Москва;srfracing.ru;55.595 37.596;gas
Ванос бмв, фирма;+7 (708) 971-40-17, +7 (343) 201-16-17, +7 (495) 721-84-87;+7 (982) 767-80-80, +7 (919) 625-50-35, +7 (905) 278-03-17, +7 (903) 280-11-11, +7 (918) 449-59-59, +7 (923) 354-86-66;Варшавское ш., 152А, Москва;bmw-takt.ru , vanos-bmw.ru;55.595 37.599;gas
Авторадио, магазин;+7 (499) 390-60-31;+7 (926) 365-66-42;Кировоградская ул., 15, Москва;autoradio.su;55.610 37.606;gas
Етс;+7 (466) 999-53-23, +7 (499) 753-14-18;+7 (966) 172-66-78, +7 (963) 719-06-72, +7 (925) 549-50-30, +7 (964) 719-97-35, +7 (962) 923-75-97, +7 (962) 923-73-10;Варшавское ш., 148, Москва;etsgroup.ru;55.601 37.603;gas
ДСГ Партнер;;+7 (978) 072-84-55;ул. Подольских Курсантов, 3, стр. 25, Москва;dsg-service.pro;55.610 37.615;gas
Магазин для Джиперов;+7 (4232) 00-22-96;+7 (924) 730-22-96;ул. Подольских Курсантов, 3, стр. 6, Москва;jeep-4x4.ru , takezo.ru;55.612 37.617;gas
007zap.ru;;+7 (965) 300-60-07, +7 (915) 054-14-36;Ступинский пр., 1, стр. 25, Москва;007zap.ru;55.592 37.626;gas
Autonem, центр авторазбора;;+7 (968) 930-22-00, +7 (910) 494-96-38, +7 (925) 154-37-21;Ступинский пр., 1, стр. 60, Москва;autonem.ru;55.592 37.626;gas
007zap, интернет-магазин;;+7 (926) 322-29-90;Ступинский пр., 1, стр. 24, Москва;007zap.ru;55.593 37.626;gas
Shop-akpp;;+7 (910) 438-97-08, +7 (919) 990-77-73;ул. Подольских Курсантов, 22, стр. 6, Москва;shop.akpphelp.ru;55.597 37.629;gas
Разборка Мерседес;;+7 (985) 924-09-09;ул. Подольских Курсантов, 17, стр. 9, Москва;razbor-mercedes.ru;55.600 37.639;gas
Авторазбор;+7 (495) 664-59-50;+7 (977) 882-50-59;ул. Подольских Курсантов, 17, Москва;razborka-mers.ru;55.602 37.639;gas
Seltex, компания;+7 (812) 320-52-10, +7 (499) 288-07-10;;6-я Радиальная ул., 16, Москва;seltex.ru;55.608 37.658;gas
Shop-extap.ru;+7 (495) 023-34-43;;6-я Радиальная ул., 9, Москва;;55.606 37.650;gas
Skparts.ru;+7 (4232) 08-18-28, +7 (499) 398-13-35;+7 (985) 162-06-60, +7 (914) 065-21-51, +7 (981) 160-00-20, +7 (984) 193-55-12;6-я Радиальная ул., 20, корп. 1, Москва;skparts.ru;55.608 37.655;gas
Разборка-Москва;;+7 (963) 993-22-24, +7 (903) 733-62-05;6-я Радиальная ул., 30, Москва;razborka-moskva.ru;55.612 37.657;gas
Ровер-Парт;;+7 (915) 406-66-33, +7 (916) 036-66-33;6-я Радиальная ул., 7А, стр. 1, Москва;rover-part.ru;55.607 37.661;gas
JdmShopRu;;+7 (925) 488-91-61;Россия, Москва, Каширское шоссе;jdm-shop.ru;55.599 37.720;gas
Меакон;+7 (495) 399-41-01, +7 (495) 399-13-54;+7 (958) 832-84-93;Шипиловский пр., 65, корп. 1, Москва;meakon.ru;55.599 37.715;gas
Автогейзер;+7 (495) 241-11-67;+7 (918) 090-04-02, +7 (909) 922-14-03, +7 (919) 970-03-70, +7 (922) 225-71-23, +7 (964) 330-61-43, +7 (914) 953-53-05, +7 (978) 820-72-60, +7 (926) 926-17-84, +7 (922) 034-70-70;Шипиловский пр., 37, Москва;пороги-арки.рф , porog.ga;55.595 37.718;gas
Asd group, центр авторазбора;;+7 (926) 526-56-56, +7 (925) 295-01-18, +7 (925) 867-02-90;Каширское ш., вл148, Москва;asd-auto.group;55.595 37.724;gas
АвтоРай, оптово-розничная компания;+7 (8612) 05-04-70, +7 (8612) 05-04-75, +7 (8612) 05-04-73;+7 (918) 463-55-55, +7 (985) 868-71-17, +7 (918) 311-98-78, +7 (928) 208-33-33, +7 (928) 440-04-80, +7 (926) 372-71-71, +7 (928) 402-03-33, +7 (928) 400-55-35;Каширское ш., 67, стр. 5, Москва;auto-ray.com;55.599 37.729;gas
High Performance Centre;;+7 (905) 500-05-00;Ясеневая ул., вл14Бс7, Москва;;55.598 37.733;gas
Frenz;+7 (495) 627-77-37;+7 (966) 342-06-09;Россия, Москва, поселение Внуковское, Боровское шоссе, 29-й километр, 4, стр. 1;frenz.ru;55.629 37.309;gas
Логистическая Империя;+7 (495) 431-60-00;;Москва, Новомосковский административный округ, Киевское шоссе, 24-й километр, вл1;logem.ru;55.619 37.396;gas
Разборка Лексус;+7 (495) 795-60-66;+7 (903) 795-60-66, +7 (963) 975-78-05, +7 (968) 807-71-02, +7 (968) 014-17-35, +7 (903) 538-30-57, +7 (903) 130-55-25;Картмазовская ул., 50, д. Саларьево;lexusgroup.ru;55.620 37.426;gas
Euroauto;;+7 (985) 436-87-10, +7 (929) 580-39-29, +7 (919) 997-60-83;Россия, Москва, поселение Мосрентген, улица Адмирала Корнилова, вл1Ас5;евроавто.рф;55.627 37.435;gas
Zapopel;;+7 (967) 067-20-91, +7 (967) 061-20-41, +7 (967) 061-20-91, +7 (965) 104-55-47, +7 (903) 265-99-69;Москва, поселение Мосрентген, улица Адмирала Корнилова, вл1Ас5;zapopel.ru;55.627 37.436;gas
Nissan-лами;+7 (495) 972-80-65, +7 (495) 978-38-23, +7 (495) 598-97-15;;Москва, поселение Мосрентген, улица Адмирала Корнилова, вл1;nissan36.ru;55.627 37.436;gas
Parts-Empire;;+7 (977) 497-22-69, +7 (963) 651-33-77, +7 (963) 651-33-88;Москва, поселение Мосрентген, улица Адмирала Корнилова, 5;parts-empire.ru;55.627 37.436;gas
Амазон-АС;+7 (495) 972-42-22, +7 (495) 778-59-11, +7 (495) 979-91-00;+7 (901) 519-91-00, +7 (977) 808-22-62;Россия, Москва, поселение Мосрентген, улица Адмирала Корнилова, вл1;volvo-saab.ru;55.627 37.436;gas
Магазин автозапчастей и автотоваров;+7 (499) 608-06-25;+7 (968) 572-34-54, +7 (901) 544-03-01;Москва, поселение Мосрентген, улица Адмирала Корнилова, 2;1auto-master.ru;55.627 37.437;gas
Глушители;+7 (495) 518-26-17;+7 (919) 778-29-84, +7 (968) 648-83-85, +7 (985) 426-14-92;Москва, поселение Московский, Киевское шоссе, вл1Ас26;auto-glushitel.ru;55.628 37.437;gas
Турин-Авто;+7 (495) 649-88-90, +7 (499) 110-31-60, +7 (499) 748-54-01, +7 (495) 120-31-10, +7 (495) 775-92-37, +7 (495) 665-08-63, +7 (495) 518-06-87, +7 (495) 971-63-30, +7 (495) 641-00-51, +7 (499) 367-32-58;+7 (925) 517-17-53, +7 (925) 518-06-87, +7 (926) 907-90-98, +7 (925) 532-84-44, +7 (963) 710-64-59, +7 (925) 391-48-63;Москва, поселение Московский, квартал № 70, 20;turin-auto.ru , fiatparts.ru;55.626 37.437;gas
Всё для Форд и Мазда;+7 (495) 669-54-46;+7 (925) 899-39-15;Москва, поселение Мосрентген, улица Адмирала Корнилова, вл1;;55.627 37.438;gas
Renisshop;+7 (495) 665-08-58;+7 (929) 985-14-18;Москва, поселение Мосрентген, улица Адмирала Корнилова, вл1;renisshop.ru;55.627 37.438;gas
SGcenter;+7 (499) 714-67-35, +7 (499) 714-67-38, +7 (499) 714-67-34;+7 (925) 113-33-09, +7 (925) 532-87-69, +7 (926) 207-75-22, +7 (925) 514-58-30, +7 (916) 961-88-51, +7 (925) 532-81-27, +7 (929) 675-82-15;Россия, Москва, поселение Мосрентген, улица Адмирала Корнилова, вл1;sgcenter.ru;55.627 37.438;gas
Автобокс.ру;+7 (495) 926-26-17, +7 (495) 374-91-79, +7 (495) 129-33-24;+7 (903) 616-80-58, +7 (903) 121-33-52;Россия, Москва, поселение Мосрентген, улица Адмирала Корнилова, вл1;avtobokc.ru;55.627 37.438;gas
L-rover.ru;+7 (495) 746-11-05, +7 (495) 744-48-22;;Москва, поселение Мосрентген, улица Адмирала Корнилова, вл1;l-rover.ru;55.626 37.439;gas
Parts-Empire;+7 (495) 602-99-62;+7 (985) 622-72-19;Москва, поселение Мосрентген, улица Адмирала Корнилова, вл1;parts-empire.ru;55.627 37.436;gas
Мотор сити, компания;;+7 (915) 651-46-46;Россия, Москва, поселение Мосрентген, улица Адмирала Корнилова, 99;motorcity-zap.ru;55.616 37.441;gas
Автопланета;;+7 (916) 378-40-58, +7 (903) 192-83-70, +7 (916) 091-74-96;33Г, стр. 1, посёлок завода Мосрентген;planetazp.ru;55.620 37.464;gas
Mobilepart;+7 (495) 201-10-20;+7 (964) 649-00-99;189/1с1, посёлок завода Мосрентген;mobilepart.ru;55.623 37.465;gas
Автоконтинент, оптовая компания;+7 (495) 780-51-34;;ул. Героя России Соломатина, 6, корп. 10, посёлок завода Мосрентген;autokontinent.ru;55.618 37.470;gas
Kmtuning;+7 (343) 372-50-53;;МКАД, 43-й километр, 1, Москва;msk.kmtuning.ru;55.626 37.474;gas
Ленд Р. Б.;+7 (495) 025-00-05;+7 (985) 285-51-05;МКАД, 43-й километр, вл1с1, Москва;lrbro.ru , autobro.ru;55.625 37.473;gas
Авто-бус-сервис;+7 (495) 646-75-84;+7 (929) 529-83-23, +7 (926) 677-00-72, +7 (977) 101-61-74, +7 (925) 304-55-10;МКАД, 43-й километр, вл1, Москва;abs-avtoparts.ru;55.626 37.474;gas
Fuchs-Shop.ru;+7 (495) 664-46-96, +7 (495) 205-27-27;+7 (985) 151-51-96, +7 (926) 218-63-51;ул. Академика Варги, 1, Москва;fuchs-shop.ru;55.631 37.480;gas
Гараж, техцентр;+7 (495) 236-76-68, +7 (495) 984-33-53, +7 (495) 151-93-78, +7 (495) 162-81-74, +7 (495) 256-49-63, +7 (495) 984-80-85, +7 (495) 023-47-00, +7 (495) 152-12-12, +7 (495) 151-97-79, +7 (495) 104-77-12;;ул. Тёплый Стан, 15, стр. 1, Москва;remont-akpp.nissan-nissan.ru , remont-variatora.nissan-nissan.ru , remont-reyki.nissan-nissan.ru , garage-infiniti.ru , nissan-nissan.ru;55.623 37.489;gas
Ober, компания по продаже автомасел и запчастей;+7 (495) 723-18-61;+7 (903) 723-18-61;Новоясеневский просп., вл3А, Москва;obermotors.ru;55.614 37.516;gas
Стартер 2000;+7 (499) 288-25-67;;Новоясеневский просп., вл3, Москва;starter2000.ru;55.613 37.518;gas
АмдЗап, автоцентр;+7 (495) 700-88-88;;ул. Красного Маяка, 16, Москва;amdzap.ru;55.614 37.587;gas
Автотехсервис;+7 (495) 972-16-47, +7 (495) 971-73-12;+7 (901) 546-16-47;Кировоградская ул., 11А, Москва;clubskoda.ru;55.617 37.607;gas
Finnautoparts;+7 (343) 288-79-57, +7 (383) 383-06-57, +7 (846) 300-44-75, +7 (3512) 42-01-57, +7 (4912) 43-42-75, +7 (3472) 00-06-75, +7 (3912) 28-72-50, +7 (495) 150-25-99, +7 (499) 110-18-75, +7 (473) 300-32-45;;Кировоградская ул., 11А, Москва;finnautoparts.ru;55.617 37.608;gas
Autocompas.ru;+7 (3832) 07-90-90, +7 (812-67) 9-78-78, +7 (3512) 14-35-35, +7 (495) 134-11-77, +7 (343) 227-57-57;+7 (922) 147-11-55;Варшавское ш., 132А, корп. 1, Москва;autocompas.ru;55.617 37.610;gas
Наклейки на авто;+7 (495) 505-20-03;+7 (925) 591-91-93, +7 (910) 464-33-11, +7 (925) 505-20-03;Варшавское ш., 132А, корп. 1, Москва;naklejki-na-avto.ru;55.617 37.610;gas
Kitzap.ru;+7 (495) 509-20-70;+7 (926) 622-89-48, +7 (954) 312-00-20;Варшавское ш., 132А, корп. 1, Москва;kitzap.ru;55.617 37.610;gas
K2-Parts.ru;+7 (499) 553-06-29;+7 (999) 818-94-72;Варшавское ш., 132А, корп. 1, Москва;k2-parts.ru;55.617 37.610;gas
Fork Machinery, торговая компания;+7 (495) 125-15-75;+7 (916) 070-00-10;Дорожная ул., 1, корп. 3, Москва;fork-m.ru;55.627 37.625;gas
Mbstore;+7 (495) 507-25-21;+7 (925) 507-25-21;Днепропетровский пр., 5, стр. 1, Москва;mbstore.pro;55.620 37.623;gas
Exist.ru, интернет-магазин автозапчастей;+7 (499) 009-03-53;;Кировоградская ул., 9, корп. 4, Москва;exist.ru;55.621 37.612;gas
Комдив;+7 (495) 915-84-48;;1-й Дорожный пр., 4, стр. 1, Москва;komdiv.ru;55.614 37.617;gas
STparts;+7 (495) 790-53-53, +7 (495) 798-95-30;+7 (927) 640-14-77, +7 (930) 851-30-42, +7 (915) 506-17-37, +7 (915) 611-62-82, +7 (917) 971-42-34, +7 (910) 719-02-81, +7 (900) 928-99-66, +7 (915) 464-91-49, +7 (927) 748-44-32, +7 (937) 263-23-20;1-й Дорожный пр., 4, стр. 1, Москва;stparts.ru;55.614 37.618;gas
Hondaworld, торговая компания;+7 (495) 660-36-30, +7 (812) 407-28-35;+7 (965) 255-65-75, +7 (968) 470-24-84;1-й Дорожный пр., 5, Москва;parts.ru , hondaworld.ru;55.615 37.622;gas
ДизельБел;+7 (499) 703-41-88;+7 (901) 147-75-84;Варшавское ш., 125, стр. 19, Москва;nasosforsunka.by , насосфорсунка.рф;55.626 37.622;gas
Опель-альянс, автотехцентр;+7 (495) 507-87-75;+7 (925) 507-87-75;Варшавское ш., 125, стр. 19, Москва;opel-alyans.ru;55.626 37.622;gas
ЕвроАвто;+7 (3832) 09-60-69, +7 (499) 649-12-99;+7 (913) 398-08-09;Варшавское ш., 125, стр. 2А, Москва;euroauto.ru;55.631 37.622;gas
RB-Studio;;+7 (929) 595-89-89;Варшавское ш., 125Ж, стр. 2, Москва;;55.624 37.622;gas
Тойота-клуб;;+7 (926) 816-26-70, +7 (926) 816-26-80;Варшавское ш., 125Ж, стр. 2, Москва;toyota-club-russia.ru , forum.toyota-club-russia.ru;55.624 37.622;gas
GoodMotors24;;+7 (925) 285-00-55;Днепропетровский пр., 5, стр. 1, Москва;goodmotors24.ru;55.620 37.622;gas
Лэнд Сервис;+7 (495) 742-77-35, +7 (495) 381-39-66, +7 (495) 389-13-77, +7 (495) 389-09-66, +7 (495) 381-37-74;+7 (925) 518-23-39;Днепропетровский пр., 5, стр. 1, Москва;landservice.ru;55.620 37.623;gas
Бендикс-шоп;;+7 (925) 358-44-93, +7 (910) 002-27-08;Днепропетровский пр., 5, стр. 1, Москва;bendiks-shop.ru;55.620 37.624;gas
Атт Варшавка;+7 (495) 126-45-19, +7 (495) 182-63-40, +7 (495) 380-10-45;+7 (965) 132-83-77;Днепропетровский пр., 5, Москва;glooshiteli.ru , att.ru;55.620 37.624;gas
TirBro;;+7 (939) 999-85-70;Дорожная ул., 3, корп. 6, Москва;tirbro.com;55.615 37.628;gas
Супербрейкс;+7 (495) 648-60-24;+7 (963) 687-56-82;Дорожная ул., 3, корп. 5Б, Москва;superbrakes.ru;55.616 37.629;gas
Турин-Авто;+7 (499) 391-48-63;+7 (901) 519-70-20;Кавказский бул., 59, стр. 5, Москва;turin-auto.ru , fiatparts.ru;55.625 37.631;gas
Русагродетали;;+7 (968) 968-24-26;Бутовская ул., 8, стр. 4, Москва;rusagrodetali.ru;55.615 37.664;gas
Exist.ru, интернет-магазин автозапчастей;+7 (495) 009-03-52;;ул. Маршала Захарова, 2, Москва;exist.ru;55.624 37.707;gas
ОкАвто;+7 (499) 719-82-42;+7 (965) 188-85-85, +7 (985) 188-85-85;Каширское ш., 61, корп. 3А, Москва;okauto.online;55.617 37.715;gas
STK-Auto;+7 (495) 021-10-10, +7 (495) 641-73-23;+7 (916) 248-22-93, +7 (962) 968-00-99;Каширское ш., 61, корп. 3А, Москва;smotors-auto.ru , autobye.ru;55.617 37.715;gas
ГайкаКар;+7 (495) 210-06-56, +7 (495) 222-94-60;+7 (985) 210-06-56, +7 (985) 222-94-60;Каширское ш., 61, корп. 3А, Москва;gaikacar.ru;55.617 37.715;gas
Запчасти Creta;;+7 (925) 362-62-64, +7 (916) 607-01-69;Каширское ш., 61, корп. 3А, Москва;zapchasti-creta.ru;55.617 37.715;gas
RamSklad, компания;+7 (499) 391-05-05;+7 (926) 226-25-40;Каширское ш., 61, корп. 3А, Москва;ramsklad.ru , pickupsklad.ru;55.618 37.716;gas
Автопилот11;+7 (181) 833-32-46;+7 (903) 010-85-75;Каширское ш., 61, корп. 3А, Москва;avtopilot11.ru;55.618 37.715;gas
Автомасла аккумуляторы;+7 (321) 236-59-30, +7 (321) 236-59-33;+7 (965) 337-33-11, +7 (963) 674-45-92;Каширское ш. (дублёр), 61/3А, Москва;masla-akb.ru;55.616 37.716;gas
Француз, магазин;+7 (495) 797-71-78, +7 (499) 455-07-59, +7 (499) 455-01-74, +7 (495) 150-18-88, +7 (495) 120-03-09;+7 (999) 599-44-12;Каширское ш., 61, корп. 3А, Москва;francuz.ru , apex.ru;55.616 37.716;gas
Автожелезки;+7 (495) 226-13-11;+7 (926) 581-00-22;Каширское ш., 61, корп. 3А, Москва;autozhelezki.ru;55.617 37.716;gas
Все Щётки;+7 (495) 744-62-62;+7 (925) 744-62-62;Каширское ш., 61, корп. 3А, Москва;vseschetki.ru;55.618 37.716;gas
Дайка-партс;+7 (241) 677-61-69, +7 (495) 665-80-43;+7 (968) 417-88-59, +7 (903) 506-15-55, +7 (968) 858-57-77, +7 (929) 940-32-32;Каширское ш. (дублёр), 61, корп. 3А, Москва;daikaparts.ru;55.617 37.716;gas
АвтоДефлектор.ру;+7 (495) 363-88-77, +7 (495) 799-05-52;;Каширское ш., 61, корп. 3А, Москва;autodeflektor.ru;55.617 37.716;gas
Автоцентрал;+7 (115) 176-72-01;+7 (966) 300-44-66, +7 (966) 300-44-77;Каширское ш. (дублёр), 61/3А, Москва;autocentral.ru;55.616 37.716;gas
Куросай;+7 (499) 009-03-43, +7 (495) 009-04-24, +7 (495) 009-03-96, +7 (499) 009-03-96, +7 (495) 748-97-74, +7 (495) 118-33-68, +7 (495) 009-03-97, +7 (495) 009-03-23;+7 (916) 385-76-76, +7 (985) 222-93-59, +7 (903) 795-55-27;Каширское ш., 61, корп. 3А, Москва;kurosai.ru;55.618 37.716;gas
Автоботмаг;;+7 (985) 813-00-05, +7 (909) 155-64-00;Каширское ш., 61, корп. 3А, Москва;avtobotmag.ru;55.618 37.716;gas
Elite Group, магазин автозапчастей;+7 (495) 668-05-80;+7 (915) 050-74-64;Каширское ш. (дублёр), 61, корп. 3А, Москва;elite-groups.ru;55.616 37.716;gas
Америка 24;;+7 (926) 119-61-41;Каширское ш., 61, корп. 3А, Москва;;55.617 37.716;gas
Mshops;+7 (499) 110-88-38;;Каширское ш. (дублёр), 61/3А, Москва;mshops.ru;55.617 37.716;gas
Актив-Партс;+7 (495) 225-58-45;;Каширское ш., 61, корп. 3А, Москва;;55.617 37.716;gas
Avis77;+7 (495) 231-08-95;;Каширское ш. (дублёр), 61, корп. 3А, Москва;avis77.ru;55.617 37.716;gas
Всеклипсы.рф;;+7 (995) 002-83-03, +7 (968) 650-66-78, +7 (909) 642-79-17;Каширское ш., 61, корп. 3А, Москва;всеклипсы.рф;55.617 37.716;gas
Nissan36;+7 (495) 729-60-47;;Каширское ш., 61, корп. 3А, Москва;nissan36.ru;55.617 37.716;gas
Myakb.ru;+7 (499) 499-18-09;+7 (925) 814-74-60, +7 (926) 326-39-05;Каширское ш. (дублёр), 61, корп. 3А, Москва;myakb.ru;55.612 37.717;gas
Точка опоры, производственно-торговая компания;;+7 (962) 728-00-00;Борисовский пр., 32, Москва;crt.ru , drive2.ru;55.620 37.727;gas
Lada Деталь, магазин автозапчастей;+7 (495) 343-75-02;;ул. Мусы Джалиля, 6, корп. 2, Москва;lada-detail.ru , lada.ru;55.628 37.741;gas
Би-би, автомагазин;+7 (495) 755-99-99, +7 (495) 241-29-29;+7 (965) 209-60-57, +7 (965) 209-44-59;ул. Мусы Джалиля, 6, корп. 2, Москва;bi-bi.ru;55.628 37.741;gas
Джазап;;+7 (900) 611-55-55;Ореховый бул., 24А, стр. 2, Москва;jazap.ru;55.613 37.752;gas
ЗапчастиЕсть;;+7 (910) 483-98-98;Ореховый бул., 24А, стр. 2, Москва;zapchasti-est.ru;55.613 37.753;gas
SvetlovBoxe;;+7 (924) 201-40-00;Москва, поселение Внуковское, улица Самуила Маршака, 10;svetlovboxe.ru;55.640 37.329;gas
Мастермерс;;+7 (925) 632-15-06;Производственная ул., 23, стр. 10, Москва;mastermerc.ru;55.643 37.377;gas
Ниссан-разборка.ру;+7 (495) 728-39-82;+7 (901) 519-77-64;Производственная ул., 23, стр. 1, Москва;nissan-razborka.ru;55.645 37.377;gas
Амазон-АС;;+7 (999) 869-54-00, +7 (901) 516-39-94;Боровское ш., 13, Москва;volvo-saab.ru;55.651 37.378;gas
Zameni.ru;+7 (495) 225-32-15;+7 (916) 615-63-34;Россия, Москва, поселение Московский, Киевское шоссе, 22-й километр, вл4блокА;zameni.ru;55.634 37.441;gas
AutoStation - Эбу и Abs;;+7 (903) 044-67-88;Россия, Москва, поселение Московский, Киевское шоссе, 22-й километр, дв4с5кЕ;kdn-21.ru;55.637 37.435;gas
Autostilist;;+7 (977) 370-79-39, +7 (916) 489-86-03;Россия, Москва, поселение Московский, Киевское шоссе, 22-й километр, вл4блокВ;;55.635 37.439;gas
Shacman - деталь;+7 (496) 418-48-04, +7 (495) 737-54-73, +7 (486) 418-48-04;;Москва, поселение Московский, Киевское шоссе, 22-й километр, 4с1кА;shacman-z4.ru;55.634 37.441;gas
Dvs Car;+7 (499) 113-06-04;+7 (964) 777-81-87;Россия, Москва, поселение Московский, Киевское шоссе, 22-й километр, 4;dvscar.ru;55.628 37.385;gas
KoreaRus.com, интернет-магазин корейских автозапчастей;;+7 (926) 982-17-77, +7 (926) 891-55-66, +7 (926) 891-55-55;Ленинский просп., 131, Москва;korearus.com , forsunka.club;55.644 37.473;gas
Es-auto.ru, автомагазин багажников;+7 (495) 481-41-31, +7 (495) 380-14-63, +7 (495) 640-68-63;;ул. Островитянова, 5, Москва;es-auto.ru , inno-japan.ru;55.645 37.495;gas
ES-Farkop.ru - фаркопы на автомобили;+7 (495) 108-69-20;;ул. Островитянова, 5, Москва;es-farkop.ru;55.645 37.494;gas
Turtle Store;+7 (495) 108-24-93, +7 (812) 909-35-46;;ул. Островитянова, 5, Москва;turtle-store.ru;55.645 37.494;gas
Ниссан;+7 (495) 979-28-51, +7 (495) 778-12-30;+7 (926) 676-15-69, +7 (901) 519-39-91, +7 (980) 072-58-50;Профсоюзная ул., 126, стр. 7, Москва;nissan-zabota.ru , nissan-rus.ru;55.634 37.519;gas
Exist.ru, интернет-магазин автозапчастей;+7 (495) 123-34-87, +7 (499) 009-03-54;;ул. Миклухо-Маклая, 55, Москва;exist.ru;55.642 37.532;gas
Two Car;;+7 (929) 610-07-97;ул. Бутлерова, 17, Москва;twocar.ru;55.650 37.540;gas
Profi-mag.ru;+7 (775) 782-34-56;+7 (925) 851-47-20, +7 (993) 999-40-40;ул. Бутлерова, 17Б, Москва;profi-mag.ru;55.648 37.541;gas
Интернет-магазин Mr. Мигалкин;;+7 (926) 150-64-05;ул. Бутлерова, 17Б, Москва;migalki.umi.ru;55.648 37.541;gas
Империя-картер, интернет-магазин;+7 (495) 175-53-77;;ул. Бутлерова, 17Б, Москва;imperia-karter.ru;55.649 37.541;gas
Townparts, магазин автозапчастей;+7 (495) 150-99-73, +7 (499) 288-19-46, +7 (495) 150-70-97;;Севастопольский просп., 95Б, Москва;townparts.ru;55.635 37.544;gas
Авторусь, магазин автотоваров и технического обслуживания;+7 (495) 276-15-95;;Севастопольский просп., 56А, Москва;autorus.ru;55.641 37.549;gas
ОнмАвто;;+7 (962) 985-46-25;Балаклавский просп., 30А, Москва;onm-auto.ru , onmauto.ru;55.644 37.587;gas
ПротивШума.рф;+7 (495) 514-40-23;+7 (925) 414-40-23, +7 (925) 432-40-81, +7 (905) 554-81-53, +7 (925) 514-40-23;Балаклавский просп., 4, корп. 8, Москва;protivshuma.ru , stp-shop.ru;55.641 37.616;gas
Skoda-bu.ru, интернет-магазин;;+7 (901) 546-09-31, +7 (905) 503-99-90;1-й Варшавский пр., 1А, Москва;skoda-bu.ru , skodabu.ru;55.648 37.626;gas
Арманд-авто, автомаркет;+7 (499) 110-53-65, +7 (495) 799-55-50, +7 (499) 110-54-49, +7 (499) 110-63-93;;Котляковская ул., 1, стр. 25, Москва;armand-auto.ru;55.643 37.626;gas
Единый Центр Авторазборов;;+7 (984) 777-04-51, +7 (995) 333-49-01;Котляковская ул., 1, Москва;center-autorazborov.ru , eca-lider.ru;55.642 37.627;gas
Dvigas;;+7 (929) 641-14-98;Котляковская ул., 2, Москва;dvigas.ru;55.642 37.628;gas
Steklafar.ru;;+7 (967) 758-40-98, +7 (961) 336-30-30, +7 (902) 358-23-40;Промышленная ул., 11, стр. 2, Москва;steklafar.ru;55.634 37.631;gas
Бусдеталь, компания;;+7 (909) 646-33-25;Котляковская ул., 6, Москва;busdetal.ru;55.642 37.639;gas
Newautoparts;;+7 (903) 960-54-80;Промышленная ул., 10А, Москва;newautoparts.ru;55.635 37.632;gas
Ангармоторов;+7 (495) 230-21-41, +7 (499) 686-04-12, +7 (499) 686-12-80;;Котляковская ул., 3, Москва;;55.643 37.634;gas
DVS-Moscow;+7 (495) 517-80-97;+7 (926) 226-21-10, +7 (925) 517-80-97;Котляковская ул., 4, Москва;dvs-moscow.ru;55.642 37.635;gas
Двигатели Шевроле;;+7 (926) 908-54-54;Котляковская ул., 4, Москва;angarmotorov.ru;55.642 37.634;gas
RetroSalon.ru;+7 (495) 507-45-45, +7 (495) 797-66-07;+7 (903) 797-66-07, +7 (925) 507-45-45;Котляковская ул., 6, стр. 8, Москва;retrosalon.ru , htmls.ru;55.643 37.639;gas
Орса;+7 (132) 615-52-12, +7 (582) 137-81-01, +7 (142) 526-51-08, +7 (292) 516-68-97, +7 (111) 311-24-33, +7 (122) 263-71-09, +7 (205) 222-62-13, +7 (495) 133-82-76, +7 (145) 131-48-82;+7 (910) 973-14-83, +7 (965) 726-23-52;Деловая ул., 11, стр. 5, Москва;orsa-parts.ru;55.632 37.642;gas
Япона мама-tuning shop;+7 (495) 088-86-00;;Деловая ул., 11, стр. 5, Москва;jpmamashop.ru;55.632 37.642;gas
Моторинтех, ремонтная компания;+7 (495) 325-01-31, +7 (495) 785-81-37;;Кантемировская ул., 59А, Москва;motorinteh.ru , motorintech.ru;55.636 37.645;gas
ТехноЗапчасть;+7 (499) 782-95-09, +7 (8552) 44-54-15, +7 (499) 782-97-47;+7 (915) 247-13-03, +7 (952) 033-69-95, +7 (916) 659-40-33;1-й Котляковский пер., 12, Москва;технокам-тд.рф;55.643 37.642;gas
Авторазбор;+7 (495) 220-96-56;+7 (985) 220-96-56, +7 (925) 629-28-45;ул. Москворечье, вл8, Москва;razborbmw.ru;55.649 37.646;gas
LRparts;+7 (495) 655-66-55, +7 (499) 350-30-82, +7 (495) 655-66-66;+7 (965) 170-04-02, +7 (985) 553-48-82;ул. Москворечье, 31, корп. 1, Москва;lrparts.ru;55.645 37.660;gas
GeniStar;+7 (495) 999-16-83;+7 (965) 288-97-22;ул. Москворечье, 14Б, стр. 7, Москва;genistar.ru;55.644 37.664;gas
VagDaddy;;+7 (916) 087-55-88, +7 (916) 087-55-99;Каширское ш., 43, корп. 2, стр. 5, Москва;vagdaddy.ru;55.645 37.681;gas
Ford-Pro;;+7 (926) 199-53-36, +7 (966) 099-53-36;Проектируемый пр. № 4294, 8, стр. 7, Москва;ford-pro.ru;55.652 37.689;gas
MiniKingdom;;+7 (977) 102-10-11, +7 (916) 780-50-87;Проектируемый пр. № 4294, 1А, стр. 18, Москва;minikingdom.ru;55.650 37.695;gas
Pride avto;;+7 (985) 760-24-86, +7 (929) 665-30-20, +7 (915) 123-99-66;ул. Борисовские Пруды, 31, стр. 36, Москва;ford-495.ru;55.637 37.729;gas
Avto-197.ru иномарки-з. части;;+7 (985) 970-05-50, +7 (968) 890-98-18;ул. Перерва, 24, Москва;avtodrom.su;55.652 37.731;gas
Корейские автозапчасти;+7 (495) 739-96-66;+7 (968) 066-44-33, +7 (963) 710-96-66;Люблинская ул., 171, корп. 1, Москва;autokoreanka.ru;55.646 37.746;gas
AutoMotoRamka.ru;;+7 (906) 769-32-45, +7 (926) 169-89-04;Ключевая ул., 20, Москва;automotoramka.ru;55.634 37.761;gas
Авто-Космос;+7 (495) 506-52-36;+7 (925) 506-52-36;Братеевская ул., 37, корп. 1, Москва;auto-cosmos.ru;55.637 37.769;gas
Portercom, магазин автозапчастей для корейских автомобилей;+7 (495) 514-27-96, +7 (495) 798-61-71;+7 (985) 643-81-91, +7 (926) 075-26-07;Братеевская ул., 18, корп. 5, Москва;portercom.ru;55.632 37.770;gas
Братеево Авто;+7 (495) 988-93-94, +7 (495) 988-59-22, +7 (495) 988-96-68;;Братеевская ул., 20, корп. 1, стр. 4, Москва;brateevo-avto.com , brateevo-avto.ru;55.635 37.770;gas
Авто-Гир;;+7 (964) 508-04-74, +7 (906) 225-85-48;Братеевская ул., 20, корп. 2, Москва;avto-gear.su;55.634 37.771;gas
PARTizanAuto;+7 (495) 215-54-77;+7 (916) 593-77-17;1-й Капотнинский пр., 41, стр. 1, Москва;partizanauto.ru;55.634 37.806;gas
Atl market, сервисный центр;+7 (495) 198-15-13, +7 (495) 771-20-10;+7 (903) 742-62-06, +7 (977) 611-73-32;2-я Карпатская ул., 2, Москва;атлсервис.рф , atlmarket.ru;55.654 37.370;gas
МоторАвто;+7 (495) 749-51-77, +7 (495) 720-70-76;+7 (903) 724-92-03, +7 (903) 549-51-77, +7 (903) 795-40-49, +7 (903) 720-70-76, +7 (905) 546-75-95;Новомещерский пр., вл7Ас1, Москва;motoravto.ru;55.658 37.378;gas
Макси Авто;+7 (495) 995-91-39, +7 (495) 995-91-32;;Московская ул., 12, Москва;maxi-auto.ru;55.670 37.413;gas
РосТехКомплекс;;+7 (995) 504-77-75;Домостроительная ул., 1, корп. 3, Москва;;55.666 37.428;gas
Доставто;+7 (495) 128-86-05;+7 (966) 183-18-81;Озёрная ул., 46, корп. 2, стр. 14, Москва;moscow.dostavto.ru;55.670 37.435;gas
Империя Land Rover;;+7 (925) 548-09-11, +7 (926) 052-20-08, +7 (939) 999-86-04;Озёрная ул., 42, стр. 6, Москва;imperia-landrover.ru;55.670 37.444;gas
Stm;;+7 (926) 112-35-06;Озёрная ул., 42, Москва, Россия;zpstm.ru;55.672 37.446;gas
Карллсон, магазин автозапчастей;;+7 (909) 962-33-99, +7 (926) 907-66-66;Озёрная ул., 35, стр. 3, Москва;;55.669 37.448;gas
Ровер Ленд Юго-Запад;+7 (495) 268-04-24, +7 (495) 668-07-76, +7 (495) 256-02-55, +7 (495) 668-06-58;+7 (925) 793-80-60, +7 (925) 771-99-30, +7 (925) 860-19-30;Никулинская ул., 23, корп. 4, стр. 1, Москва;roverland.ru;55.668 37.448;gas
Volga-21.ru;;+7 (910) 454-72-12;Никулинская ул., 23, корп. 4, стр. 1, Москва;volga-21.ru;55.668 37.448;gas
Jdm parts, магазин автозапчастей;+7 (495) 984-87-86;;Никулинская ул., 23, корп. 4, Москва;jdmparts.ru;55.667 37.449;gas
Morisjoys.ru;+7 (499) 638-25-05, +7 (812) 407-20-51;;Никулинская ул., 23, корп. 1, Москва;morisjoys.ru;55.669 37.452;gas
Автогусеницы;;+7 (925) 307-46-57, +7 (929) 505-47-55;Тропарёвская ул., 4, стр. 1, Москва;автогусеницы.рф;55.664 37.464;gas
Магнум Моторс;+7 (462) 424-24-13, +7 (499) 444-55-49;+7 (906) 044-04-73, +7 (915) 001-59-33, +7 (921) 306-88-95;ул. Академика Анохина, 6, стр. 1, Москва;magnummotors.ru , magnummoto.ru;55.669 37.471;gas
Off-road-light.ru;+7 (526) 858-40-00, +7 (495) 232-19-96;;просп. Вернадского, 94, корп. 3, Москва;off-road-light.ru;55.653 37.473;gas
Важная персона, сервисный центр премиум-класса;+7 (499) 705-05-30;+7 (925) 506-15-18;ул. Академика Волгина, 8А, стр. 2, Москва;vippersona-m.ru , maserati.vippersona-m.ru;55.652 37.516;gas
Lexto, техцентр по обслуживанию и ремонту автомобилей;+7 (495) 128-76-19, +7 (495) 128-41-42, +7 (495) 128-75-42, +7 (495) 960-36-31, +7 (495) 128-76-49, +7 (495) 128-75-97, +7 (495) 128-73-29;;ул. Обручева, 21, стр. 4, Москва;lexto.ru;55.658 37.522;gas
ZenAuto;+7 (495) 664-60-90;;ул. Обручева, 21, стр. 4, Москва;zenauto.ru;55.658 37.522;gas
Fit service, автосервис;+7 (499) 402-91-12;+7 (906) 909-78-02;Старокалужское ш., 65, Москва;fitautolab.ru , fitauto.ru , chats.viber.com , moskva.fitauto.ru;55.660 37.539;gas
CarMine;+7 (499) 665-30-88, +7 (495) 797-60-03;;ул. Воронцовские Пруды, 3, Москва;hondacarmine.ru;55.664 37.536;gas
Тойота Кармин;+7 (495) 797-41-51;;ул. Воронцовские Пруды, 3, Москва;toyotacarmine.ru;55.664 37.537;gas
Лексус Кармин;+7 (495) 797-35-97;;ул. Воронцовские Пруды, 3, Москва;lexuscarmine.ru;55.664 37.538;gas
Agu Service;;+7 (967) 079-97-32;Профсоюзная ул., 63, стр. 5, Москва;aguservice.ru;55.653 37.540;gas
Кореец;;+7 (985) 998-60-12, +7 (977) 374-31-71;ул. Намёткина, 8, стр. 4, Москва;remont-koreaauto.ru;55.662 37.550;gas
Gilza;+7 (495) 946-84-18;;ул. Намёткина, 6, корп. 1, Москва;obmani-lyambdu.ru;55.663 37.550;gas
Pnevmo-Pro, интернет-магазин;+7 (8612) 38-87-29, +7 (812) 770-48-76, +7 (495) 191-12-66;+7 (989) 128-07-28, +7 (926) 163-17-97;Научный пр., 8, стр. 1, Москва;pnevmo-pro.ru , clck.ru;55.656 37.552;gas
Rst;+7 (603) 808-74-38, +7 (495) 003-42-19, +7 (495) 908-89-90, +7 (495) 771-07-34;+7 (995) 787-90-09, +7 (925) 771-07-34;ул. Цюрупы, 1, стр. 20, Москва;rst-moscow.ru;55.670 37.580;gas
Altservice;+7 (495) 258-47-12;+7 (926) 305-16-17;Одесская ул., 6, стр. 2, Москва;altservice.pro;55.662 37.595;gas
Элвис авто;;+7 (916) 994-97-57, +7 (916) 994-94-57;Одесская ул., 6, Москва;elvis-auto.com;55.663 37.597;gas
GM-Master;+7 (499) 384-19-93, +7 (499) 348-19-93, +7 (499) 348-19-95;+7 (968) 654-65-52, +7 (925) 797-39-10;Электролитный пр., 12Б, Москва;gm-master.ru;55.671 37.614;gas
Opel-T;+7 (495) 646-62-71, +7 (495) 721-11-93;+7 (966) 327-13-85;Электролитный пр., 12Б, стр. 2, Москва;opelt.ru;55.670 37.615;gas
Винавто777;;+7 (963) 751-89-85;Электролитный пр., 12Б, Москва;vinauto777.ru;55.670 37.615;gas
Auto3N;+7 (495) 104-21-55;;Варшавское ш., 75, корп. 1, Москва;auto3n.ru;55.659 37.620;gas
Smzap.ru;;+7 (977) 539-03-22;Каширский пр., 8А, стр. 2, Москва;smzap.ru;55.658 37.624;gas
Мир Субару;+7 (495) 764-60-35, +7 (495) 764-55-45;;Варшавское ш., 46А, стр. 4, Москва;wsubaru.ru;55.669 37.624;gas
Автоплюс77;;+7 (905) 799-93-38;Варшавское ш., 46А, стр. 4, Москва;autoplus77.ru;55.669 37.624;gas
Автобагажники;+7 (495) 025-01-45;;Варшавское ш., 46А, стр. 4, Москва;bgznk.ru;55.669 37.624;gas
WhatsZap;;+7 (926) 884-77-07;Варшавское ш., 46А, стр. 4, Москва;whatszap.ru;55.669 37.624;gas
Китайский Танк;+7 (495) 644-35-79;;Варшавское ш., 46А, стр. 2, Москва;kittank.ru;55.669 37.624;gas
PartsPlus;;+7 (903) 509-95-05, +7 (903) 509-95-55, +7 (925) 575-06-24;Варшавское ш., 46А, стр. 3, Москва;cars-nsk.ru , partsplus.ru;55.670 37.624;gas
Сорокин, торговый дом;+7 (3832) 84-20-12, +7 (499) 706-89-78, +7 (812) 412-43-23, +7 (495) 134-91-00;;Варшавское ш., 65, корп. 2, Москва;sorokin.ru;55.670 37.627;gas
Инфинити Маркет;;+7 (901) 387-91-92, +7 (909) 917-74-18, +7 (977) 905-31-32, +7 (977) 333-76-77;Каширский пр., 17, стр. 10, Москва;infinitimarket.pro;55.656 37.629;gas
Магавто, магазин автомасел;+7 (495) 509-38-19;+7 (915) 000-10-07, +7 (985) 464-94-09;Каширское ш., 5, корп. 1, Москва;cxod-razval.ru , mag-oil.ru;55.671 37.630;gas
Кармеханик;;+7 (966) 175-60-50;Хлебозаводский пр., 7А, Москва;carmech.pro;55.671 37.632;gas
Магазин автозапчастей и автотоваров;;+7 (925) 616-58-56;Хлебозаводский пр., 7А, Москва;zakaz-motor.ru;55.671 37.631;gas
Братство Стали;;+7 (925) 073-89-00;Хлебозаводский пр., 7А, Москва;steel-tunings.ru;55.671 37.632;gas
Ксенон даром;+7 (495) 460-60-63, +7 (499) 460-60-63;+7 (968) 469-11-92, +7 (967) 080-89-98;Хлебозаводский пр., 7А, Москва;xenondarom-service.ru , xenon-darom.ru;55.671 37.632;gas
Т4;;+7 (962) 939-58-75;Каширское ш., вл9Г, Москва;vw-transporter-t4.ru;55.669 37.633;gas
Моторимпорт;;+7 (916) 206-44-22, +7 (915) 342-51-33;1-й Котляковский пер., 2Б, Москва;motorimport.ru;55.654 37.636;gas
Motor land;+7 (495) 502-60-98;+7 (926) 600-42-08;1-й Котляковский пер., 2Б, Москва;motor-land.ru;55.655 37.636;gas
Т4 авто;;+7 (929) 108-11-08, +7 (969) 108-10-00;1-й Котляковский пер., 1Б, стр. 2, Москва;auto108.ru;55.655 37.636;gas
MS-Group;+7 (499) 113-18-53;+7 (925) 585-80-66;Россия, Москва, Южный административный округ, район Нагатино-Садовники;motorsklad.ru , motorswap.ru , motorspec.ru;55.655 37.637;gas
XS-club.ru;+7 (495) 722-78-54;;Батюнинский пр., 9, стр. 1, Москва;xs-club.ru;55.665 37.697;gas
Фуравто;+7 (495) 761-57-04, +7 (495) 922-15-09;+7 (985) 922-15-09, +7 (985) 221-60-44, +7 (985) 761-57-04;Батюнинский пр., 15, Москва;furauto.ru;55.666 37.698;gas
Моторкпп;+7 (495) 922-20-56;+7 (967) 470-19-08;Проектируемый пр. № 5112, 12А, Москва;моторкпп.рф;55.664 37.707;gas
CarsLed.ru;+7 (495) 188-12-57;+7 (964) 943-36-00;Проектируемый пр. № 5112, 7, стр. 1, Москва;carsled.ru;55.662 37.710;gas
Рессора Плюс;+7 (495) 642-38-99;+7 (929) 555-34-55, +7 (925) 642-38-99, +7 (926) 100-77-70, +7 (926) 351-71-69;Шоссейная ул., 90, стр. 5, Москва;intrakk.com , ressoraplus.ru;55.664 37.710;gas
Техавтоценр;+7 (495) 598-54-10;;Шоссейная ул., 100, стр. 1, Москва;avtocenter.ru;55.662 37.714;gas
Рина-Авто;;+7 (920) 670-21-20;ул. Песчаный Карьер, 3, Москва;rina-auto.ru;55.663 37.713;gas
Бикст Автозапчасти;;+7 (905) 760-22-27, +7 (905) 760-33-37;Шоссейная ул., 90, стр. 17, Москва;bixt.ru;55.664 37.713;gas
Рекарс;;+7 (925) 237-45-41;Шоссейная ул., 100, стр. 1, Москва;recars.org;55.662 37.714;gas
БусЦентр;+7 (863) 303-36-73, +7 (473) 200-01-76, +7 (472) 277-78-57, +7 (499) 112-48-73;+7 (905) 674-42-45;ул. Перерва, 1, Москва;buscentr.ru;55.657 37.717;gas
Магазин автозапчастей и автотоваров;;+7 (926) 818-16-77, +7 (926) 564-02-07, +7 (926) 538-98-68;ул. Перерва, 1А, Москва;zapchasti-zaz.ru;55.658 37.718;gas
Razbor-city;;+7 (968) 875-50-15, +7 (968) 627-50-15;Егорьевский пр., 22, Москва;razbor-city.ru;55.668 37.731;gas
Премиум ойл77, магазин автозапчастей;+7 (495) 981-63-63, +7 (495) 777-11-34, +7 (495) 795-75-54;+7 (965) 208-89-01, +7 (968) 639-10-50;Иловайская ул., 3, стр. 14, Москва;premiumoil77.ru , premium-parts.ru , premiumparts.su;55.658 37.722;gas
Союз авто, магазин автомобильных запчастей;+7 (8312) 99-09-90, +7 (499) 356-73-00;+7 (915) 477-29-30;ул. Нижние Поля, 31, Москва;azgaz.ru , lada.ru;55.657 37.730;gas
Рем-зона.рф автодетали новые и б. у подбор продажа;;+7 (968) 100-00-29;Люблинская ул., 96, Москва;avtodrom.su;55.657 37.739;gas
Mdm-Auto;+7 (495) 505-23-80;+7 (926) 097-57-49;Егорьевский пр., 12, стр. 6, Москва;mdmauto.ru;55.669 37.732;gas
Ford-Mazda-Volvo;+7 (4812) 67-83-38, +7 (495) 500-64-58, +7 (4812) 69-48-84, +7 (831-42) 8-81-99;+7 (985) 123-20-20, +7 (910) 896-33-44, +7 (985) 789-55-66, +7 (985) 010-79-79, +7 (985) 157-00-75;Егорьевский пр., 37, Москва;ford-mazda-volvo.ru , fordhelp.ru;55.667 37.733;gas
Автовольт, компания по ремонту стартеров и генераторов;+7 (495) 364-89-96;+7 (925) 506-24-48, +7 (985) 227-67-93, +7 (985) 643-53-56, +7 (925) 502-30-74, +7 (985) 364-89-96;ул. Перерва, 21А, стр. 1, Москва;avto-texcentr.ru;55.654 37.735;gas
Авто3Н;+7 (495) 104-20-45;;Люблинская ул., 100, Москва;auto3n.ru;55.655 37.739;gas
Omnizap;;+7 (916) 388-58-85;Люблинская ул., 100, корп. 2, Москва;omnizap.ru;55.654 37.740;gas
Exist.ru, интернет-магазин автозапчастей;+7 (495) 009-03-93;;Люблинская ул., 100, корп. 2, Москва;exist.ru;55.654 37.740;gas
Точка запчастей;+7 (495) 364-21-82;+7 (925) 331-30-28;Люблинская ул., 141, Москва;point-parts.ru;55.666 37.741;gas
Би-би, автомагазин;+7 (495) 345-23-10, +7 (495) 345-21-10;;Люблинская ул., 157, Москва;bi-bi.ru;55.655 37.743;gas
Автопатриот;+7 (495) 723-01-43;+7 (909) 941-12-68, +7 (909) 941-03-53;ул. Перерва, 43, Москва;autopatriot.ru;55.660 37.748;gas
Фобил-авто;+7 (499) 271-70-71;+7 (968) 464-90-90;Мячковский бул., 5, корп. 1, Москва;fobil-auto.ru;55.657 37.754;gas
AvtoALL;+7 (495) 180-45-46;+7 (966) 182-67-55;Братиславская ул., 14, Москва;avtoall.ru;55.659 37.757;gas
Rta, торгово-сервисный центр для иномарок;+7 (495) 226-94-50, +7 (499) 678-28-77;;ул. Верхние Поля, 55А, Москва;rta-msk.ru;55.659 37.800;gas
Спецкомзапчасть, магазин автозапчастей;+7 (499) 705-03-73;+7 (958) 111-54-89;Поречная ул., 31, корп. 1, Москва;speckomzapchast.ru;55.653 37.773;gas
Autozap77, магазин автозапчастей;;+7 (977) 288-52-52, +7 (916) 110-60-60, +7 (985) 768-19-77;Перервинский бул., 25, Москва;autozap77.ru;55.656 37.774;gas
СКДавто;;+7 (977) 850-55-19, +7 (977) 807-55-60;ул. Марьинский Парк, 1, Москва;skdauto.ru;55.654 37.777;gas
АКБ ЭнергоМет;+7 (495) 517-77-86, +7 (495) 755-19-00;+7 (906) 840-09-88, +7 (909) 920-86-66, +7 (939) 111-60-38, +7 (999) 508-80-00, +7 (903) 001-77-85, +7 (916) 339-88-59, +7 (903) 139-63-99;ул. Верхние Поля, 51Б, Москва;akb-moscow.ru;55.662 37.800;gas
ТехТрак Групп Р.;+7 (495) 225-99-43;;ул. Верхние Поля, 51А, Москва;techtruck.ru;55.663 37.801;gas
ТрастЗапчасть;;+7 (925) 617-68-51, +7 (999) 986-19-22, +7 (925) 216-07-35;ул. Верхние Поля, 61, стр. 1, Москва;trast-zapchast.ru;55.658 37.803;gas
Турбо Шоп;+7 (495) 201-49-02;+7 (926) 575-49-02, +7 (911) 929-11-61;Рябиновая ул., 38Б, стр. 2, Москва;turbo-shop.ru;55.683 37.421;gas
Power-Stop.ru;+7 (812) 408-41-14, +7 (495) 669-15-09;+7 (925) 873-18-09;Рябиновая ул., 34А, стр. 4, Москва;power-stop.ru;55.690 37.422;gas
CarTech Moscow;;+7 (903) 783-21-11;Рябиновая ул., 34А, стр. 6, Москва;cartech.moscow;55.690 37.423;gas
Toptk;+7 (495) 109-41-49, +7 (812) 209-41-49;;Рябиновая ул., 46, стр. 15, Москва;toptk.ru;55.677 37.426;gas
МарисАвто;+7 (499) 347-13-47;+7 (925) 347-13-47;Рябиновая ул., 63А, стр. 4, Москва;mrsv.ru;55.685 37.433;gas
Euro-Dvigatel.ru;+7 (499) 703-47-22;+7 (920) 434-71-66;Рябиновая ул., 44, стр. 31, Москва;euro-dvigatel.ru;55.673 37.434;gas
Авторазбор Volvo Jaguar Land Rover;;+7 (939) 555-46-13, +7 (925) 123-94-44, +7 (958) 222-22-03;Рябиновая ул., 63А, стр. 3, Москва;volvocentr.ru;55.685 37.434;gas
Swed-Motors;;+7 (909) 675-86-86;Рябиновая ул., 63А, стр. 14, Москва;volvo-razborki.ru;55.685 37.435;gas
КлеверАвто. клуб;;+7 (925) 160-20-10;Рябиновая ул., 65, стр. 6, Москва;cleverauto.club;55.679 37.435;gas
JNauto;+7 (495) 979-78-64;;Рябиновая ул., 69, стр. 5, Москва;jnauto.ru;55.678 37.437;gas
СТ-Партс;;+7 (903) 955-34-66, +7 (903) 136-87-16, +7 (903) 955-19-86;Большая Очаковская ул., 47А, стр. 1, Москва;parts70.ru;55.674 37.440;gas
СМС-Авто;+7 (200) 220-08-45, +7 (495) 151-80-03, +7 (495) 797-96-20, +7 (495) 125-45-51, +7 (495) 255-22-97;+7 (903) 295-22-60, +7 (965) 114-87-89, +7 (968) 719-91-91, +7 (906) 034-28-21, +7 (966) 031-69-24, +7 (968) 719-75-75;ул. Генерала Дорохова, 20, стр. 1, Москва;smsauto.ru;55.690 37.439;gas
Авторазборка Лексус;+7 (495) 532-34-57;;ул. Генерала Дорохова, 20, стр. 1, Москва;lexus-plus.ru;55.690 37.439;gas
Моторлаб;;+7 (903) 717-67-14;ул. Генерала Дорохова, 20, стр. 1, Москва;motor-lab.pro , drive2.ru;55.690 37.440;gas
Южная Студия;;+7 (903) 278-50-50;Никулинская ул., 33Б, стр. 1, Москва;southstudio.ru;55.672 37.440;gas
Korrazbor;;+7 (925) 737-58-14, +7 (925) 737-58-19;Очаковское ш., 36А, Москва;korrazbor.ru;55.684 37.440;gas
Автопазл;+7 (495) 662-99-91;+7 (999) 894-04-27, +7 (925) 050-90-97, +7 (999) 894-10-47;Очаковское ш., 40, стр. 3, Москва;avtopazl.ru;55.684 37.440;gas
Автопазл;+7 (495) 476-53-55;;Очаковское ш., 40, стр. 4, Москва;avtopazl.ru , avtopazl-service.ru;55.683 37.440;gas
Westport Official;+7 (495) 249-88-35;+7 (926) 333-43-78;Большая Очаковская ул., 47А, стр. 1, Москва;westport.pro;55.674 37.440;gas
Все фаркопы;+7 (495) 021-87-87;;ул. Марии Поливановой, 9, Москва;vsefarkopy.ru;55.679 37.453;gas
Фелекс Авто;;+7 (905) 785-43-45;ул. Академика Анохина, 2, корп. 9, Москва;felexauto.ru , avito.ru;55.674 37.472;gas
Автосвечи;+7 (499) 390-39-01, +7 (495) 765-65-85, +7 (495) 638-54-80;;ул. Удальцова, 60, Москва;auto-svechi.com;55.688 37.488;gas
Fservis, автотехцентр;+7 (495) 222-60-64;+7 (916) 790-66-00;просп. Вернадского, 12Д, Москва;skoda-fs.com , fservis.ru;55.686 37.511;gas
РусЛайн;+7 (495) 950-51-15;;Ленинский просп., 89/2, Москва;parts-rusline.ru;55.678 37.532;gas
Артемид групп, магазин автозапчастей;+7 (495) 979-46-39, +7 (495) 979-80-51;+7 (901) 519-80-51;ул. Вавилова, 54, корп. 1, Москва;artemid-gr.ru;55.689 37.557;gas
Все для американских авто Тритон-Импорт;+7 (499) 322-23-53;;ул. Кржижановского, 3, Москва;ti-part.ru;55.683 37.561;gas
Кастом Конвенция;;+7 (925) 384-58-24;Нахимовский просп., 47, Москва;ccrevent.org;55.675 37.568;gas
Мистер Мотор;+7 (499) 290-78-28;+7 (967) 278-92-97, +7 (926) 762-82-52, +7 (916) 733-44-00;Большая Черёмушкинская ул., 21, Москва;mr-motor.ru;55.681 37.589;gas
Dba;+7 (499) 127-48-84, +7 (499) 123-02-03;;ул. Ремизова, 10, Москва;dba.com.ru , hawk.com.ru;55.676 37.601;gas
Volvo-parts.ru;+7 (495) 517-85-17;+7 (964) 517-80-80;Загородное ш., 15, корп. 1, Москва;volvo-parts.ru;55.692 37.603;gas
Авторазборкарф.ру;+7 (495) 723-57-40, +7 (495) 988-55-09;+7 (903) 532-06-00, +7 (903) 722-25-02, +7 (925) 502-55-12, +7 (903) 722-25-72, +7 (925) 504-95-44, +7 (926) 831-23-05, +7 (905) 511-33-03, +7 (903) 724-09-71;Нагорный пр., 12, корп. 3, Москва;avtorazborkarf.ru;55.689 37.607;gas
Kardan Subaru;+7 (499) 500-14-92, +7 (499) 322-07-84;;Нагорный пр., 12, Москва;kardan-subaru.ru;55.685 37.613;gas
Aturbo.ru;+7 (495) 249-45-00;;Нагорный пр., 7, стр. 7, Москва;aturbo.ru;55.686 37.618;gas
Porsche-Pro;;+7 (929) 587-63-10;Варшавское ш., 28А, Москва;porsche-pro.ru;55.682 37.618;gas
Detalibu, магазин автозапчастей;+7 (495) 989-74-43;+7 (916) 306-67-27, +7 (906) 785-02-88;Варшавское ш., 38А, Москва;;55.678 37.623;gas
Alt-str, мастерская;+7 (495) 997-93-48;+7 (985) 477-59-81;Варшавское ш., 45, Москва;alt-str.clients.site , alt-str.ru;55.680 37.625;gas
Auto gadget tuning;;+7 (916) 691-68-87;Варшавское ш., 39Б, стр. 1, Москва;agtcompany.ru;55.686 37.627;gas
Мв Компонент;;+7 (953) 703-31-11, +7 (917) 456-22-80, +7 (925) 276-78-48;Нагатинская наб., 4, корп. 1, Москва;mb-component.ru;55.686 37.628;gas
Rta;+7 (499) 678-28-79;;1-й Нагатинский пр., 2, стр. 27, Москва, Россия;rta-msk.ru;55.685 37.630;gas
AvtoRazb;;+7 (965) 449-99-92, +7 (926) 269-79-13, +7 (968) 701-17-79, +7 (925) 064-65-95;1-й Нагатинский пр., 2, стр. 30, Москва;bmw-razb.ru , avito.ru;55.685 37.630;gas
Delphi Technologies, представительство в г. Москве;+7 (495) 725-10-40;;Варшавское ш., 47, корп. 4, Москва;delphiautoparts.com , borgwarner.com;55.679 37.630;gas
МоторАКПП;+7 (495) 975-95-77, +7 (495) 476-51-48;+7 (903) 204-02-50;1-й Нагатинский пр., 2, стр. 17, Москва;motorakpp.ru;55.684 37.632;gas
МТЗ-Трейд;+7 (529) 785-73-80;;Каширское ш., 3, корп. 2, стр. 12, Москва;mtztrade.ru;55.673 37.632;gas
Тотал дизель, магазин автозапчастей;+7 (495) 772-38-08, +7 (495) 507-57-42, +7 (495) 984-87-32;+7 (977) 871-56-50;Высокая ул., 3, Москва;totaldiesel.pro , totaldiesel.ru;55.679 37.652;gas
Z-Renault, интернет-магазин;+7 (495) 152-21-21;;Высокая ул., 3, Москва;z-renault.ru;55.679 37.652;gas
Бампер-Мск;+7 (499) 394-74-46;+7 (929) 675-79-35, +7 (925) 023-46-79;ул. Садовники, 11А, Москва;bamper-msk.ru;55.674 37.658;gas
Рекам Гр;+7 (499) 394-49-80, +7 (495) 215-09-35;+7 (926) 330-38-30, +7 (966) 165-61-61;Нагатинская ул., 29, корп. 4, Москва;recamgr.ru;55.679 37.658;gas
Hybrids;;+7 (965) 227-61-82, +7 (965) 227-56-19;ул. Садовники, 11, корп. 2, стр. 20, Москва;hybrids.ru;55.675 37.658;gas
Сервисный центр ЛР-Прайм;+7 (495) 106-07-77, +7 (499) 518-05-95, +7 (499) 519-00-01, +7 (495) 132-24-44, +7 (495) 106-04-44, +7 (495) 987-11-15, +7 (495) 106-02-22, +7 (495) 519-00-01;+7 (985) 999-35-70, +7 (977) 811-72-07, +7 (925) 744-72-74;просп. Андропова, 22, стр. 5, Москва;lr-yug.ru , service-landrover.ru;55.683 37.659;gas
GM Club;+7 (499) 648-10-85, +7 (495) 128-93-83, +7 (495) 369-32-01, +7 (499) 350-01-60, +7 (495) 727-80-20, +7 (499) 649-30-07;;просп. Андропова, 22, Москва;gmclub.ru;55.683 37.661;gas
LRService;+7 (495) 221-70-90, +7 (495) 023-42-99, +7 (495) 156-11-60;;просп. Андропова, 22, Москва;lrservice.info , lrservice.ru;55.683 37.662;gas
АвтоЛК;+7 (495) 740-67-77, +7 (114) 143-99-75;;ул. Речников, 19, стр. 3, Москва;autolk.ru;55.680 37.693;gas
Успенский ралли техника, автоцентр;+7 (495) 287-33-33;;ул. Речников, 29, стр. 5, Москва;urt.ru;55.679 37.693;gas
Lada Деталь, магазин автозапчастей;+7 (495) 354-35-54;;ул. Полбина, 6, Москва;lada-detail.ru , lada.ru;55.691 37.730;gas
Би-би, автомагазин;;+7 (963) 698-23-09;ул. Полбина, 6, Москва;bi-bi.ru;55.691 37.730;gas
Автолайff Автолайф;;+7 (903) 720-09-91;ул. Гурьянова, 65, Москва;avtoliffe.ru;55.678 37.717;gas
Пбавто;+7 (495) 323-90-36;;Егорьевский пр., 2А, стр. 5, Москва;pbauto.ru;55.673 37.733;gas
Mos. parts;+7 (499) 444-53-95;;просп. 40 лет Октября, 16, корп. 1, Москва;mos.parts;55.679 37.745;gas
Авто-Сегмент;+7 (495) 150-45-06;;Краснодонская ул., 24, Москва;auto-segment.com;55.675 37.748;gas
Vag Auto Market;;+7 (920) 744-50-70, +7 (969) 111-80-80, +7 (969) 444-80-80;Тихорецкий бул., 1, стр. 1, Москва;vagmarkt.ru;55.677 37.776;gas
Exist.ru, интернет-магазин автозапчастей;+7 (495) 032-48-33;;Тихорецкий бул., 1, стр. 29, Москва;exist.ru;55.677 37.779;gas
МосЗапЧасть, компания;+7 (495) 118-25-21;+7 (925) 799-00-07;Тихорецкий бул., 1, стр. 29, Москва;moszap.moscow;55.677 37.779;gas
РазборкаМск;+7 (495) 921-14-12;+7 (925) 775-03-08;Ставропольская ул., 74А, стр. 10, Москва;razborkamsk.ru;55.680 37.784;gas
Road Masters мастерская;;+7 (915) 484-51-88;ул. Головачёва, вл3, Москва;roadmasters77.ru;55.675 37.803;gas
Моторзаказ, торговая компания;+7 (495) 743-22-60, +7 (495) 021-20-11;+7 (968) 752-26-62;Ставропольская ул., 84, стр. 1, Москва;dvigatel-kupit.ru , motorzakaz.ru;55.672 37.805;gas
Кузовной ремонт;;+7 (926) 579-40-08, +7 (968) 338-80-24;ул. Головачёва, 27, Москва;avtoremont-marino.ru , kuzovnoiremontmarino.ru;55.673 37.821;gas
ИнфиНисс;+7 (495) 532-50-32;+7 (925) 532-50-32;Жулебинский бул., 25, Москва;infiniss.ru;55.689 37.853;gas
Вис-Актив, магазин автозапчастей;+7 (495) 706-42-42;;ул. Авиаконструктора Миля, 15, корп. 1, Москва;zap4asti.org;55.681 37.858;gas
Auto Profi;+7 (499) 211-30-00;+7 (925) 283-86-86, +7 (925) 821-57-25, +7 (925) 690-31-31;1-я Вольская ул., 6, корп. 1, Москва;aut0profi.tilda.ws , auto-proffi.ru;55.683 37.915;gas
СпецТехСервис;;+7 (991) 767-98-95, +7 (964) 640-71-17;Москва, Инновационный центр Сколково;reduktor.tech;55.703 37.368;gas
Bmcavto.ru;;+7 (977) 728-98-58;Россия, Москва, Инновационный центр Сколково, район Зона ГИС;bmcavto.ru;55.710 37.372;gas
Пикап-центр;+7 (495) 600-30-00;+7 (925) 272-93-16;Сколковское ш., 31, стр. 1, Москва;pickup-center.ru;55.706 37.405;gas
Mj-tuning;;+7 (929) 990-32-92, +7 (967) 280-25-31;Сколковское ш., 31, стр. 2, Москва;mj-tuning.ru;55.705 37.404;gas
Legend Parts;+7 (495) 411-21-15;+7 (915) 088-68-04;Сколковское ш., 31, стр. 16, Москва;legendparts.ru;55.705 37.406;gas
Starex Service;+7 (495) 979-33-81, +7 (495) 775-86-65;+7 (925) 852-88-99, +7 (985) 102-28-28;Сколковское ш., 31, стр. 9, Москва;starexservice.ru , hyundai-starex-service.ru;55.706 37.406;gas
Тлс-моторс;+7 (495) 933-87-10;+7 (926) 533-42-24;Сколковское ш., 31, стр. 9, Москва;tlcmotors.ru;55.706 37.407;gas
ЛР-Вест;+7 (495) 411-01-85, +7 (495) 995-43-39, +7 (495) 213-90-04, +7 (495) 120-00-26, +7 (495) 374-50-67, +7 (495) 773-64-34;;Рябиновая ул., 28А, стр. 2, Москва;gl2.ru , lr-west.ru;55.692 37.417;gas
Дичер Авто;+7 (495) 220-44-21;+7 (916) 974-74-75;Рябиновая ул., 28А, стр. 1, Москва;dicheravto.ru;55.693 37.418;gas
Altare.ru;+7 (495) 085-02-04, +7 (499) 673-04-00;+7 (916) 616-37-22, +7 (977) 273-81-48;Рябиновая ул., 28, стр. 1, Москва;altare.ru;55.693 37.421;gas
Автодаръ, автотехцентр;+7 (495) 979-17-24, +7 (495) 971-57-70, +7 (495) 778-57-18, +7 (495) 778-19-31, +7 (495) 255-19-80, +7 (499) 430-05-31, +7 (495) 780-77-13;+7 (901) 578-19-31, +7 (901) 578-57-18;Рябиновая ул., 28, стр. 6, Москва;opel65.ru , autodar.ru;55.693 37.422;gas
Slamstop, торговая компания;+7 (495) 269-00-21;+7 (926) 988-88-99;Рябиновая ул., 26, стр. 1, Москва;slamstop.net , slamstop.com , slamstop.shop;55.695 37.423;gas
Римист – Стремянки сессор;+7 (8552) 44-29-73, +7 (855) 244-31-12;+7 (900) 320-25-25;Рябиновая ул., 37, стр. 1, Москва;moskva.rimist.ru , rimist.ru;55.704 37.424;gas
Аполло Моторс, техцентр;+7 (495) 507-52-57;+7 (925) 507-52-57;ул. Генерала Дорохова, 10Д, Москва;apollomotors.ru;55.702 37.433;gas
Нива-М;;+7 (965) 441-78-46;Верейская ул., 29, стр. 30, Москва;niva-m.ru;55.710 37.432;gas
Мос Эвольвент;+7 (495) 989-98-40, +7 (499) 649-28-38;+7 (926) 762-53-10;Верейская ул., 29, стр. 30, Москва;mos-evolvent.ru;55.710 37.433;gas
Unit-Pro Запчасти мерседес;;+7 (929) 938-41-31, +7 (965) 223-33-10, +7 (985) 977-94-44;Верейская ул., 29, стр. 126, Москва;;55.706 37.433;gas
Razbor365;+7 (551) 119-82-10;+7 (985) 369-75-75, +7 (910) 400-78-99, +7 (925) 454-25-77, +7 (926) 537-25-55;ул. Генерала Дорохова, 16, стр. 27, Москва;razbor365.ru;55.695 37.441;gas
МВМ авто, магазин автозапчастей;+7 (499) 714-79-40;+7 (977) 517-75-00;Верейская ул., 10, корп. 1, Москва;mvmparts.ru;55.712 37.444;gas
Транс-Реал Сервис;+7 (495) 075-60-69, +7 (495) 040-32-14, +7 (495) 043-26-79;;Верейская ул., 11, Москва;trans-real.ru;55.710 37.448;gas
Разборка Range Rover;;+7 (977) 669-74-21, +7 (977) 375-50-97;Верейская ул., 13, Москва;razbor-rr.ru;55.712 37.448;gas
Разбор Nissan X-Trail;;+7 (905) 793-30-46, +7 (977) 460-73-72;ул. Генерала Дорохова, вл5к2, Москва;autorazborka-nissan.ru;55.705 37.451;gas
Автомаркет Фсзап;;+7 (977) 100-07-24, +7 (909) 910-94-63;Россия, Москва, Проектируемый проезд № 3631;fszap.ru;55.695 37.467;gas
Георгий-А;+7 (495) 055-02-22, +7 (495) 055-01-11;;Веерная ул., 24Б, стр. 1, Москва;auto-geo.ru;55.709 37.485;gas
LADA Dеталь;+7 (495) 441-70-77;;Веерная ул., 24Б, Москва;lada-detail.ru;55.709 37.485;gas
Алмера;+7 (495) 232-31-65;+7 (985) 950-06-06;ул. Вавилова, 53, корп. 1, Москва;almera.su , shop.almera.su;55.693 37.564;gas
X-Race Performance;+7 (495) 991-12-42;;ул. Бардина, 4, корп. 3, Москва;racesystem.ru;55.700 37.571;gas
Jbt brake system, установочный центр;+7 (495) 740-67-10;+7 (962) 903-00-93, +7 (926) 573-89-46, +7 (965) 383-77-77;Ленинский просп., 49, стр. 7, Москва;jbt-brakes.ru;55.701 37.572;gas
ФрансАвто, автосервис;+7 (495) 507-26-33;+7 (903) 231-63-43;ул. Вавилова, 13А, Москва;fransavto.com;55.704 37.584;gas
Спецавто;+7 (495) 778-15-81;+7 (901) 534-19-93;ул. Шверника, 4, стр. 7, Москва;spec-auto.ru;55.693 37.579;gas
Smart club, автосервис;+7 (495) 782-85-07, +7 (495) 744-35-73;+7 (963) 782-85-07, +7 (929) 596-83-95, +7 (903) 227-02-61;2-й Донской пр., 10, стр. 6, Москва;smart-club.ru , smart-rem.ru;55.711 37.591;gas
АКПП Таганка;+7 (495) 729-44-73, +7 (551) 792-56-93, +7 (322) 901-36-78, +7 (495) 760-11-91, +7 (495) 226-59-86;+7 (915) 183-15-11, +7 (925) 518-67-84, +7 (985) 226-59-86, +7 (901) 529-44-73, +7 (999) 444-78-92, +7 (926) 157-62-41;2-й Донской пр., 10, стр. 5, Москва;akppbu.ru , atzap.ru , akpp-svs.ru;55.711 37.591;gas
Астартер.ру;+7 (495) 120-34-76, +7 (495) 120-40-57, +7 (495) 120-23-82, +7 (495) 120-40-89, +7 (495) 120-40-63, +7 (495) 120-40-72, +7 (495) 120-40-39, +7 (495) 120-40-76, +7 (495) 120-40-73, +7 (495) 120-40-79;;ул. Карьер, 2А, стр. 6, Москва;astarter.ru;55.695 37.592;gas
Ferodo Auto;+7 (495) 967-58-48, +7 (499) 753-31-95;;2-й Донской пр., 10, Москва;ferodo-auto.ru , ferodo-brakes.ru;55.711 37.593;gas
Рестайлинг Роллс-Ройс;;+7 (936) 111-28-28;Москва, 5-й Верхний Михайловский проезд;restyling-rollsroyce.ru;55.707 37.603;gas
Ворон А. С.;+7 (495) 981-65-97;+7 (916) 681-69-63;Загородное ш., 1, корп. 2, Москва;voron-auto.ru;55.698 37.615;gas
Gmshop24;;+7 (916) 989-24-24, +7 (925) 239-55-88, +7 (906) 069-22-99;Автозаводская ул., 20, стр. 3, Москва;gmshop24.ru;55.706 37.638;gas
Deal-parts;+7 (499) 347-53-02, +7 (499) 707-24-74, +7 (499) 347-53-01;+7 (977) 291-80-11, +7 (999) 828-96-54, +7 (977) 291-80-10, +7 (926) 770-93-41, +7 (926) 804-64-79;Автозаводская ул., 20, стр. 1, Москва;deal-parts.ru;55.706 37.638;gas
Центр АвтоМасел;+7 (499) 677-50-62, +7 (495) 109-23-26;+7 (903) 111-15-27, +7 (968) 355-36-07, +7 (903) 120-11-12;Автозаводская ул., 23, корп. 7, Москва;центравтомасел.рф , ostvin.ru;55.703 37.641;gas
Автозеркало;+7 (495) 984-89-58;+7 (914) 714-56-69, +7 (924) 249-25-01;ул. Ленинская Слобода, 21/1, Москва;;55.706 37.648;gas
XPND.RU, интернет-магазин автозапчастей;;+7 (910) 402-42-35;ул. Лобанова, 8, Москва;xpnd.ru;55.700 37.659;gas
Lux Tuning;+7 (491) 749-12-90;+7 (925) 783-22-64;Проектируемый пр. № 4062, 6, Москва;luxtuning555.ru;55.692 37.659;gas
Фольксваген клуб;;+7 (901) 510-04-88, +7 (916) 150-25-82;ул. Трофимова, 10, Москва;fv-shop.ru;55.703 37.666;gas
Motoristam;+7 (495) 788-13-76, +7 (495) 788-13-75;;ул. Трофимова, 9, Москва;;55.703 37.667;gas
Авторынка Южный порт;+7 (499) 375-76-75;+7 (985) 745-28-91;ул. Трофимова, вл36, Москва;южныйпорт.online;55.704 37.689;gas
TunParts;+7 (495) 943-95-66;+7 (929) 997-17-38, +7 (926) 356-95-66, +7 (916) 725-02-65;ул. Трофимова, вл36с1, Москва;tunparts.ru , technoressor.ru;55.705 37.687;gas
Боевая классика, интернет-магазин автозапчастей;+7 (499) 394-44-62;;ул. Петра Романова, 6, Москва;boevayaclassica.taplink.ws;55.708 37.681;gas
112Motors;;+7 (925) 598-20-29;Угрешская ул., 2, стр. 2, Москва;112motors.ru;55.711 37.684;gas
Chip-Line;;+7 (901) 725-75-51;ул. Трофимова, вл36с1, Москва;chip-line.ru , shop.chip-line.ru , technoressor.ru;55.705 37.686;gas
Autoveshchi;;+7 (916) 126-76-30, +7 (901) 578-88-52;ул. Трофимова, вл36с2, Москва;autoveshchi.ru;55.705 37.687;gas
BN-auto;+7 (495) 504-64-40, +7 (495) 662-16-55;+7 (925) 504-64-40;ул. Трофимова, вл36с2, Москва;bn-auto.ru;55.705 37.687;gas
Exist.ru;+7 (499) 009-03-97;;Южнопортовая ул., 22, стр. 6, Москва;exist.ru;55.706 37.688;gas
Starleks;+7 (495) 150-39-23, +7 (499) 394-20-33, +7 (499) 390-68-52;;ул. Трофимова, вл36с2, Москва;starleks.ru;55.705 37.688;gas
Секретки-Проставки.рф для колес и дисков;+7 (495) 958-76-48, +7 (499) 501-11-08;+7 (926) 277-79-51, +7 (926) 459-92-70, +7 (964) 507-15-76;2-й Южнопортовый пр., 23А, Москва;секретки-проставки.рф;55.702 37.688;gas
Всё для колёс;;+7 (926) 713-71-39, +7 (925) 551-55-01;Южнопортовая ул., 22, стр. 18, Москва, Россия;betto.com;55.705 37.688;gas
Француз;;+7 (926) 316-88-00, +7 (929) 640-74-03;Россия, Москва, 1-й Южнопортовый проезд;francuz.ru;55.706 37.689;gas
Датчики давления шин Tpms Россия;;+7 (925) 473-72-77, +7 (976) 060-21-20;2-й Южнопортовый пр., 10, стр. 1, Москва;autel-sensor.ru , ateq46.ru , 433-315.ru;55.701 37.689;gas
Dalnoboy-shop.ru;;+7 (916) 500-09-77, +7 (916) 006-33-32;ул. Трофимова, вл36, Москва;dalnoboy-shop.ru;55.704 37.689;gas
Про авто24;+7 (495) 161-60-24;+7 (925) 400-37-00;Южнопортовая ул., 22, стр. 1, Москва;autoshop5.ru;55.706 37.689;gas
Autodrl, магазин автосвета;;+7 (916) 649-78-38, +7 (929) 944-77-71;Южнопортовая ул., 22, стр. 1, Москва;autodrl.ru;55.706 37.689;gas
CoolPart, торговая компания;;+7 (926) 181-67-43, +7 (909) 909-56-80, +7 (926) 022-21-55;Южнопортовая ул., 22, стр. 1, Москва;coolpart.ru;55.706 37.689;gas
Aadgroup;;+7 (977) 943-19-77;Южнопортовая ул., 22, стр. 1, Москва;aadgroup.ru;55.706 37.689;gas
Autolines.ru, интернет-магазин автоаксессуаров;+7 (812) 309-94-93, +7 (499) 350-32-48;;Южнопортовая ул., 22, стр. 1, Москва;autolines.ru;55.706 37.689;gas
SDauto, магазин автозапчастей;+7 (495) 960-20-51;+7 (903) 775-59-43;Южнопортовая ул., 22, стр. 1, Москва;sdauto.ru;55.706 37.689;gas
Optima;+7 (495) 967-98-48, +7 (495) 197-88-30;+7 (916) 715-15-15;Южнопортовая ул., 22, стр. 1, Москва;optima-automotive.shop;55.706 37.689;gas
Partex-m, оптово-розничная компания;+7 (495) 518-02-62, +7 (495) 518-22-02;;Южнопортовая ул., 22, стр. 1, Москва;partex-m.ru;55.705 37.689;gas
Dopmarket.ru, интернет-магазин;+7 (495) 978-01-38;+7 (901) 517-01-38;Южнопортовая ул., 22, стр. 1, Москва;dopmarket.ru;55.706 37.689;gas
АвтоПистон;;+7 (903) 513-84-54, +7 (903) 513-85-56, +7 (901) 147-71-24;Южнопортовая ул., 22, стр. 1, Москва;autopiston.ru;55.706 37.689;gas
Kvazar-auto;;+7 (968) 789-10-76;Южнопортовая ул., 22, стр. 1, Москва;kvazar-auto.ru;55.706 37.689;gas
Авториг;+7 (495) 021-93-30;;Южнопортовая ул., 22, стр. 1, Москва;autorig.ru;55.706 37.689;gas
Автотрейд, федеральная компания по продаже автозапчастей и установке автостекол;+7 (495) 933-99-69, +7 (495) 162-90-71, +7 (495) 642-79-00;;Южнопортовая ул., 22, стр. 1, Москва;autotrade.su , autosteklo.ru , clck.ru;55.706 37.689;gas
Автоэлемент;+7 (495) 255-04-90, +7 (495) 979-08-03;+7 (977) 414-41-77;Южнопортовая ул., 22, стр. 1, Москва;a-element.ru;55.706 37.689;gas
Att;;+7 (925) 518-84-85;Южнопортовая ул., 22, стр. 1, Москва;glooshiteli.ru , att.ru;55.706 37.690;gas
EZID-AUTO, магазин автоаксессуаров;+7 (495) 627-66-11;+7 (988) 751-82-53, +7 (915) 408-77-77;Южнопортовая ул., 22, стр. 1, Москва;ezid-auto.ru;55.705 37.690;gas
Автодэу, магазин автозапчастей;+7 (495) 506-68-03;+7 (925) 506-68-03, +7 (925) 507-00-68;Южнопортовая ул., 22, стр. 1, Москва;avtodaewoo.ru;55.706 37.690;gas
Roman-pushkin-rz;+7 (495) 958-98-86;+7 (985) 276-84-90, +7 (916) 136-35-53, +7 (968) 515-13-97;Южнопортовая ул., 22, стр. 1, Москва;roman-pushkin-rz.ru;55.706 37.690;gas
Xenonopt2.ru, интернет-магазин автомобильного света и дополнительного оборудования;;+7 (985) 025-03-44, +7 (985) 488-66-18;Южнопортовая ул., 22, стр. 1, Москва;xenonopt2.ru;55.705 37.690;gas
Vertex Turbo;+7 (495) 975-76-88;+7 (964) 799-99-88;Южнопортовая ул., 22, стр. 1, Москва;turbo-aktuator.ru;55.706 37.690;gas
Логинов-Трак;+7 (495) 789-25-25;+7 (905) 595-32-10, +7 (964) 703-51-93;Южнопортовая ул., 7, стр. 6, Москва;loginov-truck.ru;55.707 37.691;gas
Другой сервис, технический центр;+7 (495) 662-98-26;;Угрешская ул., 2, стр. 103, Москва;dsrv.ru;55.711 37.691;gas
Автосервис ИталКлуб;+7 (495) 978-53-55;+7 (917) 540-52-16;2-й Южнопортовый пр., 10, стр. 33, Москва;italclub.ru;55.699 37.691;gas
AvtoIQ;+7 (499) 643-49-33;;2-й Южнопортовый пр., 26А, стр. 1, Москва;avtoiq.ru;55.701 37.692;gas
Fura-Shop, магазин;;+7 (925) 721-19-44, +7 (929) 568-84-12, +7 (958) 636-00-12;2-й Южнопортовый пр., 10, стр. 11, Москва;фура-шоп.рф , fura-shop.ru;55.700 37.693;gas
Zp495.ru, магазин-склад;+7 (495) 988-26-55, +7 (499) 347-53-08, +7 (499) 988-26-55;;2-й Южнопортовый пр., 10, стр. 61, Москва;zp495.ru;55.699 37.693;gas
Стеклостав;+7 (499) 322-08-96, +7 (499) 322-39-60, +7 (495) 649-98-72;+7 (985) 809-69-99;Южнопортовая ул., 7, стр. 14, Москва;steklostav.ru;55.708 37.694;gas
Коммерческие-запчасти.рф;;+7 (962) 964-88-55;Южнопортовая ул., 7, стр. 14, Москва;коммерческие-запчасти.рф;55.708 37.694;gas
Мотортоп, компания;+7 (708) 687-19-57;+7 (995) 116-06-66, +7 (995) 198-22-99, +7 (995) 191-16-66, +7 (995) 198-11-22, +7 (995) 198-11-44;Южнопортовая ул., 15, Москва;motortop.ru;55.707 37.701;gas
Автосервис, шиномонтаж - BMW Japan;;+7 (901) 793-65-63;Южнопортовая ул., 32, стр. 2, Москва;;55.703 37.704;gas
Мб-Ваг Сервис;+7 (495) 009-13-33, +7 (495) 721-80-88;;3-й Угрешский пр., 8А, стр. 3, Москва;nic.ru , mb-vag.ru;55.711 37.695;gas
DvigatelCDAB.ru, автосервис;+7 (499) 341-16-21;+7 (925) 898-27-75, +7 (928) 898-27-75;3-й Угрешский пр., 8А, стр. 3, Москва;dvigatelcdab.ru;55.711 37.695;gas
Опт-Стандарт;;+7 (929) 556-64-87, +7 (985) 338-00-05, +7 (989) 572-83-83;2-й Южнопортовый пр., 26А, стр. 4, Москва;opt-standart.ru;55.700 37.695;gas
М-колеса;+7 (495) 740-22-52, +7 (812) 413-91-61, +7 (495) 765-25-85;+7 (981) 725-54-24, +7 (985) 765-25-85, +7 (921) 746-24-52, +7 (915) 232-87-63;3-й Угрешский пр., 8А, стр. 2, Москва;m-kolesa.ru;55.711 37.695;gas
БрейкТюб;+7 (495) 414-46-18;+7 (917) 522-52-46, +7 (901) 593-89-11;Южнопортовая ул., 9, Москва;braketube.ru;55.707 37.696;gas
АвтоКомплект;+7 (8432) 14-11-11, +7 (343) 206-88-88, +7 (8552) 44-85-62, +7 (499) 650-54-54, +7 (8552) 44-20-00, +7 (8552) 44-21-11, +7 (343) 227-78-78;+7 (958) 135-16-05, +7 (937) 006-49-43, +7 (992) 002-23-93, +7 (904) 665-85-14, +7 (992) 002-23-92;2-й Южнопортовый пр., 26А, стр. 11, Москва;avtocomplekt.ru;55.701 37.698;gas
Bububu. su;;+7 (929) 607-61-69;2-й Южнопортовый пр., 35, стр. 1, Москва;bububu.su;55.703 37.699;gas
Honda85 club, автотехцентр;;+7 (916) 363-97-41, +7 (915) 485-37-64;Южнопортовая ул., 15, стр. 4, Москва;drive2.ru;55.708 37.700;gas
Тюнинг Спорт;+7 (509) 950-32-00;+7 (903) 756-44-94, +7 (903) 756-45-01, +7 (903) 124-78-25;3-й Угрешский пр., вл14Г, Москва;tuningsport.ru;55.711 37.700;gas
Валконт;+7 (495) 166-78-93;+7 (906) 756-64-44;Южнопортовая ул., вл40Дс1, Москва;dzc.su;55.701 37.702;gas
Германия сервис+, автотехцентр;;+7 (916) 598-83-33, +7 (916) 002-45-55;Южнопортовая ул., 17, стр. 3, Москва;germany-s.ru;55.706 37.703;gas
Nezam Market;+7 (499) 499-55-37;+7 (916) 221-71-48;Южнопортовая ул., 17А, Москва;nezammarket.ru;55.704 37.705;gas
Autozap32.ru;;+7 (965) 245-85-05, +7 (968) 703-83-83, +7 (966) 069-48-52;Южнопортовая ул., 36, стр. 7, Москва;autozap32.ru;55.702 37.706;gas
Франц Эксперт;+7 (495) 792-66-63;;Южнопортовая ул., вл46, Москва;franceexpert.ru;55.699 37.708;gas
Мостат;+7 (775) 597-91-76, +7 (8312) 50-82-56, +7 (701) 752-85-72;+7 (910) 389-01-17, +7 (911) 248-76-07, +7 (913) 480-82-35, +7 (926) 120-30-69, +7 (916) 119-99-08, +7 (938) 515-94-39, +7 (987) 397-26-95;Волгоградский просп., 42, корп. 23, Москва;mostat.ru;55.710 37.708;gas
Zollex Москва - автозапчасти и автохимия;+7 (863) 526-06-92, +7 (863) 257-46-15;+7 (988) 575-32-29, +7 (928) 175-32-58, +7 (951) 510-98-68, +7 (928) 148-84-98, +7 (928) 775-94-96;Южнопортовая ул., 19А, Москва;zollex.ru;55.704 37.709;gas
ИмпортЗап;+7 (495) 414-11-33;;Шоссейный пр., с4А/2, Москва;importzap.ru;55.707 37.710;gas
ERSteile, магазин по продаже контрактных двигателей;+7 (495) 011-15-17, +7 (499) 130-46-00, +7 (499) 381-64-94, +7 (499) 011-15-17, +7 (843) 207-01-03;+7 (903) 130-46-00, +7 (965) 335-44-46;Шоссейный пр., 18А, Москва;двигатели-коробки.москва , ersteile.ru;55.702 37.723;gas
Карвентум;;+7 (963) 750-34-03, +7 (977) 964-08-03, +7 (963) 663-46-43;Шоссейный пр., 34, Москва;carventum.ru;55.702 37.724;gas
Renmag, автосервис;+7 (495) 968-67-21, +7 (495) 798-26-14;;Шоссейная ул., 1Е, стр. 3, Москва;renmag.ru;55.704 37.729;gas
Нива - ЛАДА4х4;+7 (404) 310-21-21, +7 (499) 179-00-05, +7 (404) 312-21-21;+7 (977) 503-49-39, +7 (906) 779-96-49;Люблинская ул., 47, Москва;niva-lada4x4.ru;55.694 37.735;gas
Exist.ru, Пункт выдачи товара;+7 (499) 009-03-98, +7 (495) 122-22-44;;к1, Юго-Восточный административный округ, район Кузьминки, Волжский Бульвар квартал 114А, Москва;exist.ru;55.707 37.748;gas
Clubturbo, магазин тюнинга;+7 (343) 206-55-17;+7 (908) 179-96-66, +7 (920) 223-47-47, +7 (925) 200-20-10, +7 (937) 992-01-23, +7 (911) 126-43-76;7-я ул. Текстильщиков, 13, Москва;clubturbo.ru;55.695 37.748;gas
Дизель-форс, торгово-сервисная компания;+7 (499) 938-50-54, +7 (499) 112-02-78, +7 (717) 278-81-60, +7 (499) 348-98-85, +7 (499) 322-91-11;;Волгоградский просп., 128, корп. 5, Москва;dieselfors.ru;55.701 37.782;gas
Lada Dеталь;+7 (499) 784-93-89;;ул. Академика Скрябина, 14, корп. 2, Москва;lada-detail.ru;55.711 37.795;gas
Би-би, автомагазин;;+7 (963) 698-10-86;ул. Академика Скрябина, 14, корп. 2, Москва;bi-bi.ru;55.712 37.795;gas
Автобрейкер;+7 (495) 532-27-77, +7 (608) 158-59-82;+7 (985) 723-14-33, +7 (925) 462-40-39, +7 (926) 343-97-93, +7 (925) 419-91-32;Сормовский пр., 5, стр. 3, Москва;;55.710 37.799;gas
ХотЛайнСервис;+7 (495) 728-46-62;;Сормовский пр., 11, стр. 1, Москва;hlservice.ru;55.707 37.803;gas
Buckets empire, музей японских автомобилей;;+7 (916) 637-60-54, +7 (917) 555-97-46, +7 (925) 992-94-16;Ташкентская ул., 28, стр. 1, Москва;;55.699 37.805;gas
Корея-ск;+7 (495) 768-22-73;+7 (903) 597-92-16;Ташкентская ул., 26, корп. 2, Москва;hd7278.ru , korea-sk.ru;55.701 37.806;gas
Акбдом.ру;;+7 (966) 188-57-69, +7 (999) 867-12-11, +7 (909) 927-49-55, +7 (939) 555-14-26, +7 (901) 712-27-47, +7 (901) 183-38-00;Ташкентская ул., 28, стр. 1, Москва;akbdom.ru;55.699 37.806;gas
Бипласт Шоп;+7 (499) 409-07-76;;Ташкентская ул., 28, стр. 1, Москва;biplast.shop;55.699 37.806;gas
СМ-Авто;;+7 (966) 142-29-52, +7 (966) 142-29-51;Ташкентская ул., 28, стр. 1, Москва;sm-avto.ru;55.699 37.806;gas
Щётки стеклоочистителя;;+7 (916) 597-30-05;Ташкентская ул., 28, стр. 1, Москва;schetki-stekloochistitelja.clients.site;55.699 37.806;gas
Автотаун, центр авторазбора;+7 (3812) 66-10-66, +7 (499) 113-52-72, +7 (495) 668-11-70;+7 (903) 927-66-77;Ташкентская ул., 28, стр. 1, Москва;autotown.ru;55.700 37.807;gas
AttZap;+7 (495) 775-91-52, +7 (495) 741-28-02, +7 (495) 514-88-82, +7 (495) 772-26-36, +7 (495) 740-76-39, +7 (495) 767-76-82, +7 (495) 514-31-39, +7 (495) 518-84-85, +7 (495) 514-83-63;+7 (985) 196-79-86, +7 (926) 754-28-22, +7 (985) 505-00-81, +7 (977) 250-48-48;Ташкентская ул., 28, стр. 1, Москва;attzap.ru , att.ru;55.700 37.807;gas
Центр-агрегатов;+7 (310) 180-00-20, +7 (8552) 99-96-53;;Ферганская ул., 27, корп. 1, Москва;zavod-agregatov.ru;55.702 37.830;gas
Ниссан Всем!;+7 (495) 255-53-54, +7 (499) 755-72-65;+7 (925) 780-31-37;Привольная ул., 2, корп. 5, Москва;nissan-vsem-service.ru , nissan-vsem.ru;55.703 37.840;gas
Autogek;;+7 (925) 802-40-08, +7 (925) 802-40-07;Привольная ул., 9, корп. 1, Москва;autogek.ru;55.701 37.840;gas
Weoilex.ru;;+7 (985) 955-01-95;Привольная ул., 2, стр. 1, Москва;weoilex.ru;55.704 37.842;gas
Юлсан.ру;+7 (495) 532-14-31, +7 (495) 553-76-75;+7 (929) 553-76-75;Хвалынский бул., 7/11к1, Москва;yulsun.ru;55.697 37.850;gas
Zapfo.ru, Офис;+7 (499) 499-09-27;;Лениногорская ул., 32, стр. 4, Москва;zapfo.ru;55.699 37.865;gas
Аллспартс;;+7 (926) 407-13-42;ул. Татьяны Макаровой, 3, Москва;allsparts.ru;55.712 37.885;gas
Авторазбор;;+7 (967) 140-71-11, +7 (926) 576-42-99;просп. Защитников Москвы, 1, Москва;ford-razbor.ru;55.698 37.915;gas
AvtoALL;+7 (495) 847-65-45;+7 (963) 714-70-17;ул. Вертолётчиков, 4, корп. 6, Москва;avtoall.ru;55.703 37.946;gas
Автотяга;+7 (343) 289-13-07, +7 (495) 432-11-89, +7 (495) 645-21-18, +7 (495) 104-98-10, +7 (495) 108-39-76, +7 (495) 181-32-68;+7 (926) 994-10-57;ул. Горбунова, 12, корп. 2, стр. 8, Москва;автотяга.рф;55.726 37.381;gas
Запчасти Audi;+7 (495) 544-76-30, +7 (495) 642-35-38, +7 (495) 772-13-43;+7 (925) 589-69-37, +7 (925) 514-56-15, +7 (926) 545-43-35, +7 (926) 448-98-48, +7 (929) 603-91-09, +7 (929) 675-75-93, +7 (925) 517-52-70, +7 (925) 505-44-70, +7 (925) 506-72-68, +7 (929) 675-75-89;ул. Горбунова, 12, корп. 2, стр. 8, Москва;zapad-akb.ru;55.726 37.381;gas
Мирус авто;+7 (495) 118-20-83;+7 (985) 364-93-33;ул. Горбунова, 12, корп. 2, стр. 5, Москва;mirus-auto.ru;55.727 37.380;gas
ИнтерДизельПартс;+7 (495) 137-01-01, +7 (499) 390-49-62;+7 (903) 191-11-51, +7 (905) 741-77-70, +7 (985) 352-05-05, +7 (985) 210-67-67, +7 (985) 761-14-19;ул. Горбунова, 12, корп. 2, стр. 8, Москва;jcb-zapchasti.ru;55.726 37.381;gas
Aruda.ru;+7 (495) 143-30-03;+7 (977) 977-15-35, +7 (901) 147-91-94;ул. Горбунова, 12, корп. 2, стр. 8, Москва;aruda.ru;55.726 37.381;gas
Бухтазап.ру;+7 (495) 722-05-97;+7 (977) 800-20-50;ул. Горбунова, 12, корп. 2, стр. 8, Москва;buhtazap.ru;55.726 37.381;gas
ЗлатаАвто;+7 (499) 430-01-56;+7 (916) 943-20-56;ул. Горбунова, 12, корп. 2, стр. 8, Москва;zlataauto.ru;55.726 37.381;gas
Евроком-Авто;+7 (495) 215-55-62;;ул. Горбунова, 12, корп. 2, стр. 5, Москва;evrokom-avto.ru;55.727 37.381;gas
Кореец.Ру;+7 (495) 256-70-02, +7 (495) 741-11-50, +7 (495) 280-15-45;+7 (925) 514-56-95, +7 (985) 896-94-29;ул. Горбунова, 12, корп. 2, стр. 6, Москва;koreetc.ru;55.726 37.382;gas
Француз;+7 (499) 450-63-43;+7 (926) 220-21-31;ул. Горбунова, 12, корп. 2, стр. 6, Москва;francuz.ru;55.727 37.382;gas
Owncar;;+7 (964) 556-35-53;ул. Горбунова, 12, корп. 2, стр. 6, Москва;owncar.ru;55.726 37.382;gas
Vi-Zip;;+7 (963) 750-25-25, +7 (963) 680-30-80;ул. Горбунова, 12, корп. 2, стр. 6, Москва;vi-zip.ru;55.727 37.382;gas
Француз;+7 (499) 455-01-59;;ул. Горбунова, 12, корп. 2, стр. 2, Москва;service.francuz.ru;55.727 37.382;gas
GreatWallZap.ru;+7 (495) 723-14-28, +7 (495) 780-24-87;;Россия, Москва, МКАД, 55-й километр, внешняя сторона, пав. а10;greatwallzap.ru;55.718 37.383;gas
Pmauto;+7 (495) 927-33-27, +7 (495) 105-54-17, +7 (495) 105-54-32;+7 (925) 524-98-97;Россия, Москва, МКАД, 55-й километр, внешняя сторона;pmzap.ru;55.718 37.383;gas
АвтоСтронг;+7 (499) 444-31-75;+7 (985) 744-02-02, +7 (985) 644-02-02;ул. Горбунова, 12, корп. 2, стр. 1, Москва;autostrong-m.by , moscow.autostrong-m.ru;55.727 37.383;gas
Топливная аппаратура;+7 (499) 350-15-24;;ул. Горбунова, 8, стр. 1, Москва;4car24.ru;55.723 37.389;gas
Cartochki.com;+7 (495) 943-83-05, +7 (482) 265-55-50, +7 (482) 247-74-97;+7 (906) 555-04-21;ул. Горбунова, 8, стр. 1, Москва;cartochki.com;55.723 37.389;gas
CGA;+7 (495) 724-17-35, +7 (495) 724-71-71, +7 (812) 920-38-64;+7 (926) 916-91-71, +7 (903) 724-71-71, +7 (911) 920-38-64;ул. Горбунова, 2, Москва;complex.group , complex-auto.ru;55.725 37.396;gas
Cartuning;+7 (499) 130-24-41;+7 (917) 344-88-28, +7 (909) 634-80-99;Молодогвардейская ул., 57, стр. 9, Москва;;55.732 37.401;gas
Тюнер РУ;;+7 (985) 050-51-50;Молодогвардейская ул., 57, стр. 9, Москва;tuner.ru;55.732 37.401;gas
Магазин автозапчастей и автотоваров;+7 (495) 978-63-33;;Молодогвардейская ул., 57, стр. 9, Москва;bilstein-online.ru , fahrwerk.ru;55.732 37.401;gas
Autovix, автомастерская;;+7 (916) 620-17-79, +7 (926) 123-38-25;ул. Ивана Франко, 44, стр. 3, Москва;запчасти-вольво.москва;55.729 37.403;gas
Zppart, интернет-магазин автозапчастей;+7 (495) 984-46-55, +7 (499) 499-47-75;+7 (963) 711-03-45, +7 (925) 507-75-56, +7 (958) 100-90-63;Можайское ш., 25, Москва;zppart.ru , auto2.ru;55.720 37.426;gas
Exist.ru, интернет-магазин автозапчастей;+7 (499) 009-02-03;;Можайское ш., 22, Москва;exist.ru;55.721 37.426;gas
Toyotalexus.ru;+7 (495) 741-64-48;+7 (963) 711-12-15, +7 (977) 110-70-78, +7 (966) 149-44-11, +7 (967) 049-24-86;Можайское ш., 25, Москва;toyotalexus.ru;55.720 37.425;gas
Цетрус-Партс;+7 (495) 175-47-75;+7 (926) 910-03-19;Можайское ш., 25, Москва;certus-parts.ru;55.720 37.425;gas
Alltpms;+7 (495) 589-65-44, +7 (812) 408-43-32, +7 (495) 088-53-12;+7 (953) 043-00-33;Верейская ул., 29, стр. 2, Москва;alltpms.ru;55.713 37.427;gas
Магазин Реноюнит;+7 (8617) 61-27-17, +7 (8617) 64-68-00;+7 (989) 195-49-71;Верейская ул., 10, корп. 2Б, Москва;domobuvi.com , renounit.ru;55.713 37.445;gas
Рольф Импорт;+7 (495) 788-57-57, +7 (495) 980-59-57, +7 (495) 153-33-65, +7 (495) 788-18-81, +7 (495) 780-05-50, +7 (495) 967-96-72, +7 (495) 755-55-05, +7 (495) 777-77-14, +7 (495) 974-22-23, +7 (495) 974-22-22;;ул. Ивана Франко, 8, Москва;mitsubishi-motors.ru , rolf.ru , clck.ru;55.728 37.450;gas
АтосПартс;+7 (495) 127-02-82;+7 (925) 475-78-28;Инициативная ул., 11, Москва;atosparts.ru;55.716 37.457;gas
ФорсункиПро;;+7 (988) 500-33-58, +7 (916) 393-72-07;ул. МЖД Киевское 5-й км, 5, стр. 38, Москва;forsunkipro.ru;55.728 37.517;gas
АвтоСпецТех Москва;+7 (495) 208-38-18;+7 (922) 482-55-22, +7 (929) 990-83-68;ул. МЖД Киевское 5-й км, 5, Москва;moscow.avtosth.ru;55.728 37.517;gas
ТехноИндустрия, склад;+7 (3512) 11-06-46;;ул. МЖД Киевское 5-й км, 5, стр. 11, Москва;tehin.net;55.727 37.517;gas
Шатору Моторс, магазин автозапчастей;+7 (495) 782-40-19, +7 (495) 952-65-45, +7 (495) 958-38-11;+7 (963) 750-21-58, +7 (963) 750-40-19;Дубининская ул., 90, Москва;peugeotsos.ru;55.716 37.633;gas
Аззаказ.ру;;+7 (925) 589-09-53;1-й Щипковский пер., 4, Москва;azzakaz.ru;55.722 37.633;gas
Зап. Ваг. Бу., интернет-магазин автоаксессуаров;;+7 (963) 750-67-12;Дубининская ул., 69, стр. 2, Москва;zapvagby.ru;55.714 37.635;gas
Тех-трейдинг;;+7 (983) 225-00-69, +7 (904) 995-17-61;Летниковская ул., 11/10с1, Москва;tehtreyding.ru;55.725 37.645;gas
Камзапчасть;+7 (855) 220-54-25;+7 (927) 459-97-72;Павелецкая наб., 2, стр. 1, Москва;kam-zap.ru;55.715 37.646;gas
Parts-storage, интернет-магазин автозапчастей;+7 (495) 411-22-42;+7 (967) 289-22-42;Волгоградский просп., 10, Москва;parts-storage.ru;55.730 37.673;gas
VAG-заказ;+7 (499) 375-43-21;+7 (906) 091-37-36;Волгоградский просп., 28А, Москва;vag-zakaz.ru;55.726 37.682;gas
Чанган-шоп;;+7 (968) 812-55-45;Новоостаповская ул., 5, стр. 6, Москва;changan-shop.ru;55.725 37.680;gas
7т Авто;+7 (499) 611-30-16;+7 (977) 895-38-75;Шарикоподшипниковская ул., 13/65, Москва;;55.722 37.680;gas
Оптима Сервис;+7 (495) 973-23-72;;2-я ул. Машиностроения, 21, Москва;optima-atc.ru;55.717 37.685;gas
Skodapart;+7 (495) 995-08-55, +7 (495) 995-70-90;;Волгоградский просп., 28Б, Москва;skd-part.ru;55.726 37.685;gas
Автосервис Mb Avangard;+7 (495) 211-75-05;+7 (926) 938-38-28, +7 (985) 211-75-05, +7 (967) 289-28-50;Михайловский пр., 5, Москва;mbavangard.ru;55.730 37.686;gas
Express Detali;+7 (495) 150-90-80, +7 (495) 510-90-80;;Михайловский пр., 3, стр. 13, Москва;e-det.ru;55.730 37.687;gas
Автоланс;+7 (495) 281-88-29, +7 (499) 755-78-02, +7 (499) 755-86-64;+7 (925) 002-61-63, +7 (925) 585-48-26, +7 (925) 002-69-93, +7 (995) 500-40-75;Волгоградский просп., 32, корп. 8, Москва;autonis.ru , autolans.ru;55.722 37.687;gas
Тойота робот;;+7 (925) 209-22-27, +7 (929) 563-79-98, +7 (937) 422-22-27;Волгоградский просп., 32, корп. 8, Москва;тойота-робот.рф , swapkpp.ru , toyota-robot.com;55.723 37.688;gas
СР-Мотор;;+7 (916) 189-96-44, +7 (925) 066-66-68, +7 (926) 574-33-44;Волгоградский просп., 32, корп. 8, Москва;sr-motor.ru;55.722 37.688;gas
Мастер cвязи, магазин электроники;+7 (499) 502-00-00, +7 (495) 973-18-80;;Волгоградский просп., 32, корп. 8, Москва;mastersvyazi.ru;55.723 37.690;gas
Арена-партс, Розничный отдел;+7 (499) 110-97-36, +7 (499) 110-07-28, +7 (499) 110-31-39;+7 (977) 856-32-33, +7 (977) 128-01-89;ул. Талалихина, 41, стр. 2, Москва;arena-parts.ru , arena-parts.com , autokorparts.ru;55.728 37.692;gas
Акбстарт.ру;;+7 (966) 999-80-63, +7 (995) 885-99-10, +7 (917) 505-59-36, +7 (909) 920-96-96, +7 (909) 920-76-66, +7 (909) 920-26-66, +7 (985) 063-44-37;Угрешская ул., 17, стр. 1, Москва;akbstart.ru;55.714 37.690;gas
Автозапчасти Автобраво;+7 (495) 737-06-01, +7 (495) 994-46-01, +7 (495) 105-90-84;;Угрешская ул., 2Б, стр. 2, Москва;nic.ru , avtobravo.ru;55.713 37.694;gas
Арена Партс;+7 (495) 120-24-74;+7 (905) 763-52-22, +7 (968) 954-25-48, +7 (926) 514-06-84, +7 (910) 752-02-52;Скотопрогонная ул., 35, стр. 4, Москва;az-k.ru;55.727 37.694;gas
Двигатели и АКПП;+7 (499) 348-13-39, +7 (495) 133-39-33;;3-й Угрешский пр., 6, стр. 2, Москва;dvigateli-akpp.ru;55.712 37.695;gas
НеликвидаНет - Выкуп запчастей;+7 (495) 640-88-54;;Угрешская ул., 12, стр. 2, Москва;nelikvida-net.ru;55.714 37.695;gas
Prostavki.shop;;+7 (926) 125-00-10;Угрешская ул., 31, корп. 1, Москва;prostavki.shop;55.717 37.695;gas
Интайм-Авто;+7 (495) 260-60-00;;Средняя Калитниковская ул., 28, стр. 9, Москва;intime-auto.ru;55.732 37.696;gas
Pontiak Vibe;;+7 (985) 767-71-14;3-й Угрешский пр., 6, стр. 6, Москва;pontiac-vibe.ru;55.714 37.698;gas
Автопитер;+7 (812) 305-30-83, +7 (495) 668-08-26, +7 (495) 668-08-07;;Скотопрогонная ул., 35, стр. 3, Москва;autopiter.ru;55.727 37.699;gas
Альфа-лайт;;+7 (962) 366-70-56;Остаповский пр., 3, стр. 2, Москва;alpha-light.pro;55.722 37.701;gas
Эвас Авто;+7 (499) 343-76-16, +7 (495) 661-71-12;+7 (964) 649-40-16, +7 (968) 898-68-66;3-й Угрешский пр., 15, Москва;evas-auto.ru;55.712 37.701;gas
Remrureyka;+7 (495) 227-73-11;+7 (985) 227-73-11;Остаповский пр., 7А, стр. 4, Москва;remrureyka.ru;55.721 37.711;gas
Авто Плаза;;+7 (958) 100-28-74, +7 (996) 923-01-48, +7 (926) 499-99-63, +7 (926) 499-99-53, +7 (926) 227-47-65;Новохохловская ул., 26А, стр. 6, Москва;razbor-plaza.ru;55.722 37.711;gas
Slok, автомастерская;+7 (495) 968-74-99;+7 (962) 992-32-23, +7 (903) 968-74-99, +7 (905) 754-65-40;Остаповский пр., 11, стр. 4, Москва;slok.su;55.721 37.715;gas
Air-Bag.ru;;+7 (967) 133-12-21, +7 (985) 737-22-57;Новохохловская ул., 13, стр. 2, Москва;air-bag.ru;55.727 37.717;gas
Запчасти днкавто;+7 (495) 645-23-20;+7 (926) 267-72-71, +7 (925) 211-41-40, +7 (925) 755-72-65;1-й Грайвороновский пр., 2А, Москва;dnkauto.ru;55.719 37.728;gas
Гараж, техцентр;+7 (495) 104-79-97;;Рязанский просп., 7Д, Москва;remont-akpp.nissan-nissan.ru , remont-reyki.nissan-nissan.ru , garage-infiniti.ru , garage-peugeot-citroen.ru , nissan-nissan.ru;55.732 37.739;gas
Партс Рено;+7 (499) 409-50-72;+7 (926) 805-41-49, +7 (916) 180-15-08, +7 (917) 549-56-03;Волжский бул., 2/22, Москва;reno-lider.ru;55.719 37.740;gas
Чанган-детали;;+7 (999) 345-69-68;Грайвороновская ул., 25, стр. 2, Москва;changan-detali.ru;55.722 37.740;gas
Salniktut.ru;;+7 (915) 250-55-33;Волжский бул., 1, корп. 1, Москва;salnikitut.ru;55.720 37.744;gas
Autozap4level.ru;+7 (495) 233-23-29;;Волжский бул., 1, корп. 1, Москва;autozap4level.ru;55.720 37.744;gas
АвтозапчастЪ;+7 (495) 642-89-73;+7 (901) 717-64-57;Волжский бул., 3, корп. 1, Москва;autozapchastt.ru;55.719 37.745;gas
Шины и диски, офис;+7 (495) 204-15-10, +7 (495) 789-59-12;;Стахановская ул., 24, Москва;kama301.ru;55.720 37.748;gas
ТракДеталь запчасти для автовозов;+7 (120) 651-50-88;+7 (995) 100-11-61;Стахановская ул., 6, стр. 6, Москва;truckdetal.su;55.722 37.755;gas
Капитал-С, автотехцентр;+7 (499) 343-46-27;+7 (926) 509-18-22;Стахановская ул., 6, стр. 5, Москва;;55.722 37.755;gas
МР-центр;+7 (499) 171-92-01;+7 (926) 330-90-93, +7 (925) 771-20-45, +7 (909) 629-29-81, +7 (909) 926-58-90;Рязанский просп., 10, стр. 15, Москва;mr-center.ru;55.724 37.758;gas
Сиазап;;+7 (985) 755-81-18, +7 (916) 411-31-68, +7 (925) 268-55-45;Окская ул., 5, корп. 1, Москва;seazap.ru , bawshop.ru;55.714 37.758;gas
Запавто77, магазин автозапчастей;+7 (495) 220-35-19;+7 (925) 518-11-04, +7 (966) 666-98-61;Окская ул., 5, корп. 1, Москва;zapauto77.ru;55.714 37.758;gas
Zicore.ru, интернет-магазин;;+7 (915) 150-07-70;1-й Вязовский пр., 5, стр. 1, Москва;zicore.ru;55.722 37.765;gas
МТНАвто, магазин автозапчастей;+7 (495) 544-57-41;;Рязанский просп., 53, Москва;auto-parts-store-4472.business.site;55.724 37.767;gas
ВикАвто;+7 (495) 782-23-38, +7 (495) 789-29-74, +7 (495) 749-96-01;+7 (903) 589-29-74, +7 (925) 664-43-38, +7 (963) 750-23-38;Рязанский просп., 53, Москва;opelauto.ru;55.724 37.768;gas
А-Деталь;+7 (8452) 50-55-93, +7 (8452) 22-77-42;+7 (908) 553-66-69, +7 (906) 307-25-45;1-й Вязовский пр., 4, корп. 1, Москва;a-detal.ru , adetalpro.ru;55.721 37.762;gas
ПрофитСклад;+7 (495) 410-31-30;+7 (985) 410-31-30, +7 (916) 208-52-66;2-й Вязовский пр., 16, стр. 9, Москва;mobilcraft.ru , profitsklad.ru;55.716 37.763;gas
Автодубок;+7 (499) 372-04-24;+7 (903) 798-40-10;2-й Вязовский пр., 22, стр. 1, Москва;;55.716 37.766;gas
МобиЗап;+7 (495) 798-88-12;+7 (903) 798-88-12;Рязанский просп., 53, Москва;mobizap.ru;55.724 37.767;gas
Audi-Collection;+7 (499) 755-99-95;+7 (925) 092-47-50;Зарайская ул., 21, Москва;audi-collection.ru;55.731 37.769;gas
Moscowzap.ru;+7 (499) 391-12-25;+7 (925) 298-33-71, +7 (925) 000-18-01;Зарайская ул., 21, Москва;moscowzap.ru;55.731 37.769;gas
Tadashi;+7 (495) 410-15-20, +7 (761) 415-10-15, +7 (614) 237-50-52, +7 (495) 728-46-70, +7 (761) 416-10-15, +7 (659) 932-50-73;+7 (985) 728-46-70, +7 (908) 614-44-41, +7 (914) 728-39-02, +7 (916) 159-95-45, +7 (913) 911-53-82, +7 (965) 335-99-22, +7 (913) 917-93-80, +7 (914) 972-20-31, +7 (985) 410-15-09;ул. Михайлова, 41, Москва;mirichi.ru;55.723 37.781;gas
Кане моторс, автосервис;+7 (495) 507-69-11, +7 (499) 515-55-16, +7 (499) 174-73-47;+7 (925) 507-69-11, +7 (901) 147-73-12;1-й Вешняковский пр., 2, стр. 1, Москва;canemotors.ru;55.725 37.787;gas
Экспресс запчасти, магазин;+7 (495) 255-32-17;;ул. Академика Скрябина, 12/27, Москва;expzap.ru;55.713 37.796;gas
Маздавод. Нет;;+7 (926) 907-33-05, +7 (926) 907-31-61;Косинская ул., 21А, стр. 11, Москва;mazdavod.net;55.714 37.825;gas
Avtoall, магазин автозапчастей;+7 (495) 374-96-96;;Вешняковская ул., 20А, Москва;avtoall.ru;55.722 37.823;gas
Moparcar;;+7 (915) 034-49-30, +7 (916) 617-94-82;Косинская ул., 21А, стр. 11, Москва;moparcar.ru;55.714 37.825;gas
Abs parts, оптовая компания;+7 (495) 775-76-59, +7 (499) 444-01-63, +7 (495) 220-85-47, +7 (495) 979-91-06;;ул. Молдагуловой, 34А, Москва;absparts.ru;55.718 37.836;gas
ХиноКомТранс, магазин автозапчастей;+7 (495) 134-10-89, +7 (495) 720-02-10;+7 (903) 720-02-10;Косинская ул., 11А, Москва;mm-h.ru;55.714 37.837;gas
Avtoall, магазин автозапчастей;+7 (495) 108-60-25;;Реутовская ул., 19А, Москва;avtoall.ru;55.731 37.840;gas
Авторазбор;;+7 (977) 778-20-26;Косинская ул., 10, Москва;razbor-rr.ru , razboravtoroverland.ulcraft.com;55.725 37.836;gas
Мир Больших Машин, магазин запчастей для грузовиков и прицепов;+7 (495) 647-15-24;+7 (903) 798-42-08;Косинская ул., 11А, стр. 1, Москва;mirbm.ru;55.714 37.836;gas
Ховоторг;+7 (495) 481-39-04;+7 (915) 158-97-02, +7 (903) 515-48-51, +7 (903) 515-48-37;Оранжерейная ул., 25Б, Восточный административный округ, район Косино-Ухтомский, Москва;howotorg.ru;55.719 37.868;gas
Автострахование;;+7 (906) 784-05-75;Оранжерейная ул., 25Б, Восточный административный округ, район Косино-Ухтомский, Москва;;55.719 37.868;gas
Pajero2;;+7 (926) 840-20-00, +7 (903) 522-44-85;Оранжерейная ул., 25А, Восточный административный округ, район Косино-Ухтомский, Москва;pajero2.ru;55.719 37.869;gas
ДвсАкпп;;+7 (977) 520-20-01;1-й Красковский пр., 38А, стр. 39, Москва;dvsakpp.ru;55.713 37.905;gas
Acs Termal;+7 (495) 999-22-16;+7 (963) 715-11-88;1-й Красковский пр., 38А, стр. 39, Москва;acscom.ru;55.712 37.905;gas
Форс Дизель Кунцево;;+7 (985) 881-99-48, +7 (985) 729-08-72;Молодогвардейская ул., 54, стр. 16, Москва;forsdiesel.ru;55.735 37.395;gas
Carfat, интернет-магазин автозапчастей;;+7 (995) 000-30-30, +7 (980) 222-41-41;Молодогвардейская ул., 57, стр. 5, Москва;carfat.ru;55.732 37.402;gas
Exist.ru, интернет-магазин автозапчастей;+7 (495) 009-03-92;;Молодогвардейская ул., 45, Москва;exist.ru;55.734 37.410;gas
Все для Авто 220km.ru;+7 (495) 660-00-90;;Промышленный пр., 7, стр. 1, Москва;220km.ru;55.740 37.509;gas
МТМ Автоклуб, автосервис;;+7 (968) 725-73-77, +7 (968) 725-73-93;ул. Генерала Ермолова, 1, стр. 5, Москва;;55.739 37.512;gas
Газцентр;+7 (495) 778-22-16;+7 (916) 613-00-53, +7 (916) 740-12-78;Промышленный пр., 3, Москва;gascenter.ru;55.745 37.513;gas
Can krutilka;+7 (812) 385-74-71, +7 (499) 110-29-81, +7 (495) 999-48-86, +7 (351) 242-01-78;+7 (968) 365-38-28;Кутузовский просп., 45, Москва;can-krutilka.ru;55.737 37.526;gas
Part4you;;+7 (960) 217-10-50;Мукомольный пр., 2, стр. 1, Москва;part4you.ru;55.750 37.526;gas
Mrzclub.ru;+7 (495) 763-16-04;+7 (916) 701-63-93;Пресненская наб., 12, Москва;mrzclub.ru;55.749 37.538;gas
Сильверспорт;+7 (495) 772-29-68, +7 (495) 363-25-20;+7 (921) 333-75-22, +7 (921) 964-55-55, +7 (925) 772-29-68, +7 (916) 286-84-44;1-й Сетуньский пр., 10, стр. 5, Москва;ebcspb.ru , ebcbrakes.ru;55.734 37.538;gas
ТехБот;+7 (499) 938-99-05, +7 (499) 938-95-05;;ул. Дунаевского, 4, Москва;texbot.ru;55.743 37.546;gas
Прошивка Авто;;+7 (960) 814-01-40;Бережковская наб., 2, Москва;proshivka-avto.ru;55.741 37.568;gas
Fservis, автотехцентр;+7 (495) 978-88-66, +7 (495) 998-01-11;;Турчанинов пер., 6, стр. 2, Москва;fservis.ru;55.737 37.597;gas
Gidro Parts;;+7 (921) 006-56-64;Кадашёвская наб., 36, стр. 1, Москва;gidro-parts.ru;55.746 37.626;gas
Сиам Авто;+7 (495) 790-75-58, +7 (499) 409-27-13, +7 (812) 454-75-58;+7 (926) 586-11-87;2-й Гончарный пер., 3, Москва;siamauto.ru;55.740 37.648;gas
Кар-двр;+7 (812) 507-66-36, +7 (499) 322-81-01;+7 (969) 999-53-38;Серебряническая наб., 29, Москва;видеорегистратор-зеркало.рф;55.751 37.654;gas
Exist.ru;+7 (495) 009-08-98;;Марксистская ул., 34, корп. 7, Москва;exist.ru;55.736 37.664;gas
Lexet.ru;+7 (495) 374-71-65, +7 (495) 374-71-10;;Нижегородская ул., 2, корп. 1, Москва;lexet.ru;55.738 37.674;gas
Skoda-MSK;+7 (495) 507-59-60;+7 (925) 507-59-60;Ковров пер., 8, стр. 1, Москва;skoda-msk.ru;55.741 37.681;gas
Podbordiskov Dba, Brannor, Hawk, Ferodo тормозные компоненты;+7 (495) 740-97-23;+7 (926) 206-06-04;Ковров пер., 8, стр. 1, Москва;podbordiskov.ru;55.741 37.682;gas
Elitetuning.ru;;+7 (926) 206-06-40;Ковров пер., 8, стр. 1, Москва;elitetuning.ru;55.741 37.681;gas
Седьмая станция;+7 (495) 707-17-77;;Сибирский пр., 2, стр. 19, Москва;unitauto-center.ru;55.732 37.684;gas
Фаворит-Автопартс;;+7 (968) 711-49-39;Старообрядческая ул., 28А, стр. 1, Москва;favorit-autoparts.turbo.site;55.744 37.700;gas
Авторай77;;+7 (915) 158-77-77, +7 (915) 138-01-01, +7 (915) 168-02-02, +7 (915) 188-70-00;Рабочая ул., 84, стр. 1, Москва;ar77.ru;55.739 37.695;gas
АвтоБыстро, автоцентр;+7 (495) 410-05-37;+7 (985) 299-23-38;ш. Энтузиастов, 12, корп. 2, Москва;avtobystro.ru;55.748 37.708;gas
Кросса, интернет-магазин автозапчастей;+7 (495) 204-21-04, +7 (495) 204-21-06;;пр. Завода Серп и Молот, 5, стр. 1, Москва;crossa.ru;55.751 37.708;gas
Пневмомаркет, интернет-магазин;+7 (495) 118-31-33, +7 (812) 425-68-77, +7 (495) 414-29-59;+7 (931) 888-97-57;Перовский пр., 35, стр. 6, Москва;pnevmomarket.ru;55.744 37.710;gas
Кореец-Авто;;+7 (901) 596-15-53, +7 (916) 672-06-34;пр. Завода Серп и Молот, 5, Москва;korzap.ru;55.750 37.709;gas
LexTo;+7 (495) 128-34-76, +7 (495) 128-47-86;;пр. Завода Серп и Молот, 5, стр. 1А, Москва;lexto.ru;55.751 37.710;gas
Jfc центр;+7 (495) 660-24-40, +7 (495) 775-05-50;;Смирновская ул., 25, стр. 1, Москва;cherkizovo.com;55.736 37.715;gas
Автопазл;+7 (495) 646-00-56;+7 (977) 839-91-93, +7 (915) 222-86-13;Смирновская ул., 25, стр. 7, Москва;autopuzzle.ru;55.736 37.712;gas
Mazda-servis;+7 (495) 127-02-04, +7 (499) 113-58-18, +7 (499) 113-94-54, +7 (495) 638-52-55;+7 (916) 567-85-08;2-я Кабельная ул., 2, стр. 30, Москва;tc-pleyada.ru , mazda-servis.ru;55.744 37.712;gas
Atp-Shop;+7 (495) 979-33-30, +7 (495) 966-09-51;+7 (915) 292-86-42, +7 (985) 864-65-80, +7 (968) 931-00-80, +7 (926) 789-90-66, +7 (926) 520-72-10, +7 (985) 107-08-88;Смирновская ул., 25, стр. 10, Москва;atpshop.ru , transakpp.ru;55.736 37.713;gas
Auto-Facelift;+7 (495) 230-25-31;;2-й Кабельный пр., 1, Москва;auto-facelift.ru;55.748 37.716;gas
Стеклоподъем.рф;+7 (499) 322-12-39, +7 (499) 110-28-09;;4-я Кабельная ул., 6А, Москва;steklopodem.ru , стеклоподъем.рф;55.742 37.717;gas
Бавария-авто;;+7 (909) 945-29-29, +7 (930) 333-40-56, +7 (909) 645-29-29;5-я Кабельная ул., 2, стр. 6, Москва;bavariabmw.ru , bavaria-avto.ru;55.737 37.717;gas
Тм-авто, техцентр по обслуживанию и ремонту;+7 (495) 506-17-19;+7 (916) 199-43-67;Авиамоторная ул., 48, стр. 3, Москва;tm-avto.ru;55.736 37.720;gas
Symbol 7;;+7 (985) 194-29-96;Авиамоторная ул., 46, Москва;simvol7.ru;55.737 37.719;gas
АудиЦентр АвтоГео;;+7 (999) 135-35-35;Авиамоторная ул., 73А, стр. 5, Москва;vag-autogeo.ru;55.735 37.722;gas
Zap4avto;+7 (499) 755-58-41;+7 (925) 797-44-97;1-я Фрезерная ул., 2/1к2, Москва;zap4avto.ru;55.744 37.739;gas
Авторазбор;;+7 (925) 777-53-77;Перовская ул., 1Е, Москва;san777.ru;55.749 37.748;gas
Ремонт глушителя. Продажа выхлопных систем в Москве;;+7 (977) 825-47-07;Электродный пер., 7, Москва;глушакремонт.рф;55.750 37.752;gas
Реномастер, автосервис;+7 (495) 368-90-00;+7 (925) 323-29-56, +7 (926) 380-73-12, +7 (926) 918-79-87;ул. Плеханова, 10А, Москва;renomaster.net;55.749 37.760;gas
Пилот-Авто-Маркет, автотехцентр;+7 (495) 785-06-65;;ул. Плеханова, 13, Москва;bmwpiam.ru , piam.ru;55.751 37.762;gas
Интернет-магазин автозапчастей для иномарок;+7 (495) 790-62-35;+7 (905) 595-11-11;Электродная ул., 14, стр. 2, Москва;slav-intorg.ru;55.749 37.756;gas
Supart;;+7 (968) 969-84-53;Электродная ул., 11, Москва;supart.ru;55.750 37.756;gas
BMWday.ru;;+7 (926) 073-53-62, +7 (925) 772-58-35;ул. Плеханова, 10, стр. 1, Москва;bmwday.ru;55.750 37.758;gas
Кузовщик Service;+7 (495) 150-90-45, +7 (495) 532-99-23;+7 (985) 789-82-13;ул. Плеханова, 10А, стр. 3, Москва;кузовщик77.рф;55.749 37.759;gas
Remont-portera, автосервис;+7 (495) 410-95-68;+7 (916) 813-00-70, +7 (906) 791-71-73;ул. Плеханова, 10А, стр. 2, Москва;remont-portera.ru;55.748 37.760;gas
Км сервис;;+7 (964) 795-30-65, +7 (926) 854-01-84, +7 (925) 125-48-78;ул. Плеханова, 10, Москва;;55.750 37.760;gas
Zap4astishop.ru, интернет-магазин;+7 (495) 960-30-99;+7 (903) 960-30-99, +7 (903) 759-09-34;1-й пр. Перова Поля, 11А, Москва;zap4astishop.ru;55.749 37.771;gas
Z-toyota;+7 (495) 320-19-19;;Зелёный просп., 3, стр. 7, Москва;z-toyota.ru;55.749 37.770;gas
Далс инжиниринг, официальный дилер FESTO;+7 (495) 235-20-09, +7 (495) 235-20-08;;Кусковская улица, 20а к А;dalse.ru;55.740 37.783;gas
Проопт;+7 (495) 204-22-12;;Кусковская ул., 20А, Москва;mosproopt.ru , mos-pro-opt.ru;55.740 37.783;gas
Аутлендер shop;;+7 (977) 290-08-63;Зелёный просп., 22, Москва;;55.750 37.789;gas
Мир 4х4, интернет-магазин автозапчастей для внедорожников;+7 (495) 768-11-44, +7 (495) 920-11-44;+7 (916) 636-76-83, +7 (985) 769-00-29;ул. Новотетёрки, 1, Москва;mir4x4.ru;55.741 37.793;gas
Компания Картрэйд;+7 (8422) 61-33-55, +7 (8312) 82-49-99, +7 (495) 626-59-95, +7 (499) 940-07-77, +7 (8462) 12-96-99;+7 (964) 760-03-01;Кусковская ул., 26А, стр. 7, Москва;cartrade.ru;55.742 37.791;gas
Магазин4х4;+7 (495) 506-87-76;+7 (925) 506-87-76, +7 (903) 217-34-64, +7 (916) 481-18-81;Мартеновская ул., 36, стр. 8, Москва;magazin4x4.ru;55.747 37.806;gas
Пежон.ру, магазин автозапчастей;+7 (495) 504-36-59, +7 (495) 023-35-34, +7 (495) 504-36-48, +7 (495) 504-36-49, +7 (495) 023-15-51, +7 (495) 021-54-53;+7 (929) 599-18-92, +7 (926) 272-05-39, +7 (925) 382-05-75;Кетчерская ул., 13, Москва;pezhon.com , pezhon.ru;55.747 37.837;gas
Мос-Партс;+7 (499) 994-70-44;+7 (926) 638-04-44, +7 (909) 670-77-55, +7 (906) 705-92-23;Кетчерская ул., 13, стр. 5, Москва;svt-auto.ru , mos-parts.ru;55.744 37.836;gas
Atdc;+7 (495) 532-11-25, +7 (495) 323-90-49;+7 (926) 753-40-32, +7 (929) 544-54-91, +7 (916) 991-36-91, +7 (926) 534-65-68;Кетчерская ул., 13, стр. 2, Москва;atdc.ru;55.746 37.838;gas
Про100авто;+7 (495) 508-54-42;+7 (977) 827-33-90;Реутовская ул., вл22, Москва;pro100-avto.ru;55.732 37.838;gas
B-Styling;+7 (495) 215-11-64;+7 (964) 569-66-99;Рублёвское ш., 151, корп. 6, Москва;bmw-styling.ru;55.769 37.343;gas
Лексус – Рублевский;+7 (495) 135-37-57, +7 (495) 725-33-44, +7 (495) 255-58-34;;Рублёвское ш., 74, Москва;goo.gl , lexus-lr.ru;55.770 37.373;gas
Towox;+7 (495) 662-48-17;+7 (926) 306-85-58, +7 (917) 572-88-88;Рублёвское ш., 68Б, Москва;parts.towox.ru , autoservicevolvo.ru;55.769 37.382;gas
Dlsauto, автосервис;+7 (499) 394-58-89;+7 (901) 538-88-35;Рублёвское ш., 68А, стр. 3, Москва;dlsauto.ru;55.767 37.383;gas
Dieseldom.ru, компания;+7 (495) 363-68-62;;Осенняя ул., 23, Москва;dieseldom.ru;55.767 37.404;gas
Remus, магазин выхлопных систем;+7 (495) 323-93-23;+7 (926) 007-80-09;Осенняя ул., 19, Москва;remus.ru , remus-russia.ru;55.766 37.404;gas
Маркетплейс ЕвроПартсТрейд;+7 (499) 455-35-51, +7 (495) 662-97-51;;Осенняя ул., 23, Москва;europartstrade.ru;55.767 37.404;gas
Hlk;+7 (370) 457-61-13, +7 (123) 012-11-77, +7 (139) 752-81-15;+7 (916) 362-18-72;Осенняя ул., 23, Москва;hlkparts.com;55.767 37.404;gas
Evolution Blending;+7 (495) 120-16-35;+7 (916) 910-11-44;Крылатская ул., 2, корп. 4, Москва;partnumber710.com;55.756 37.444;gas
Abt Sportsline Россия;+7 (495) 211-03-23;+7 (906) 774-45-09;Крылатская ул., 2, корп. 4, Москва;abt-russia.ru;55.756 37.444;gas
Автоточка;;+7 (995) 500-66-45;Крылатская ул., 2, корп. 4, Москва;купить-авто-запчасти.рф;55.756 37.444;gas
Akppzapchasti;+7 (495) 979-21-08;;3-й Силикатный пр., 6, корп. 1, стр. 4, Москва;akppex.ru;55.769 37.500;gas
Autohaus77;+7 (495) 649-44-90;+7 (999) 852-44-97;Береговой пр., 4, корп. 3, Москва;autohaus77.clients.site;55.758 37.502;gas
Бипарт-Авто - Запчасти для иномарок;;+7 (916) 515-85-23, +7 (916) 811-00-11, +7 (925) 719-42-71;2-й Силикатный пр., 9, стр. 5, Москва;bipart-auto.ru;55.771 37.502;gas
Запчасти БМВ;+7 (495) 761-53-60;+7 (915) 139-35-28;3-й Силикатный пр., 6, корп. 1, стр. 12, Москва;x5-e70.ru;55.768 37.502;gas
TransDetail;+7 (495) 744-72-24, +7 (495) 796-79-96;;2-я Магистральная ул., 18А, стр. 3, Москва;transdetail.ru;55.763 37.525;gas
Shift-kit.ru;;+7 (985) 528-00-08;2-я Магистральная ул., 14Г, стр. 1, Москва;shift-kit.ru;55.764 37.526;gas
BorisHof - официальный дилер Hyundai;+7 (495) 241-63-18, +7 (495) 221-83-00;;2-я Магистральная ул., 18, стр. 9, Москва;hyundai.ru , hyundai.borishof.ru;55.763 37.527;gas
Апгрейд-Кар;+7 (495) 760-76-56, +7 (495) 760-07-15, +7 (495) 760-07-46, +7 (495) 545-31-32, +7 (495) 673-28-61, +7 (8612) 90-88-40, +7 (495) 760-37-37, +7 (495) 766-98-48, +7 (495) 766-14-08;+7 (985) 760-76-56;1-я Магистральная ул., 8, стр. 7, Москва;upgrade-car.ru , porsche-service.ru , landrover-service.ru , upgrade-car.com , audi-service.ru , jaguar-options.ru;55.769 37.527;gas
Тойота центр Сити - официальный дилер Тойота;+7 (495) 231-78-94, +7 (495) 172-75-71, +7 (495) 730-11-55, +7 (495) 025-10-10, +7 (495) 644-44-34, +7 (495) 788-56-65, +7 (495) 730-80-03, +7 (495) 153-62-30, +7 (495) 737-89-99, +7 (495) 172-75-76;;1-я Магистральная ул., 13, стр. 1, Москва;major-toyota.ru , major-toyota.calltouch-lp.ru , major-lexus.calltouch-lp.ru , toyota-citycenter.ru , major-auto.ru;55.768 37.528;gas
AMG77;+7 (495) 648-88-84;;ул. Ермакова Роща, 7А, стр. 2, Москва;drive2.ru;55.758 37.530;gas
Товары для АКПП ZapAkpp;+7 (499) 460-01-37;;2-я Магистральная ул., 14А, стр. 1, Москва;zapakpp.ru;55.764 37.530;gas
2bro service форд, автосервис;+7 (499) 350-25-01, +7 (499) 490-72-74;+7 (929) 969-47-29;ул. Ермакова Роща, 7А, стр. 1, Москва;2bro-service.ru;55.759 37.530;gas
Vilparts, интернет-магазин;+7 (495) 792-10-92, +7 (495) 532-53-14;+7 (931) 105-61-83;2-я Магистральная ул., 14А, стр. 1, Москва;vilparts.ru;55.764 37.530;gas
Jaguar Parts;;+7 (903) 783-78-32, +7 (925) 022-70-55;ул. Ермакова Роща, 7А, стр. 1, Москва;jaguar-parts.ru , drive2.ru;55.759 37.531;gas
M-starter, компания по ремонту и продаже генераторов и стартеров;+7 (495) 226-51-47, +7 (495) 744-54-47;+7 (916) 499-76-69, +7 (985) 226-51-47, +7 (963) 711-20-48;ул. Ермакова Роща, 7А, стр. 1, Москва;m-starter.ru;55.759 37.531;gas
Док-турбо;+7 (499) 399-37-67;+7 (977) 257-77-25, +7 (926) 120-33-55, +7 (977) 252-33-55;2-я Магистральная ул., 10, стр. 2, Москва;bibidoc.ru , doc-turbo.ru , doc-turbo.com;55.764 37.532;gas
Ункан;;+7 (926) 068-90-91, +7 (999) 351-08-37, +7 (917) 523-26-43;2-я Магистральная ул., 10, стр. 1, Москва;unkan-auto.ru;55.765 37.533;gas
Центр кузовного ремонта;+7 (495) 212-91-67;;2-я Магистральная ул., 10, стр. 1, Москва;rsa-auto.ru;55.764 37.532;gas
B-Parts;+7 (495) 997-73-98;;ул. Новый Арбат, 32, Москва;bentley-parts.ru;55.753 37.580;gas
Bmwtex.ru Интернет-магазин автозапчастей для БМВ;;+7 (977) 101-07-79;Россия, Москва, Красная площадь;bmwtex.ru;55.753 37.623;gas
Автозапчасти для Land Rover, Jaguar & Mini и других марок автомобилей;;+7 (925) 485-05-42, +7 (916) 660-00-35;Россия, Москва, Красная площадь;oldmotor.ru;55.753 37.623;gas
ДизельДеталь-дилер;+7 (4852) 58-58-61, +7 (4852) 58-58-59, +7 (3832) 30-46-60;;Россия, Москва, Красная площадь;dd76.ru , moscow.dd76.ru;55.753 37.623;gas
Безразбора;;+7 (967) 131-77-10;Россия, Москва, Красная площадь;bezrazbora.ru;55.753 37.623;gas
Podgotoffka - товары для внедорожников;;+7 (951) 193-79-77, +7 (919) 912-06-74;Россия, Москва, Красная площадь;podgotoffka.ru;55.753 37.623;gas
InvisibleWorks;;+7 (985) 777-03-21;Россия, Москва, Красная площадь;invisibleworks.ru;55.753 37.623;gas
Region-lr;;+7 (965) 427-24-77;Россия, Москва, Красная площадь;region-lr.ru;55.753 37.623;gas
Автозапчасти для грузовиков и спецтехники;;+7 (968) 069-59-59, +7 (968) 084-00-03, +7 (905) 705-55-15;Россия, Москва, Красная площадь;gruzzap.info;55.753 37.623;gas
Tuningprosto;;+7 (931) 711-80-78, +7 (995) 966-28-88, +7 (987) 448-25-55;Россия, Москва, Красная площадь;msk.tuningprosto.ru , tuningprosto.ru;55.753 37.623;gas
Hottecke;+7 (495) 918-55-31, +7 (495) 120-36-93;;Россия, Москва;hottecke.ru;55.753 37.623;gas
Espra;+7 (495) 369-10-40;;Россия, Москва, Красная площадь;espra-auto.ru;55.753 37.623;gas
Hondajdm;;+7 (964) 585-05-05;Россия, Москва, Красная площадь;;55.753 37.623;gas
Портал автолюбителей myavtosklad.ru;;+7 (978) 504-37-56;Россия, Москва, Красная площадь;myavtosklad.ru;55.753 37.623;gas
Кобелко Като Тадано;;+7 (914) 400-09-55;Россия, Москва;kobelco-parts.ru;55.753 37.623;gas
АвтоЗапчасти Мкад50;+7 (495) 664-55-98;;Россия, Москва, Красная площадь;mkad50.ru;55.753 37.623;gas
Блокировка.ру - блокировки дифференциала и главные пары;;+7 (916) 220-01-00, +7 (984) 220-01-00;Россия, Москва, Красная площадь;blokirovka.ru;55.753 37.623;gas
Mercedes 212;+7 (495) 741-26-90;+7 (963) 782-26-90, +7 (901) 517-97-22;Россия, Москва;mercedes212.ru;55.753 37.623;gas
Русский Dodge Ram клуб — сообщество любителей пикапов;+7 (845) 801-93-98;;Самокатная ул., 4, стр. 1, Москва;dodgeram.ru;55.756 37.677;gas
Омега-разбор;+7 (495) 664-41-51;;Самокатная ул., 4, стр. 46, Москва;omegarazbor.ru;55.755 37.675;gas
Autosvet 99;+7 (499) 346-61-41;;Волочаевская ул., 12А, стр. 1А, Москва;autosvet99.ru;55.756 37.681;gas
Wellcar;;+7 (964) 640-62-60;ул. Золоторожский Вал, 11, стр. 8, Москва;korea-razbor.ru;55.754 37.696;gas
Carford, центр авторазбора;+7 (495) 902-68-40;+7 (926) 467-23-63, +7 (926) 267-98-24, +7 (965) 131-11-07;ул. Золоторожский Вал, 11, стр. 8, Москва;carford.ru , mosford.ru;55.754 37.696;gas
Приус-моторс;;+7 (916) 615-06-86, +7 (916) 811-09-59;пр. Энтузиастов, 5, стр. 3, Москва;priusmotors.ru;55.760 37.720;gas
Би-би, автомагазин;+7 (495) 365-09-55;+7 (965) 209-61-86;просп. Будённого, 20, корп. 1, Москва;bi-bi.ru;55.767 37.730;gas
BMW Collection;;+7 (958) 500-13-00, +7 (926) 319-07-13;просп. Будённого, 24, корп. 1, Москва;bmwcollection.ru;55.765 37.732;gas
Avdparts.ru;+7 (495) 488-70-13;;просп. Будённого, 24, корп. 1, Москва;avdparts.ru;55.765 37.732;gas
Норд-авто, автосервис;+7 (495) 005-33-10;+7 (926) 765-67-95;просп. Будённого, 33А, стр. 12, Москва;nordavto.msk.ru;55.766 37.733;gas
Автозапчасти-Мск;;+7 (925) 514-33-50, +7 (903) 592-40-51;ул. Буракова, 16, Москва;avtozapchasti-msk.ru;55.757 37.734;gas
Авторусь, магазин автотоваров и технического обслуживания;+7 (495) 276-15-69;;ш. Энтузиастов, 27А, Москва;autorus.ru;55.756 37.740;gas
ВашБМВ;+7 (495) 649-81-03;+7 (964) 500-46-26;8-я ул. Соколиной Горы, 15А, стр. 6, Москва;vashbmw.ru;55.770 37.736;gas
Xdiff;+7 (495) 287-12-07;+7 (903) 180-73-44, +7 (962) 939-02-04;8-я ул. Соколиной Горы, 15А, стр. 24, Москва;xdiff.ru;55.771 37.738;gas
Реноком;+7 (495) 510-05-96;+7 (915) 247-27-07;Гаражная ул., 4, Москва;renokom.ru;55.759 37.742;gas
Турбодеталь;+7 (495) 108-36-92, +7 (495) 646-02-27, +7 (705) 912-99-99, +7 (495) 740-37-89, +7 (705) 812-99-99;+7 (961) 254-47-94, +7 (905) 730-75-88, +7 (920) 936-18-82, +7 (950) 956-33-33, +7 (908) 604-84-84, +7 (914) 895-26-26, +7 (908) 990-00-66, +7 (923) 618-82-27, +7 (968) 475-17-27, +7 (902) 269-10-40;Гаражная ул., 4, Москва;mturbo.ru;55.759 37.742;gas
АвтоДетали77;+7 (499) 755-64-10;;Гаражная ул., 4, Москва;avtodetali77.ru;55.759 37.742;gas
ДевиАвто;+7 (495) 509-36-06;+7 (916) 018-44-84, +7 (905) 502-75-15, +7 (968) 411-29-79;8-я ул. Соколиной Горы, 15/1с1, Москва;anviparts.ru , deviauto.ru;55.770 37.744;gas
ТехМашПоставка, торговая компания;+7 (495) 162-55-66, +7 (495) 741-17-14, +7 (495) 152-22-77;+7 (925) 444-59-30;ул. Уткина, 48, стр. 4, Москва;tehmashpostavka.ru;55.760 37.744;gas
Fiat-Club-Fiatparts;;+7 (916) 671-81-26, +7 (985) 439-11-03;ш. Энтузиастов, 31, стр. 15, Москва;fiat-club.ru , fiatparts.ru , forum.fiat-club.ru;55.760 37.749;gas
Папазап;+7 (499) 390-04-24;+7 (926) 683-09-56;Электродная ул., 2с12-14, Москва;papazap.com;55.754 37.749;gas
Мир автозапчастей;;+7 (906) 731-71-92, +7 (906) 728-90-95, +7 (905) 584-06-24;Электродная ул., 2, стр. 14, Москва;worldautozap.ru;55.755 37.750;gas
Магазин Бмв- продажа запчастей;;+7 (958) 502-11-25;Электродная ул., 2, стр. 12, Москва;5cilindrov.ru;55.754 37.750;gas
Гранд-авто, магазин автозапчастей для корейских автомобилей;+7 (495) 580-71-39, +7 (495) 585-88-28, +7 (495) 580-71-38;+7 (925) 585-88-28;Электродная ул., 2, стр. 12, Москва;m-grand.ru;55.754 37.750;gas
Z-chevrolet.ru;+7 (495) 135-32-03, +7 (495) 255-35-31;;Электродная ул., 2, стр. 1, Москва;z-chevrolet.ru;55.757 37.751;gas
Позитив Ленд Р.;+7 (495) 902-75-05;+7 (915) 303-03-16, +7 (915) 023-87-18;Электродная ул., 2, стр. 25, Москва;pozitiv-lr.ru;55.753 37.751;gas
Авторазбор, склад;+7 (210) 686-48-50, +7 (352) 678-93-79, +7 (210) 686-79-65, +7 (210) 685-81-47, +7 (210) 688-35-45;+7 (930) 304-15-94, +7 (925) 222-97-77, +7 (969) 777-61-38;Электродная ул., 2, стр. 28, Москва;autorazbor.net;55.753 37.751;gas
ИП Карев В. Ю.;;+7 (916) 360-86-68, +7 (985) 437-75-86;Электродная ул., 2, стр. 28, Москва;centrkpp.ru;55.754 37.751;gas
Фильтры Donaldson;+7 (495) 926-73-53, +7 (3452) 56-40-01;;Электродный пр., 8А, Москва;thebestfilters.ru;55.762 37.751;gas
Winbo;+7 (495) 971-12-65;;ш. Энтузиастов, 31, стр. 40, Москва;winbo-russia.com;55.760 37.752;gas
Мицубиси Моторс клуб;+7 (495) 329-81-41, +7 (495) 701-81-41, +7 (495) 300-81-41, +7 (495) 600-81-41, +7 (495) 731-81-41, +7 (495) 778-59-94, +7 (495) 778-59-98, +7 (495) 790-72-74;+7 (916) 329-81-41, +7 (916) 324-81-41, +7 (916) 320-81-41, +7 (916) 731-81-41;ш. Энтузиастов, 31, стр. 41, Москва;tmcclub.ru , apps.apple.com , mmcclub.ru;55.760 37.751;gas
Магазин автозапчастей и автотоваров;+7 (495) 672-73-39, +7 (495) 672-75-23;;Электродная ул., 3Г, Москва;m-bus.ru;55.756 37.754;gas
Store-avto;;+7 (966) 030-58-54, +7 (905) 508-02-07;Электродная ул., 8, Москва;;55.753 37.753;gas
Kyb-msk;+7 (499) 394-28-68;+7 (906) 778-84-06;Электродная ул., 3Б, Москва;kyb-msk.ru;55.754 37.755;gas
АвтоРусь77;;+7 (916) 418-22-55;1-я Владимирская ул., 12А, Москва;avtorus77.ru;55.757 37.773;gas
Avtoall, магазин автозапчастей;+7 (495) 009-03-13;+7 (966) 182-66-95;2-я Владимирская ул., 6, корп. 1, Москва;avtoall.ru;55.762 37.778;gas
Exist.ru;+7 (495) 009-03-43;;3-я Владимирская ул., 2/74, Москва;exist.ru;55.764 37.784;gas
Zapsales.ru;+7 (499) 404-20-20;;Новогиреевская ул., 26, стр. 7, Москва;zapsales.ru;55.757 37.795;gas
Auto-flex.ru, магазин;+7 (495) 142-13-16, +7 (499) 110-22-50;+7 (977) 358-13-17;Новогиреевская ул., 29, корп. 1, Москва;auto-flex.ru;55.755 37.798;gas
Automarket888.ru;;+7 (995) 883-83-77;ул. Металлургов, 60, корп. 1, Москва;automarket888.ru;55.760 37.808;gas
Азим авто;+7 (495) 305-40-00, +7 (495) 305-44-44, +7 (495) 304-65-38;+7 (926) 077-81-13;ул. Металлургов, 62, корп. 1, Москва;azimauto.ru;55.760 37.809;gas
Бруклинавто, магазин автозапчастей;+7 (495) 155-15-53, +7 (495) 663-15-53, +7 (495) 920-50-02, +7 (495) 307-72-87;+7 (985) 920-50-02;Свободный просп., 1Б, Москва;brooklynauto.ru;55.769 37.822;gas
LADA Dеталь;+7 (499) 394-19-18;+7 (926) 530-72-41;ул. Сталеваров, 14, корп. 1, Москва;lada-detail.ru;55.758 37.839;gas
Автопаскер, магазин автотоваров и запчастей;+7 (495) 720-66-99, +7 (499) 399-33-50, +7 (4862) 25-54-85, +7 (4862) 73-37-85, +7 (4922) 40-61-30, +7 (4922) 60-00-54, +7 (492-41) 3-20-30, +7 (492-44) 9-36-70, +7 (495) 276-16-80;+7 (901) 570-74-54, +7 (903) 101-33-20, +7 (903) 602-61-40, +7 (920) 084-85-44, +7 (920) 088-04-63, +7 (920) 930-01-81, +7 (920) 930-03-57, +7 (920) 930-06-51, +7 (920) 930-07-55;ул. Сталеваров, 14, корп. 1, Москва;avtopasker.ru;55.758 37.839;gas
Autozapper, магазин автозапчастей;;+7 (964) 560-88-44;ул. Маршала Прошлякова, 5, корп. 3, стр. 1, Москва;autozapper.ru;55.786 37.392;gas
Амкодор;+7 (495) 150-22-87;;ул. Маршала Прошлякова, 5, корп. 4, Москва;amkodor-sm.ru , amkogroup.ru;55.787 37.394;gas
75rover;;+7 (977) 625-90-01;ул. Маршала Прошлякова, 6, Москва;75rover.ru;55.790 37.397;gas
Офф-роад-маркет;;+7 (925) 141-88-59, +7 (925) 585-74-71;Живописная ул., 6, корп. 1, Москва;off-road-market.ru;55.782 37.457;gas
РедаФто;;+7 (985) 456-24-24;просп. Маршала Жукова, 42, стр. 1, Москва;redafto.ru;55.777 37.471;gas
Exist.ru, интернет-магазин автозапчастей;+7 (495) 009-03-91;;ул. Народного Ополчения, 21, корп. 1, Москва;exist.ru;55.778 37.477;gas
Автомото-Зап;+7 (499) 341-13-61, +7 (161) 221-91-47, +7 (114) 218-43-55, +7 (371) 857-00-43, +7 (450) 759-03-95, +7 (326) 717-69-34, +7 (830) 275-30-85, +7 (167) 980-55-42, +7 (146) 235-38-35;+7 (905) 563-00-58;ул. Маршала Вершинина, 3, Москва;automoto-zap.ru;55.792 37.488;gas
Выхлопнаяглушак;;+7 (916) 082-62-96, +7 (977) 598-12-33;2-й Силикатный пр., 34, стр. 2, Москва;выхлопнаяглушак.рф;55.772 37.500;gas
Ауди-Рус;+7 (812) 926-71-34, +7 (495) 372-66-09, +7 (812) 923-31-34, +7 (812) 372-66-09;+7 (925) 233-17-20, +7 (925) 170-02-91;3-я Хорошёвская ул., вл7к1, Москва;audi-rus.ru;55.780 37.501;gas
Propeller;;+7 (985) 569-11-44;ул. Мнёвники, 1, стр. 6, Москва;bmwpropeller.ru;55.774 37.502;gas
Рематек;+7 (495) 532-37-00, +7 (499) 740-60-90, +7 (495) 740-97-44, +7 (495) 685-95-22, +7 (499) 201-09-77;+7 (925) 532-37-00, +7 (926) 401-01-41;ул. Зорге, 13, стр. 1, Москва;rematec.ru;55.785 37.509;gas
Tvnavi.ru;;+7 (916) 645-11-55;ул. Зорге, 3А, стр. 1, Москва;tvnavi.ru;55.780 37.509;gas
Авторесурс XII;+7 (499) 195-00-64;+7 (985) 211-01-55;Хорошёвское ш., 39Б, стр. 1, Москва;avtoresurs12.ru;55.777 37.514;gas
4x4Sport;+7 (495) 727-53-00, +7 (495) 727-53-12, +7 (495) 727-53-41, +7 (495) 740-62-58;+7 (985) 727-53-12, +7 (985) 727-53-00, +7 (925) 734-59-12, +7 (985) 727-53-41;4-я Магистральная ул., 3, Москва;4x4sport.ru;55.776 37.521;gas
Ventilus.ru;;+7 (903) 292-01-10;3-й Хорошёвский пр., 1, стр. 1, Москва;ventilus.ru;55.772 37.541;gas
Транспартс;+7 (499) 641-01-51, +7 (495) 968-90-68;+7 (968) 791-84-78;ул. Поликарпова, 27, стр. 3, Москва;transparts.ru;55.781 37.543;gas
Автоэкспо;+7 (495) 414-13-06;;ул. Поликарпова, 27, стр. 3, Москва;transparts.ru , at-cvt.com;55.781 37.544;gas
Exist.ru;+7 (495) 009-07-85;;1-й Боткинский пр., 2/6, Москва;exist.ru;55.782 37.556;gas
Мбпрайд;+7 (495) 143-37-03;+7 (901) 751-74-69;ул. Пресненский Вал, 27, стр. 23, Москва;zzservice.ru , mbpride.ru;55.772 37.566;gas
Shop. Sti-club. Su;;+7 (903) 795-61-11;1-й Щемиловский пер., 16, стр. 2, Москва;shop.sti-club.su;55.779 37.607;gas
Стальной Омар;;+7 (926) 373-43-46;пр. Комсомольской Площади, 36, Москва;st-omar.ru;55.788 37.651;gas
Almerashop;+7 (499) 110-07-26;;2-я Рыбинская ул., 12А, Москва;almerashop.ru;55.790 37.658;gas
Staff;+7 (499) 391-39-55;+7 (909) 150-02-00;ул. Лобачика, 11, Москва;staffzap.ru;55.788 37.662;gas
КлубОК;+7 (495) 415-11-15, +7 (495) 150-11-15;+7 (966) 150-11-15;Ольховская ул., 9, стр. 1, Москва;clubok-auto.ru;55.774 37.664;gas
Exist.ru;+7 (495) 123-34-83;;Маленковская ул., 32, стр. 2, Москва;exist.ru;55.787 37.675;gas
Бритпарт;+7 (495) 532-81-89;+7 (926) 223-70-04;Спартаковская площадь, 1/7с1А, Москва;brit-part.ru;55.778 37.681;gas
Avtocc, склад;;+7 (963) 690-55-05;ул. Матросская Тишина, 1А, стр. 1, Москва;avtocc.ru;55.783 37.689;gas
Форс Моторс Групп;+7 (495) 970-39-72;+7 (925) 718-48-23;ул. Матросская Тишина, 1А, стр. 2, Москва;fmg-parts.ru;55.783 37.692;gas
Клондайкавто;+7 (499) 261-09-09;+7 (925) 504-96-22;Переведеновский пер., 21, стр. 9, Москва;clondaykauto.ru;55.781 37.692;gas
Nissan-50;+7 (495) 424-69-49, +7 (495) 722-59-95;+7 (916) 975-07-54, +7 (916) 831-09-23, +7 (903) 722-59-95;Россия, Москва, Электрозаводский мост;nissan-50.ru;55.782 37.698;gas
Автопегас21, магазин автозапчастей;+7 (495) 220-07-10, +7 (495) 926-90-82, +7 (495) 727-38-89;+7 (917) 529-54-00;Большая Семёновская ул., 10, стр. 21, Москва;avtopegas21.ru;55.782 37.702;gas
Партстрейд;+7 (495) 360-61-10;+7 (926) 577-02-02;ул. Семёновский Вал, 12, Москва;partstrade.ru;55.776 37.714;gas
Litparts;;+7 (915) 236-65-25, +7 (903) 577-72-68, +7 (915) 273-72-66, +7 (985) 432-04-01, +7 (916) 732-91-90;Заваруевский пер., 32А, Москва;litparts.ru;55.789 37.725;gas
В запас, магазин автозапчастей и автомасел;+7 (499) 130-63-36;+7 (977) 472-39-77;Заваруевский пер., 32, стр. 1, Москва;v-zapas.ru;55.790 37.726;gas
Джап Зап;+7 (495) 004-01-20, +7 (495) 544-82-44, +7 (495) 545-75-31;+7 (954) 311-40-14, +7 (903) 941-26-87, +7 (925) 076-98-77, +7 (954) 311-10-10, +7 (925) 545-75-31, +7 (925) 544-82-44;Заваруевский пер., 32, стр. 1, Москва;japzap.ru;55.790 37.726;gas
Сервис BMW Пик Ремонт и Запчасти BMW;+7 (499) 391-48-09;+7 (921) 976-84-98;ул. Ибрагимова, вл31А, Москва;bmwpik.ru;55.791 37.729;gas
Сервис Вольво Пик Ремонт и Запчасти Volvo;+7 (499) 391-25-59, +7 (499) 391-62-19;;ул. Ибрагимова, вл31А, Москва;volvo-pik.ru;55.791 37.728;gas
Авто-Мото Плюс;+7 (495) 743-45-44, +7 (495) 774-07-05;+7 (909) 151-00-00;ул. Ибрагимова, 31А, стр. 4, Москва;beget.com , autocarplus.ru;55.791 37.729;gas
Лексус Пик СТО;+7 (495) 532-25-78, +7 (499) 391-81-65;;ул. Ибрагимова, 31А, стр. 4, Москва;lexus.pikms.ru;55.791 37.730;gas
Авто-запас;+7 (495) 926-36-25;;Измайловское ш., 58, Москва;suzuki-world.ru;55.780 37.736;gas
Русская Артель, торгово-производственная компания;+7 (495) 374-83-66;+7 (905) 555-74-89, +7 (926) 623-02-00, +7 (906) 140-15-55;Окружной пр., 30А, Москва;russ-artel.ru;55.774 37.742;gas
Svs Выхлоп;+7 (495) 642-50-20;+7 (909) 970-30-40, +7 (966) 296-72-93, +7 (903) 211-80-35;1-я ул. Измайловского Зверинца, 8, Москва;glooshitel.ru;55.776 37.745;gas
Грандисавто, магазин автозапчастей для японских автомобилей;+7 (495) 669-93-76;+7 (906) 043-60-66;Первомайская ул., 4, Москва;grandisauto.ru;55.790 37.772;gas
AvtoGrade.ru;+7 (499) 390-24-33;+7 (917) 510-92-51, +7 (925) 206-48-48;Магнитогорская ул., 7, Москва;avtograde.ru;55.774 37.825;gas
Авто3Н;+7 (495) 104-79-39;;ш. Энтузиастов, 55, Москва;auto3n.ru;55.774 37.828;gas
YouAvto.ru;;+7 (926) 869-66-09;Малый Купавенский пр., 6А, стр. 3, Москва;youavto.ru;55.779 37.840;gas
Авто-Гигант;;+7 (967) 109-45-55, +7 (916) 145-21-27, +7 (926) 966-08-53;МКАД, 64-й километр, вл13, Москва;авто-гигант.рф;55.808 37.387;gas
TDV-Parts;;+7 (915) 181-66-66;МКАД, 65-й километр, 1, стр. 62, Москва;tdv-parts.ru;55.808 37.387;gas
Radical Rims;;+7 (965) 425-81-81;ул. Маршала Прошлякова, 14, корп. 2, Москва;radicalrims.ru;55.792 37.389;gas
ЗапКарсВаг;+7 (499) 490-29-32, +7 (499) 490-22-19, +7 (499) 490-29-72;+7 (925) 302-03-91;ул. Маршала Прошлякова, 14, корп. 2, Москва;zapcarsvag.com;55.792 37.389;gas
Автомелочь, интернет-магазин автомотозапчастей;+7 (495) 589-74-19;+7 (929) 951-15-60, +7 (925) 589-74-19;ул. Кулакова, 20, стр. 1К, Москва;automeloch.ru;55.805 37.393;gas
Nazemka.com;+7 (495) 923-44-20;;ул. Твардовского, 8, корп. 1, Москва;nazemka.com;55.794 37.393;gas
LADA Dеталь;+7 (495) 750-70-71;;Строгинский бул., 9, Москва;lada-detail.ru;55.805 37.400;gas
Би-би, автомагазин;;+7 (963) 698-03-22;Строгинский бул., 9, Москва;bi-bi.ru;55.805 37.400;gas
Саанд-Авто, магазин автозапчастей;+7 (495) 610-39-96, +7 (495) 757-09-39, +7 (495) 729-43-36, +7 (495) 757-09-79, +7 (495) 685-48-74, +7 (499) 152-46-30, +7 (499) 154-11-31;;ул. Маршала Катукова, 16, Москва;saand.ru;55.807 37.406;gas
100 Миль в Час;+7 (495) 532-51-10;;ул. Маршала Катукова, 19, корп. 1, Москва;100mph.ru;55.808 37.412;gas
РенНис;;+7 (965) 169-51-52, +7 (977) 341-99-55, +7 (905) 756-64-03;Большой Волоколамский пр., 5, Москва;rennis.ru , rennis.info , renis.net;55.801 37.496;gas
Honda09;+7 (495) 979-56-48;+7 (901) 519-56-48, +7 (915) 280-22-72, +7 (909) 951-99-66;ул. Левитана, 8/6, Москва;honda09.ru;55.801 37.503;gas
Авториф, магазин автозапчастей;+7 (495) 544-57-38;;Ленинградское ш., 1, Москва;avtorif.ru;55.808 37.506;gas
Автозапчасти Opel;+7 (499) 155-85-66, +7 (499) 151-29-91, +7 (499) 151-42-01;;Ленинградский просп., 74, корп. 3, Москва;opelsokol.ru;55.806 37.518;gas
ШОП4АВТО, торгово-сервисная компания;+7 (495) 509-44-03;+7 (926) 724-42-41;ул. Вучетича, 1А, стр. 1, Москва;s4auto.ru;55.806 37.558;gas
Оем-ПартсИмпорт;+7 (495) 234-61-05;+7 (985) 766-50-51;2-я Хуторская ул., 38А, стр. 1, Москва;partsimport.ru , oem.partsimport.ru;55.806 37.568;gas
Канада-Моторс;+7 (499) 760-84-61;+7 (925) 642-44-44, +7 (901) 517-03-03;Башиловская ул., 26, Москва;canada-motors.ru;55.804 37.574;gas
Магазин автозапчастей и автотоваров;+7 (495) 613-36-12, +7 (495) 231-42-47, +7 (495) 231-42-46, +7 (495) 613-35-20, +7 (499) 943-84-30, +7 (495) 728-33-23, +7 (495) 795-31-99, +7 (499) 943-84-53, +7 (495) 787-01-29, +7 (495) 778-62-01;;Вятская ул., 49, стр. 2, Москва;suzukiparts.ru;55.805 37.580;gas
Бета-Авто Москва;+7 (495) 241-35-95, +7 (812) 244-69-28, +7 (812) 927-36-75;+7 (981) 180-95-66, +7 (911) 705-20-25;Вятская ул., 49, стр. 3, Москва;beta-auto.ru;55.803 37.581;gas
Форвард Авто;+7 (8612) 12-88-80, +7 (3912) 77-77-25, +7 (495) 268-06-35;;Бутырская ул., 46, Москва;baza.forwardauto.ru , forwardauto.ru;55.801 37.584;gas
Авторазбор;+7 (495) 517-03-66;+7 (901) 532-55-66, +7 (916) 818-01-00;Бутырская ул., 86Б, Москва;bestautoparts.ru;55.808 37.583;gas
Крамко;+7 (812) 775-12-50, +7 (495) 363-77-46;+7 (965) 033-94-19;Новодмитровская ул., 2, корп. 1, Москва;kramco.ru;55.805 37.590;gas
All4car.ru, торговая компания;+7 (495) 768-14-66;+7 (985) 768-14-66;пр. Добролюбова, 3, стр. 2, Москва;all4car.ru;55.809 37.592;gas
Yazap.ru, интернет-магазин;;+7 (966) 112-30-03;Складочная ул., 1, стр. 4, Москва;rexopt.ru , yazap.ru;55.804 37.592;gas
Контрактные двигатели;;+7 (985) 922-66-55, +7 (962) 364-00-88;Складочная ул., 1Б, стр. 1, Москва;alldvs.ru;55.798 37.593;gas
Магазин рамок для автономеров, официальный представитель RCS;+7 (495) 021-07-99;+7 (905) 755-17-25;ул. Сущёвский Вал, 5, стр. 20, Москва;ramki-rcs.ru , rcs-auto.ru;55.794 37.593;gas
Шоп Полоседан;+7 (499) 136-09-80;+7 (968) 996-53-99, +7 (968) 996-45-58, +7 (968) 996-43-88;ул. Добролюбова, 1, стр. 5, Москва;zakazparts.com;55.809 37.594;gas
Заказ Партс;+7 (495) 128-98-69;;ул. Добролюбова, 1, Москва;zakazparts.com;55.809 37.594;gas
Авто-легенда, тюнинг-салон;;+7 (922) 188-57-87, +7 (906) 814-66-35;ул. Добролюбова, 1, Москва;tuning-vip.ru;55.809 37.594;gas
Infiniti Centr;;+7 (905) 577-12-12, +7 (905) 567-16-16, +7 (968) 400-13-13, +7 (968) 745-21-11, +7 (965) 275-55-54;ул. Добролюбова, 2, стр. 2, Москва;infiniticentr.ru , infinitiland.ru;55.808 37.599;gas
Avtocc;;+7 (901) 578-71-14;8-й пр. Марьиной Рощи, 30, стр. 28, Москва;avtocc.ru;55.804 37.601;gas
3Bolta;+7 (499) 504-43-99;+7 (926) 223-73-73;Складочная ул., 20А, стр. 1, Москва;3bolta.ru;55.806 37.602;gas
Автомоторемонт;+7 (495) 227-52-75;+7 (985) 820-09-09, +7 (985) 227-52-75, +7 (985) 820-07-07;пр. Добролюбова, 6А, стр. 2, Москва;automotoremont.ru;55.809 37.602;gas
Гранд Старекс - Ремонт и Запчасти;;+7 (925) 514-28-69;Огородный пр., 1Б, стр. 2, Москва;zapchastistarex.ru;55.808 37.602;gas
Porsche-Car;+7 (495) 532-83-71;;Огородный пр., 1А, стр. 5, Москва;porsche-car.ru;55.809 37.604;gas
LR-Shop;+7 (495) 921-41-92, +7 (749) 980-05-62;;8-й пр. Марьиной Рощи, 30, стр. 14, Москва;lr-shop.su , lr-shop.ru;55.802 37.604;gas
Fristom;+7 (495) 135-45-05;;Огородный пр., 1А, стр. 10, Москва;фристом.рф;55.809 37.604;gas
Первый профессиональный, магазин;+7 (495) 618-17-70, +7 (495) 618-17-63;+7 (968) 488-84-48;Шереметьевская ул., 45Б, Москва;1profshop.ru;55.808 37.615;gas
Техцентр Мерседес БМВ Audi Volkswagen DaasAuto;+7 (495) 532-30-85;+7 (925) 277-98-96;Веткина ул., 2, стр. 17, Москва;daasauto.ru;55.805 37.621;gas
Скандинавия Бил Трейдинг;+7 (495) 645-99-55, +7 (495) 005-84-56, +7 (495) 646-99-44;+7 (985) 985-85-74;Веткина ул., 2, стр. 17, Москва;sbtservice.ru , shop.sbtservice.ru;55.805 37.621;gas
Jeep-USA;+7 (499) 346-85-99;+7 (963) 750-13-65, +7 (965) 256-73-29, +7 (926) 598-18-15;Веткин пр., 2, стр. 2А, Москва;jeep-usa.ru;55.803 37.623;gas
Autotuning-BMW;+7 (499) 390-33-09, +7 (495) 778-46-11;;просп. Мира, 116Б, Москва;autotuning-bmw.ru;55.810 37.639;gas
ЛФД-Строй;;+7 (963) 314-03-04;1-я Мытищинская ул., 3, стр. 1, Москва;jumperclub.ru;55.797 37.641;gas
R1 Мазда;+7 (499) 288-24-43;;1-я Мытищинская ул., 27, стр. 3, Москва;;55.802 37.647;gas
Ниппон Сервис;+7 (495) 001-05-21;;1-я Мытищинская ул., 27, стр. 3, Москва;ниппонсервис.рф;55.802 37.648;gas
Exist.ru, интернет-магазин автозапчастей;+7 (495) 988-19-73;;Маломосковская ул., 22, стр. 1, Москва;exist.ru;55.812 37.653;gas
KS-Racing;+7 (495) 661-52-22, +7 (495) 661-53-33;;ул. Олений Вал, 24, стр. 4, Москва;ksracing.ru;55.800 37.696;gas
Bardahl Original;+7 (499) 350-77-79, +7 (812) 441-29-85;+7 (968) 545-12-94;Просторная ул., 8, Москва;bardahl-motor.ru , bardahloriginal.ru;55.805 37.717;gas
Энциклопедия Запчастей;+7 (495) 128-43-08, +7 (495) 777-96-43;+7 (999) 839-76-53;ул. Преображенский Вал, 1, стр. 1, Москва;part4usa.ru;55.794 37.717;gas
Океанавто, магазин;;+7 (905) 565-59-88, +7 (925) 299-68-69, +7 (926) 179-26-92;Борисовская ул., 30, Москва;okeanavto.ru;55.794 37.737;gas
Глушитель Онлайн;+7 (495) 777-19-29;+7 (926) 981-55-11;Большая Черкизовская ул., 26А, стр. 1, Москва;glushitel-online.ru;55.795 37.739;gas
Finishop.ru;+7 (495) 222-52-62;+7 (915) 187-88-61, +7 (936) 108-51-05;Тюменский пр., 5, стр. 3, Москва;finishop.ru;55.810 37.740;gas
Volvolove Service;+7 (495) 134-64-61;;Тюменский пр., 5, стр. 3, Москва;volvolove.ru;55.810 37.741;gas
Audilove;+7 (495) 135-47-55, +7 (495) 134-60-21;;Тюменский пр., 5, Москва;audilove.ru;55.810 37.741;gas
Swedish Motors, СТО;+7 (495) 798-98-44;+7 (903) 798-98-44;Вернисажная ул., 5, Москва;gt-customs.ru;55.793 37.745;gas
Razbor-auto;;+7 (926) 377-77-48, +7 (985) 919-63-33;Окружной пр., 10А, стр. 1, Москва;razbor-auto.com;55.794 37.741;gas
Rusfara;+7 (495) 155-08-45;+7 (926) 034-55-75;Окружной пр., 1, Москва, Россия;rusfara.ru;55.808 37.746;gas
Bimmer motors, автосервис;;+7 (929) 527-02-36, +7 (929) 527-06-67;Вернисажная ул., 6, Москва;bimmer.ru;55.798 37.753;gas
РеноДот;+7 (495) 968-34-34;+7 (903) 968-34-34, +7 (903) 668-34-34;Советская ул., 80, стр. 9, Москва;renodot.ru;55.796 37.753;gas
Exist.ru, интернет-магазин автозапчастей;+7 (495) 009-03-98;;Щёлковское ш., 2А, Москва;exist.ru;55.803 37.758;gas
Экслегия-Авто;+7 (495) 467-52-49, +7 (495) 437-88-79;;Амурская ул., 3, стр. 11, Москва;exlegia-auto.ru;55.809 37.761;gas
Starter Express;+7 (495) 768-22-19;;Советская ул., 111А, Москва;remgenstart.ru;55.799 37.766;gas
Кузов маркет, компания по подбору автоэмалей;+7 (3012) 55-30-18, +7 (3022) 55-50-15, +7 (3412) 45-60-77, +7 (3435) 44-04-24, +7 (3439) 39-99-89, +7 (3452) 48-09-05, +7 (3473) 30-91-50, +7 (3473) 41-12-86, +7 (347-63) 5-51-55, +7 (3522) 55-70-75;+7 (985) 054-50-94, +7 (902) 176-94-08, +7 (910) 663-55-65, +7 (912) 077-33-06, +7 (914) 544-83-00, +7 (920) 282-72-72, +7 (927) 233-83-50, +7 (937) 343-10-01, +7 (963) 148-19-53, +7 (963) 148-19-55;Монтажная ул., 8, стр. 10, Москва;kuzov-auto.ru;55.810 37.771;gas
Volvohotline, интернет-магазин;+7 (495) 120-11-84;;Измайловский пр., 8А, Москва;volvohotline.ru;55.793 37.772;gas
Арки и Пороги Москва;;+7 (991) 610-43-03, +7 (967) 555-91-25;Монтажная ул., 8, стр. 8, Москва;vergusauto.ru;55.810 37.771;gas
Valenta-m, магазин автотоваров;+7 (614) 533-00-03;+7 (926) 195-29-42, +7 (929) 950-15-77, +7 (915) 190-81-87, +7 (963) 990-32-64;2-я Прядильная ул., 10, Москва;valenta-m.ru;55.796 37.780;gas
МобиЗап;;+7 (916) 662-91-84;Щёлковское ш., 29, Москва;mobizap.ru;55.810 37.781;gas
Порт3;+7 (495) 380-34-56;+7 (925) 665-31-32;Щёлковское ш., 29, Москва;port3.ru;55.810 37.781;gas
АБМ-авто;;+7 (909) 409-48-77, +7 (926) 942-45-88;3-я Парковая ул., 20, Москва;abmauto.ru;55.794 37.783;gas
Би-би, автомагазин;+7 (495) 465-57-51;+7 (963) 698-02-70;Измайловский бул., 10, Москва;bi-bi.ru;55.796 37.786;gas
Autoarsenal;+7 (495) 926-79-59, +7 (495) 744-66-26;;9-я Парковая ул., 48, Москва;ssangyong.autoarsenal.ru , kia.autoarsenal.ru , autoarsenal.ru , hyundai.autoarsenal.ru , chevrolet.autoarsenal.ru;55.800 37.800;gas
AGPart.ru;;+7 (968) 449-41-59;9-я Парковая ул., 62, Москва;agpart.ru;55.805 37.801;gas
AutoDali.com;;+7 (909) 965-07-11;Верхняя Первомайская ул., 44, Москва;autodali.com;55.799 37.803;gas
Форсаж-Авто;;+7 (926) 238-02-41;Щёлковское ш., 77, Москва;;55.811 37.804;gas
VMcar;+7 (495) 205-53-05;;Сиреневый бул., 85, Москва;vmcar.ru;55.804 37.834;gas
Автоглобус, специализированный сервисный центр;+7 (495) 468-43-95, +7 (495) 365-58-58, +7 (495) 468-37-80, +7 (495) 730-57-75;;16-я Парковая ул., 30, стр. 7, Москва;autoglobus.ru;55.807 37.836;gas
Кетана.ру;+7 (495) 646-49-94;+7 (926) 615-15-78;МКАД, 104-й километр, 8А, Москва;ketana.ru;55.809 37.836;gas
Autodom-shop;+7 (495) 142-19-21;+7 (915) 102-19-21;МКАД, 104-й километр, 8А, Москва;autodom-shop.ru;55.809 37.838;gas
Карсити маркет, автосервис;+7 (495) 995-53-13;+7 (915) 360-60-60, +7 (915) 362-62-62, +7 (915) 361-61-61;ул. Генерала Белобородова, 38, Москва;carcity.market;55.826 37.351;gas
BMgaz;;+7 (916) 425-72-10, +7 (985) 419-22-13, +7 (926) 026-02-70;ул. Генерала Белобородова, 46, стр. 14, Москва;bmgaz.ru;55.824 37.355;gas
АМаксАвто;;+7 (968) 978-66-22, +7 (967) 269-05-11;Волоколамское ш., 146, стр. 14, Москва;amaxauto.ru;55.827 37.364;gas
Vdзапчасти, автосервис;;+7 (925) 001-35-02, +7 (926) 565-60-07;Волоколамское ш., 146, стр. 6, Москва;vdzapchasti.ru;55.827 37.364;gas
Ефк-центр, автотехцентр;+7 (495) 225-55-45;+7 (916) 908-66-28, +7 (985) 970-98-25, +7 (985) 782-00-66, +7 (916) 417-43-58, +7 (915) 168-34-73;Волоколамское ш., 146, стр. 3, Москва;efc-center.ru;55.827 37.365;gas
FordClass;+7 (495) 989-18-46, +7 (499) 938-61-93;+7 (926) 586-27-07, +7 (925) 006-60-03, +7 (925) 006-60-05;Волоколамское ш., 89, корп. 1, стр. 1, Москва;fordclass-auto.ru , fordclass.ru;55.828 37.410;gas
UMAutoParts;;+7 (929) 900-11-15, +7 (977) 496-07-36;Волоколамское ш., 116, стр. 2, Москва;carsfilter.retailcrm.site;55.829 37.414;gas
Carraro сервис;+7 (499) 288-17-78;+7 (909) 905-23-53, +7 (926) 970-32-53;Волоколамское ш., 116, стр. 3, Москва;carraro-service.ru;55.829 37.414;gas
Разборка Альфа Ромео;;+7 (905) 729-88-66, +7 (999) 830-26-43;Лётная ул., вл75, Москва;;55.824 37.426;gas
Магистраль-плюс, магазин автозапчастей;;+7 (925) 777-00-54, +7 (916) 952-22-46;Волоколамское ш., 88, Москва;magistralplus.com;55.823 37.441;gas
НиссанМотор;+7 (495) 643-07-97;;Тушинская ул., 24, стр. 1, Москва;nissanmotor.ru;55.829 37.436;gas
Техцентр Land Rover ЛРпрайд;+7 (499) 502-97-76, +7 (499) 391-04-64, +7 (499) 390-04-74, +7 (495) 740-53-42;+7 (925) 391-04-64, +7 (925) 390-04-74;ул. Свободы, 1, корп. 6, стр. 2, Москва;lrpride.ru;55.824 37.448;gas
ЛидерЗапАвто, магазин автозапчастей;+7 (495) 150-12-60;+7 (965) 125-76-48, +7 (964) 626-82-78, +7 (965) 125-76-49;Полесский пр., 14А, Москва;zaptop.ru;55.812 37.458;gas
Carbonus;+7 (581) 823-10-20;;ул. Свободы, 8/4с2, Москва;carbonus.ru;55.827 37.454;gas
Нимс-моторс;+7 (495) 181-15-25, +7 (499) 193-06-96, +7 (495) 772-01-91;;Волоколамское ш., 34А, стр. 2, Москва;nims-motors.ru;55.814 37.478;gas
Aurora Led;+7 (499) 281-65-42;;Волоколамское ш., 34А, стр. 2, Москва;auroraled.ru;55.814 37.478;gas
Exist.ru, интернет-магазин автозапчастей;+7 (499) 009-03-93;;ул. Адмирала Макарова, 17, корп. 1, Москва;exist.ru;55.830 37.494;gas
Автосалон FAVORIT MOTORS Renault — официальный дилер Renault;+7 (495) 260-09-12, +7 (495) 260-08-49, +7 (495) 649-61-72, +7 (499) 951-96-02, +7 (495) 648-65-09;;Коптевская ул., 69А, стр. 1, Москва;favorit-motors.ru , renault-favorit.ru , cadillac-favorit.ru;55.830 37.515;gas
Favorit Motors — официальный дилер Haval;+7 (495) 649-84-92, +7 (495) 844-69-02, +7 (499) 951-96-14, +7 (495) 818-95-05;;Коптевская ул., 69А, стр. 5, Москва;haval-favorit-motors.ru , citroen-favorit.ru , favorit-motors.ru;55.832 37.516;gas
АвторазборкаМСК, автоцентр;+7 (495) 782-23-06;+7 (963) 750-87-26, +7 (903) 723-57-40;Большая Академическая ул., 13А, стр. 2, Москва;avtorazborkamsk.ru;55.823 37.526;gas
Акббу;+7 (499) 288-01-18;+7 (925) 723-50-06;Большая Академическая ул., 13А, стр. 2, Москва;akb-by.ru;55.823 37.526;gas
BMWSTO;;+7 (968) 878-87-80, +7 (963) 999-33-16;ул. Новая Ипатовка, 5А, стр. 1, Москва;bmwsto.ru;55.819 37.535;gas
Royalzap, магазин автозапчастей для иномарок;+7 (495) 778-75-15;+7 (926) 623-07-33, +7 (926) 736-44-44;Малая Ботаническая ул., 24А, стр. 1, Москва;royalzap.ru;55.832 37.583;gas
Автоструктура.рф;+7 (495) 142-90-92;+7 (903) 511-56-65;ул. Добролюбова, 21А, корп. Б, Москва;автоструктура.рф;55.819 37.590;gas
Zapmarfino;+7 (495) 662-96-56;;ул. Кашёнкин Луг, 10, Москва;zapmarfino.ru;55.825 37.594;gas
О2моторс;+7 (495) 489-99-11;;Огородный пр., 8, стр. 3, Москва;o2motors.ru;55.813 37.604;gas
Авто-Корея;;+7 (903) 592-90-60, +7 (903) 574-14-54;ул. Академика Королёва, 13, стр. 1, Москва;autokorea-service.ru;55.819 37.618;gas
Авторадиаторы;+7 (495) 409-94-48;+7 (977) 409-94-48;ул. Сергея Эйзенштейна, 1, Москва;auto-radiator.ru;55.829 37.647;gas
Бусавто, магазин автозапчастей;+7 (495) 748-97-66, +7 (495) 517-55-14, +7 (495) 109-02-05;;пр. Ольминского, 3, Москва;busauto.ru;55.814 37.634;gas
Бикфорд;;+7 (925) 568-17-15;Звёздный бул., 3А, стр. 2, Москва;bikford.ru;55.815 37.636;gas
Vonard-tuning;+7 (495) 364-20-44;+7 (916) 804-82-88, +7 (985) 364-20-44;Ярославская ул., 9, корп. 2, стр. 5, Москва;vonard-tuning.ru;55.817 37.645;gas
ЗАЗГАЗВАЗ, интернет-магазин запчастей для ретро автомобилей;+7 (495) 134-19-20;+7 (910) 353-54-92;ул. Кибальчича, 4/6, Москва;zazgazvaz.ru;55.816 37.647;gas
Part-code;+7 (495) 720-60-21;+7 (903) 720-60-21;Ярославская ул., 10, корп. 1, Москва;part-code.ru;55.820 37.648;gas
Геленд;+7 (495) 740-80-04;;ул. Касаткина, 3, Москва;gelend.ru;55.827 37.654;gas
Honda&Suzuki;+7 (495) 231-42-36, +7 (495) 795-17-10, +7 (495) 971-06-47;;ул. Бориса Галушкина, 16, Москва;hondaparts.ru;55.823 37.656;gas
Bm-parts;+7 (495) 507-43-26;+7 (925) 507-43-26, +7 (916) 268-68-37, +7 (919) 768-22-44;ул. Космонавтов, 18, корп. 1, Москва;bm-parts.ru;55.820 37.656;gas
Пикапсервис-Север;+7 (495) 796-83-56, +7 (495) 532-78-56;+7 (917) 514-88-77, +7 (916) 212-34-92;ул. Космонавтов, 18, корп. 3, Москва;pickupgarage.ru , pickupservice.ru;55.819 37.657;gas
Autogarage4x4;+7 (499) 390-79-02;+7 (925) 835-70-27, +7 (916) 251-23-61;Волгоградский просп., 32, корп. 8, Москва;autogarage4x4.ru;55.820 37.657;gas
Клиник авто, техцентр;+7 (495) 723-30-50;+7 (916) 638-22-22, +7 (903) 723-30-50;Краснобогатырская ул., 2, стр. 23, Москва;clinicavto.ru;55.815 37.687;gas
Мс, техцентр;+7 (495) 665-90-93;+7 (926) 821-98-69, +7 (963) 693-88-77;Краснобогатырская ул., 2, стр. 23, Москва;mitsubishi-sokolniki.ru , mitsubishi-sokolniki.com , сход-развал.москва;55.815 37.687;gas
Апгрейд-Кар;;+7 (985) 760-37-37;Краснобогатырская ул., 2, стр. 24, Москва;audi-q7.ru , upgrade-car.ru , porsche-service.ru , landrover-service.ru , audi-service.ru , jaguar-options.ru;55.815 37.688;gas
РемСГ;+7 (499) 394-23-95;+7 (903) 143-53-74, +7 (929) 628-50-86;Краснобогатырская ул., 2, стр. 24, Москва;amperage-service.ru;55.815 37.688;gas
Дима, СТО;;+7 (903) 728-79-33, +7 (977) 879-02-32;Краснобогатырская ул., 2, стр. 52, Москва;stotaxi.ru , mosavtorem.ru;55.812 37.692;gas
Планета-Авто;;+7 (936) 617-29-64;Краснобогатырская ул., 13, Москва;quiz.marquiz.ru;55.815 37.694;gas
ПодвескаВсем;+7 (499) 391-19-57;+7 (926) 492-89-29;Миллионная ул., 13, стр. 1, Москва;podveskavsem.ru;55.819 37.695;gas
Ридлер;;+7 (926) 464-38-38;3-я Гражданская ул., 35, стр. 1, Москва;ridler.ru;55.813 37.708;gas
Auto3N;+7 (495) 085-17-77;;Погонный пр., 14, Москва;auto3n.ru;55.819 37.711;gas
Автопривоз;+7 (495) 055-75-64, +7 (499) 404-26-74, +7 (812) 409-31-15, +7 (804) 333-94-03;+7 (961) 134-13-78, +7 (952) 202-84-84, +7 (929) 081-26-34;Бойцовая ул., 27, Москва;autopriwos.ru;55.816 37.724;gas
Lada Деталь, магазин автозапчастей;+7 (499) 169-20-70;;бул. Маршала Рокоссовского, 40, Москва;lada-detail.ru , lada.ru;55.819 37.713;gas
Автопаскер, магазин автотоваров и запчастей;+7 (495) 279-44-45, +7 (495) 462-43-89, +7 (495) 740-09-98, +7 (495) 740-27-76;+7 (925) 002-12-03;бул. Маршала Рокоссовского, 40, Москва;avtopasker.ru;55.819 37.713;gas
Авторазбор24;+7 (495) 008-24-24;;Бойцовая ул., 27, Москва;авторазбор24.рф;55.816 37.724;gas
Avtozapmag;;+7 (901) 336-80-58;4-й пр. Подбельского, 3, Москва;avtozapmag.ru;55.819 37.729;gas
Jcsportline, магазин;+7 (495) 790-48-04;+7 (965) 397-83-20;4-й пр. Подбельского, 3, стр. 1, Москва;jcsportline.ru;55.819 37.729;gas
Комисавто, интернет-магазин автозапчастей и автоаксессуаров;+7 (495) 943-04-04;+7 (925) 518-58-80;Тагильская ул., 4, стр. 15, Москва;komisauto.ru;55.819 37.751;gas
Osaka zap;;+7 (916) 210-92-58;Монтажная ул., 4Б, стр. 1, Москва;;55.819 37.766;gas
Мойка самообслуживания Шиномонтаж магазин Автозапчасти Таксопарк Путевые листы медосмотры;;+7 (926) 967-71-17;Монтажная ул., 13, Москва;mon13.ru;55.812 37.774;gas
Diol;+7 (495) 902-56-33;;Вербная ул., 6, Москва;diol.ru;55.824 37.779;gas
Auto repair service 23;;+7 (915) 169-55-04, +7 (915) 169-38-44;Иркутская ул., 17, стр. 9, Москва;;55.823 37.781;gas
Старый приятель, техцентр;+7 (495) 778-89-89, +7 (495) 462-75-52, +7 (495) 565-37-33, +7 (495) 462-79-06;;ул. Бирюсинка, 7, стр. 9, Москва;opelautoservice.ru , 7788989.ru;55.815 37.781;gas
Mohave-parts.ru;+7 (499) 408-91-89;+7 (964) 649-91-89, +7 (926) 444-07-94, +7 (964) 648-30-28;Иркутская ул., 17, стр. 9, Москва;mohave-parts.ru;55.823 37.781;gas
Cvt-center офис;+7 (495) 744-38-73;+7 (926) 325-88-32, +7 (925) 513-62-72;ул. Бирюсинка, 7, стр. 5, Москва;cvt-center.ru;55.815 37.781;gas
Agm Motors;;+7 (929) 673-14-17, +7 (929) 673-14-18;Амурская ул., 15/1с14, Москва;bmwtrade.ru , bmw-zapchasti.ru;55.814 37.782;gas
Каролайт;+7 (495) 781-59-55, +7 (495) 781-59-51;+7 (985) 776-97-69, +7 (985) 727-22-77;Иркутская ул., 17, стр. 3, Москва;carolite.ru , carolite-shop.ru;55.824 37.783;gas
Lexet.ru, магазин автозапчастей;+7 (831) 260-13-21;+7 (908) 155-04-35;Курганская ул., 3А, стр. 1, Москва;lexet.ru;55.830 37.807;gas
Avtozzap.ru;+7 (499) 647-56-29, +7 (499) 283-62-74;+7 (985) 105-45-00, +7 (966) 028-98-25;Новосибирская ул., 4, Москва;avtozzap.ru;55.813 37.823;gas
Автозапчасть;+7 (495) 997-44-69;+7 (985) 997-44-69;Красноярская ул., 15, Москва;balparts.ru;55.826 37.829;gas
С Три Сервис;+7 (495) 754-75-70, +7 (495) 794-34-94;;ул. Барышиха, 39, Москва;s3service.ru;55.849 37.342;gas
Сити Трон;+7 (495) 186-01-16, +7 (495) 121-43-14;;Дубравная ул., 48, корп. 1, стр. 1, Москва;city-tron.ru;55.841 37.351;gas
Lexet;+7 (495) 374-71-62;;Митинская ул., 25, Москва;lexet.ru;55.844 37.363;gas
Auto3n, магазин;+7 (495) 023-29-00;;Митинская ул., 28, корп. 5, Москва;auto3n.ru;55.844 37.371;gas
Yuchai parts, компания;+7 (495) 188-57-77, +7 (495) 188-67-77;+7 (963) 656-40-57;1-й Митинский пер., 15, Москва;yuchai-parts.ru;55.848 37.379;gas
Exist.ru, интернет-магазин автозапчастей;+7 (499) 009-03-92;+7 (926) 477-37-76;Пятницкое ш., 21, корп. 1, Москва;exist.ru;55.846 37.373;gas
JSDrive;;+7 (926) 136-66-40;Пятницкое ш., 24, стр. 1, Москва;jsdrive.ru;55.846 37.378;gas
WikiZap;+7 (495) 155-57-58;;1-й Митинский пер., 15, стр. 3, Москва;wikizap.ru;55.849 37.379;gas
Официальный дилер Gac, Обухов;+7 (3422) 70-00-70, +7 (495) 775-51-14, +7 (495) 127-81-86, +7 (495) 126-82-21;;1-й Митинский пер., 12, корп. 1, Москва;obukhov-gac.ru , obukhov.ru;55.846 37.381;gas
Правый руль, магазин автозапчастей;+7 (495) 759-31-52, +7 (495) 500-80-60, +7 (499) 390-53-28;+7 (925) 500-80-60, +7 (926) 114-75-95, +7 (968) 088-21-21, +7 (995) 002-05-72;Пятницкое ш., 6, Москва;mitino.ru;55.837 37.388;gas
Бункер 713;;+7 (999) 003-93-42;ул. Василия Петушкова, 3, корп. 3, Москва;;55.835 37.400;gas
Alpine Store;+7 (495) 500-70-84;+7 (925) 500-70-84;ул. Василия Петушкова, 3, стр. 1, Москва;riteweb.ru , kicx-shop.ru , alpine.su;55.836 37.403;gas
Альт Мастер;;+7 (968) 387-33-35, +7 (925) 147-56-22;Походный пр., 5, Москва;altmaster.msk.ru;55.837 37.411;gas
Авто-Лекарь;+7 (495) 740-83-01;+7 (967) 177-92-75;Походный пр., 5, Москва;solaris-rio-zapchasti.ru;55.837 37.412;gas
Мир Запчастей;;+7 (963) 650-88-86, +7 (964) 716-95-95;2-й Тушинский пр., 12, стр. 6, Москва;mir-zapchastei.ru;55.835 37.416;gas
TuningLeader, интернет-магазин;+7 (499) 503-14-28;+7 (915) 257-12-70;Походный пр., 23, Москва;tuningleader.ru;55.843 37.423;gas
Lada Деталь, магазин автозапчастей;+7 (499) 492-70-03, +7 (499) 493-22-97;;Походный пр., 24, Москва;lada-detail.ru , lada.ru;55.842 37.423;gas
Насоса.ру;;+7 (985) 785-49-45;Походный пр., 21, Москва;nasosa.ru;55.843 37.423;gas
Масума;+7 (499) 492-70-05;;Походный пр., 24, Москва;masuma.ru;55.842 37.423;gas
Partsauto;+7 (499) 391-60-53;;Походный пр., 24, Москва;time-renault.ru;55.842 37.423;gas
Паджеро ремонт;+7 (499) 653-54-32, +7 (495) 774-87-05, +7 (495) 644-52-93, +7 (499) 941-05-44;;ул. Фабрициуса, 37, корп. 1, стр. 2, Москва;remont-pajero.ru , shop-pajero4x4.ru;55.843 37.425;gas
1001 запчасть, автосервис;;+7 (909) 956-73-75;Строительный пр., 7А, корп. 39, стр. 2, Москва;1001z.ru;55.838 37.430;gas
Корея, магазин автозапчастей;;+7 (925) 772-46-88, +7 (925) 267-76-13;Строительный пр., 4А, стр. 1, Москва;vd-parts.ru;55.838 37.434;gas
Katana Auto;+7 (495) 142-54-35;+7 (958) 639-35-00;Строительный пр., 1, стр. 1, Москва;katana-auto.ru;55.837 37.436;gas
Би-би, автомагазин;+7 (499) 497-34-68;+7 (965) 209-61-93;Химкинский бул., 13, Москва;bi-bi.ru;55.850 37.448;gas
Ндв-авто, компания;+7 (495) 369-14-35, +7 (495) 921-14-14;;ул. Свободы, 35, Москва;rerex.ru;55.841 37.452;gas
Jlrdetali;;+7 (925) 578-33-35, +7 (925) 579-33-35;ул. Свободы, 35, стр. 23, Москва;jlrdetali.ru;55.844 37.452;gas
Jcb Сервис;+7 (495) 979-01-99;+7 (985) 976-05-48, +7 (926) 645-29-11;ул. Свободы, 35, стр. 5, Москва;zapchasti-na-jcb.ru;55.844 37.454;gas
DM Avto;;+7 (903) 708-50-72, +7 (903) 796-22-70, +7 (903) 724-77-25;Конаковский пр., 8А, стр. 6, Москва;dm-avto.ru;55.848 37.484;gas
Автоклондайк;+7 (499) 391-44-97, +7 (495) 748-95-22, +7 (812) 347-74-50;+7 (916) 223-89-14, +7 (916) 350-44-06;Смольная ул., 7, Москва;jeeponline.ru;55.846 37.499;gas
Логан-Шоп;+7 (495) 510-70-37, +7 (495) 741-34-97, +7 (495) 506-76-42, +7 (495) 799-37-20;+7 (963) 710-07-38, +7 (967) 129-25-71;Смольная ул., 7, Москва;logan-shop.ru;55.846 37.499;gas
Фаркоп.ру;+7 (499) 350-34-05, +7 (499) 588-92-79;;Нарвская ул., 15А, стр. 5, Москва;farkop.ru;55.833 37.500;gas
Центр авторазбора немецких автомобилей;;+7 (926) 939-30-31, +7 (915) 060-83-03, +7 (901) 517-54-05;Кронштадтский бул., 35А, стр. 8, Москва;razborka-bmw.ru;55.847 37.502;gas
FastFilter.ru;;+7 (995) 655-15-26, +7 (916) 949-14-88;Кронштадтский бул., 35Б, Москва;fastfilter.ru;55.848 37.504;gas
Rem-Zap.ru;+7 (495) 795-28-04;+7 (985) 924-34-67, +7 (903) 795-28-04;Кронштадтский бул., 37Б, стр. 3, Москва;rem-zap.ru;55.848 37.506;gas
Volvozip, магазин автозапчастей;+7 (495) 517-62-48, +7 (495) 648-59-57;+7 (903) 589-14-43, +7 (903) 502-19-00, +7 (964) 648-59-57;Кронштадтский бул., 37Б, стр. 3, Москва;volvozip.ru , myvolvo.ru;55.848 37.506;gas
АмдЗап, автоцентр;+7 (495) 116-92-16;;Пакгаузное ш., 6, Москва;amdzap.ru;55.843 37.526;gas
АвтоМД;+7 (495) 108-47-69, +7 (495) 662-99-55;;Пакгаузное ш., 6, Москва;automd.ru;55.843 37.526;gas
Youcars.ru;+7 (499) 390-14-47, +7 (495) 664-30-92;;Михалковская ул., 13, Москва;youcars.ru;55.839 37.528;gas
Boroda power club, автотехцентр;;+7 (929) 912-28-20;пр. Черепановых, 17А, Москва;borodapowerclub.ru;55.843 37.532;gas
Profitsto;+7 (495) 649-55-61, +7 (495) 649-55-07, +7 (495) 649-55-08;+7 (926) 745-90-33;2-й Лихачёвский пер., 3, стр. 8, Москва;profitsto.ru;55.846 37.531;gas
Гранд-авто, магазин автозапчастей для корейских автомобилей;+7 (495) 585-88-20, +7 (495) 585-88-30;+7 (925) 585-88-20, +7 (925) 585-88-30;1-й Новомихалковский пр., 2, корп. 1, Москва;m-grand.ru;55.838 37.540;gas
Ретропартс;;+7 (985) 769-62-71;пр. Черепановых, 23, стр. 7, Москва;;55.847 37.548;gas
Бимер, магазин автозапчастей;+7 (312) 228-56-73, +7 (321) 246-58-49, +7 (319) 941-54-67, +7 (495) 799-67-69, +7 (495) 504-14-40, +7 (312) 228-56-79;+7 (977) 940-80-07;Большая Академическая ул., 44, корп. 2, Москва;bimer.ru;55.839 37.550;gas
Юнком, торговая компания;+7 (499) 976-26-92, +7 (495) 989-52-47, +7 (495) 978-68-47;+7 (916) 656-99-31, +7 (916) 958-02-62, +7 (918) 056-00-77;ул. Прянишникова, 19А, стр. 2, Москва;unkom.com;55.838 37.551;gas
Shine Systems;;+7 (925) 002-91-90, +7 (915) 344-11-17;3-й Нижнелихоборский пр., 3, стр. 2, Москва;pro-detailing.shop;55.846 37.564;gas
Zolotarev Auto;;+7 (903) 618-63-17, +7 (966) 030-85-48;Нововладыкинский пр., 2, стр. 2, Москва;zolotarevauto.ru;55.852 37.580;gas
Служба Audi и Golf;;+7 (906) 720-46-29;Сигнальный пр., 7Б, стр. 1, Москва;di-zap.ru;55.850 37.589;gas
ТопЗапчасти.рф;+7 (495) 278-11-64, +7 (863) 308-47-54;+7 (985) 293-86-77, +7 (961) 426-66-43;Сигнальный пр., 7Б, стр. 1, Москва;топзапчасти.рф;55.850 37.590;gas
MotorUnit;;+7 (985) 788-09-08;Нововладыкинский пр., 12А, Москва;;55.851 37.593;gas
Xenon Russia;+7 (495) 648-63-57;+7 (925) 985-01-50;Сигнальный пр., 16, стр. 21, Москва;xenon-russia.ru;55.848 37.601;gas
Er-Motors;;+7 (915) 463-32-32, +7 (967) 117-07-07, +7 (968) 913-12-12;Сигнальный пр., 16, стр. 27, Москва;ermotors.ru;55.850 37.603;gas
Lr-Star;+7 (495) 749-55-99;+7 (905) 766-12-03;2-й Сельскохозяйственный пр., 6, стр. 5, Москва;lr-star.msk.ru;55.833 37.643;gas
Зайрон;+7 (499) 394-10-80;+7 (925) 584-51-11;ул. Декабристов, 45Б, стр. 1, Москва;zayronshop.ru;55.859 37.623;gas
Гараж, техцентр;+7 (495) 104-77-15;;пр. Нансена, 1, Москва;remont-akpp.nissan-nissan.ru , remont-variatora.nissan-nissan.ru , remont-reyki.nissan-nissan.ru , garage-infiniti.ru , nissan-nissan.ru;55.849 37.653;gas
Трансоверол, интернет-магазин запчастей для АКПП;+7 (495) 730-73-37, +7 (495) 744-17-48;+7 (905) 722-17-10, +7 (906) 056-25-61;ул. Докукина, 10, стр. 15, Москва;transoverol.ru;55.839 37.656;gas
Автосервис ШевиПлюс;+7 (495) 323-84-73, +7 (495) 730-82-72, +7 (495) 730-82-71, +7 (495) 989-87-76, +7 (812-64) 3-43-44, +7 (812-64) 3-42-22, +7 (495) 989-87-81, +7 (495) 989-87-86;+7 (928) 038-44-43, +7 (967) 282-33-43, +7 (968) 903-32-32, +7 (928) 044-42-42, +7 (921) 965-04-42, +7 (926) 282-00-81, +7 (960) 247-43-44;ул. Красная Сосна, вл14к1с1, Москва;cheviplus.ru;55.848 37.686;gas
Pitbox, автосервис;+7 (495) 649-98-39;+7 (926) 805-81-75;ул. Барышиха, 57А, Москва;pitbox.ru;55.861 37.344;gas
Авто Девайс;+7 (495) 968-35-80;+7 (952) 088-02-00, +7 (904) 003-44-33, +7 (904) 000-57-57;Пятницкое ш., 54, корп. 2, стр. 6, Москва;xenon69.ru;55.859 37.355;gas
Ралли-Сервис Митино, автотехцентр;+7 (495) 221-12-99, +7 (495) 948-60-16, +7 (495) 948-61-40, +7 (495) 948-61-42, +7 (495) 948-54-68;+7 (903) 712-05-55;1-й Митинский пер., 25, Москва;rally-service.ru;55.852 37.390;gas
Астрадрайв;;+7 (915) 388-58-66, +7 (927) 583-53-00, +7 (915) 362-51-15, +7 (900) 289-74-97, +7 (964) 903-77-70, +7 (927) 282-51-21;Фабричная ул., 6, стр. 8, Северо-Западный административный округ, район Митино, посёлок Новобратцевский, Москва;astradrive.ru;55.854 37.388;gas
Окей-авто;+7 (495) 211-53-44, +7 (494) 246-61-20;+7 (916) 878-26-04, +7 (985) 211-53-44, +7 (901) 721-94-84;ул. Свободы, 81, стр. 4, Москва;okeyavto.ru;55.861 37.442;gas
Exist.ru, интернет-магазин автозапчастей;+7 (499) 009-03-91;+7 (926) 477-67-71;ул. Фомичёвой, 5, корп. 2, Москва;exist.ru;55.855 37.444;gas
Мск-бокс;+7 (495) 642-14-46, +7 (495) 970-49-55;+7 (985) 642-14-46, +7 (926) 509-14-61;Ленинградское ш., 106, Москва;msk-box.ru;55.859 37.468;gas
SpaceAuto, интернет-магазин автозапчастей;+7 (495) 724-10-60;;ул. Лавочкина, 23, стр. 3, Москва;space-auto.ru;55.865 37.485;gas
50wt;;+7 (929) 654-15-50;Флотская ул., 5, стр. 3, Москва;50wt.ru;55.852 37.495;gas
forumopel.ru;;+7 (926) 904-50-10;Талдомская ул., 2Б, стр. 5, Москва;forumopel.ru;55.869 37.518;gas
Франс-Авто, торгово-сервисный центр;+7 (495) 517-55-68, +7 (495) 517-55-69;+7 (962) 944-34-45, +7 (925) 355-55-68, +7 (925) 755-55-68, +7 (925) 087-94-44;Талдомская ул., 2Б, стр. 3, Москва;franceato.ru;55.869 37.518;gas
Audi. pro;;+7 (968) 555-55-30, +7 (968) 722-77-00, +7 (925) 722-22-01, +7 (963) 722-77-00;Лихоборская наб., 3, стр. 14, Москва;;55.855 37.521;gas
Автокультура;;+7 (999) 718-81-48;Лихоборская наб., 3, стр. 9, Москва;autokultura.ru;55.854 37.522;gas
Азия Партс;+7 (495) 995-96-70, +7 (495) 109-16-63;+7 (926) 195-16-36;ул. Войкова, 4, стр. 3, Москва;asiaparts.ru;55.855 37.525;gas
Арп Shop;;+7 (985) 755-77-31;Солнечногорская ул., 4, стр. 26, Москва;arpshop.ru;55.858 37.525;gas
Движение плюс;+7 (495) 544-58-71, +7 (495) 980-26-61, +7 (495) 456-97-43;;ул. Войкова, 4, Москва;vetta-s.ru;55.855 37.526;gas
Техцентр Хонда64;+7 (495) 260-01-40, +7 (495) 799-87-75;+7 (906) 706-38-16;4-й Лихачёвский пер., 4, стр. 7, Москва;honda64.ru;55.852 37.529;gas
Каратмоторс;;+7 (926) 719-24-28, +7 (926) 546-31-31, +7 (926) 546-30-40;4-й Лихачёвский пер., 4, стр. 7, Москва;karatmotors.ru;55.852 37.529;gas
Автосвет 999;+7 (495) 981-23-87;+7 (926) 800-92-55;4-й Лихачёвский пер., 9, Москва;al999.ru;55.855 37.529;gas
НП Трейд;+7 (495) 660-32-46, +7 (495) 660-32-47;;4-й Лихачёвский пер., 13, стр. 1, Москва;nptrade.ru;55.857 37.531;gas
ГМГ Авто;;+7 (925) 517-57-31, +7 (903) 722-16-80, +7 (926) 920-86-82, +7 (925) 517-78-84;Коровинское ш., 15, корп. 2, Москва;gmgauto.ru;55.870 37.531;gas
Непростошина;+7 (499) 154-35-81;;4-й Лихачёвский пер., 6, стр. 1, Москва;neprostoshina.ru;55.855 37.531;gas
Ларгус-Шоп;+7 (411-47) 9-45-15, +7 (499) 391-79-46, +7 (8482) 68-68-82;+7 (925) 341-67-55, +7 (921) 998-47-11, +7 (924) 364-54-53, +7 (921) 445-06-77, +7 (921) 333-49-52;Коровинское ш., 13, корп. 1, Москва;largus-shop.ru;55.870 37.534;gas
Largus shop, интернет-магазин;+7 (812) 998-47-11, +7 (812) 250-50-10;+7 (985) 909-50-31, +7 (911) 222-22-47, +7 (920) 155-71-94, +7 (999) 871-51-89, +7 (963) 624-20-04;Коровинское ш., 13, корп. 1, Москва;granves-shop.ru , largus-shop.ru;55.870 37.534;gas
Японаклан shop, магазин автотоваров;+7 (495) 968-76-87;+7 (985) 075-08-06, +7 (903) 968-76-87;Лихоборская наб., 14, Москва;tboxshop.ru;55.852 37.536;gas
Zmparts;+7 (450) 046-33-57, +7 (495) 128-75-35, +7 (450) 046-33-53, +7 (495) 128-00-01;;Коровинское ш., 3, корп. 2, Москва;zmparts.ru;55.865 37.541;gas
Детали центр;+7 (495) 162-63-44, +7 (499) 455-67-65;+7 (999) 676-78-88;Лихоборская наб., 13, стр. 4, Москва;detali-center.ru;55.853 37.543;gas
Lexto, техцентр по обслуживанию и ремонту автомобилей;+7 (495) 128-43-84;;Ильменский пр., 13, стр. 3, Москва;lexto.ru;55.860 37.544;gas
Статус авто, специализированный автосервис;+7 (499) 938-42-40, +7 (499) 653-53-18;+7 (963) 710-38-50;Ильменский пр., 9, стр. 2, Москва;jap-papa.ru;55.857 37.546;gas
Автосервис Agira Service;+7 (499) 301-73-55;;Ильменский пр., 10, стр. 1А, Москва;agira-service.ru;55.859 37.547;gas
Avto-tehnik 999;;+7 (966) 379-58-72;Дмитровское ш., 83А, Москва;avtoservis-avtotehnik.ru;55.862 37.548;gas
Скр-авто;+7 (495) 780-20-47, +7 (495) 780-20-39, +7 (495) 663-71-26;+7 (950) 227-70-03;Дмитровское ш., 71, корп. 3, стр. 2, Москва;skr-auto.ru;55.857 37.554;gas
ПетроПартс;;+7 (995) 301-47-31;Бескудниковский бул., 19А, Москва;petro-parts.ru;55.866 37.557;gas
БСК Автозап;+7 (499) 112-04-08;+7 (930) 333-74-16;Бескудниковский бул., 19А, Москва;car-sk.ru;55.866 37.557;gas
Sounds good, студия автозвука;+7 (495) 129-29-83, +7 (495) 660-39-11, +7 (495) 085-44-57;+7 (968) 011-71-70, +7 (995) 904-10-34;Бескудниковский бул., 19А, Москва;sg-caraudio.ru , sounds-good.ru;55.866 37.557;gas
Nikas, специализированный магазин автомобильной электроники;+7 (495) 123-35-20;;Дмитровское ш., 73, стр. 3, Москва;teleg.one , moskva.nikas24.ru;55.857 37.558;gas
Драйв 8;;+7 (929) 532-47-97;Верхнелихоборская ул., 8А, Москва;drive8.ru;55.853 37.558;gas
Мир автомасел, магазин;+7 (495) 922-19-08;;Бескудниковский бул., 12, стр. 1, Москва;nik-oil.com;55.862 37.562;gas
izmestevzap;+7 (495) 972-81-04, +7 (495) 222-00-51;+7 (985) 222-00-51;Дмитровское ш., 64, корп. 6, Москва;izmestevzap.ru;55.854 37.564;gas
Avtocc Дегунино;;+7 (916) 208-58-39, +7 (909) 969-85-11, +7 (916) 208-58-10, +7 (985) 624-33-10;Дубнинская ул., 12, корп. 2, Москва;;55.864 37.569;gas
ШопВольво - запчасти для Вольво;+7 (495) 766-21-80;;Поморская ул., 48А, стр. 8, Москва;shopvolvo.ru;55.871 37.572;gas
Магазин автозапчастей и автотоваров;+7 (142) 782-67-99;+7 (915) 489-95-39;Поморская ул., 48А, стр. 10, Москва;bmwmunich.ru;55.870 37.572;gas
ХоверМосква;+7 (495) 210-22-90, +7 (499) 391-92-72;;Поморская ул., 48А, стр. 2, Москва;ховер.москва;55.870 37.574;gas
Vagplus Service;+7 (495) 728-01-61;+7 (926) 728-01-93, +7 (903) 728-01-61;Поморская ул., 48А, стр. 2, Москва;vagplus.com;55.870 37.574;gas
ВагБункер Техцентр;;+7 (985) 762-62-25, +7 (985) 210-50-70;Алтуфьевское ш., 31Б, стр. 1, Москва;vagbunker.ru;55.859 37.576;gas
Дельта-Ралли;+7 (495) 505-06-27, +7 (495) 517-73-17;+7 (925) 517-73-17, +7 (925) 505-06-27;Алтуфьевское ш., 27А, стр. 2, Москва;deltarally.ru;55.857 37.580;gas
VVV-Motors;;+7 (966) 323-16-40;Алтуфьевское ш., 27А, стр. 2, Москва;;55.857 37.580;gas
Интер Дизель;+7 (495) 999-43-26, +7 (495) 199-43-62;+7 (903) 766-78-26;Алтуфьевское ш., 31, стр. 1, Москва;inter-diesel.ru;55.861 37.581;gas
Территория ммс, СТО;+7 (495) 669-96-28;+7 (906) 089-88-99;Алтуфьевское ш., 27А, стр. 2, Москва;territorymmc.ru;55.857 37.580;gas
Базар глушителей;+7 (495) 920-07-62, +7 (495) 506-44-64;;Алтуфьевское ш., 27А, стр. 2, Москва;bazarglushitelei.ru;55.858 37.581;gas
Lrtop;+7 (495) 363-03-72, +7 (495) 108-73-64, +7 (495) 108-73-54, +7 (495) 363-03-53;+7 (916) 626-52-42;Алтуфьевское ш., 27А, стр. 2, Москва;lrtop.ru , jag-service.com;55.857 37.581;gas
Абсолют Авто Алтуфьево SsangYong;+7 (495) 966-28-26;;Алтуфьевское ш., 31, стр. 1, Москва;smotor.ru;55.861 37.581;gas
Агатол, магазин автозапчастей для китайских автомобилей;+7 (495) 643-22-95, +7 (495) 643-22-94, +7 (495) 134-07-29, +7 (495) 627-75-01;+7 (926) 571-07-99;Алтуфьевское ш., 37, стр. 1, Москва;agatol.ru;55.868 37.582;gas
Три авто, техцентр;+7 (495) 545-63-37, +7 (495) 545-81-75, +7 (495) 585-92-96;+7 (925) 545-81-75, +7 (925) 545-63-37;Алтуфьевское ш., 27А, стр. 2, Москва;tricar.ru;55.857 37.582;gas
Турбосистемс;+7 (812) 942-22-03, +7 (812-71) 5-55-24;+7 (901) 740-22-32, +7 (921) 865-52-52;Алтуфьевское ш., 41А, стр. 1, Москва;turbosystems.ru;55.868 37.582;gas
Интернет-магазин AutoPartsFast.ru;+7 (495) 744-85-42;;Алтуфьевское ш., 41, стр. 6, Москва;autopartsfast.ru;55.869 37.582;gas
Gt-Shop;+7 (495) 637-63-88;+7 (999) 967-55-44;Алтуфьевское ш., 41А, стр. 5, Москва;gt-shop.ru , parts.gt-shop.ru;55.868 37.583;gas
Exist.ru, интернет-магазин автозапчастей;+7 (495) 988-19-72;;Алтуфьевское ш., 28, Москва;exist.ru;55.864 37.585;gas
Опель-Алтуфьево, автоцентр;+7 (499) 903-61-77, +7 (499) 903-61-66;;Алтуфьевское ш., 28, Москва;opel-alt.ru , alt-opel.ru;55.865 37.586;gas
Би-би, автомагазин;+7 (499) 201-12-14;+7 (965) 370-90-76;Алтуфьевское ш., 38, Москва;bi-bi.ru;55.870 37.588;gas
ZapMap;+7 (499) 638-25-25;+7 (926) 872-90-59, +7 (942) 342-45-32;Сигнальный пр., 17А, Москва;baza.drom.ru;55.852 37.592;gas
Бенц-класс, автотехцентр;+7 (499) 903-89-45, +7 (499) 903-70-17, +7 (499) 201-03-28, +7 (499) 903-89-10;+7 (985) 773-24-54;Сигнальный пр., 18, Москва;benz-class.ru;55.852 37.604;gas
Сх27;+7 (495) 755-95-75, +7 (495) 134-27-25;+7 (963) 782-26-82;Сигнальный пр., 20, стр. 3, Москва;service.cx27.ru;55.852 37.606;gas
Митспартс;;+7 (926) 321-70-50, +7 (985) 865-10-55;Олонецкая ул., 21А, стр. 2, Москва;mitsparts.ru;55.855 37.620;gas
Old Black Highway;;+7 (977) 406-21-29;ул. Мусоргского, вл8, Москва;;55.861 37.622;gas
ОЙЛА;+7 (495) 108-76-01, +7 (495) 363-74-22;+7 (903) 363-74-22;ул. Декабристов, вл47А, Москва;oila.online;55.860 37.622;gas
Finnautoparts, магазин автозапчастей;+7 (4722) 42-10-50, +7 (4812) 51-57-56, +7 (482) 278-92-50, +7 (4922) 49-49-75, +7 (8312) 62-17-50;;ул. Декабристов, 47, Москва;finnautoparts.ru , msk.finnautoparts.ru;55.859 37.623;gas
Лексавто;+7 (495) 748-83-75;+7 (925) 748-83-75, +7 (916) 799-33-27;ул. Декабристов, 45Б, стр. 2, Москва;lexzap.ru;55.859 37.623;gas
Автосервис и автомагазин Мир деталей;+7 (495) 766-19-96, +7 (495) 369-11-79;+7 (915) 353-70-10, +7 (985) 766-19-96;ул. Декабристов, 45Б, стр. 6, Москва;worldparts.su;55.859 37.623;gas
Лекс-Авто;;+7 (985) 422-33-95;ул. Декабристов, 45Б, стр. 6, Москва;prime-parts.ru;55.859 37.623;gas
АвтоХонда;;+7 (977) 564-47-45, +7 (926) 548-85-23;ул. Декабристов, 51, стр. 39, Москва;avtohonda.ru;55.861 37.628;gas
Oil-Shop формула;+7 (495) 227-90-42;;Ленская ул., 10, корп. 1, Москва;oil-formula.ru;55.868 37.667;gas
Каррли.ру;+7 (499) 938-67-17;+7 (929) 954-43-44;ул. Искры, 31, корп. 1, Москва;carrly.ru;55.864 37.651;gas
Би-би, автомагазин;+7 (495) 669-05-30;+7 (965) 209-60-98;Енисейская ул., 5, корп. 2, Москва;bi-bi.ru;55.860 37.659;gas
Авто дом Корея, магазин запчастей для корейских автомобилей;+7 (499) 603-44-71;+7 (915) 035-92-15;ул. Лётчика Бабушкина, 1, корп. 3, Москва;avtodomk.ru;55.854 37.672;gas
Exist.ru, интернет-магазин автозапчастей;+7 (495) 988-19-71;;ул. Лётчика Бабушкина, 1, корп. 3, Москва;exist.ru;55.854 37.672;gas
Мазда-Сервис;+7 (495) 649-62-80;+7 (977) 134-72-71;Хибинский пр., 14, корп. 1, Москва;мазда.москва;55.858 37.681;gas
Auto3n, магазин;+7 (495) 645-05-48;;Ярославское ш., 63, Москва;auto3n.ru;55.866 37.701;gas
CentralParts;+7 (495) 077-91-98;+7 (915) 170-91-98;Федоскинская ул., 12, стр. 1, Москва;centralparts.company.site;55.871 37.699;gas
Смартовод.ру;;+7 (926) 395-79-20, +7 (978) 123-22-10;ул. Вешних Вод, 4, стр. 133, Москва;smartovod.ru;55.859 37.704;gas
Multibrend;;+7 (968) 530-13-02;ул. Вешних Вод, вл4, Москва;mb77.ru;55.859 37.704;gas
ЛеонКарс;;+7 (919) 990-90-99;ул. Вешних Вод, 4, стр. 133, Москва;leoncars.ru;55.859 37.704;gas
Би-би, автомагазин;+7 (499) 183-03-74;+7 (963) 698-12-37;Ярославское ш., 109, Москва;bi-bi.ru;55.870 37.709;gas
Автобритания, центр;;+7 (985) 110-86-11, +7 (925) 916-70-06, +7 (915) 449-59-79;ул. Вешних Вод, 4, стр. 185, Москва;;55.856 37.710;gas
Бмв- Дом;+7 (495) 755-13-93;+7 (985) 333-45-48;ул. Вешних Вод, 4, стр. 185, Москва;bmw-dom.ru;55.857 37.711;gas
5x100.pro;;+7 (925) 683-24-94, +7 (926) 043-21-08;ул. Вешних Вод, 4, стр. 49, Москва, Россия;;55.854 37.712;gas
Ангара, торговая компания;+7 (499) 348-99-53, +7 (495) 777-93-75, +7 (495) 646-99-53, +7 (495) 201-87-85;;ул. Соловьиная Роща, 8, корп. 2, Москва;partshub.ru , angara77.com , angarasolaris.com;55.892 37.403;gas
ДукатоПартс, компания по продаже запчастей для коммерческого транспорта;+7 (499) 380-78-08;+7 (919) 770-39-53;ул. Соловьиная Роща, 8, корп. 2, Москва;ducatoparts.ru;55.892 37.403;gas
Авторусь, магазин автотоваров и технического обслуживания;+7 (495) 276-15-57;;Ленинградское ш., 71, Москва;autorus.ru;55.875 37.452;gas
Ровер Ленд;+7 (495) 720-88-98, +7 (495) 664-23-50;+7 (926) 881-80-89, +7 (903) 720-88-98;Левобережная ул., 32А, Москва;rover-land.clients.site;55.879 37.469;gas
Japan-engine.ru;;+7 (906) 098-00-28, +7 (964) 522-61-77;Левобережная ул., вл7, Москва;japan-engine.ru;55.874 37.470;gas
VAG Detali, интернет-магазин;;+7 (977) 607-45-11, +7 (977) 607-45-12;ул. Маршала Федоренко, 15, Москва;vagdetali.ru;55.882 37.486;gas
Автомаслоф;;+7 (926) 601-89-01;ул. Маршала Федоренко, 15, стр. 1, Москва;avtomaslof.ru;55.883 37.485;gas
Бламерс;+7 (495) 745-02-98, +7 (495) 108-44-83;;Ижорская ул., 7А, Москва;blamers.ru;55.888 37.497;gas
Vagoholic;+7 (495) 642-11-57;+7 (985) 642-11-57;Ижорская ул., 7, Москва;vstudio.shop;55.887 37.501;gas
Carsdam;+7 (495) 764-88-08;;ул. Бусиновская Горка, 1А, стр. 2, Москва;carsdam.ru;55.876 37.502;gas
ФордМоторс;;+7 (985) 793-92-39, +7 (926) 766-65-26;Деповская ул., 3, Москва;zelford-msk.ru;55.873 37.506;gas
ФотонКомТранс;+7 (495) 646-50-80, +7 (495) 646-95-36, +7 (495) 646-00-62;;Ижорская ул., 8, стр. 2, Москва;fotonauto.ru;55.885 37.506;gas
Exiders;+7 (495) 105-93-31;;Ижорская ул., 8, стр. 1, Москва;exiders.ru;55.885 37.506;gas
Автомолл;+7 (495) 783-60-40, +7 (812) 309-51-01, +7 (499) 404-11-01;;Ижорская ул., 8А, стр. 3, Москва;hd-county.ru;55.885 37.509;gas
Lada Деталь, магазин автозапчастей;;+7 (916) 677-53-58, +7 (965) 421-50-48, +7 (918) 970-06-07;Талдомская ул., 13, Москва;lada-detail.ru , lada.ru;55.873 37.520;gas
Cpr-pro, магазин автозапчастей;;+7 (977) 488-82-42;Ижорский пр., 17, Москва;cpr-pro.ru;55.891 37.523;gas
4x4ru.ru;+7 (482) 271-09-00;+7 (905) 606-32-32, +7 (920) 691-07-10, +7 (962) 312-42-92, +7 (920) 691-09-00;Коровинское ш., 35, стр. 1, Москва;4x4ru.ru , tver4x4.ru;55.883 37.514;gas
Би-би, автомагазин;+7 (495) 486-05-55;+7 (963) 698-02-80;Коровинское ш., 24, корп. 1, Москва;bi-bi.ru;55.882 37.520;gas
Магазин автозапчастей и автотоваров;;+7 (962) 924-73-74;Ижорский пр., 17, Москва;magazin-avtozapchastej-i-izhorskij-proezd.clients.site;55.891 37.522;gas
Oil-Zap;+7 (495) 568-05-88;+7 (967) 231-77-88;Талдомская ул., 17, корп. 1, Москва;oil-zapru.clients.site;55.874 37.524;gas
Авто-гранд, магазин автозапчастей;+7 (495) 940-74-05;+7 (929) 503-28-87;Учинская ул., 7, Москва;auto-grand.ru;55.884 37.536;gas
Бусторгзапчасть;+7 (473) 236-42-77, +7 (495) 960-90-26;+7 (908) 134-72-99, +7 (905) 796-10-95, +7 (903) 773-96-30, +7 (908) 146-15-60;Дмитровское ш., 107, стр. 13, Москва;busmarket24.ru;55.881 37.536;gas
Lexet;+7 (495) 374-71-69;;Яхромская ул., 3, Москва;lexet.ru;55.883 37.539;gas
Юнит, техцентр;+7 (495) 980-12-34, +7 (495) 797-55-11;;Дмитровское ш., 137, Москва;unitauto.ru , unitsever.ru;55.892 37.542;gas
Tein;+7 (499) 113-08-00, +7 (812) 660-56-00;+7 (995) 577-57-55;Дмитровское ш., 100, Москва;tein.com.ru;55.882 37.546;gas
Mts Technik;+7 (499) 390-42-30;+7 (926) 893-35-16;Дмитровское ш., 100, Москва;mtstechnik.ru , mtstechnik.com;55.882 37.546;gas
Датакам;+7 (495) 150-99-76;;Дмитровское ш., 100, стр. 2, Москва;datakam.ru;55.882 37.548;gas
Юнитрейд, оптово-розничная торговая компания;+7 (812) 268-59-81, +7 (495) 220-53-04;;Дмитровское ш., 100, корп. 2, Москва;unitrade-opt.ru;55.883 37.550;gas
Jedip-avto;+7 (495) 268-01-08, +7 (3452) 68-22-06;+7 (925) 575-75-03;Дмитровское ш., 100, корп. 2, стр. 4, Москва;jedip.ru;55.883 37.551;gas
OldFord;+7 (495) 720-41-16;+7 (905) 744-54-45, +7 (906) 744-54-45, +7 (903) 720-41-16;Дубнинская ул., 81, Москва;oldford.ru;55.891 37.555;gas
Белза;+7 (495) 255-01-54;+7 (903) 724-50-55;Дмитровское ш., 102В, стр. 1, Москва;belza.ru;55.884 37.555;gas
Superzap;;+7 (901) 779-40-46, +7 (965) 426-55-55;Дубнинская ул., 81, Москва;superzap.ru;55.892 37.556;gas
Remzony.com;;+7 (967) 135-19-91, +7 (988) 088-99-07;Дубнинская ул., 81, Москва;remzony.ru , remzony.com , vavilovs.ru;55.891 37.556;gas
1avto-s;+7 (495) 999-09-52;+7 (926) 696-49-44;Дубнинская ул., 75, стр. 18, Москва;1avto-s.ru;55.883 37.556;gas
Exist.ru, интернет-магазин автозапчастей;+7 (499) 009-03-94;;ул. 800-летия Москвы, 22, корп. 2, Москва;exist.ru;55.879 37.557;gas
Motor35A;;+7 (916) 750-18-66;Путевой пр., 13, стр. 4, Москва;motor35a.ru;55.886 37.570;gas
Vimauto, интернет-магазин автозапчастей;+7 (495) 728-99-63;+7 (925) 292-08-08, +7 (926) 292-08-08;Алтуфьевское ш., 79Д, Москва;mcx5.ru , vimauto.ru , suzukilife.ru;55.888 37.585;gas
CarAkb, компания;+7 (499) 955-41-04, +7 (495) 414-11-94, +7 (495) 414-11-31;;Алтуфьевское ш., вл77Б, Москва;carakb.ru;55.877 37.586;gas
Asmotors, магазин автозапчастей;+7 (495) 638-56-25, +7 (499) 903-13-01;;Алтуфьевское шоссе, 56;autoasm.ru;55.881 37.587;gas
Jaclub, магазин автотоваров;+7 (495) 638-55-28, +7 (495) 180-43-51;;Алтуфьевское ш., 56, Москва;jaclub.ru;55.881 37.588;gas
Арнекс;+7 (495) 545-19-84;;Алтуфьевское ш., 81Б, Москва;arnex.ru;55.888 37.585;gas
Mycrdi;;+7 (926) 469-00-95;Алтуфьевское ш., 79А, стр. 25, Москва;mycrdi.torgg.com;55.887 37.585;gas
Магазин автозапчастей и автотоваров;+7 (495) 789-19-84, +7 (495) 545-19-81, +7 (495) 545-19-82;+7 (926) 810-17-33, +7 (926) 545-19-84;Алтуфьевское ш., 81Б, Москва;fordexpert.ru , shop.fordexpert.ru;55.888 37.585;gas
Макспартс;+7 (495) 517-54-53;;Алтуфьевское ш., 81Б, Москва;maxparts.ru;55.888 37.585;gas
Bmwstar;+7 (495) 648-66-38;;Высоковольтный пр., 1, стр. 29, Москва;;55.876 37.594;gas
Alar motors, техцентр;;+7 (926) 387-29-19;Высоковольтный пр., 1, стр. 20, Москва;alarmotors.ru;55.875 37.592;gas
Джаз-авто, автосервис;+7 (495) 604-13-89;+7 (901) 519-79-98, +7 (901) 546-24-90;Высоковольтный пр., 2, стр. 2, Москва;auto-jazz.ru;55.872 37.592;gas
Мос-дизель;+7 (495) 532-42-11;+7 (929) 567-59-52, +7 (929) 699-99-36, +7 (926) 326-48-74;Высоковольтный пр., 1, стр. 41, Москва;mos-diesel.ru;55.874 37.594;gas
Инфокар;+7 (495) 410-40-65, +7 (495) 773-02-63;;Высоковольтный пр., 11, стр. 1, Москва;skoda-otradnoe.ru;55.873 37.598;gas
Ост Трейлер;+7 (495) 798-50-15;;Чермянская ул., 5Б, Москва;osttrailer.ru;55.882 37.620;gas
Форд Транзит Сервис ФМ-Авто;+7 (495) 266-03-20, +7 (495) 730-50-70, +7 (499) 350-07-51, +7 (495) 730-50-34;+7 (916) 329-89-19, +7 (925) 589-54-39, +7 (915) 406-14-17;Чермянская ул., 6, стр. 3, Москва;altop.ru , servis-ford.ru , форд-европа.рф , фордтранзит.рф;55.886 37.625;gas
Vagavto;;+7 (925) 714-56-54;Чермянская ул., 6, стр. 3, Москва;vag-avto.ru;55.886 37.625;gas
ИмексАвто;;+7 (926) 975-55-11;ул. Молодцова, 14А, стр. 4, Москва;;55.880 37.626;gas
Фонис;+7 (495) 220-44-05;+7 (985) 220-44-05;Вилюйская ул., 11, стр. 1, Москва;fonis.ru;55.884 37.628;gas
Exist.ru, интернет-магазин автозапчастей;+7 (499) 009-03-95;;Полярная ул., 31В, стр. 1, Москва;exist.ru;55.890 37.633;gas
МАЗгарант;+7 (495) 972-32-70, +7 (499) 476-82-09, +7 (495) 740-26-16;+7 (925) 740-26-16, +7 (901) 546-32-70;Чермянский пр., 5, стр. 3, Москва;mazgarant.ru;55.888 37.633;gas
КомСервис;;+7 (916) 999-40-80, +7 (916) 223-98-60, +7 (966) 666-45-61;Чермянский пр., 5, стр. 3, Москва;comservis.org;55.888 37.633;gas
Mbpro, компания;;+7 (916) 106-78-16, +7 (915) 304-30-20;ул. Молодцова, 4А, Москва;mbrpo.ru , mbpro.business.site;55.879 37.641;gas
Грм-авто;;+7 (962) 999-72-34, +7 (926) 144-87-47;Полярная ул., 33Б, стр. 4, Москва;;55.890 37.639;gas
АвтоПлам;;+7 (903) 206-97-28;Староватутинский пр., 17, Москва;avtoplam.ru;55.875 37.661;gas
Автомотокар;+7 (495) 140-14-14, +7 (495) 771-10-68;+7 (925) 771-10-68, +7 (905) 555-21-32;пр. Шокальского, 61, Москва;merc.su , automotocar.ru;55.884 37.667;gas
Многофаркопов;+7 (499) 347-14-31;+7 (925) 803-43-31, +7 (916) 965-03-10;Староватутинский пр., 12, Москва;mnogofarkopov.ru;55.875 37.669;gas
Август-авто, магазин автозапчастей;+7 (495) 230-20-56;+7 (916) 251-89-36, +7 (985) 031-03-84, +7 (985) 773-89-93;Староватутинский пр., 10, стр. 2, Москва;august-avto.ru;55.876 37.670;gas
Планета железяка, магазин автозапчастей;+7 (499) 476-93-97, +7 (495) 641-51-00, +7 (495) 955-79-99, +7 (495) 955-78-99;;Осташковская ул., 22, Москва;планетажелезяка.рф , konsulavto.ru , avtomrk.ru;55.887 37.677;gas
Авто-Конт;+7 (495) 518-25-13, +7 (495) 507-14-75;+7 (925) 518-25-13, +7 (925) 507-14-75;Стартовая ул., 18Б, Москва;auto-cont.ru;55.886 37.687;gas
Радиатор-трейд;+7 (495) 227-33-57;;Осташковская ул., 14, стр. 4, Москва;radiatorservice.ru;55.882 37.678;gas
Базар глушителей;;+7 (985) 920-07-62;Осташковская ул., 14, корп. 1, стр. 2, Москва;bazarglushitelei.ru;55.881 37.679;gas
Автослон, автотехцентр;+7 (495) 999-40-59, +7 (499) 185-16-38, +7 (499) 185-27-05;;Тайнинская ул., 11, корп. 1, Москва;avtoslon.net;55.884 37.682;gas
Разборка BMW;;+7 (903) 798-95-69, +7 (925) 545-16-94;Стартовая ул., 18, стр. 2, Москва;bmwbaza.ru;55.887 37.685;gas
Авто-Развитие;;+7 (985) 140-48-00, +7 (916) 523-93-16, +7 (916) 245-45-24;Стартовая ул., 18, стр. 12, Москва;auto--razvitie.ru;55.887 37.685;gas
ВИН моторс;+7 (495) 109-30-95, +7 (495) 103-42-58, +7 (495) 481-22-75, +7 (495) 178-07-50;;Стартовая ул., 18, стр. 17, Москва;vin-motors.ru;55.886 37.686;gas
Коер Авто;;+7 (985) 131-91-04;Джамгаровская ул., 5, стр. 1, Москва;koerauto.ru;55.890 37.689;gas
АвтоРесурс;;+7 (926) 530-72-33;Анадырский пр., 14, корп. 1, Москва;0707.su;55.879 37.709;gas
Jsk-Auto;;+7 (916) 188-70-55;Стартовая ул., 1, стр. 1, Москва;avito.ru;55.885 37.710;gas
Автобан-евро, автосервис;+7 (495) 922-08-40;+7 (926) 190-33-66, +7 (926) 928-56-10, +7 (916) 137-87-46, +7 (967) 114-99-09;Юровская ул., 103, Москва;zapchastiautoban.ru;55.899 37.391;gas
АвтоЛада69, магазин автозапчастей;;+7 (916) 419-69-69;Лобненская ул., 19, Москва;avtolada69.com;55.893 37.521;gas
Авторазбор;;+7 (925) 518-07-69, +7 (916) 172-77-45;Ижорская ул., 13, Москва;razbor-chery.ru;55.893 37.518;gas
DavParts;;+7 (977) 099-75-19, +7 (906) 053-04-67;МКАД, 80-й километр, 4, стр. 4, Москва;;55.902 37.522;gas
Recast-Сервис Audi VW Skoda;;+7 (926) 556-62-82, +7 (926) 340-51-19, +7 (926) 524-03-04;Ижорская ул., 15, стр. 2, Москва;recast.ws;55.896 37.524;gas
Нлкт-НН;+7 (495) 215-51-31;+7 (985) 384-37-55;Вагоноремонтная ул., 14, Москва;;55.901 37.524;gas
SuzukiWay;+7 (495) 364-68-06;;Вагоноремонтная ул., 23, Москва;suzukiway.ru;55.899 37.525;gas
Автобагажники;+7 (495) 236-74-86, +7 (495) 132-42-22;;Вагоноремонтная ул., 10, стр. 3, Москва;prokatbagazhnikov.ru , bagazniki-avtoboxy.ru , bagaz-auto.ru , багажники-автобоксы.рф;55.901 37.530;gas
АВТОдрайвер;;+7 (916) 167-21-11;Дмитровское ш., 163, Москва;;55.911 37.539;gas
Три транзита;;+7 (966) 306-89-89, +7 (966) 307-89-89, +7 (966) 305-89-89;Дмитровское ш., 159Г, стр. 1, Москва;zapchasti-ford-transit.ru , tri-transita.com;55.906 37.540;gas
1-zip.ru, интернет-магазин;+7 (499) 753-20-53;;Дмитровское ш., 157, стр. 2, Москва;1-zip.ru;55.898 37.543;gas
ЗИП Экспресс-карт;+7 (495) 748-12-48;+7 (964) 580-39-73;Дмитровское ш., 157, стр. 2, Москва;zip.expcard.ru;55.898 37.543;gas
Би-би, автомагазин;+7 (495) 485-22-54;+7 (965) 209-61-79;Дмитровское ш., 110, стр. 3, Москва;bi-bi.ru;55.893 37.544;gas
Автоспар;+7 (499) 400-03-80, +7 (204) 548-05-09, +7 (495) 400-03-80, +7 (528) 056-30-00, +7 (499) 400-03-66;;Дмитровское ш., 116, стр. 1, Москва;autospar.ru;55.904 37.545;gas
Автогейзер;;+7 (915) 006-10-10;Дмитровское ш., 116Д, Москва;пороги-арки.рф , porog.ga;55.902 37.548;gas
Смарт Маркет;+7 (495) 223-17-36;+7 (967) 262-03-22;Лианозовский пр., 8, стр. 4, Москва;msm77.ru;55.901 37.549;gas
Редлайн;;+7 (916) 266-93-93;Лианозовский пр., 8, стр. 1, Москва;;55.901 37.550;gas
СервисБас;;+7 (929) 500-11-60, +7 (926) 602-40-00;Лианозовский пр., 8, стр. 2, Москва;сервисбас.рф;55.901 37.550;gas
Мульти авто;+7 (495) 374-66-11, +7 (499) 322-48-66;+7 (926) 403-66-11;Лианозовский пр., 8, стр. 1, Москва;bampera.ru;55.901 37.550;gas
Нилина-авто, магазин контрактных запчастей и авторазборки;+7 (495) 120-01-45;+7 (978) 095-81-63, +7 (926) 288-23-61;Лианозовский пр., 8, стр. 2, Москва;nilina-auto.ru;55.901 37.551;gas
ЗапСпецТех Север Howo Shaanxi Dongfeng Faw;;+7 (916) 573-58-00;Лианозовский пр., 8, стр. 1, Москва;klimanch.wixsite.com;55.901 37.551;gas
Автотяга, компания по продаже запчастей для грузовых автомобилей;+7 (495) 476-44-18;;Лианозовский пр., 6, Москва;автотяга.рф;55.899 37.552;gas
Пмрк Лианозово, автосервис;+7 (495) 374-81-64, +7 (495) 223-38-90;+7 (925) 543-51-27, +7 (925) 748-88-52, +7 (966) 389-20-48, +7 (968) 606-02-88, +7 (966) 389-20-49, +7 (966) 389-20-47, +7 (925) 275-63-55, +7 (966) 014-06-52, +7 (968) 383-87-36, +7 (966) 555-87-77;Дубнинская ул., 83А, Москва;fordford.ru , fixkom.ru , pomorka.ru;55.893 37.553;gas
МЛ-КЛУБ-сервис;+7 (495) 008-95-55;+7 (925) 009-56-74, +7 (968) 808-05-07;Дубнинская ул., 83А, стр. 2, Москва;;55.893 37.554;gas
Авто-магия;+7 (495) 545-59-25;+7 (925) 093-33-86;Дубнинская ул., 83, стр. 5, Москва;auto-magia.ru;55.892 37.555;gas
Компьютерный подбор автокраски и эмали;+7 (495) 664-42-24;+7 (964) 700-06-03, +7 (964) 700-06-01, +7 (964) 700-06-09, +7 (925) 664-42-24;Дубнинская ул., 52, стр. 5, Москва;ortexcolor.ru , hostiman.ru;55.895 37.558;gas
МерседесМагазин;;+7 (985) 189-00-00;Алтуфьевское ш., 102Б, Москва;mercedesmagazin.ru;55.903 37.591;gas
Autolight.com;;+7 (916) 437-34-90, +7 (964) 592-71-72;ул. Конёнкова, 19, Москва;avtolight.com;55.894 37.611;gas
1001 Запчасть;+7 (495) 197-77-46;+7 (996) 535-31-58, +7 (991) 241-87-18;Белозерская ул., 11, Москва;mskbib.1001z.ru;55.897 37.615;gas
Авто3Н;+7 (495) 645-04-66;;МКАД, 87-й километр, 8, Москва;auto3n.ru;55.898 37.629;gas
Бтавто.ру Грузовой Автосервис;+7 (495) 971-85-23;+7 (925) 800-48-40, +7 (925) 506-61-25;Полярная ул., 41, стр. 1, Москва;btlkw.ru;55.894 37.644;gas
Cx27, центр авторазбора;+7 (495) 782-35-84, +7 (495) 544-84-67;+7 (925) 544-84-67;Студёный пр., 7Б, Москва;cx27.ru;55.894 37.661;gas
MBJapan;;+7 (914) 716-46-12, +7 (924) 008-80-08;Чермянский пр., вл10, Москва;mbjapan.ru;55.892 37.636;gas
Автохлам;;+7 (985) 189-10-19, +7 (967) 051-96-49, +7 (925) 538-97-49, +7 (903) 219-08-27;Полярная ул., 41, стр. 3, Москва;avtohlam.net;55.894 37.643;gas
Мобильный мир;+7 (495) 510-72-11;+7 (965) 115-13-46, +7 (968) 653-13-60, +7 (916) 217-21-11;Дмитровское ш., 163, стр. 19, Москва;avtodriver.com;55.912 37.540;gas
Allmaxx;+7 (499) 288-10-53;+7 (903) 576-43-59, +7 (978) 100-07-38, +7 (926) 256-88-94;Дмитровское ш., 163, стр. 16, Москва;allmaxx.ru;55.912 37.540;gas
Plexiclick - крепления для номеров автомобилей;;+7 (926) 884-04-44;Дмитровское ш., 165Е, корп. 7, Москва;plexiclickru.com;55.927 37.545;gas
Volvos, автосервис;;+7 (963) 782-04-76;Ленинградское ш., 290А, стр. 5, Москва;volvorus.ru , volvos.ru;55.941 37.365;gas
Техцентр FAVORIT MOTORS Ford — официальный дилер Ford;+7 (495) 191-39-11, +7 (495) 662-95-53, +7 (495) 191-30-89, +7 (495) 844-69-48;;ул. Клары Цеткин, 24, Москва;ford-favorit.ru , hyundai-favorit.ru , favorit-motors.ru;55.829 37.514;gas
Ремонт стартеров и генераторов АвтоВольт;+7 (495) 227-67-93;;Каширское ш., 61, корп. 3А, Москва;avto-texcentr.ru;55.616 37.717;gas
Parts Partners;;+7 (916) 291-31-32;ул. Академика Анохина, 2, корп. 9, Москва;;55.674 37.472;gas
ИП Лукичева В. С.;+7 (495) 232-10-11, +7 (495) 232-08-09;+7 (915) 221-64-57;Россия, Москва, поселение Сосенское, Скандинавский бульвар, 3, корп. 2;coral.ru;55.568 37.499;gas
Mystore1;+7 (495) 181-01-71, +7 (495) 181-01-91;+7 (965) 181-01-72, +7 (926) 968-08-88;7-я Парковая ул., 24А, Москва;mystore1.ru;55.800 37.795;gas
КоронаСервис;+7 (495) 780-77-88, +7 (495) 755-88-44, +7 (495) 785-19-93, +7 (495) 785-19-49, +7 (495) 980-61-61, +7 (495) 785-19-78;+7 (985) 436-88-19;Елецкая ул., 26, стр. 2, Москва;koronaservice.ru , clck.ru;55.599 37.737;gas
Интернет-магазин Gaffa.ru;+7 (495) 104-23-00, +7 (495) 255-02-57;+7 (929) 601-20-19, +7 (916) 671-06-91, +7 (925) 211-07-50;Верхнелихоборская ул., 8А, Москва;kickz4u.ru , gaffa.ru;55.853 37.559;gas
AllzapMsk, магазин автозапчастей;;+7 (903) 787-55-66;ул. Островитянова, 7, Москва;allzapmsk.ru;55.644 37.495;gas
БиБи-партс, магазин автозапчастей;+7 (495) 266-69-03;+7 (985) 567-49-95;Ратная ул., 16, корп. 3, Москва;bb-parts.ru;55.577 37.571;gas
ДвигМан;+7 (495) 846-53-33;+7 (926) 295-73-00;Россия, Москва, поселение Киевский, квартал № 81;dvigman.ru;55.418 36.869;gas
Дизель Партс;+7 (495) 229-39-86;+7 (925) 529-31-79;4, д. Яковлевское;dieselparts.moscow;55.465 36.941;gas
Autodoc.ru, магазин автотоваров и запчастей;+7 (495) 640-66-00;+7 (967) 112-96-71, +7 (925) 073-38-90, +7 (925) 073-38-28;Калужское ш., 22, Троицк;autodoc.ru;55.468 37.303;gas
Автозапчасти;;+7 (926) 161-09-19, +7 (926) 577-10-18;Калужское ш., 16, Троицк;tro-auto.ru;55.470 37.306;gas
Околица;+7 (495) 646-69-50, +7 (495) 669-52-50;+7 (926) 804-18-50;1А, д. Ватутинки;sintrek.ru;55.491 37.326;gas
Тракопт;;+7 (902) 840-55-55;Россия, Москва, поселение Рязановское, квартал № 91;truckopt.ru;55.483 37.516;gas
Автосервис Man Truck&Bus;+7 (495) 969-25-14, +7 (495) 969-25-15, +7 (495) 969-25-16, +7 (495) 122-00-88, +7 (495) 969-25-12, +7 (495) 969-25-13;+7 (916) 980-01-53, +7 (915) 079-10-03, +7 (915) 092-58-97, +7 (915) 462-44-36, +7 (916) 176-18-27, +7 (916) 299-82-33, +7 (916) 443-20-97, +7 (985) 714-41-73;Симферопольское ш., 22, стр. 9, Щербинка;;55.488 37.566;gas
Барс;;+7 (962) 990-63-67, +7 (906) 071-51-51, +7 (906) 709-44-33;61, микрорайон В, Троицк;atcbars.ru;55.492 37.297;gas
Моторсити;+7 (495) 256-39-46;+7 (929) 603-01-03, +7 (919) 139-02-45, +7 (926) 022-70-76, +7 (916) 340-66-24, +7 (995) 996-78-16;Россия, Москва, поселение Воскресенское, квартал № 120, 7;motorcitymoscow.ru;55.495 37.578;gas
Экотехсоюз, магазин автозапчастей;;+7 (985) 922-22-36, +7 (985) 300-10-10;ул. Маршала Савицкого, 26, Москва;этскэмп.рф;55.505 37.595;gas
Автосервис;;+7 (926) 448-56-99, +7 (926) 448-59-99;Садовая ул., 24А, стр. 1, д. Поповка;avtoservisetinao.tilda.ws;55.514 37.238;gas
Уни-Центр;+7 (495) 669-55-08, +7 (499) 704-32-35, +7 (495) 545-49-25;+7 (985) 967-94-74, +7 (964) 642-55-08, +7 (926) 005-44-60, +7 (916) 860-20-60;59, стр. 1, посёлок подсобного хозяйства Воскресенское;uni-centr.ru;55.523 37.450;gas
Деметра;;+7 (910) 009-85-41, +7 (925) 806-60-84;Щербинская ул., 48А, Москва;;55.513 37.584;gas
Автоспец;;+7 (925) 030-80-38;Рабочая ул., 7, посёлок Первомайское;autospec.pro;55.541 37.155;gas
Autodoc.ru, магазин автотоваров и запчастей;;+7 (925) 093-62-14;ул. Адмирала Лазарева, 36, Москва;autodoc.ru;55.546 37.527;gas
Vag Бутово;+7 (495) 717-07-07, +7 (495) 717-70-70, +7 (495) 320-35-30, +7 (495) 135-07-63;+7 (966) 358-04-66, +7 (903) 621-20-60, +7 (916) 731-71-43;Чечёрский пр., вл5Ас1, Москва;vw-butovo.ru;55.539 37.545;gas
Авторусь, Hyundai Авторусь Бутово;+7 (495) 276-12-34, +7 (495) 256-00-82, +7 (495) 132-16-97, +7 (495) 152-48-31, +7 (495) 032-53-15, +7 (495) 716-08-09, +7 (495) 023-75-54, +7 (495) 021-29-17, +7 (495) 276-34-34;;Чечёрский пр., 1, Москва;hyundai.ru , hyundai-butovo.ru , sale.hyundai-butovo.ru , avtoruss.ru , hyundai-avtorus.ru;55.542 37.546;gas
Apex.ru;;+7 (999) 599-20-33;Изюмская ул., 50, Москва;apex.ru;55.544 37.559;gas
ПЭК: Молл;+7 (495) 009-81-18, +7 (495) 241-10-99;;2-я Мелитопольская ул., 12А, стр. 1, Москва;pecmall.ru , parts.pecmall.ru;55.533 37.579;gas
АгроТрейдЛинк;+7 (495) 712-79-68;;1-я Горловская ул., 4, стр. 4, Москва;atlsp.ru;55.548 37.583;gas
Exzim.ru, магазин автозапчастей и автоаксессуаров;+7 (372) 300-00-01, +7 (342) 336-80-00;+7 (977) 640-39-85;Варшавское ш., 196Д, стр. 2, Москва;exzim.ru;55.544 37.584;gas
Юви Арома;;+7 (985) 128-80-97, +7 (926) 089-61-51;77, д. Сосенки;uviset.com , uvi-aroma.ru;55.558 37.435;gas
1001Автомасло;+7 (495) 782-75-78;+7 (964) 558-30-50;ул. Александры Монаховой, вл10, посёлок Коммунарка;1001automaslo.ru;55.559 37.488;gas
Запчасти Suzuki;;+7 (963) 782-32-24;Куликовская ул., 20, Москва;suzuki-zapchasti.ru;55.568 37.561;gas
Автосервис, автотехцентр;;+7 (963) 614-02-00;Варшавское ш., 166Г, стр. 1, Москва;goldendaewoo.ru;55.570 37.596;gas
Forsto.ru;+7 (495) 409-44-83;+7 (901) 733-96-77;Варшавское ш., вл166с1, Москва;forsto.ru , toyota.forsto.ru;55.568 37.597;gas
Apex.ru;+7 (499) 450-79-59, +7 (495) 150-18-79;+7 (926) 295-80-01;г. Москва, ш. Киевское, км. 34;apex.ru;55.579 37.237;gas
Техком;+7 (495) 320-09-09, +7 (495) 320-42-22;;Куликовская ул., 12, Москва;texkom.ru , drive2.ru;55.572 37.564;gas
Авто-Альянс;+7 (495) 221-66-84, +7 (495) 660-51-64, +7 (495) 660-07-29;;Варшавское ш., 170Г, Москва;autoopt.ru;55.580 37.590;gas
Pod-Auto, магазин автозапчастей;+7 (495) 120-10-65;+7 (967) 138-27-02;Варшавское ш., 170Г, Москва;pod-auto.com;55.580 37.590;gas
Техком;+7 (499) 426-01-66, +7 (499) 426-01-56;;Варшавское ш., 170Е, Москва;texkom.ru , drive2.ru;55.579 37.588;gas
Комплект-То;+7 (495) 723-33-56;+7 (968) 927-72-83;МКАД, 33-й километр, 6, стр. 5, Москва;komplekt-to.ru;55.579 37.588;gas
Автопрогресс;+7 (499) 136-75-99, +7 (495) 795-95-99;+7 (969) 014-84-96, +7 (903) 526-26-44;МКАД, 33-й километр, 6, стр. 5, Москва;autoprogress.msk.ru;55.579 37.588;gas
AM-Parts;+7 (495) 767-11-77;;МКАД, 33-й километр, 6, стр. 5, Москва;am-zap.ru;55.579 37.588;gas
Запцентр;+7 (495) 136-79-36;+7 (906) 011-22-26, +7 (906) 011-22-28, +7 (906) 011-22-77;МКАД, 33-й километр, 6, стр. 5, Москва;zapcentr.ru;55.579 37.588;gas
МоторЛэнд;;+7 (958) 100-80-52, +7 (905) 222-72-69;МКАД, 33-й километр, 6, стр. 5, Москва;motorlandby.ru;55.579 37.588;gas
Автоартис, автотехцентр;+7 (495) 589-31-40, +7 (499) 641-04-33;+7 (925) 890-22-48, +7 (925) 324-75-36;Варшавское ш., 170Г, Москва;клиенты-для-автосервиса.рф , autoartis.ru , автоартис.рф;55.579 37.590;gas
Трак мастер;+7 (495) 232-11-24;+7 (903) 225-35-04, +7 (903) 724-39-53;МКАД, 33-й километр, 6, стр. 7, Москва;teknogrup.ru , trakmaster.ru;55.578 37.590;gas
Vse-detali.net;+7 (495) 150-08-28;+7 (903) 972-32-72;Варшавское ш., 170Г, Москва;vse-detali.net;55.580 37.591;gas
Сфера-авто Кузов;+7 (495) 730-89-35;+7 (963) 711-44-05, +7 (903) 725-82-01, +7 (963) 966-30-33, +7 (963) 710-17-77;МКАД, 32-й километр, вл15, Москва;sferaavto.ru , sa-kuzov.ru;55.575 37.598;gas
Габарит;+7 (495) 661-57-00, +7 (495) 661-57-01, +7 (495) 661-17-63, +7 (495) 720-51-34;;МКАД, 32-й километр, вл15, Москва;gabarit.ru;55.575 37.598;gas
Red Diesel;+7 (495) 740-91-10;+7 (977) 690-91-69, +7 (929) 655-40-41;МКАД, 32-й километр, вл15, Москва;red-diesel.ru;55.575 37.598;gas
Евро-Диски;+7 (499) 116-58-75, +7 (495) 374-59-59, +7 (495) 126-51-87, +7 (495) 859-12-89;;Варшавское ш., 141, стр. 33, Москва;euro-diski.ru;55.587 37.604;gas
Автотехцентр ввп;;+7 (901) 529-31-27, +7 (901) 578-16-70, +7 (901) 519-25-00;ул. Кирпичные Выемки, 5, Москва;autoborovka.ru;55.587 37.608;gas
TurboJapan, магазин автозапчастей;;+7 (929) 658-65-15, +7 (926) 041-10-14, +7 (926) 149-03-33, +7 (929) 669-82-11;Дорожная ул., 54, корп. 4, стр. 1, Москва;turbojapan.ru;55.583 37.608;gas
SDSAvto;+7 (495) 323-95-95;;Дорожная ул., 54, корп. 4, стр. 4, Москва;sdsavto.ru;55.583 37.609;gas
Грейавто;;+7 (916) 360-11-71;Дорожная ул., 21А, Москва;greyauto.ru;55.579 37.610;gas
Автопартс, магазин автозапчастей;+7 (495) 646-08-97, +7 (495) 646-08-79;;Востряковский пр., 10Б, стр. 16, Москва;autooptparts.ru , for-am.ru;55.577 37.621;gas
Motor help, ремонтная фирма;+7 (495) 974-09-49;+7 (926) 158-20-30;Востряковский пр., 10Б, стр. 3, Москва;motor-help.ru;55.577 37.622;gas
Национальное агентство Транспортной Инфраструктуры;+7 (499) 391-02-91;+7 (903) 508-40-15, +7 (926) 272-68-48, +7 (925) 362-48-72, +7 (929) 668-12-72, +7 (925) 940-54-47, +7 (929) 607-78-54, +7 (925) 391-02-91, +7 (926) 727-91-98, +7 (929) 611-91-17;Ступинский пр., 1, Москва;shantui-xcmg.ru;55.590 37.627;gas
СТ запчасти;+7 (495) 989-43-31;+7 (921) 913-13-45, +7 (985) 310-95-50, +7 (911) 209-14-00, +7 (962) 690-14-75;Ступинский пр., 6, Москва;st-spares.ru;55.590 37.629;gas
Master Truck;+7 (343) 288-71-01, +7 (812) 509-20-70;+7 (978) 098-79-79, +7 (978) 744-43-60, +7 (978) 228-55-89;Ступинский пр., 6, Москва;vse-ressory.ru;55.590 37.629;gas
РдМ-Сервис;+7 (495) 385-14-00;+7 (903) 592-95-85, +7 (903) 968-52-06, +7 (903) 968-49-88;Мелитопольская ул., 7, Москва;rdm-service.ru;55.586 37.630;gas
Клубный сервис, автосервис;+7 (495) 778-45-27;+7 (985) 516-38-20, +7 (915) 245-64-71;Ступинский пр., 7, стр. 4, Москва;toyotaclubmoscow.ru , grandvitara-club.ru;55.592 37.631;gas
Carware;+7 (495) 545-21-33;;ул. Подольских Курсантов, 34, Москва;carware.ru;55.587 37.634;gas
Fkt Tuning;;+7 (999) 856-77-77;Касимовская ул., вл26, Москва;fktshop.ru;55.591 37.659;gas
Икс-авто, магазин автозапчастей;+7 (495) 518-12-04;+7 (925) 518-12-04;Бирюлёвская ул., 38, стр. 3, Москва;iks-auto.ru;55.588 37.664;gas
ProSpare;+7 (495) 740-25-54;+7 (925) 222-16-22;ул. Мнёвники, 23, Москва;prospare.ru;55.610 37.211;gas
Крафт;+7 (495) 139-12-39, +7 (495) 241-02-44;;1031, стр. 1, д. Николо-Хованское;oberkraft.ru;55.604 37.439;gas
М партс;+7 (499) 281-81-80;;деревня Николо-Хованское, 1010 ст1;v01.ru;55.603 37.446;gas
Хоккайдо Моторс;+7 (495) 968-43-34, +7 (495) 589-72-25;+7 (925) 517-37-19;Москва, поселение Мосрентген, улица Адмирала Корнилова, вл21;hok-motors.ru;55.611 37.451;gas
Штормавто;+7 (4162) 50-26-80, +7 (4162) 58-55-56, +7 (495) 233-00-65;+7 (914) 040-63-48;Россия, Москва, поселение Мосрентген, улица Адмирала Корнилова, 1, стр. 1;shtormauto.ru;55.607 37.452;gas
КМЗ Трак;;+7 (926) 610-09-96;Москва, поселение Мосрентген, улица Адмирала Корнилова, вл3;kmztrak.ru;55.608 37.454;gas
Автозапчасти;;+7 (925) 906-04-48;Россия, Москва, поселение Сосенское, бульвар Веласкеса, 3, корп. 3;jeep-part.ru;55.593 37.456;gas
Корейская строительная техника, торговая компания;+7 (495) 646-16-78;;Институтский пр., 4, стр. 1, посёлок завода Мосрентген;kcteh.ru;55.608 37.461;gas
Динго;;+7 (985) 960-00-23, +7 (925) 506-67-66, +7 (925) 518-85-21, +7 (925) 506-67-64, +7 (925) 517-61-80, +7 (925) 517-77-89, +7 (925) 506-67-65, +7 (925) 518-72-41, +7 (925) 518-72-51, +7 (925) 506-66-65;Москва, поселение Мосрентген, улица Адмирала Корнилова, 24А;dingo-auto.ru;55.605 37.464;gas
Корейская Строительная Техника;+7 (495) 363-75-58;;Институтский пр., 2, посёлок завода Мосрентген;kcteh.ru;55.610 37.465;gas
ТракСервис;+7 (495) 276-11-17, +7 (495) 276-11-19;+7 (965) 115-03-81;Москва, поселение Сосенское, Калужское шоссе, 22-й километр, 8, стр. 3;etsp.ru;55.601 37.481;gas
Avtoroom.ru;;+7 (977) 966-45-75, +7 (926) 776-01-09, +7 (925) 019-00-00;Калужское ш., 6, корп. 1, Москва;avtoroom.ru;55.604 37.484;gas
KoreaCars, магазин;+7 (495) 971-73-65, +7 (495) 941-62-36, +7 (495) 136-32-70, +7 (495) 517-26-92, +7 (495) 972-37-12, +7 (495) 369-64-39;+7 (916) 093-91-92, +7 (901) 510-46-76, +7 (901) 547-67-74, +7 (903) 281-21-91, +7 (901) 543-73-65;Новоясеневский просп., 24, Москва;koreacars.ru;55.606 37.530;gas
Мегавил;+7 (495) 967-15-47, +7 (247) 323-83-55, +7 (849) 995-20-17;+7 (925) 740-22-28, +7 (903) 670-95-55;ул. Паустовского, 2/34, Москва;megawheel.ru , drive2.ru;55.603 37.541;gas
Pnevmorem;;+7 (985) 999-48-49, +7 (916) 832-48-83;Соловьиный пр., 18А, Москва;pnevmorem.ru;55.605 37.556;gas
Автозапчасти;;+7 (966) 001-00-02;ул. Академика Янгеля, 11, стр. 27, Москва;car-alians.ru;55.594 37.578;gas
Авангард, интернет-магазин автомасел;+7 (495) 989-14-82;+7 (915) 342-77-22;6-я Радиальная ул., 17, Москва;mpoil.ru;55.607 37.646;gas
Автоинторг;;+7 (985) 762-66-68, +7 (925) 506-97-14;Ступинский пр., 1, стр. 13, Москва;avtointorg.ru;55.593 37.622;gas
AVTOR-автозапчасти;;+7 (926) 060-65-42;Дорожная ул., 3, корп. 19, стр. 8, Москва;avtor.parts;55.610 37.627;gas
Денса Тракс;+7 (3512) 00-22-10, +7 (343-77) 7-68-74, +7 (499) 755-85-50, +7 (861) 944-74-84;+7 (929) 212-48-88, +7 (900) 060-45-32, +7 (900) 060-49-91, +7 (900) 060-54-29, +7 (900) 060-54-37, +7 (900) 073-52-87, +7 (900) 075-93-25, +7 (903) 411-74-84, +7 (913) 775-55-10, +7 (922) 174-48-88;Станционная ул., 17, Домодедово;densatrucks.ru;55.595 37.627;gas
Техцентр Realparts;+7 (495) 223-35-66, +7 (495) 223-35-56;;Липецкая ул., 2, корп. 7, Москва;realparts.pro;55.610 37.663;gas
Мир запчастей России, интернет-магазин автозапчастей;+7 (495) 668-12-59, +7 (812) 309-58-06;;Каширское ш., 65А, Москва;mzpr.ru;55.598 37.726;gas
ЗИП Автоплюс;+7 (495) 978-59-03;;ул. Генерала Белова, 26, Москва;zip-autoplus.business.site;55.606 37.724;gas
Автозапчасти;+7 (499) 782-71-52, +7 (499) 398-22-24;+7 (926) 525-95-85, +7 (999) 961-16-36;Каширское ш., 65А, Москва;kashirka65a.ru;55.598 37.726;gas
АБС Маркет;+7 (495) 221-22-92, +7 (495) 399-44-00;;Ясеневая ул., вл14с6, Москва;abs-market.ru;55.599 37.731;gas
Одиссея, магазин автозапчастей;+7 (495) 398-23-32;+7 (926) 148-23-32;Елецкая ул., 11, корп. 1, Москва;odyss.ru;55.609 37.733;gas
Купить-фаркоп.рф;+7 (495) 532-33-64, +7 (499) 391-86-45;+7 (929) 543-88-01, +7 (925) 530-03-01, +7 (929) 543-88-21;Ясеневая ул., вл14с3, Москва;купить-фаркоп.рф;55.598 37.733;gas
Avtoyts;;+7 (965) 111-67-67;Воронежская ул., 24, корп. 1, Москва;avtoyts.ru;55.610 37.735;gas
Зеленый коридор, компания;;+7 (910) 481-68-19;Центральная ул., 16, посёлок Внуково;green-corridor.ru;55.617 37.272;gas
Тойота центр Внуково;+7 (495) 787-99-99, +7 (529) 756-51-03, +7 (495) 266-08-03;;Москва, Новомосковский административный округ, Киевское шоссе, 24-й километр, с8;toyota-vnukovo.ru;55.620 37.392;gas
Лексус харакири, автосервис;;+7 (905) 788-73-55, +7 (995) 788-73-55, +7 (926) 585-96-39, +7 (965) 426-17-85;Картмазовская ул., 50, д. Саларьево;avito.ru , razborzap77.ru;55.620 37.426;gas
Авто Вектор;;+7 (916) 595-66-44;Картмазовская ул., 50, д. Саларьево;avtovektor-msc.ru;55.620 37.426;gas
Автосервис Автомастер в Румянцево;+7 (495) 660-39-16;+7 (977) 680-13-30, +7 (904) 567-07-66;Москва, поселение Мосрентген, улица Адмирала Корнилова, вл1Ас5;avtomaster-auto.ru , zoon.ru;55.627 37.435;gas
Тюнинг Плюс;+7 (495) 989-44-87;+7 (964) 643-42-87, +7 (977) 898-44-87;Москва, поселение Московский, квартал № 70;tuning-plus.ru;55.626 37.437;gas
Карглобус;+7 (495) 665-93-40;+7 (929) 521-90-29;Москва, поселение Мосрентген, улица Адмирала Корнилова, 2;carglobus.su;55.627 37.437;gas
Рилайнс;+7 (495) 266-65-67;;Москва, поселение Мосрентген, улица Адмирала Корнилова, вл1;relines.ru;55.627 37.438;gas
МАЗ Ресурс;+7 (495) 227-42-15;+7 (965) 301-98-98, +7 (927) 567-14-38, +7 (927) 567-14-37;Москва, поселение Московский, Киевское шоссе, вл1Ас26;mazresurs.ru;55.628 37.438;gas
Корейский Внедорожник;;+7 (901) 510-65-25;Москва, поселение Мосрентген, улица Адмирала Корнилова, вл1;koreacars.ru;55.627 37.438;gas
Запчасти5тонн;;+7 (916) 209-48-17, +7 (926) 729-54-33;Москва, поселение Мосрентген, улица Адмирала Корнилова, вл1;zap5tonn.ru;55.626 37.439;gas
Мир Крепежного Инструмента;+7 (495) 223-92-48, +7 (153) 740-18-20, +7 (701) 500-70-10;+7 (903) 501-06-06;Россия, Москва, поселение Мосрентген, квартал № 17;toolskrep.ru;55.625 37.444;gas
Корейский Внедорожник;;+7 (902) 469-71-18;Москва, поселение Мосрентген, улица Адмирала Корнилова, 64, стр. 580;koreacars.ru;55.620 37.447;gas
Лосиный гараж;;+7 (926) 909-93-38;Москва, поселение Мосрентген, улица Адмирала Корнилова, вл60с3;evolvo.ru;55.619 37.448;gas
Техноком Альянс;+7 (499) 678-20-38;+7 (916) 683-30-39;МКАД, 44-й километр, 1, Москва;tka.net.ru , tka.com.ru;55.631 37.467;gas
Т-запчасти;+7 (495) 770-44-08, +7 (495) 424-32-77;+7 (901) 420-44-31, +7 (916) 647-45-07, +7 (930) 955-76-65;МКАД, 43-й километр, вл1, Москва;tzap.ru;55.626 37.474;gas
Наколесах.ру;+7 (499) 681-41-46, +7 (499) 681-34-38, +7 (495) 380-10-10;;Профсоюзная ул., 144, Москва;nakolesah.ru;55.624 37.509;gas
Вольтаж Сервис;+7 (495) 120-40-53, +7 (495) 120-40-67, +7 (495) 120-40-29, +7 (495) 660-39-12, +7 (495) 540-44-35;;Новоясеневский просп., вл3А, Москва;astarter.ru;55.614 37.516;gas
Кореана, Магазин автозапчастей и автотоваров;+7 (8552) 39-96-20, +7 (4752) 75-61-12, +7 (846) 302-96-46, +7 (482) 257-05-30, +7 (3812) 49-87-47, +7 (4212) 90-04-06, +7 (8152) 78-87-76, +7 (4232) 39-29-66, +7 (3472) 46-43-38, +7 (482) 257-05-20;+7 (996) 384-11-50, +7 (989) 259-26-99, +7 (910) 912-74-81, +7 (925) 230-40-57, +7 (951) 971-38-63, +7 (925) 141-42-02, +7 (950) 620-95-21, +7 (960) 093-99-30, +7 (932) 473-91-90, +7 (929) 824-16-25;Новоясеневский просп., вл3А, Москва;кореана.рф , koreanaparts.ru;55.614 37.516;gas
Автосервис;+7 (495) 943-82-60, +7 (495) 948-06-29;;Новоясеневский просп., 3А, стр. 2, Москва;cmatexcenter.ru;55.614 37.516;gas
Автозапчасти;;+7 (926) 410-65-74, +7 (966) 100-18-18, +7 (966) 116-28-60, +7 (926) 410-27-67, +7 (926) 588-91-60;Новоясеневский просп., вл3А, Москва;akb-auto37.ru;55.614 37.516;gas
Km-h.ru;+7 (499) 426-24-62;+7 (926) 123-46-08, +7 (915) 005-30-30, +7 (929) 681-09-05, +7 (916) 551-64-15, +7 (925) 029-01-82, +7 (926) 144-44-28;Варшавское ш., вл132/2, Москва;km-h.ru;55.620 37.609;gas
Borelly;+7 (495) 532-50-01, +7 (499) 130-08-30;+7 (969) 280-82-30, +7 (925) 150-10-30;Днепропетровский пр., 5, стр. 1, Москва;borelly.ru;55.620 37.623;gas
Офис;+7 (495) 311-62-81, +7 (495) 316-97-11, +7 (495) 585-13-60;+7 (903) 975-65-80, +7 (916) 456-81-47, +7 (925) 585-49-64;1-й Дорожный пр., 4, стр. 1, Москва;dali-avto.ru;55.614 37.617;gas
Amry.ru, интернет-магазин автозапчастей;+7 (383) 304-73-83, +7 (495) 197-67-88;+7 (967) 187-67-88, +7 (965) 820-80-88, +7 (906) 021-28-28;1-й Дорожный пр., 4, стр. 1, Москва;amry.ru;55.614 37.617;gas
Берег-Авто;;+7 (985) 225-99-36;Варшавское ш., 125, стр. 1, Москва;beregauto.ru;55.628 37.620;gas
Механика, технический центр;+7 (495) 542-80-39, +7 (499) 702-43-01, +7 (495) 777-68-39, +7 (499) 702-42-61, +7 (499) 702-44-77, +7 (499) 702-40-82, +7 (499) 702-42-95;+7 (916) 545-92-58, +7 (925) 850-06-68;1-й Дорожный пр., 6, стр. 4, Москва;mehanika.parts , motorzona24.ru , mechanika.ru;55.613 37.621;gas
Хонда клуб;+7 (495) 419-25-94, +7 (495) 488-67-05, +7 (495) 647-75-55, +7 (495) 357-17-70;;Варшавское ш., 125Ж, стр. 2, Москва;honda-club.ru;55.624 37.622;gas
Авд Моторс;+7 (499) 740-47-47;;Днепропетровский пр., 5, стр. 1, Москва;avdmotors.ru;55.620 37.623;gas
Сиан, автотехцентр;+7 (495) 233-58-56, +7 (495) 315-73-82, +7 (495) 363-15-58;;Днепропетровский пр., 5, стр. 1, Москва;sian.ru;55.620 37.623;gas
Брук-сервис;+7 (495) 191-73-16, +7 (495) 025-09-55;;Днепропетровский пр., 5, стр. 1, Москва;bruk.ru;55.621 37.623;gas
Агропромснаб;+7 (499) 286-27-77;+7 (999) 927-16-35;1-й Дорожный пр., 9, Москва;сельхозмаркет.рф;55.614 37.626;gas
СТ Авто;+7 (495) 380-02-12;;Кавказский бул., 59, стр. 7, Москва;sonataparts.ru;55.625 37.631;gas
Якудза-Моторс;+7 (495) 781-90-96;+7 (966) 388-55-44;ул. Бехтерева, 36А, Москва;yakudza-motors.ru;55.618 37.643;gas
Автосервис, автотехцентр;;+7 (903) 232-65-56, +7 (966) 103-08-23, +7 (991) 222-61-47;Кавказский бул., 54, стр. 5, Москва;remontopel.ru;55.629 37.643;gas
Autodoc.ru, магазин автотоваров и запчастей;;+7 (925) 093-62-25;Кавказский бул., 26, Москва;autodoc.ru;55.629 37.660;gas
Автозапчасти Царицыно;;+7 (926) 636-89-33, +7 (925) 518-18-93, +7 (925) 100-22-62, +7 (926) 213-06-19, +7 (925) 505-34-55;Бутовская ул., 8, стр. 4, Москва;5075936.ru , 5053455.ru;55.615 37.664;gas
Vianor, шинный центр;+7 (495) 215-01-05, +7 (495) 159-89-99, +7 (495) 150-06-69, +7 (495) 105-95-43, +7 (499) 722-17-50, +7 (495) 212-16-06, +7 (499) 162-61-72, +7 (495) 658-63-96, +7 (495) 971-25-48, +7 (495) 212-16-56;+7 (916) 104-67-76, +7 (916) 325-50-55, +7 (916) 811-59-61, +7 (916) 580-80-35, +7 (926) 388-67-57, +7 (925) 030-48-03, +7 (905) 575-33-53, +7 (985) 624-55-78;ул. Маршала Захарова, 22, Москва;vianor.ru , vianor-tyres.ru;55.618 37.695;gas
Интердиск;+7 (101) 112-13-14, +7 (495) 120-04-00, +7 (495) 105-96-29, +7 (495) 109-05-08, +7 (495) 105-92-97;+7 (915) 120-27-46, +7 (916) 672-08-82, +7 (916) 924-39-36, +7 (910) 462-29-84, +7 (916) 967-28-06;ул. Маршала Захарова, 22, Москва;автошиныдиски.рф;55.618 37.695;gas
Km-h.ru, интернет-магазин автозапчастей;+7 (495) 256-75-84;;ул. Генерала Белова, 2, Москва;km-h.ru;55.624 37.714;gas
Все для ТО;+7 (495) 227-94-33;+7 (985) 227-94-33;Каширское ш. (дублёр), 61/3А, Москва;motoroilmsk.ru;55.617 37.716;gas
Автолео, магазин автозапчастей;+7 (495) 255-38-17, +7 (499) 158-80-11, +7 (495) 221-42-57, +7 (499) 158-80-38;+7 (901) 574-82-19;Каширское ш., 61, корп. 3А, Москва;autoleo.ru;55.617 37.716;gas
REALPARTS, магазин автозапчастей и аксессуаров для японских автомобилей;+7 (495) 223-52-38, +7 (495) 784-30-41;+7 (985) 784-30-41;Каширское ш., 61, корп. 3А, Москва;realparts.pro , realparts.ru;55.617 37.716;gas
Koreanka.ru;+7 (495) 640-91-42;;Каширское ш., 61, корп. 3А, Москва;toyota-camry-zapchasti.ru;55.617 37.716;gas
Mepart.ru;+7 (495) 432-10-22;;Каширское ш., 61, корп. 3А, Москва;mepart.ru;55.617 37.716;gas
77volvo, автоцентр;+7 (495) 153-27-60, +7 (495) 778-65-86, +7 (495) 481-74-74;;Каширское ш. (дублёр), 61, корп. 3А, Москва;77volvo.ru;55.617 37.716;gas
Avtocomf;+7 (495) 877-57-77;+7 (958) 833-10-54, +7 (926) 520-01-11;Каширское ш., 61, корп. 3А, Москва;avtocomf.ru;55.617 37.716;gas
Вольтаж;+7 (495) 414-37-26;;Каширское ш. (дублёр), 61, корп. 3А, Москва;astarter.ru;55.616 37.716;gas
Чериплюс;+7 (495) 125-32-34;+7 (915) 045-57-34, +7 (965) 389-23-43, +7 (925) 471-68-84;Каширское ш., 61, корп. 3А, Москва;cheryplus.ru;55.617 37.716;gas
Apex.ru;+7 (495) 728-09-96, +7 (499) 455-01-58;;Каширское ш. (дублёр), 61, корп. 3А, Москва;apex.ru;55.617 37.716;gas
All-parts. parts;;+7 (968) 575-11-25, +7 (903) 235-21-12;Каширское ш. (дублёр), 61, корп. 3А, Москва;all-parts.parts;55.616 37.716;gas
ReNissanS;+7 (495) 150-05-88;+7 (926) 991-50-03;Каширское ш. (дублёр), 61/3А, Москва;service.renissans.ru;55.616 37.717;gas
Autodoc.ru;;+7 (967) 050-68-99;Шипиловская ул., 25А, Москва;autodoc.ru;55.622 37.726;gas
Мастерзап;;+7 (985) 736-56-65;Шипиловская ул., 58, корп. 1, Москва;masterzap.pro;55.621 37.746;gas
Pro-Lamp, интернет-магазин;+7 (495) 505-77-90;+7 (985) 991-22-29, +7 (977) 257-44-50, +7 (985) 334-02-90, +7 (985) 033-03-01;Бесединское ш., 9, Москва;pro-lamp.ru;55.628 37.754;gas
Podkapotom.ru;+7 (499) 990-78-00;;Бесединское ш., 9, Москва;podkapotom.ru;55.628 37.754;gas
Авто-Икс, автосервис;+7 (495) 341-95-74;+7 (916) 287-82-01;Братеевская ул., 8, корп. 1, Москва;auto-x.mobi;55.631 37.758;gas
АВТОРИТЭЙЛ – официальный дилер ГАЗ;+7 (495) 744-87-77, +7 (495) 721-16-31, +7 (495) 775-03-02, +7 (499) 648-73-43, +7 (495) 783-13-13, +7 (495) 134-27-77, +7 (495) 287-00-55;;МКАД, 19-й километр, вл12с1, Москва;autoretail.ru;55.617 37.779;gas
Ht-oil, интернет-магазин автозапчастей;+7 (495) 740-81-22;;Россия, Москва, поселение Внуковское, улица Самуила Маршака, 12;ht-oil.ru;55.639 37.328;gas
Шиномонтаж АВТОРУСЬ ритейл;+7 (495) 109-08-35, +7 (495) 276-15-43;;ул. Скульптора Мухиной, 8, Москва;autorus.ru;55.641 37.345;gas
Autodoc.ru, магазин автотоваров и запчастей;;+7 (968) 408-98-13;Боровское ш., 43, Москва;autodoc.ru;55.639 37.357;gas
Конгур;+7 (804) 333-33-97;;Производственная ул., 25, Москва;moscow.d-f.su;55.643 37.376;gas
ВинтТоп;+7 (812) 248-10-81, +7 (495) 568-02-88, +7 (495) 033-10-81;+7 (968) 828-03-33;Производственная ул., 23, стр. 10, Москва;timeweb.com , tweb.link , vinttop.ru;55.643 37.377;gas
Рин-Кар;+7 (495) 105-92-71;+7 (962) 900-09-50, +7 (962) 900-09-60;Производственная ул., 25, стр. В, Москва;rin-car.ru;55.642 37.377;gas
Км-сервис, грузовой автосервис;+7 (495) 226-81-26;;Производственная ул., 23, стр. 1, Москва;cityspectrans.ru;55.645 37.377;gas
Сдсмастер;+7 (495) 902-77-07;+7 (901) 422-17-27;Боровское ш., 13, Москва;sdsmaster.ru;55.651 37.378;gas
Vinzapros.ru;;+7 (965) 179-35-51;Производственная ул., 1вл2, Москва;vinzapros.ru;55.649 37.381;gas
Академия Плюс;+7 (495) 540-40-44;;Россия, Москва, поселение Московский, Киевское шоссе, 22-й километр, дв4с5кЕ;autozap.ru;55.637 37.435;gas
Смтурбо - ремонт турбин в Москве;;+7 (925) 934-33-63, +7 (900) 219-12-12, +7 (911) 205-75-75;Россия, Москва, поселение Московский, Киевское шоссе, 22-й километр, дв4с2кГ;smturbo.ru;55.635 37.437;gas
Фарко;+7 (495) 647-14-00;+7 (903) 776-34-34;Россия, Москва, поселение Московский, деревня Румянцево, Бизнес-парк Румянцево;farco.ru;55.634 37.439;gas
Major Volvo МКАД 47 км – официальный дилер Volvo;+7 (495) 730-11-35, +7 (495) 229-99-44, +7 (495) 730-11-11, +7 (495) 730-80-04, +7 (495) 737-46-00, +7 (495) 730-22-00;;Россия, Москва, поселение Московский, МКАД, 47-й километр, с5;major-auto.ru;55.652 37.443;gas
Автодеталь24.рф;+7 (495) 781-17-72;+7 (917) 575-76-79;Ленинский просп., 121/1к2, Москва;автодеталь24.рф;55.649 37.486;gas
Shop Cx-5;;+7 (925) 614-65-36;ул. Миклухо-Маклая, 8, стр. 3, Москва;shopcx5.ru;55.649 37.502;gas
LikeParts.ru;+7 (495) 729-11-02, +7 (499) 391-29-11;+7 (903) 729-11-02, +7 (925) 003-03-96, +7 (929) 669-09-61;ул. Миклухо-Маклая, 8, стр. 3, Москва;likeparts.ru;55.649 37.502;gas
Autodoc.ru, магазин автотоваров и запчастей;;+7 (925) 091-06-89;ул. Академика Арцимовича, 6, Москва;autodoc.ru;55.644 37.513;gas
Автозапчасти;+7 (495) 998-45-00;+7 (915) 451-15-00;Профсоюзная ул., 124А, Москва;parkis.ru;55.632 37.516;gas
Автомаркет-НК, Склад;+7 (495) 640-80-62;;ул. Бутлерова, 17Б, Москва;amhk.ru;55.648 37.540;gas
SPparts;+7 (499) 517-91-05;+7 (915) 449-46-50;ул. Генерала Антонова, 3А, Москва;spparts.ru;55.646 37.534;gas
Сим Suzuki;+7 (8452) 75-44-11, +7 (4852) 58-00-60, +7 (495) 725-32-65, +7 (495) 737-47-19, +7 (4852) 58-45-00, +7 (495) 126-21-85, +7 (4852) 58-45-01, +7 (495) 725-22-99, +7 (495) 925-55-15, +7 (4855) 32-05-60;;ул. Введенского, 4А, стр. 6, Москва;nissan-sim.moscow , sim-suzuki.ru , sim-auto.ru , chery.ru;55.651 37.546;gas
РТДСервис, официальный дилер Renault;+7 (495) 172-01-53, +7 (495) 531-20-71, +7 (495) 718-66-77, +7 (495) 718-75-90, +7 (495) 172-01-35, +7 (495) 844-77-43, +7 (4752) 50-38-87, +7 (495) 531-20-90, +7 (495) 126-57-33, +7 (4752) 79-00-11;;ул. Обручева, 52, стр. 69, Москва;rtds.ru;55.649 37.563;gas
Локал-авто;+7 (495) 255-20-51, +7 (495) 255-20-71;+7 (985) 991-47-99;Керченская ул., 32, Москва;local-avto.ru;55.648 37.577;gas
Бизнес кар, Тойота центр Битца;+7 (495) 255-58-74, +7 (495) 181-13-72, +7 (495) 181-18-22, +7 (495) 181-18-38, +7 (495) 784-62-03, +7 (495) 181-14-74, +7 (495) 135-38-37, +7 (495) 032-70-33, +7 (495) 181-17-25, +7 (495) 181-17-72;;Балаклавский просп., 26, Москва;toyota-bitsa.ru , toyotabc.ru;55.643 37.592;gas
Диксонпартс;;+7 (916) 371-68-60, +7 (985) 161-62-52;4А, стр. 3, Южный административный округ, район Чертаново Северное, микрорайон Северное Чертаново, Москва;dixonparts.ru;55.641 37.592;gas
Автозапчасти от А ДО Я;;+7 (906) 747-25-25;Азовская ул., 28А, стр. 1, Москва;azzap.ru;55.644 37.594;gas
Autodoc.ru, магазин автотоваров и запчастей;;+7 (926) 135-11-50;к208, Южный административный округ, район Чертаново Северное, микрорайон Северное Чертаново, Москва;autodoc.ru;55.639 37.604;gas
Варшавка-Авто;+7 (495) 768-77-70;+7 (915) 061-22-44, +7 (915) 061-22-24, +7 (915) 325-67-37;Симферопольский бул., 22, корп. 1, Москва;varshavka-auto.su;55.648 37.605;gas
Akbauto, торгово-сервисная компания;+7 (495) 984-33-96;;Варшавское ш., 91, стр. 8, Москва;akbauto.ru;55.651 37.620;gas
Гранд Авто;+7 (495) 506-95-07;+7 (926) 233-33-44;Варшавское ш., 91, стр. 8, Москва;m-grand.ru;55.651 37.620;gas
Master Niva;+7 (495) 649-21-01, +7 (495) 231-04-34;+7 (985) 482-55-64, +7 (916) 523-75-66, +7 (964) 633-11-02, +7 (985) 575-50-90;Варшавское ш., 95А, Москва;masteruaz.ru;55.639 37.622;gas
Фроза;+7 (495) 374-95-60;;Котляковская ул., 1, стр. 2, Москва;froza.ru;55.643 37.628;gas
Турбо Инжиниринг, компания;+7 (495) 926-27-39;+7 (916) 421-97-91;Котляковская ул., 4, стр. 8, Москва;vektoreng.ru;55.641 37.631;gas
Торг-зап;+7 (495) 797-66-97;;1-й Котляковский пер., 3, корп. 1, Москва;torg-zap.ru;55.650 37.637;gas
АВТ Трейд;+7 (495) 641-52-82, +7 (495) 995-61-31, +7 (499) 940-90-47;+7 (918) 012-00-22, +7 (916) 942-25-57, +7 (918) 049-04-49, +7 (918) 386-38-68, +7 (918) 049-54-95, +7 (925) 070-38-55, +7 (916) 503-02-88, +7 (985) 643-71-20, +7 (929) 941-43-79, +7 (978) 086-15-77;Котляковская ул., 7/8, Москва;hino-toyota.ru;55.645 37.639;gas
Автомобис-ПИК, магазин автозапчастей;+7 (495) 781-44-71;+7 (929) 665-81-40;Кантемировская ул., 59А, Москва;automobis-pik.ru;55.637 37.644;gas
Сервис Авто;+7 (495) 725-42-35, +7 (499) 324-38-16, +7 (499) 324-50-30;;ул. Москворечье, 2Ж, стр. 2, Москва;servavto.ru;55.651 37.643;gas
ТТМ центр;+7 (495) 956-71-67, +7 (495) 956-71-69, +7 (495) 956-71-65, +7 (495) 128-50-84;;Кантемировская ул., 59А, Москва;avtofura.ru;55.637 37.644;gas
Альтера КомТранс;+7 (495) 737-97-21;+7 (916) 611-39-91;Кантемировская ул., 59А, Москва;bongoporter.ru;55.637 37.644;gas
Амб-автопарт;;+7 (926) 550-86-54, +7 (926) 549-30-20, +7 (925) 159-28-71, +7 (926) 275-10-33, +7 (920) 616-91-81;Кантемировская ул., 4, корп. 1, Москва;amb-avtopart.company.site;55.637 37.680;gas
Транс Стартер;+7 (495) 744-37-75;+7 (926) 245-01-21, +7 (926) 969-92-40;Каширское ш., 41, Москва;msk.tstarter.ru , tstarter.ru;55.646 37.673;gas
УазПотребСоюз-ЮГ;+7 (495) 796-26-61, +7 (495) 483-54-55;+7 (984) 984-94-98, +7 (906) 047-56-63, +7 (925) 074-73-87, +7 (926) 287-56-98;Каширское ш., 41, Москва;uazps.com , shop.uazps.com;55.646 37.673;gas
Mazdanet.ru, торговая компания;+7 (495) 646-64-30;+7 (925) 309-76-62;Каширское ш., 43, корп. 5, Москва;mazdanet.ru;55.646 37.677;gas
Авто-альянс, оптовый центр автозапчастей;+7 (495) 668-07-92;;Каширское ш., 53, корп. 1, Москва;avtoall.ru , autoopt.ru;55.639 37.691;gas
Zap-avto, интернет-магазин автозапчастей;+7 (701) 424-09-28, +7 (495) 902-63-64;+7 (909) 909-54-32, +7 (916) 627-97-96;ул. Борисовские Пруды, 1А, стр. 9, Москва;zap-avto.com;55.636 37.701;gas
ИП С. Н.;;+7 (925) 037-07-07;ул. Борисовские Пруды, 1, стр. 1, Москва;soparts.ru;55.636 37.710;gas
Opelzap, магазин автозапчастей;;+7 (915) 222-10-11, +7 (985) 980-66-86, +7 (915) 333-10-11, +7 (916) 434-23-67;Донецкая ул., 20, корп. 1, Москва;opelzap.ru;55.649 37.713;gas
Автозапчасти для европейских и японских автомобилей;;+7 (967) 165-33-30, +7 (962) 961-42-12;Люблинская ул., 171, корп. 1, Москва;автозапчасти77.рф;55.646 37.746;gas
Автозапчасти;;+7 (925) 264-60-02;ул. Борисовские Пруды, 16, корп. 2, Москва;autoart-ltd.ru , autoart.info;55.636 37.748;gas
Точка Разбора;;+7 (916) 339-00-79;1-й Капотнинский пр., 41, стр. 1, Москва;tochka-razbora.ru;55.634 37.806;gas
Дорули;;+7 (931) 009-44-36;2-я Карпатская ул., 4, стр. 4, Москва;doruli.ru;55.655 37.372;gas
1Руслан-Авто;+7 (495) 435-36-84, +7 (495) 725-36-50, +7 (495) 979-33-93, +7 (495) 971-84-87;+7 (909) 938-71-29, +7 (901) 543-84-87, +7 (909) 938-71-30, +7 (916) 674-48-66, +7 (903) 539-34-44, +7 (929) 673-81-86, +7 (916) 685-63-57;Новомещерский пр., вл7Ас1, Москва;vaz-zapchast.ru , 1ruslan-auto.ru;55.658 37.378;gas
Торговая компания, официальный дистрибьютор Xenum auto;+7 (499) 391-48-24;+7 (932) 602-11-53, +7 (902) 874-33-85, +7 (915) 380-88-52;Боровское ш., 6, корп. 3, Москва;xenum-auto.ru;55.658 37.397;gas
VOLLUX;+7 (495) 978-71-71, +7 (495) 972-55-77, +7 (495) 972-99-06, +7 (495) 972-77-06, +7 (495) 118-34-76;;ул. Терёшково, вл1, Москва;vollux.ru;55.662 37.408;gas
Гроутас;+7 (495) 730-23-04, +7 (495) 439-78-56;;ул. 50 лет Октября, 4, Москва;groutasauto.ru;55.655 37.416;gas
Юнион Трейд;+7 (495) 437-23-01;;Озёрная ул., 44, стр. 2, Москва;motors-club21.ru;55.667 37.441;gas
Белый медведь;;+7 (903) 799-89-65;Малая Очаковская ул., 4, стр. 2, Москва;kit-group.ru;55.671 37.441;gas
Motul;+7 (495) 755-05-96;+7 (903) 755-05-96;просп. Вернадского, 93, Москва;motul-auto.ru;55.667 37.495;gas
Запасныечасти.рф;+7 (495) 669-38-74, +7 (495) 669-38-73;;просп. Вернадского, 89, лит.А, Москва;sparts.su , запасныечасти.рф , mcparts.ru;55.667 37.499;gas
Скания Русь;+7 (495) 787-50-00, +7 (495) 543-98-97;;ул. Обручева, 30/1с2, Москва;scania.ru;55.656 37.526;gas
Кай Сервис, сервисный центр;+7 (495) 542-88-44;+7 (985) 761-74-93;ул. Обручева, 36, корп. 2, Москва;forum.cayservice.ru , cayservice.ru;55.654 37.542;gas
ПромРесурс, компания по продаже автозапчастей;+7 (496) 571-09-77, +7 (495) 462-41-09, +7 (495) 462-19-94, +7 (495) 601-63-31, +7 (495) 739-50-15, +7 (495) 616-97-89, +7 (495) 739-58-59, +7 (495) 988-20-13, +7 (4862) 42-28-77, +7 (495) 462-08-88;;Научный пр., 13, Москва;auto-z.ru;55.655 37.557;gas
MyMazdaService, клубный техцентр-магазин;+7 (495) 545-45-66, +7 (495) 545-49-66, +7 (495) 449-70-17;+7 (929) 545-45-33, +7 (926) 533-22-21;ул. Намёткина, 10Б, стр. 2, Москва;mymazdaparts.ru;55.660 37.552;gas
Джаст Авто Партс;;+7 (962) 999-77-47;ул. Намёткина, 11, Москва;justautoparts.ru;55.663 37.554;gas
Компонент торг;+7 (499) 213-17-19;+7 (925) 802-28-31, +7 (925) 521-16-18, +7 (926) 230-52-03;ул. Намёткина, 14, корп. 1, Москва;trailercom.ru;55.661 37.556;gas
BMW-zap, магазин автозапчастей;;+7 (926) 704-28-29;ул. Каховка, 30, Москва;bmw-zap.ru;55.661 37.562;gas
Кирант;;+7 (929) 925-52-10, +7 (963) 699-82-16;Нахимовский просп., 20А, Москва;kirant.ru;55.669 37.592;gas
Вольтаж;+7 (495) 660-22-00;;Болотниковская ул., 18, корп. 2, Москва;astarter.ru;55.658 37.602;gas
27 бокс, автотехсервис;;+7 (965) 269-81-79, +7 (903) 579-09-33;Электролитный пр., 12Б, Москва;autotexservis.ru;55.671 37.615;gas
Автомаяк, интернет-магазин автозапчастей;;+7 (916) 570-00-70;Электролитный пр., 12Б, Москва;automayakparts.ru;55.671 37.615;gas
Автоискра, автосервис;+7 (495) 477-52-47;+7 (999) 768-73-59, +7 (954) 311-60-15;Электролитный пр., 12Б, стр. 2, Москва;generators.auto-iskra.ru , parts-autoiskra.ru , auto-iskra.ru , carservice.auto-iskra.ru , easytronic.auto-iskra.ru;55.670 37.615;gas
Про-Сервис, техцентр;+7 (495) 781-46-74, +7 (495) 223-94-17;;Варшавское ш., 46А, Москва;pro-auto.ru;55.669 37.624;gas
АВТ Групп;+7 (707) 525-96-55, +7 (3912) 82-85-11, +7 (3832) 91-92-86, +7 (3912) 95-01-44, +7 (499) 530-06-15, +7 (777) 525-96-50, +7 (499) 940-68-20, +7 (322) 240-97-10, +7 (495) 012-50-62, +7 (343) 228-43-92;+7 (905) 405-11-11, +7 (928) 842-84-51, +7 (978) 743-56-00, +7 (911) 702-06-66, +7 (978) 743-55-94, +7 (953) 770-70-70, +7 (951) 870-22-36, +7 (911) 961-51-91, +7 (964) 535-12-85, +7 (922) 101-95-30;Варшавское ш., 71, корп. 1, Москва;avtgr.ru;55.660 37.620;gas
Катана;+7 (495) 789-90-54;+7 (963) 782-24-18, +7 (925) 508-76-74, +7 (963) 782-24-17;Варшавское ш., вл46Г, Москва;katana-suzuki.ru;55.669 37.624;gas
Демпинг-Авто Групп;+7 (495) 234-71-74, +7 (495) 234-71-73, +7 (495) 567-50-01, +7 (495) 567-50-02, +7 (495) 782-82-01;+7 (903) 103-15-25, +7 (929) 529-00-65, +7 (916) 294-57-57;Старокаширское ш., 4А, стр. 12, Москва;demping-auto.com;55.660 37.629;gas
Тормозные колодки;+7 (3512) 42-00-37, +7 (383) 383-28-31, +7 (812) 245-38-43, +7 (835-33) 4-70-22, +7 (495) 150-27-73;+7 (916) 684-28-70;Каширский пр., 13, Москва;brake-blocks.ru , тормозные-колодки.рф;55.657 37.632;gas
Арморзип;+7 (612) 677-77-81;+7 (925) 755-76-79;Хлебозаводский пр., 7А, Москва;armorzip.ru;55.671 37.631;gas
Дем-Юг;;+7 (926) 900-00-87, +7 (926) 573-64-08;Хлебозаводский пр., 7А, стр. 4, Москва;dem-yug.ru , dem-auto.ru;55.671 37.634;gas
SPparts;+7 (499) 703-38-34;+7 (926) 942-28-50, +7 (925) 072-72-81;1-й Котляковский пер., 2А, Москва;spparts.ru;55.654 37.634;gas
Apex.ru;;+7 (925) 082-58-28;Каширское ш., 26, Москва;apex.ru;55.653 37.646;gas
Форвард Авто Партс, оптовая компания;+7 (495) 788-78-13, +7 (812) 320-77-29, +7 (812) 922-79-79, +7 (343) 346-50-70;;Батюнинский пр., 19, Москва;autobody.ru;55.666 37.699;gas
Гринза;+7 (812) 385-57-27, +7 (495) 215-23-18, +7 (495) 223-15-41;+7 (965) 036-68-06;Батюнинский пр., 9, стр. 1, Москва;realred.ru , grinza.ru;55.665 37.697;gas
Гиперион Авто;;+7 (985) 383-02-77, +7 (915) 165-63-76, +7 (966) 888-24-60, +7 (985) 383-02-80;Шоссейная ул., 90, стр. 5, Москва;giperion-avto.ru;55.664 37.711;gas
Дали-партс;+7 (495) 385-91-09;+7 (966) 349-00-41;ул. Перерва, 1А, Москва;dali-parts.ru;55.657 37.718;gas
Autopoint;+7 (812) 322-66-66, +7 (812) 329-00-77, +7 (499) 553-48-90, +7 (8412) 59-11-02, +7 (812) 224-03-78, +7 (812) 329-02-12, +7 (812) 333-51-84, +7 (812) 412-38-79, +7 (812) 449-09-42, +7 (812) 580-79-38;+7 (921) 582-49-70, +7 (963) 243-91-05;Иловайская ул., 10А, Москва;auto-point.ru;55.660 37.722;gas
Мткар;+7 (495) 961-61-45;;Иловайская ул., 2Б, стр. 1, Москва;mtcar.ru;55.658 37.725;gas
Авто-поиск.рф миллион автодеталей;+7 (812) 385-41-36;;Люблинская ул., 96, Москва;авто-поиск.рф , avtodrom.su;55.657 37.739;gas
Атп-маркет, магазин автозапчастей;+7 (495) 136-87-66;+7 (962) 366-87-66, +7 (964) 550-03-00;Люблинская ул., 102А, Москва;atpmarket.ru;55.653 37.742;gas
Autodoc.ru, магазин автотоваров и запчастей;;+7 (925) 091-52-02;Братиславская ул., 16, корп. 2, Москва;autodoc.ru;55.658 37.757;gas
Комплексный подход, автотехцентр;;+7 (963) 976-44-50, +7 (964) 556-11-67;Братиславская ул., 18, корп. 1, Москва;bratislavka.ru;55.658 37.759;gas
Автомаркет;;+7 (985) 614-83-86;ул. Верхние Поля, 55А, Москва;avtomarket77.ru;55.659 37.800;gas
Максиватор;+7 (495) 134-34-03;+7 (964) 567-08-11;ул. Верхние Поля, 61, стр. 1, Москва;maxivator.ru;55.658 37.803;gas
Carshark.ru;;+7 (995) 310-10-35;Чагинская ул., 4, стр. 2, Москва;carshark.ru;55.664 37.807;gas
Redskin - фильтры для авто;+7 (812) 449-22-16, +7 (495) 748-59-79, +7 (3832) 64-23-77, +7 (3832) 64-26-95, +7 (4232) 44-04-33, +7 (3832) 64-27-97;+7 (985) 310-02-85;Чагинская ул., 4, стр. 12, Москва;redskin-parts.ru;55.665 37.808;gas
Турбоком, торговая компания;+7 (499) 271-59-21, +7 (495) 645-18-07;+7 (964) 645-18-07, +7 (903) 615-91-91;Чагинская ул., 3Б, стр. 1, Москва;turbocomp.ru;55.662 37.809;gas
Zip-T;+7 (495) 961-63-75;+7 (909) 955-21-21;Рябиновая ул., 38Б, стр. 5, Москва;zip-t.ru;55.683 37.422;gas
Скайтрак;;+7 (926) 305-80-80, +7 (925) 081-32-72;Рябиновая ул., 38Б, стр. 5, Москва;skytruck.ru;55.683 37.422;gas
Suparts.ru — Интернет-магазин запчастей на Land Rover;;+7 (901) 353-56-15;Рябиновая ул., 38Б, стр. 3, Москва;suparts.ru;55.684 37.422;gas
VW-parts;+7 (499) 408-22-44, +7 (495) 290-08-18, +7 (495) 790-08-18;+7 (903) 790-08-18;Рябиновая ул., 38А, стр. 1, Москва;service.vw-parts.ru , vw-parts.ru;55.686 37.428;gas
Levmotors, сервис по ремонту французских автомобилей;+7 (495) 916-91-61, +7 (495) 476-41-25, +7 (495) 150-70-96;+7 (925) 727-55-50, +7 (901) 506-73-71;Рябиновая ул., 55, стр. 29, Москва;levmotors.ru;55.688 37.431;gas
Авто-альянс, оптовый центр автозапчастей;+7 (495) 668-06-97;;Рябиновая ул., 63Г, Москва;autoopt.ru;55.685 37.433;gas
КаргоПартс;+7 (495) 506-70-16;;Рябиновая ул., 44, стр. 34, Москва;cargoparts.ru;55.673 37.434;gas
Барт-Авто;+7 (495) 668-14-04;;Рябиновая ул., 63Г, Москва;autoopt.ru;55.684 37.432;gas
Интернет-магазин тюнинга Streetpower.ru;+7 (495) 213-87-14;;ул. Генерала Дорохова, 28А, Москва;nic.ru , streetpower.ru;55.689 37.433;gas
Глобусавто;+7 (495) 984-05-00;;Рябиновая ул., 65, стр. 2, Москва;hde-germany.ru;55.681 37.435;gas
Опельбот;+7 (495) 506-79-06;+7 (926) 703-61-88, +7 (916) 389-72-34;ул. Генерала Дорохова, 22, Москва;opelbot.ru;55.690 37.438;gas
Avto-detali.com, интернет-магазин;+7 (495) 783-69-83;+7 (925) 197-41-84;Очаковское ш., 44, стр. 1, Москва;avto-detali.com;55.683 37.438;gas
Трак-М Транзит;;+7 (916) 219-74-41, +7 (915) 400-10-36;Проектируемый пр. № 1980, 2, корп. 1, стр. 4, Москва;trak-m-transit.ru;55.673 37.441;gas
Воробьев сервис;+7 (495) 641-89-96;;Проектируемый пр. № 1980, 2, корп. 1, Москва;8dauto.ru;55.672 37.442;gas
Паор-авто, магазин автозапчастей;+7 (495) 544-72-90;+7 (967) 125-89-44;ул. Наташи Ковшовой, 8, корп. 1, Москва;paor-avto1.wixsite.com;55.681 37.449;gas
Autodoc.ru, магазин автотоваров и запчастей;;+7 (968) 742-00-00;Озёрная ул., 2, корп. 2, Москва;autodoc.ru;55.689 37.470;gas
СВ-АВТО, магазин автозапчастей;+7 (499) 372-04-63, +7 (495) 969-36-00;+7 (903) 969-36-00;ул. Мичуринский Проспект, Олимпийская Деревня, 4, корп. 3, Москва;svautoz.ru;55.675 37.471;gas
Stardiesel;+7 (495) 437-62-52, +7 (495) 787-97-30;+7 (926) 911-76-63;ул. Коштоянца, 20, корп. 4, Москва;stardiesel.ru , starsepar.ru;55.676 37.476;gas
Масла Idemitsu;+7 (495) 369-05-47;+7 (926) 676-05-47;просп. Вернадского, 12Д, Москва;hondazapad.ru;55.686 37.511;gas
Mazdovod;+7 (495) 725-11-66, +7 (495) 518-64-44;;просп. Вернадского, 12Д, Москва;mazdovod.ru;55.686 37.512;gas
Джипер, магазин автотоваров;+7 (495) 959-95-01, +7 (495) 959-95-00;+7 (903) 766-62-22;ул. Гарибальди, 15, корп. 2, Москва;jeeper-shop.ru;55.675 37.542;gas
Тритон-импорт, магазин запчастей для американских автомобилей и материалов для шиномонтажа;+7 (499) 322-23-52, +7 (499) 322-42-05, +7 (499) 322-42-07, +7 (499) 322-42-50;;ул. Кржижановского, 3, Москва;ti-msk.ru , triton-import.ru;55.683 37.562;gas
Асго, автомагазин;+7 (499) 124-42-36, +7 (499) 129-84-44, +7 (499) 125-26-17, +7 (495) 225-31-42;;Профсоюзная ул., 5/9, Москва;asgoparts.ru;55.685 37.571;gas
Kjmart.ru;+7 (495) 790-41-59;+7 (916) 755-89-03;ул. Кржижановского, 23, корп. 1, Москва;kjmart.ru;55.678 37.577;gas
INP-Company-Auto;;+7 (995) 505-89-74, +7 (967) 243-81-82;Нахимовский просп., 24, стр. 2, Москва;inpcompanyauto.ru;55.673 37.584;gas
Ar-parts;+7 (495) 740-29-93, +7 (495) 409-07-03;+7 (910) 419-35-42;Загородное ш., 15, корп. 1, Москва;auto-rus.ru;55.692 37.603;gas
Космо-с;+7 (495) 975-80-98;;Нагорная ул., 20, корп. 1, Москва;cosmo-s.ru;55.679 37.603;gas
5parts.ru;+7 (495) 225-45-34, +7 (495) 223-35-44, +7 (499) 110-80-27, +7 (499) 460-07-26;+7 (929) 603-19-14;Нагорный пр., 12, корп. 3, стр. 8, Москва;5parts.ru;55.689 37.606;gas
Карси, автотехцентр;+7 (499) 755-94-74, +7 (499) 391-02-74;+7 (926) 227-94-74, +7 (926) 836-11-74;Нагорный пр., 12Г, стр. 7, Москва;e-autoshop.ru , car-sy.ru;55.685 37.610;gas
Резиновые петли band4power;+7 (495) 204-16-00;;Нагорный пр., 10, корп. 2, Москва;band4power.ru;55.686 37.612;gas
Benefit Parts;;+7 (925) 681-10-62, +7 (999) 848-04-27;Электролитный пр., 3, стр. 72, Москва;benefitparts.ru;55.677 37.616;gas
D2racing;;+7 (926) 396-02-01;Нагорный пр., 7, стр. 3, Москва;b-fast.ru;55.687 37.617;gas
Динамика 34;+7 (495) 374-94-74;;Нагорный пр., 7, стр. 7, Москва;dynamics34.ru;55.686 37.618;gas
Территория JEEP, техцентр;+7 (499) 794-33-38;+7 (925) 002-20-02, +7 (916) 268-01-95, +7 (985) 799-79-99, +7 (925) 772-43-90, +7 (925) 100-10-01;Электролитный пр., 3А, стр. 6, Москва;tjeep.ru;55.675 37.621;gas
Экзист;+7 (495) 009-03-54;;Варшавское ш., 45, Москва;exist.ru;55.680 37.625;gas
Пятикратный Ресурс, торгово-производственная компания полиуретановых деталей;+7 (812) 219-10-88, +7 (495) 147-97-88;+7 (902) 940-11-84;1-й Нагатинский пр., 6, стр. 1, Москва;x5online.ru;55.681 37.633;gas
Рэйсстэйдж;+7 (495) 008-86-57;+7 (965) 433-06-25;1-й Нагатинский пр., 2, стр. 35БН, Москва;racestage.ru;55.683 37.633;gas
Магазин аккумуляторов - MoscowAKB;+7 (495) 008-96-08, +7 (499) 490-53-04, +7 (495) 532-96-08;;Нагатинская ул., 16, Москва;moscowakb.ru;55.678 37.643;gas
Stylinglab;+7 (499) 490-22-04;;Нагатинская ул., 16, Москва;stylinglab.ru;55.678 37.643;gas
Access-Honda;+7 (499) 685-00-70, +7 (495) 973-33-46;;Нагатинская ул., 16, стр. 6, Москва;access-honda.com;55.678 37.644;gas
Буксир;;+7 (916) 795-77-82;2-й Нагатинский пр., 2, стр. 8, Москва;trayler.ru;55.678 37.643;gas
Автотрейд-Аг, автоцентр;+7 (495) 995-12-20;;Нагатинская ул., 16, корп. 1, стр. 5, Москва;autotrade-ag.ru;55.679 37.646;gas
Автолегион МР, автосервис;+7 (495) 728-88-81;+7 (965) 383-02-03, +7 (966) 129-32-22, +7 (903) 728-88-81, +7 (965) 435-32-35;ул. Садовники, 11А, Москва;kuzovnoy-avto.ru;55.674 37.658;gas
Автокузов;+7 (495) 978-25-29;+7 (901) 517-25-29;ул. Садовники, 11А, Москва;autokyzov.ru;55.674 37.657;gas
Плеяда, автотехцентр;+7 (495) 638-55-44, +7 (495) 638-52-25;+7 (915) 263-25-62;ул. Садовники, 11А, стр. 12, Москва;tc-pleyada.ru;55.674 37.658;gas
Шинсервис, офис;+7 (495) 152-73-42, +7 (495) 231-20-47, +7 (4732) 80-03-38, +7 (495) 788-83-88, +7 (8612) 17-71-07, +7 (4912) 47-59-88, +7 (4852) 23-00-66, +7 (8312) 31-04-08, +7 (3472) 93-41-51;;ул. Садовники, 11А, стр. 3, Москва;shinservice.ru;55.674 37.659;gas
Thorvik;+7 (495) 972-22-11;;просп. Андропова, 38, корп. 3, Москва;torvik.ru;55.675 37.660;gas
Автосервис;+7 (499) 393-39-83;+7 (926) 600-65-33, +7 (929) 677-21-33;Якорная ул., 1, Москва;autoservice-yakornaya1.tilda.ws;55.688 37.682;gas
Магазин автозапчастей;;+7 (968) 795-27-53;Якорная ул., 4, Москва;;55.688 37.682;gas
AvtoProk;+7 (495) 128-32-11, +7 (495) 128-09-87;+7 (985) 808-44-60;ул. Речников, 21, стр. 8, Москва;avtoprok.com;55.679 37.692;gas
ТД ТагАЗ;+7 (499) 530-53-80, +7 (495) 363-91-90;;ул. Полбина, 29, стр. 1, Москва;td-tag.ru;55.674 37.726;gas
Лада-АвтоDеталь;+7 (495) 960-94-60;+7 (963) 999-36-36, +7 (977) 687-90-91;ул. Полбина, 3, стр. 3, Москва;lada-autodetal.ru;55.683 37.731;gas
FltService.ru;;+7 (926) 787-95-59;Егорьевский пр., 2А, стр. 26, Москва;fltservice.ru;55.673 37.734;gas
Спецкомплект, Офис;+7 (499) 505-50-93, +7 (499) 638-27-57;+7 (906) 717-27-95, +7 (905) 597-96-48;Люблинская ул., 42, Москва;skdst.ru , speckomplekt.com;55.685 37.737;gas
Автотротти, магазин;+7 (499) 647-64-64;+7 (985) 123-31-78, +7 (965) 160-17-04, +7 (985) 730-77-11, +7 (967) 091-09-09;ул. Судакова, 10, Москва;autotrotti.ru;55.673 37.745;gas
ЕвроМир, магазин автозапчастей;;+7 (958) 824-06-10, +7 (977) 347-88-62;Кубанская ул., 18/1, Москва;euro-mir.com;55.684 37.745;gas
Инкомпартс;+7 (495) 215-14-26;+7 (965) 198-43-59;Егорьевский пр., 2А, стр. 19, Москва;incomparts.ru;55.673 37.735;gas
РМА Рус Индастри;+7 (495) 642-40-52;+7 (926) 495-55-06;Люблинская ул., 40, Москва;pmamolding.ru;55.686 37.736;gas
Дм Авто-арт;+7 (495) 978-24-27;+7 (962) 958-41-41;Люблинская ул., 64, стр. 1, Москва;dm-ford.ru;55.673 37.737;gas
Автоэмали и подбор красок;;+7 (900) 583-44-44;Люблинская ул., 62, Москва;ortexcolor.ru , hostiman.ru;55.673 37.739;gas
Автозапчасти;+7 (495) 363-36-71;+7 (916) 400-54-31, +7 (925) 506-15-89, +7 (964) 580-32-52;ул. Судакова, 4, Москва;bmwcontrol.ru;55.672 37.742;gas
Chery-Центр;+7 (495) 749-18-21;+7 (915) 101-16-16, +7 (909) 633-35-55, +7 (985) 400-16-16, +7 (903) 178-20-60, +7 (905) 544-02-09;ул. Судакова, 10, Москва;chery-centr.ru;55.672 37.745;gas
R2R;+7 (812) 605-05-22, +7 (499) 741-49-62;+7 (905) 729-83-89, +7 (903) 674-86-11, +7 (967) 232-52-28;Летняя ул., 6, Москва;rtor.pro;55.688 37.745;gas
Автозапчасти;+7 (495) 778-49-13;+7 (901) 578-49-13, +7 (963) 750-45-95, +7 (926) 537-85-55;ул. Судакова, 10, Москва;zap.msk.ru;55.672 37.745;gas
Люблино-Моторс;+7 (495) 352-14-29, +7 (495) 973-04-32, +7 (495) 723-48-84;+7 (901) 553-04-32, +7 (925) 233-09-87;Тихорецкий бул., 1, стр. 1, Москва;lublino-motors.ru;55.677 37.776;gas
Евродеталь;+7 (495) 770-47-88, +7 (495) 770-41-55;+7 (926) 230-33-32;Тихорецкий бул., 1, стр. 29, Москва;euro-detal.ru;55.677 37.779;gas
Магазин ИП Дробышева Н. В;+7 (495) 785-35-00, +7 (495) 785-34-34;+7 (909) 937-29-60;Тихорецкий бул., 1, стр. 2А, Москва;lpole.ru , lpole-arenda.ru;55.678 37.782;gas
Шины и диски;+7 (495) 505-46-44, +7 (495) 649-23-49, +7 (495) 508-61-64;+7 (965) 434-72-72;Привольная ул., 70, Москва;kupikolesa.ru;55.678 37.853;gas
Охман Авто;+7 (495) 055-15-93;+7 (910) 627-58-00, +7 (917) 565-27-97, +7 (977) 735-99-94;Привольная ул., 75, корп. 1, Москва;ohman-auto.ru;55.679 37.855;gas
Авилон автомобили с пробегом МКАД53км;+7 (495) 488-95-46, +7 (495) 154-87-58, +7 (495) 730-44-49, +7 (495) 730-54-40, +7 (495) 730-54-44, +7 (495) 730-54-45, +7 (495) 153-93-45, +7 (495) 153-93-78, +7 (495) 153-94-22;;МКАД, 53-й километр, 6, Москва;avilon-trade.ru;55.711 37.390;gas
Roof-Rack.ru, магазин багажников;+7 (495) 545-64-20, +7 (495) 545-64-14;;Сколковское ш., 31, стр. 1, Москва;roof-rack.ru;55.705 37.404;gas
Запчастивоз;+7 (499) 346-76-98;+7 (965) 433-37-82;Сколковское ш., 21, Москва;zapchastivoz.ru , запчасти-к-иномаркам.рф;55.709 37.406;gas
ННК-авто;+7 (495) 728-15-54;+7 (903) 728-15-54;Витебская ул., 9, стр. 15, Москва;nnk-auto.ru;55.711 37.410;gas
Форд Транзит Сервис;+7 (495) 117-97-70;+7 (926) 868-01-68;Рябиновая ул., 28А, стр. 1, Москва;transitmax.ru;55.693 37.416;gas
Фаворит Ситроен;+7 (495) 720-13-76;+7 (965) 167-41-19, +7 (903) 966-51-75;Рябиновая ул., 28А, стр. 3, Москва;peugeotexpert.ru , citroenexpert.ru , polomokauto.net;55.693 37.418;gas
Kupikolesa.ru, центр шин и дисков;;+7 (903) 206-47-81;Рябиновая ул., 28, стр. 11, Москва;kupikolesa.ru;55.696 37.421;gas
Мастер-Сервис, автоцентр;+7 (495) 317-13-18;;Рябиновая ул., 28, стр. 11, Москва;shina-ms.ru;55.696 37.421;gas
Mz-service;+7 (495) 201-97-19;+7 (916) 095-16-52, +7 (965) 419-40-48;Рябиновая ул., 28, стр. 1, Москва;mz-service.ru;55.693 37.422;gas
Авто-евро, торговая компания;+7 (495) 120-09-41, +7 (4842) 20-71-42, +7 (495) 215-22-10, +7 (3472) 00-09-23, +7 (4942) 77-05-64, +7 (495) 120-37-18, +7 (482) 273-42-63, +7 (495) 937-28-28, +7 (4852) 60-92-91;+7 (925) 900-28-38, +7 (903) 016-31-72;Рябиновая ул., 28, стр. 6, Москва;autoeuro.ru;55.694 37.422;gas
Профабразив;+7 (495) 308-78-08;;Верейская ул., 29А, стр. 1, Москва;profabrasiv.ru;55.712 37.424;gas
KMG Engineering;+7 (812) 317-69-51, +7 (343) 363-02-51, +7 (495) 150-85-51;;Рябиновая ул., 37, стр. 5, Москва;kmg.parts;55.704 37.426;gas
Машстройпроект, компания по продаже запчастей;+7 (495) 609-67-52;+7 (909) 940-02-38;Верейская ул., 29, стр. 32А, Москва;tractorspare.ru;55.710 37.436;gas
Ваг-Запад;;+7 (969) 347-60-80, +7 (926) 047-97-33;Очаковское ш., 12, стр. 5, Москва;vag-zapad.ru;55.695 37.453;gas
Оникс ритейл;;+7 (925) 665-93-82, +7 (916) 426-14-92;Кременчугская ул., 44А, Москва;tent77.ru , oniks-riteyl.pulscen.ru;55.711 37.457;gas
Илотана, автосервис;+7 (499) 143-28-43, +7 (499) 147-15-00;+7 (977) 929-90-23;Мосфильмовская ул., 80А, Москва;ilotana.ru;55.707 37.500;gas
Техцентр Shell;+7 (495) 120-03-66, +7 (495) 120-13-66;;Мичуринский просп., 31, корп. 7, Москва;shellautoexpress.ru;55.695 37.500;gas
Премиум Тюнинг;+7 (499) 340-80-60;;Мосфильмовская ул., 74Б, Москва;d1350.com;55.711 37.505;gas
Гримм Н, научно-производственная фирма;+7 (495) 643-60-10;;ул. Шверника, 4, стр. 1, Москва;evita.pro;55.693 37.580;gas
Автозапчасти;;+7 (925) 594-11-15, +7 (925) 574-11-15;ул. Шверника, 2, корп. 1, Москва;trendzap.ru;55.693 37.577;gas
Академический-сервис;+7 (495) 324-18-38;+7 (925) 440-19-34;просп. 60-летия Октября, 11А, стр. 9, Москва;serviceacadem.ru;55.696 37.582;gas
SV-Parts, интернет-магазин;+7 (495) 149-68-91, +7 (499) 521-11-56;;ул. Карьер, 2, стр. 10, Москва;sv-parts.ru;55.696 37.591;gas
Трейдинг Новости;+7 (495) 777-88-14, +7 (495) 580-61-26, +7 (495) 780-23-84, +7 (495) 778-88-14;+7 (963) 750-00-37, +7 (901) 578-88-14;2-й Донской пр., 10, стр. 3, Москва;us-parts.ru;55.711 37.592;gas
Автопатруль, магазин автозапчастей;;+7 (916) 142-11-91, +7 (903) 960-66-13;2-й Донской пр., 10, стр. 3, Москва;autopatrol.ru;55.711 37.592;gas
АМК-Центр;+7 (495) 745-98-84, +7 (495) 777-70-80;;2-й Донской пр., 10, стр. 2, Москва;amk-center.ru;55.711 37.593;gas
Авторусь, Volkswagen Центр Авторусь;+7 (495) 021-20-38, +7 (495) 276-08-76, +7 (495) 085-27-66, +7 (495) 023-14-89, +7 (495) 598-58-58;+7 (916) 194-50-31;ул. Орджоникидзе, 11, стр. 32, Москва;vw-avtoruss.ru , avtoruss.ru , commercial.vw-avtoruss.ru , dealer.vw-avtoruss.ru;55.706 37.594;gas
E-tape;+7 (812) 309-83-33, +7 (495) 180-45-39;+7 (967) 180-45-39;ул. Орджоникидзе, 11, стр. 1, Москва;e-tape.ru;55.709 37.595;gas
Вольтаж - Ремонт рулевых реек;+7 (495) 215-04-69;;ул. Карьер, 2А, стр. 6, Москва;astarter.ru;55.694 37.596;gas
Риджей-Авто, магазин автозапчастей;;+7 (925) 772-69-59, +7 (963) 782-30-46, +7 (969) 011-13-33;4-й Рощинский пр., 19, стр. 4, Москва;rj-auto.ru;55.706 37.613;gas
Тойотаопт, Пункт выдачи товара;+7 (495) 150-41-16, +7 (495) 150-41-12;;Духовской пер., 16, Москва;toyotaopt.ru;55.706 37.617;gas
Оригинал партс, магазин автозапчастей;+7 (495) 255-33-35;;Автозаводская ул., 22А, стр. 2, Москва;originalparts.by;55.706 37.634;gas
77Макс;+7 (495) 292-31-65;;Автозаводская ул., 23, корп. 7, Москва;77volvo.ru , 77max.ru;55.704 37.639;gas
МагмаМоторс;;+7 (906) 011-22-00;Автозаводская ул., 23, корп. 7, Москва;magmamotors-avtozavodskaja-ulitsa.clients.site;55.703 37.638;gas
Avilon автомобили с пробегом ЗИЛ;+7 (495) 477-96-02;;Автозаводская ул., 23, корп. 5, Москва;avilon-trade.ru;55.703 37.644;gas
Рестайл;;+7 (916) 650-13-13, +7 (985) 128-01-01;Автозаводская ул., 16, корп. 2, стр. 13, Москва;goo.su;55.705 37.645;gas
Автоджет, магазин топливной аппаратуры;+7 (495) 675-01-27, +7 (495) 675-48-21, +7 (495) 675-44-05;+7 (977) 643-20-59;1-й Автозаводский пр., 5, Москва;dtp-autojet.ru;55.705 37.657;gas
Авто-клаксон, магазин автозапчастей;+7 (495) 679-17-81, +7 (495) 679-02-30;;ул. Трофимова, 31, Москва;klax.ru;55.703 37.683;gas
Запчасти Volvo;+7 (692) 888-65-39, +7 (495) 517-66-45, +7 (636) 753-77-89;+7 (925) 517-66-45, +7 (925) 545-63-30;6-я Кожуховская ул., 18, корп. 2, Москва;magazinvolvo.ru;55.706 37.677;gas
Тд техмаркет, интернет-магазин автозапчастей;+7 (495) 748-16-80, +7 (499) 641-15-54;+7 (906) 774-46-66;Угрешская ул., 2, стр. 58, Москва;autotech96.ru;55.710 37.685;gas
Диалайт Групп;+7 (495) 133-10-51, +7 (495) 958-90-27, +7 (495) 958-90-69;;ул. Трофимова, 32, корп. 1, Москва;dialuch.ru;55.703 37.685;gas
Автодрайв;;+7 (926) 565-13-87, +7 (926) 565-04-13;ул. Трофимова, 35/20, Москва;avtovaz.pro;55.705 37.685;gas
ГАЗ Детали машин;+7 (495) 679-49-25, +7 (495) 679-05-46;+7 (909) 695-10-20;Южнопортовая ул., 20/35, Москва;dvigatelgazel.ru , gaz-parts.ru;55.705 37.686;gas
Parts & Oil;;+7 (925) 225-42-84;ул. Трофимова, вл36с6, Москва;parts-and-oil.ru;55.705 37.686;gas
Автозапчасти Газель;;+7 (916) 525-08-02, +7 (915) 034-05-43, +7 (916) 549-31-29;ул. Трофимова, вл36с6, Москва;автопорт33.рф;55.705 37.687;gas
Автоэмали, автомобильные краски;;+7 (900) 475-44-44, +7 (906) 247-00-00;Южнопортовая ул., 22, стр. 18, Москва;ortexcolor.ru , hostiman.ru;55.705 37.688;gas
Автокомета;+7 (495) 789-95-15;+7 (909) 657-57-07;2-й Южнопортовый пр., 8, Москва;emex.ru;55.700 37.688;gas
Avzopt;+7 (495) 114-03-43;+7 (985) 116-27-57, +7 (980) 157-50-82;2-й Южнопортовый пр., 8, Москва;kral-msk.ru;55.700 37.688;gas
Автозапчасти;;+7 (965) 399-57-41, +7 (919) 960-50-50;ул. Трофимова, вл36, Москва, Россия;9605050.ru;55.705 37.689;gas
Carwiring.ru;;+7 (999) 833-59-66, +7 (999) 963-39-47, +7 (916) 332-20-63;ул. Трофимова, вл36, Москва;carwiring.ru;55.704 37.688;gas
Крепеж колес;+7 (495) 161-67-24;;Южнопортовая ул., 22, стр. 1, Москва;pro-auto24.ru;55.706 37.689;gas
Русмаш;+7 (499) 444-05-04, +7 (496) 577-31-73, +7 (496) 577-31-62;;ул. Трофимова, вл36, Москва;rusmash.org;55.704 37.689;gas
Центр АвтоМасел;+7 (495) 101-12-35, +7 (495) 972-67-92;;Россия, Москва, Юго-Восточный административный округ, район Печатники;центравтомасел.рф , ostvin.ru , skladspk.ru;55.706 37.689;gas
Автовигор;+7 (495) 128-73-63;;Южнопортовая ул., 22, стр. 1, Москва;autovigor.ru;55.706 37.689;gas
СтройПромКапитал, центр автомасел;;+7 (901) 528-30-55;Южнопортовая ул., 22, стр. 1, Москва;центравтомасел.рф , centravtomasel.ru , ostvin.ru , skladspk.ru;55.706 37.689;gas
Автозапчасти;+7 (499) 390-08-31;+7 (926) 977-26-49, +7 (977) 133-74-73;Южнопортовая ул., 22, стр. 1, Москва;avtoreall.ru;55.706 37.689;gas
CarFashion, магазин автоаксессуаров;+7 (495) 105-66-45, +7 (495) 940-66-43;+7 (901) 183-74-80;Южнопортовая ул., 22, стр. 1, Москва;carfashion-rus.ru;55.706 37.689;gas
МоркваТим;;+7 (926) 795-52-70;Южнопортовая ул., 22, стр. 32, Москва;morkvateam.ru;55.705 37.690;gas
Автоинструмент24.рф;+7 (499) 281-62-61, +7 (495) 502-47-22, +7 (495) 502-39-00;;Южнопортовая ул., 22, стр. 1, Москва;tvka.ru;55.707 37.688;gas
Престиж;;+7 (926) 324-44-62, +7 (965) 280-67-53;ул. Трофимова, вл36, Москва;;55.705 37.688;gas
Все чехлы;+7 (495) 924-24-31, +7 (499) 110-73-27;+7 (993) 367-00-67, +7 (903) 755-18-12;Южнопортовая ул., 22, стр. 1, Москва;allcovers.ru;55.706 37.690;gas
Автохис, интернет-магазин автозапчастей;+7 (302) 170-00-10, +7 (8312) 62-11-79;;2-й Южнопортовый пр., 26А, стр. 1, Москва;avtoxis.ru;55.701 37.693;gas
Apex.ru;;+7 (926) 223-03-23;Южнопортовая ул., 22, стр. 1, Москва;apex.ru;55.706 37.690;gas
Все для шиномонтажа, магазин оборудования для автосервиса;;+7 (915) 467-30-33, +7 (915) 240-30-33, +7 (910) 493-55-23, +7 (916) 126-60-54;Южнопортовая ул., 22, стр. 1, Москва;rashodniki-up.ru;55.705 37.690;gas
Автолампаопт;+7 (495) 796-61-33;;2-й Южнопортовый пр., 14/22, Москва;avtolampaopt.ru;55.704 37.690;gas
Фостерс;+7 (495) 958-98-60, +7 (495) 958-98-01, +7 (495) 020-54-45, +7 (495) 710-28-72, +7 (487) 258-73-36;+7 (953) 180-95-69;2-й Южнопортовый пр., 14/22, Москва;фостэрс.рф , fosters.su;55.704 37.690;gas
Норд-трейд, торговая компания;+7 (495) 646-23-97, +7 (495) 647-48-63, +7 (495) 647-48-62;;Южнопортовая ул., 7, стр. 6, Москва;pointparts.ru;55.707 37.691;gas
ТД Грузовик;+7 (495) 324-05-52, +7 (495) 958-92-66, +7 (495) 324-05-82, +7 (495) 958-97-09, +7 (495) 958-92-26;;2-й Южнопортовый пр., 14/22с3, Москва;ooo-gruzovik.ru;55.704 37.691;gas
Импульс, магазин автоэлектрики;;+7 (962) 949-79-34;2-й Южнопортовый пр., 10, стр. 3, Москва;impulsvs.ru;55.699 37.692;gas
Все запчасти;+7 (495) 505-50-81;;2-й Южнопортовый пр., 20А, стр. 4, Москва;vse-zapchasty.ru;55.702 37.693;gas
Autopiston, Офис;;+7 (916) 614-11-19;2-й Южнопортовый пр., 18, стр. 1, Москва;autopiston.ru;55.703 37.694;gas
Форпик, техцентр;+7 (495) 640-64-54;;Шоссейный пр., 10, корп. 5, Москва;forpic.ru;55.707 37.710;gas
Видео-опс;;+7 (962) 960-55-88;Южнопортовая ул., 7А, стр. 14, Москва;коммерческие-запчасти.рф;55.709 37.694;gas
Фольксваген сервис;;+7 (906) 047-13-61, +7 (925) 788-03-77;3-й Угрешский пр., 8А, стр. 3, Москва;vagservice.moscow;55.711 37.695;gas
Сервис-Деталь;+7 (495) 662-37-59, +7 (495) 662-37-58, +7 (495) 518-66-30;+7 (985) 793-22-99;Южнопортовая ул., 9, стр. 13, Москва;drianavto.ru;55.707 37.695;gas
УАЗмастер, автотехцентр;+7 (495) 778-68-45, +7 (495) 778-73-19;+7 (925) 527-03-77, +7 (926) 031-44-36;3-й Угрешский пр., 8А, стр. 2, Москва;uazmaster.com;55.711 37.695;gas
Грейт Волл Стор;;+7 (916) 868-46-01;2-й Южнопортовый пр., 12Г, стр. 1, Москва;gw-store.ru;55.700 37.697;gas
Комета-ст, торговая компания;;+7 (964) 644-39-08, +7 (903) 105-90-94;2-й Южнопортовый пр., 26А, стр. 11, Москва;kometa-st.ru;55.701 37.697;gas
Техторг, склад;+7 (495) 922-38-92;+7 (985) 922-38-92, +7 (916) 685-41-29;Южнопортовая ул., 9, Москва;tehtorg.net;55.708 37.697;gas
Орбита Авто;+7 (499) 650-54-45;+7 (977) 422-70-59, +7 (903) 009-23-33;Южнопортовая ул., 15, стр. 23, Москва;orbita-auto.com;55.707 37.699;gas
Autopsa, техцентр;+7 (495) 220-44-32;+7 (915) 496-55-55;Южнопортовая ул., 15, стр. 4А, Москва;autopsa.ru;55.708 37.700;gas
Крафт-Автомир, оптовая компания;+7 (499) 650-52-10;+7 (926) 999-26-19;Южнопортовая ул., 15, стр. 1, Москва;almega.ru;55.709 37.700;gas
Сигнал;;+7 (925) 509-43-43, +7 (925) 509-42-42, +7 (925) 741-11-06, +7 (905) 509-43-43;Шоссейный пр., с4А/2, Москва;signalmotors.ru;55.707 37.709;gas
Транс Маркет Р.;+7 (495) 109-61-89, +7 (495) 109-51-36, +7 (495) 506-67-80, +7 (499) 213-01-47;+7 (925) 506-67-80;Волгоградский просп., 42, корп. 42А, Москва;furniturka.su , transmarketrus.ru , komplektadr.ru;55.704 37.724;gas
Logan-City;;+7 (959) 276-01-81;Люблинская ул., 47, Москва;logan-city.ru;55.694 37.735;gas
Автомагазин ВозьмиСвоё.ру;+7 (495) 131-28-69;+7 (995) 508-47-10;ул. Шкулёва, 9, стр. 1, Москва;vozmisvoe.ru;55.693 37.742;gas
РМ-Моторс, автотехцентр;+7 (499) 608-88-48;+7 (903) 539-82-17;Ферганская ул., 6, корп. 2, Москва;rm-motors.clients.site , rm-motors.ru;55.709 37.803;gas
DrCar.ru;+7 (495) 108-18-64, +7 (495) 108-18-62;;Ташкентская ул., 28, стр. 1, Москва;drcar.ru;55.700 37.806;gas
Алькор, автотехцентр;+7 (495) 255-33-33, +7 (495) 212-23-85, +7 (495) 972-42-06;+7 (925) 507-81-31, +7 (925) 866-50-44, +7 (925) 972-42-06, +7 (926) 216-86-83, +7 (901) 546-42-06, +7 (926) 070-04-55;Ферганская ул., 10, стр. 3, Москва;alkoravto.ru , mb140.ru , remont-mercedesov.ru;55.708 37.807;gas
Раменский деликатес, магазин;+7 (495) 984-31-98, +7 (4912) 29-30-53, +7 (4912) 51-06-56;+7 (930) 783-06-56, +7 (915) 230-53-42;Ферганская ул., 11, корп. 6, Москва;ramen.ru;55.708 37.810;gas
Ремонт рулевых реек;+7 (495) 476-50-04, +7 (495) 783-89-82;+7 (929) 648-29-69, +7 (929) 576-15-41;Рязанский просп., 105, Москва;varaosa.ru;55.710 37.832;gas
AKBauto;+7 (495) 023-10-50;;Привольная ул., 2, стр. 1, Москва;akbauto.ru;55.704 37.842;gas
Avto-Zoom;;+7 (925) 988-44-30;Привольная ул., 2, стр. 1, Москва;avto-zoom.ru;55.704 37.842;gas
Автоангар;+7 (495) 991-62-85, +7 (495) 705-17-35;+7 (985) 991-62-85;Жулебинская ул., 15, Москва;autoangar.ru;55.705 37.848;gas
Камаспецшина;+7 (495) 727-22-86;+7 (903) 721-76-97, +7 (903) 505-26-65, +7 (964) 876-59-39, +7 (903) 721-76-37, +7 (910) 404-70-74, +7 (903) 721-76-14, +7 (903) 723-69-92, +7 (903) 721-25-52, +7 (903) 721-76-80, +7 (903) 721-95-59;1-й Люберецкий пр., 2, стр. 1, Москва;4avto.ru;55.696 37.859;gas
Ника, автосервис;+7 (499) 700-05-15;+7 (939) 777-05-15, +7 (939) 777-05-14;ул. Дмитриевского, 10, Москва;nikaauto.ru;55.709 37.886;gas
Пятая передача, магазин автозапчастей;+7 (3466) 55-10-15, +7 (3512) 23-59-33, +7 (365) 614-05-05, +7 (3832) 87-62-63, +7 (8142) 28-32-84, +7 (821) 671-78-00, +7 (8332) 71-41-12, +7 (8512) 29-65-43, +7 (8612) 05-24-53, +7 (8632) 21-01-45;+7 (925) 910-59-49, +7 (902) 940-25-85, +7 (903) 401-01-45, +7 (903) 473-77-79, +7 (904) 007-82-02, +7 (904) 340-26-26, +7 (904) 344-81-04, +7 (904) 347-57-88, +7 (905) 425-00-73, +7 (906) 137-88-39;ул. Липчанского, 1, Москва;пятаяпередача.рф;55.705 37.934;gas
Турбоцентр;+7 (495) 125-29-77;+7 (926) 318-10-51;ул. Горбунова, 12, корп. 2, стр. 8, Москва;turbocentr.ru;55.726 37.381;gas
Лэндавто;+7 (495) 789-50-58;+7 (903) 589-50-58, +7 (926) 803-48-53, +7 (909) 976-10-39;ул. Горбунова, 12, корп. 2, стр. 5, Москва;remont-avtomobiley.moscow;55.727 37.382;gas
Стартерок;+7 (495) 120-10-48;+7 (916) 388-53-53;ул. Горбунова, 12, корп. 2, стр. 5, Москва;starterokru.ru;55.727 37.381;gas
Автомаркет;+7 (495) 230-02-00;;ул. Горбунова, 12, корп. 2, стр. 6, Москва;abto.market;55.726 37.382;gas
Магазин автозапчастей и автотоваров;;+7 (903) 270-99-44, +7 (925) 849-68-58;ул. Горбунова, 12, корп. 2, стр. 6, Москва;vwcrafter.ru;55.726 37.382;gas
СтройПромКапитал, центр автомасел;;+7 (901) 578-72-01;ул. Горбунова, 12, корп. 2, стр. 6, Москва;центравтомасел.рф , centravtomasel.ru , ostvin.ru , skladspk.ru;55.726 37.382;gas
Ниссан-Инфинити;+7 (495) 926-14-99;+7 (901) 542-25-92;ул. Горбунова, 12, корп. 2, стр. 6, Москва;nissan36.ru;55.726 37.382;gas
ИП Лысенко С.В;+7 (495) 502-66-29;+7 (925) 502-66-29, +7 (901) 723-20-55, +7 (925) 843-19-49;ул. Горбунова, 12, корп. 2, стр. 6, Москва;auto-ga.ru;55.726 37.382;gas
Антистрелка. ком;+7 (495) 156-22-59;;ул. Горбунова, 12, корп. 2, стр. 6, Москва;antistrelka.com;55.726 37.382;gas
77Макс;+7 (495) 449-78-52;;ул. Горбунова, 12, корп. 2, стр. 2, Москва;77volvo.ru , 77max.ru;55.727 37.382;gas
Авторесурс;;+7 (915) 400-33-44;Россия, Москва, МКАД, 55-й километр;fa-go.pro;55.718 37.383;gas
Полиуретан, торгово-производственная компания;+7 (383) 363-55-94, +7 (495) 545-49-96, +7 (495) 735-26-10;+7 (903) 549-85-90;ул. Горбунова, 8, стр. 1, Москва;polyurethan.ru;55.723 37.389;gas
Auto3.ru;+7 (499) 495-45-00;;ул. Горбунова, 8, стр. 1, Москва;auto3.ru;55.723 37.389;gas
H&r Россия;+7 (495) 780-29-35, +7 (495) 780-29-34, +7 (495) 997-80-01;;Молодогвардейская ул., 57, стр. 9, Москва;kms-tuning.org , 8bit.fm , hr-suspension.ru , kmstuning.ru;55.732 37.401;gas
Zapin.ru;+7 (495) 294-07-04;+7 (925) 570-09-84;Рябиновая ул., 3, корп. 1, Москва;zapin.ru;55.719 37.425;gas
Lr.ru;+7 (495) 649-02-02, +7 (495) 649-60-60;+7 (926) 805-80-70;Дорогобужская ул., 14, стр. 17, Москва;horsewinch.ru;55.714 37.415;gas
BBSauto;+7 (495) 446-33-10, +7 (495) 409-33-10;+7 (915) 204-38-19;ул. Маршала Неделина, 30, корп. 1, Москва;bbsauto.ru;55.726 37.418;gas
Ромашка;+7 (495) 727-40-52, +7 (495) 727-11-77;;Рябиновая ул., 14, Москва;romashka-parts.ru , romashkas.ru;55.713 37.422;gas
Ленд Ровер LR4x4;+7 (812-64) 9-00-49, +7 (495) 649-00-49;;Можайское ш., 25, стр. 2, Москва;lr4x4.ru;55.719 37.425;gas
Emex, Пункт выдачи товара;;+7 (995) 905-36-92;Верейская ул., 29, стр. 2, Москва;emex.ru;55.713 37.427;gas
Адм-сервис, автотехцентр;+7 (495) 147-03-56;+7 (916) 191-74-47, +7 (926) 286-41-49;Верейская ул., 29, стр. 2, Москва;adm-jaguar.ru , adm-cars.ru;55.713 37.427;gas
АвтоСпецСервис Кунцево;+7 (495) 120-35-55, +7 (495) 108-33-25, +7 (495) 995-30-00;;ул. Ивана Франко, 10, Москва;service-kunsevo.ru;55.728 37.449;gas
Автосервис Олимп;+7 (495) 205-12-38;+7 (925) 539-01-01;Воробьёвское ш., 2, корп. 1, Москва;olimp-sto.ru;55.731 37.539;gas
Автомакс, магазин автозапчастей;+7 (499) 766-49-38, +7 (495) 708-32-38;+7 (985) 005-11-85;ул. Доватора, 13, Москва;auto-max.ru;55.723 37.567;gas
Томоко;+7 (499) 957-87-87;;Лужнецкая наб., 2/4с30, Москва;tomoco.ru;55.713 37.571;gas
Автозапчасти;;+7 (985) 363-52-05;Трубецкая ул., 28, стр. 1, Москва;subauto.ru;55.727 37.577;gas
Альфа мотор групп, автотехцентр;+7 (495) 952-65-55, +7 (495) 120-54-55, +7 (495) 955-47-09, +7 (495) 958-45-16, +7 (495) 954-73-35, +7 (495) 954-76-12, +7 (495) 955-45-87, +7 (495) 215-11-12;;Ленинский просп., 31, корп. 5, стр. 3, Москва;toyota-amg.ru;55.712 37.592;gas
Пневмомастер;+7 (495) 565-36-68;;2-й Донской пр., 4, стр. 4, Москва;pnevmomaster.ru;55.713 37.592;gas
Автомаркет;+7 (495) 954-18-43;;ул. Шаболовка, 52, Москва;;55.713 37.606;gas
Запчасти-Мос;;+7 (926) 556-03-29;Павловская ул., вл7, Москва;zapchasti-mos.ru;55.720 37.628;gas
Даймлер клуб-2001;+7 (495) 633-80-71, +7 (495) 633-80-70;+7 (901) 790-84-00;Дубининская ул., 71, стр. 16, Москва;;55.713 37.633;gas
Элина-мп, торгово-производственная компания;+7 (499) 235-30-88, +7 (812) 974-57-45, +7 (495) 972-29-56;+7 (901) 546-29-56;Дубининская ул., 55, корп. 1, Москва;elinamp.ru;55.721 37.637;gas
Автозапчасти;+7 (495) 771-07-93, +7 (495) 231-04-23;+7 (901) 526-93-10;Жуков пр., 19, Москва;avto-globus.ru;55.723 37.642;gas
Подсолнух;;+7 (966) 304-16-70;Новоостаповская ул., 6А, стр. 1, Москва;podsolnuhh.ru;55.720 37.667;gas
Армада, торговая фирма;+7 (499) 677-50-08;;Шарикоподшипниковская ул., 4, Москва;armeks.ru;55.721 37.672;gas
Сервис Азия, автосервис по ремонту корейских автомобилей;+7 (495) 943-85-80;+7 (901) 593-85-80;1-я Дубровская ул., 13А, стр. 3, Москва;service-asia.ru;55.724 37.675;gas
Аояма моторс, официальный дилер Honda;+7 (495) 676-90-00, +7 (495) 363-43-33, +7 (495) 363-94-98, +7 (495) 241-94-27;;Волгоградский просп., 18, стр. 1, Москва;aoyama-moto.ru , powerhonda.ru , aoyama.ru;55.729 37.677;gas
Смагреста - Москва;+7 (495) 150-27-44;+7 (911) 927-19-66, +7 (921) 356-26-40;Шарикоподшипниковская ул., 13, стр. 14, Москва;smagresta.ru;55.717 37.683;gas
Zapask.ru, магазин автозапчастей;+7 (495) 938-30-56, +7 (495) 938-30-63;;Михайловский пр., 3, стр. 66, Москва;zapask.ru;55.731 37.686;gas
Carreta, интернет-магазин;+7 (499) 490-51-30;+7 (916) 452-21-98;Михайловский пр., 3, стр. 13, Москва;carreta.ru;55.730 37.686;gas
Катанет. Все для выхлопных систем;+7 (495) 924-77-37;+7 (985) 924-77-37;Волгоградский просп., 32, корп. 8, Москва;catanet.ru;55.724 37.690;gas
Акбдом.ру;;+7 (916) 712-60-61, +7 (985) 682-89-59, +7 (905) 580-67-17;Угрешская ул., 17, стр. 1, Москва;akbdom.ru;55.714 37.691;gas
Алпикул;+7 (495) 023-21-71;;Волгоградский просп., 32, корп. 10, Москва;alpicool.moscow;55.722 37.692;gas
ЛР Кинг;+7 (495) 280-00-76, +7 (495) 280-00-75;+7 (905) 580-70-93, +7 (965) 228-13-00;Волгоградский просп., 21, стр. 8, Москва;goo.gl , lrking.ru;55.727 37.693;gas
Грузавтом, торговая компания;+7 (495) 677-63-71, +7 (495) 679-25-46, +7 (495) 679-38-69, +7 (495) 679-88-62, +7 (495) 677-73-71;+7 (916) 919-76-28, +7 (985) 849-60-79, +7 (909) 984-50-35;Угрешская ул., 14, стр. 2, Москва;auto2001.ru;55.715 37.697;gas
Hq;;+7 (977) 688-45-48;Скотопрогонная ул., 35, стр. 4, Москва;hq-auto.ru;55.727 37.694;gas
Дизавтошоп;+7 (495) 150-34-37;;Автомобильный пр., 3, стр. 5, Москва;dizauto.ru;55.730 37.701;gas
Фуга, магазин автозапчастей;+7 (495) 266-60-78;+7 (985) 213-03-32;Автомобильный пр., 10, стр. 17, Москва;fugaparts.ru;55.725 37.704;gas
Ремзон;+7 (495) 649-71-62, +7 (495) 925-11-41, +7 (495) 980-23-07, +7 (495) 255-13-65, +7 (495) 646-26-64, +7 (495) 601-92-51;+7 (903) 720-62-20, +7 (985) 880-62-41, +7 (985) 880-62-43, +7 (985) 880-62-46, +7 (985) 880-62-48;Автомобильный пр., 10, стр. 14, Юго-Восточный административный округ, Нижегородский район, Москва;rem-zon.ru;55.725 37.706;gas
Деталикс;+7 (495) 651-61-84, +7 (495) 971-42-00, +7 (495) 504-39-73, +7 (495) 978-27-87, +7 (495) 728-33-25, +7 (495) 644-42-03, +7 (812) 309-13-46;+7 (915) 472-24-10, +7 (916) 204-39-73, +7 (985) 753-95-25;Автомобильный пр., 10, стр. 15, Москва;detaliks.ru , detalix.ru;55.723 37.706;gas
Про-сто;+7 (495) 532-35-30;+7 (967) 100-80-30, +7 (967) 100-40-30;Остаповский пр., 10, стр. 1, Москва;prosto77.ru;55.719 37.709;gas
Зинк;+7 (499) 754-76-76, +7 (499) 678-21-55;;Автомобильный пр., 10, стр. 5, Москва;z-ink.ru;55.725 37.709;gas
Obd2-Scan;+7 (495) 235-35-25;+7 (968) 935-10-32;Остаповский пр., 9, стр. 13, Москва;obd2-parts.ru;55.721 37.713;gas
АвтоМагистр;+7 (495) 124-84-65, +7 (495) 984-81-82;;Остаповский пр., 17, стр. 9, Москва;automagistre.ru;55.717 37.721;gas
Элит Сервис;+7 (495) 510-42-57, +7 (495) 739-97-55;+7 (985) 165-02-66;Волгоградский просп., 45А, Москва;sollogroup.ru;55.714 37.723;gas
Nissan vsem;+7 (495) 255-55-35, +7 (495) 255-25-05;+7 (926) 480-53-74;1-й Грайвороновский пр., 2А, Москва;nissan-vsem.ru;55.719 37.728;gas
Автосвита, автотехцентр;;+7 (985) 335-69-69, +7 (985) 339-69-69, +7 (965) 335-69-69, +7 (903) 775-77-05;2-й Грайвороновский пр., 4, стр. 3, Москва;avtosvita.ru;55.724 37.733;gas
Shabauto, магазин автозапчастей;+7 (499) 173-51-47, +7 (495) 722-06-67;;Волжский бул., 2/22, Москва;shop.vagzapchasti.ru , shabauto.ru , vagzapchasti.ru;55.719 37.740;gas
Катана, автомагазин;+7 (495) 741-24-17;+7 (925) 005-60-38, +7 (969) 777-65-81, +7 (920) 380-24-28;2-й Грайвороновский пр., 40, стр. 1, Москва;merinoshop.ru , katana-suzuki.ru , lab.katana-suzuki.ru;55.726 37.742;gas
Hayden Automotive;+7 (495) 008-41-57;+7 (977) 251-85-85, +7 (917) 540-80-79;2-й Грайвороновский пр., 32А, стр. 11, Москва;haydenauto.ru;55.721 37.746;gas
Боми Моторс;+7 (495) 730-48-57, +7 (499) 170-36-11;+7 (999) 800-11-55;Стахановская ул., 24/32А, Москва;;55.721 37.747;gas
Запчасти АКПП;+7 (495) 729-88-40;+7 (909) 274-32-70, +7 (909) 997-79-99, +7 (905) 569-22-21;Стахановская ул., 24/32Ас1, Москва;zzaptrans.ru;55.721 37.747;gas
ПолныйПривод.ру;+7 (495) 740-57-35;;Стахановская ул., 25, стр. 1, Москва;polnyiprivod.ru;55.719 37.753;gas
Независимость, магазин автозапчастей;+7 (499) 394-42-93, +7 (499) 171-98-50, +7 (499) 171-08-43;+7 (925) 499-20-29, +7 (910) 432-50-32;Стахановская ул., 8, стр. 2, Москва;avtozapchasty.clients.site;55.721 37.755;gas
Термотроник;+7 (495) 518-18-63;+7 (925) 518-18-63;Стахановская ул., 7, Москва;termotronik.ru;55.722 37.757;gas
Emex, магазин автозапчастей;+7 (499) 130-94-40;+7 (903) 130-94-40;Рязанский просп., 53, Москва;emex.ru;55.724 37.767;gas
Autolager, интернет-магазин запчастей;+7 (499) 399-33-05;+7 (925) 092-47-51;Зарайская ул., 21, Москва;autolager.ru;55.731 37.769;gas
Alluniparts;+7 (495) 902-60-50, +7 (495) 979-76-77;+7 (926) 350-00-00;1-й Вязовский пр., 4, стр. 16, Москва;alluniparts.ru;55.717 37.760;gas
ТД УралСервисЗапчасть;+7 (495) 568-08-44;;1-й Вязовский пр., 4, Москва;ural-servis.msk.ru;55.721 37.762;gas
Еврокардан;+7 (495) 414-39-22, +7 (499) 174-09-41, +7 (499) 171-55-65, +7 (495) 989-43-99, +7 (499) 170-12-92;+7 (905) 789-35-25;1-й Вязовский пр., 7, Москва;eurocardan.ru;55.720 37.764;gas
Дизель маркет, компания;+7 (495) 788-13-78, +7 (812) 438-40-83, +7 (812-67) 9-01-09;+7 (916) 088-28-95;2-я Институтская ул., 1/12, Москва;motoristam.ru;55.724 37.783;gas
Avto-zoom, Пункт выдачи товара;;+7 (926) 565-38-33;1-й Институтский пр., 3, стр. 9, Москва;avto-zoom.ru;55.727 37.779;gas
Autodoc.ru;;+7 (929) 963-14-32;Рязанский просп., 28, Москва;autodoc.ru;55.719 37.780;gas
Фортуна;;+7 (903) 007-91-98, +7 (925) 016-91-91, +7 (916) 572-02-82;1-й Институтский пр., 5, стр. 3, Москва;fortunaparts.ru;55.726 37.784;gas
Автозапчасти;;+7 (903) 792-07-13, +7 (915) 333-70-83, +7 (985) 888-48-20, +7 (926) 226-33-08;ул. Академика Скрябина, 4, Москва;vagparts.ru;55.716 37.796;gas
Кессборер;+7 (495) 407-07-98;+7 (925) 401-84-83, +7 (916) 222-92-26, +7 (903) 685-84-68;аллея Первой Маёвки, 15, стр. 4, Москва;kaessbohrer.moscow;55.725 37.799;gas
Иксди-моторс;+7 (495) 797-11-44;+7 (903) 797-11-44;Косинская ул., 11А, Москва;xd-motors.ru;55.714 37.837;gas
Parts Mobil;+7 (495) 142-82-78;+7 (926) 052-58-88, +7 (926) 905-37-79;МКАД, 8-й километр, вл2, Москва;partsmobil.ru;55.714 37.837;gas
Автозапчасти;+7 (495) 703-99-01;;ул. Николая Старостина, 9, Москва;urban77.space;55.731 37.854;gas
AkbMoscow, магазин автомобильных аккумуляторов;+7 (499) 955-58-91, +7 (499) 433-08-39, +7 (499) 450-79-55, +7 (499) 877-46-84, +7 (499) 877-52-67;;Большая Косинская ул., 18, стр. 1, Москва;akbmoscow.ru;55.713 37.856;gas
Steering-gear.ru;+7 (495) 177-78-02;+7 (977) 511-02-16;1-й Красковский пр., 38А, стр. 23, Москва;steering-gear.ru;55.715 37.908;gas
Иверс-авто;+7 (383) 399-02-60;;Молодогвардейская ул., 61, Москва;ivers.ru;55.734 37.391;gas
Прадо Тюнинг;+7 (495) 775-43-84, +7 (495) 127-78-68, +7 (495) 775-43-85;+7 (968) 637-18-01;Молодогвардейская ул., 58, стр. 13, Москва;camry-tuning.ru , prado-tuning.ru;55.735 37.392;gas
УзДЭУ-моторс, автосалон;+7 (495) 775-12-77, +7 (499) 450-43-35;+7 (904) 567-41-08;Молодогвардейская ул., 61, стр. 4, Москва;uzdm-motors.ru , autocenter.moscow;55.734 37.393;gas
Орион-Сервис, автосервис по ремонту легкого коммерческого транспорта;+7 (495) 132-18-00;;Молодогвардейская ул., 58, стр. 8, Москва;remzonalt.ru;55.735 37.394;gas
Свобода, станция технического обслуживания;+7 (499) 938-67-58, +7 (499) 502-55-53;;Молодогвардейская ул., 54, стр. 2, Москва;stosvoboda.ru , volvoservicesvoboda.ru;55.737 37.396;gas
Партцентр, магазин автозапчастей;+7 (499) 288-20-15, +7 (499) 144-77-56, +7 (499) 144-74-56, +7 (499) 144-69-56, +7 (499) 144-69-66;;Молодогвардейская ул., 7, Москва;rubparts.ru;55.733 37.434;gas
Строймаш;+7 (482) 256-34-77, +7 (482) 241-88-66;;Истринская ул., 8, корп. 3, Москва;sms-t.ru;55.736 37.433;gas
Akbauto, торгово-сервисная компания;+7 (495) 023-66-55;;Минская ул., 5, Москва;akbauto.ru;55.735 37.486;gas
Детали машин ГАЗ;+7 (499) 144-58-95, +7 (495) 790-10-39;+7 (903) 790-10-39;Кастанаевская ул., 38, стр. 2, Москва;azgaz.ru;55.736 37.480;gas
Музон-Авто;+7 (495) 410-93-91;;Кастанаевская ул., 16Б, Москва;muzon-auto.ru;55.739 37.494;gas
Колибри-авто;+7 (495) 120-15-00;+7 (985) 211-86-93;Кастанаевская ул., 3, Москва;colibri-auto.ru;55.740 37.498;gas
Автомагнитолы;+7 (495) 504-96-94, +7 (3952) 64-91-95, +7 (4812) 40-09-00, +7 (721) 240-04-35, +7 (721) 256-45-44, +7 (3422) 44-04-04, +7 (343) 257-04-02, +7 (343) 257-73-43, +7 (343) 346-57-58, +7 (343) 346-73-73;+7 (925) 825-07-13, +7 (902) 384-05-54, +7 (902) 857-87-95, +7 (903) 353-57-77, +7 (903) 658-87-46, +7 (903) 816-50-75, +7 (906) 239-77-44, +7 (906) 239-93-39, +7 (908) 618-55-19, +7 (909) 336-07-07;Багратионовский пр., 7, корп. 3, Москва;intro-online.ru , detaliclub.ru;55.742 37.505;gas
Юнион Моторс Бережковская;+7 (495) 648-36-74, +7 (495) 648-36-70, +7 (495) 748-70-00, +7 (495) 648-36-73;+7 (964) 571-37-41;Бережковская наб., 38, стр. 2, Москва;union-motors.ru;55.732 37.545;gas
Евразия, автосервис;+7 (495) 647-13-78, +7 (495) 795-78-44;+7 (925) 823-80-33, +7 (925) 553-88-12;Бережковская наб., 20, стр. 53, Москва;20-33.ru;55.734 37.551;gas
Партс Лист;+7 (495) 146-60-78;+7 (926) 825-47-42;Бережковская наб., 20, стр. 12, Москва;partslist.su;55.735 37.552;gas
АвтоЭквалайзер - автозапчасти, аксессуары, подарки;+7 (499) 112-06-55;+7 (926) 980-36-52;Россия, Москва, Моховая улица;auto-equalizer.ru;55.751 37.610;gas
Gates Sir;+7 (495) 933-83-71;+7 (906) 701-70-16;Космодамианская наб., 52, стр. 4, Москва;gates.ru , gatescorp.ru;55.733 37.644;gas
Пневма.ру;+7 (495) 777-40-53, +7 (495) 668-63-30;+7 (926) 235-71-51, +7 (916) 522-88-16, +7 (926) 013-41-51;Воронцовская ул., 15/10с5, Москва;pnevma77.ru;55.739 37.657;gas
Дакавто, центр авторазбора и контрактных автозапчастей;+7 (495) 231-81-64;+7 (913) 623-68-92;Михайловский пр., 4, стр. 2, Москва;дакавто.рф;55.732 37.684;gas
ТракСервис;;+7 (903) 968-30-54;ш. Энтузиастов, 2, стр. 1, Москва;etsp.ru;55.747 37.690;gas
Авто Глав Снаб;+7 (495) 509-24-67;+7 (925) 960-82-42, +7 (925) 509-28-67, +7 (925) 509-24-67;Рабочая ул., 84, стр. 6, Москва;autoglavsnab.ru , auto-glav-snab.ru;55.738 37.697;gas
АвтоДиагност;;+7 (926) 619-60-50, +7 (925) 772-51-71;Средняя Калитниковская ул., 28, стр. 3, Москва;auto-diagnost.ru , drive2.ru , remont-touareg.ru;55.732 37.696;gas
ПКВ Моторс;+7 (499) 647-76-14;;Смирновская ул., 2, стр. 1, Москва;pkw-motors.ru;55.736 37.707;gas
Лом-акб;+7 (499) 650-52-09, +7 (499) 325-36-03, +7 (499) 650-55-55;+7 (916) 073-95-95;Подъёмная ул., 14, стр. 37, Москва;kupit-akkumulyator.ru , priem-akkumulyatorov.ru , pokupka-katalizatorov.ru;55.742 37.708;gas
Валлион Vallion;+7 (495) 011-09-79;+7 (925) 731-97-99, +7 (936) 555-97-99;Нижегородская ул., 29-33с1, Москва;vallion.ru;55.734 37.710;gas
Сервис карьерных машин;+7 (495) 134-65-65, +7 (413) 262-52-52;;Нижегородская ул., 29-33с1, Москва;skm-mining.ru;55.734 37.710;gas
GM Club, сеть автосервисов;+7 (495) 128-06-21, +7 (495) 128-45-27;;пр. Завода Серп и Молот, 5, стр. 3, Москва;gmclub.ru;55.751 37.710;gas
Рекорд Сервис;;+7 (925) 060-62-57, +7 (903) 687-78-92, +7 (925) 060-62-58;пр. Завода Серп и Молот, 5, стр. 3, Москва;record-servise.ru;55.751 37.710;gas
Атланта, торговая компания;+7 (812) 318-40-26, +7 (8612) 34-35-60, +7 (383) 351-32-02, +7 (3512) 00-32-84, +7 (495) 151-84-85, +7 (8462) 11-01-70, +7 (8612) 04-02-62, +7 (3532) 50-02-30, +7 (495) 181-12-29, +7 (473) 300-38-76;+7 (938) 000-30-30, +7 (918) 670-44-42, +7 (910) 737-37-24, +7 (921) 905-73-83, +7 (978) 035-30-22, +7 (978) 111-69-92, +7 (978) 222-07-16, +7 (962) 180-14-55, +7 (962) 446-69-11, +7 (978) 222-07-15;1-я ул. Энтузиастов, 12, Москва;armada-auto.su , aet-auto.ru;55.750 37.726;gas
Грин Бокс;+7 (495) 973-69-96, +7 (495) 510-94-45, +7 (495) 772-47-62;+7 (901) 553-69-96;Авиамоторная ул., 65, стр. 1, Москва;volspec.ru;55.738 37.722;gas
Jdm Power;;+7 (985) 933-53-32, +7 (919) 102-52-17, +7 (928) 880-72-52;Авиамоторная ул., 73А, стр. 10, Москва;jdmpower.ru;55.735 37.724;gas
Запчастюга.рф;+7 (812-64) 8-59-58, +7 (499) 550-88-53, +7 (495) 532-69-86;+7 (964) 349-64-48, +7 (926) 645-86-15, +7 (965) 781-50-49, +7 (981) 796-97-85;ш. Фрезер, 36, стр. 2, Москва;запчастюга.рф;55.734 37.732;gas
ЛюксЛак;+7 (495) 222-77-16;+7 (985) 222-77-16, +7 (968) 968-98-60;Перовское ш., 9, стр. 2, Москва;luxlak.ru , luxautoparts.ru;55.735 37.739;gas
АвтоЖелезо;+7 (495) 211-75-45;+7 (985) 211-75-45, +7 (985) 713-02-92, +7 (917) 567-68-33;2-я Фрезерная ул., 14, стр. 1Б, Москва;auto-zelezo.ru;55.740 37.746;gas
Авторазбор.рф, центр;+7 (495) 660-77-37, +7 (495) 419-02-60, +7 (495) 320-07-01, +7 (495) 151-29-69;+7 (926) 662-51-55;Басовская ул., 16, стр. 1, Москва;авторазбор.рф;55.738 37.748;gas
АвтоКластер;;+7 (901) 760-48-32;Зелёный просп., 3Б, Москва;autocluster.pro;55.749 37.770;gas
Панин, автотехцентр;+7 (495) 150-32-05;;ул. Плеханова, 10А, стр. 3, Москва;paninservice.ru;55.749 37.759;gas
Yokohama, шинный центр;+7 (495) 105-92-91;;Электродная ул., 14, стр. 2, Москва;автошиныдиски.рф;55.749 37.756;gas
Ремкомплекты Халдекс;+7 (495) 763-40-51;+7 (985) 763-40-51;ул. Плеханова, 10, стр. 14, Москва;diagmoto.ru;55.750 37.761;gas
Для своих;;+7 (968) 333-25-55;ул. Плеханова, 10, стр. 5, Москва;sto-vao.ru;55.750 37.762;gas
Автокуб;+7 (495) 001-46-96, +7 (495) 727-35-64;;ул. Плеханова, 13, стр. 12, Москва;autocube.su;55.751 37.766;gas
Автоэксперт;+7 (495) 121-05-06;+7 (903) 363-78-58;Перовская ул., 21, Москва;zapparts.ru;55.747 37.768;gas
S-shina.ru;+7 (495) 225-16-15, +7 (495) 133-16-38;;Зелёный просп., 3, стр. 3, Москва;s-shina.ru;55.750 37.769;gas
Автостэлс, оптовая компания;+7 (481) 220-93-20, +7 (495) 234-90-09;+7 (910) 063-01-01, +7 (920) 660-66-69;3-й пр. Перова Поля, 8, стр. 1, Москва;sml.autostels.ru , autostels.ru;55.752 37.772;gas
БусЦентр24;+7 (499) 113-20-40;+7 (929) 666-61-61, +7 (925) 488-84-84, +7 (926) 351-33-33;3-й пр. Перова Поля, 8, стр. 1, Москва;бусцентр24.рф;55.751 37.772;gas
Автопроект;+7 (495) 306-69-40, +7 (495) 368-97-67;;Зелёный просп., 6, корп. 1, Москва;fordikshop.ru;55.749 37.775;gas
Евро-глобус, автотехцентр;+7 (495) 476-46-51, +7 (495) 240-57-56;+7 (903) 505-55-08;Кусковская ул., 20А, корп. Г, Москва;remont-renault.ru;55.740 37.785;gas
Маджерик Текнолоджис, научно-производственная компания;+7 (495) 240-58-99, +7 (495) 137-97-10;+7 (925) 027-03-15;Кусковская ул., 20А, корп. В, Москва;mageritec.com;55.741 37.785;gas
Эксис;+7 (495) 644-00-00, +7 (495) 644-00-01;;Кусковская ул., 20А, Москва;acperovo.ru;55.740 37.782;gas
Мотор Порт;+7 (495) 150-40-19;+7 (929) 670-37-17, +7 (985) 034-02-14;Кусковская ул., 18, Москва;motor-port.ru;55.739 37.783;gas
АвтоПРИЗ;;+7 (977) 596-69-30, +7 (916) 685-99-17, +7 (903) 613-84-32, +7 (977) 494-43-94;Кусковская ул., 20А, Москва;shop.avtopriz.ru , avtopriz.ru;55.740 37.783;gas
4cars, автомагазин;;+7 (916) 194-64-63;ул. Новотетёрки, 1, Москва;4cars.pro;55.741 37.793;gas
Дар-авто, магазин автозапчастей;+7 (495) 664-90-00, +7 (495) 645-77-54;+7 (968) 791-61-02;Полимерная ул., 4А, Москва;dar-auto.ru , apartc.ru;55.746 37.797;gas
Авто-альянс, Гипермаркет автозапчастей;+7 (495) 777-41-42, +7 (495) 664-23-36;;Кетчерская ул., 2А, стр. 4, Москва;autoopt.ru;55.741 37.819;gas
Сепар 2000;+7 (499) 503-11-21, +7 (495) 720-99-06;+7 (903) 720-99-06;Кетчерская ул., 12, Москва;separ-2000.narod.ru;55.744 37.831;gas
Xcmg запчасти;;+7 (924) 672-96-59;Кетчерская ул., 13, Москва;xcmg-qy25k5.ru;55.746 37.837;gas
Автотатик;+7 (495) 225-28-22;;Кетчерская ул., 13, Москва;tatra-avto.com;55.746 37.838;gas
4x4shop.ru;+7 (495) 507-45-33, +7 (495) 507-76-86, +7 (495) 500-98-17, +7 (495) 507-47-75;+7 (925) 500-98-17;Кетчерская ул., 13, стр. 1, Москва;4x4shop.ru;55.747 37.838;gas
Радиатор, торговый дом;+7 (495) 726-59-38, +7 (495) 726-59-55, +7 (342) 294-09-71, +7 (495) 726-59-06, +7 (492) 436-41-62, +7 (341) 290-11-40, +7 (495) 149-58-88;+7 (916) 844-71-62;Кетчерская ул., 13, стр. 2, Москва;tdradiator.ru;55.747 37.838;gas
RsT-zap;+7 (495) 772-61-00;+7 (926) 393-02-00;Кетчерская ул., 13, стр. 1, Москва;4x4service.ru;55.747 37.838;gas
Аврора, магазин автозапчастей;+7 (495) 134-57-11, +7 (495) 134-27-44;+7 (925) 914-30-09, +7 (925) 382-00-37, +7 (929) 902-94-99, +7 (926) 172-08-53, +7 (926) 723-01-49;Кетчерская ул., 13, стр. 1, Москва;aurora-parts.ru;55.747 37.839;gas
DoctorCar, техцентр;+7 (495) 108-44-03, +7 (495) 177-91-39;;Салтыковская ул., 53, Москва;doctorcar.moscow;55.746 37.883;gas
БалтАвтоТрейд-М, дилерский центр;+7 (499) 688-96-65, +7 (495) 393-96-96, +7 (495) 777-77-33, +7 (495) 646-88-00, +7 (495) 127-91-34, +7 (495) 266-57-48, +7 (495) 308-02-28;;Рублёвское ш., 64, корп. 2, Москва;bmw-rublevka.com , bmw-baltauto.ru;55.769 37.378;gas
BoxNation, магазин автобоксов;+7 (495) 162-88-66;;Рублёвское ш., 68А, стр. 2, Москва;boxnation.ru;55.767 37.384;gas
Детали машин ГАЗ;+7 (4967) 35-05-25;;Осенняя ул., 23, Москва;azgaz.ru;55.767 37.404;gas
Apr Russia;+7 (343) 302-26-90, +7 (384) 267-16-10, +7 (701) 748-94-98, +7 (863) 305-05-45, +7 (473) 228-54-64, +7 (495) 506-87-98;+7 (999) 652-62-68, +7 (903) 884-61-82, +7 (905) 345-63-21, +7 (912) 299-00-08, +7 (987) 224-59-19, +7 (961) 056-90-32, +7 (960) 733-43-93, +7 (930) 833-03-63, +7 (924) 544-77-99, +7 (903) 479-77-47;Осенняя ул., 23, Москва;goapr.su , aprrussia.ru;55.767 37.404;gas
Гбо-маг;+7 (495) 532-01-11, +7 (495) 103-98-30, +7 (495) 103-98-52;+7 (926) 133-44-42, +7 (925) 200-70-70, +7 (930) 892-43-62, +7 (929) 519-72-77;3-й Силикатный пр., 6, корп. 1, Москва;gbo-mag.ru , garant-gaz.ru;55.770 37.500;gas
Вольво Техник;;+7 (925) 289-37-59;1-й Силикатный пр., 25, стр. 1, Москва;volvotechnic.ru;55.771 37.509;gas
Панавто Сити – официальный дилер Mercedes-Benz;+7 (495) 739-79-93, +7 (495) 730-77-00, +7 (495) 790-77-77, +7 (495) 172-48-58;;1-й Магистральный тупик, вл. 9, Москва;mercedes-panavto.ru , sales.mercedes-panavto.ru;55.766 37.524;gas
Ниссанко;+7 (495) 979-29-84, +7 (495) 748-87-09;;2-я Магистральная ул., 18А, стр. 3, Москва;nissanco.ru;55.763 37.525;gas
Детали АКПП;+7 (495) 481-03-15;+7 (985) 343-53-53;2-я Магистральная ул., 14Г, стр. 1, Москва;akpp-detali.ru;55.764 37.527;gas
Mix-parts. su;;+7 (985) 443-39-58, +7 (977) 980-97-87;Шмитовский пр., 34, стр. 2, Москва;mix-parts.su;55.757 37.528;gas
Сферапартс;+7 (495) 220-46-20;+7 (985) 220-46-20;1-й Магистральный тупик, 5, стр. 11, Москва;sferaparts.ru;55.765 37.530;gas
Фаркоп.рф фаркоп установка продажа;+7 (495) 545-56-71, +7 (495) 545-56-72, +7 (495) 669-36-93, +7 (495) 669-38-36, +7 (495) 669-36-19, +7 (495) 669-36-64;;ул. Ермакова Роща, 7А, стр. 1, Москва;фаркоп.рф;55.759 37.531;gas
Запчасти на Автоматические трансмиссии Atok;+7 (495) 795-99-74, +7 (499) 455-99-62;;2-я Магистральная ул., 14А, стр. 5, Москва;atoc.ru;55.764 37.531;gas
РСА-Сити;+7 (495) 777-21-67;;2-я Магистральная ул., 10, стр. 1, Москва;rsa-city.ru;55.764 37.532;gas
Avt group, магазин;+7 (495) 609-43-34, +7 (499) 259-26-34;+7 (906) 913-89-93;Звенигородское ш., 28, стр. 33, Москва;avtgr.ru;55.767 37.541;gas
Аврора Интерпром, компания;+7 (495) 108-05-86;;2-я Звенигородская ул., 13, стр. 42, Москва;auroraglobal.ru;55.761 37.552;gas
Prosport.ru;+7 (495) 215-23-23;+7 (909) 907-18-66;2-я Звенигородская ул., 13, стр. 22, Москва;pro-sport.ru;55.762 37.552;gas
Airbag-сервис, торговая компания;+7 (499) 259-44-30, +7 (499) 253-14-66;+7 (962) 992-57-74;2-я Звенигородская ул., 13, стр. 19, Москва;uvk-1.ru;55.763 37.552;gas
Автопапирус;+7 (499) 677-51-59;;Газетный пер., 9, стр. 2, Москва;autopapyrus.ru;55.758 37.609;gas
Камцентр;+7 (8552) 37-23-36, +7 (495) 781-35-37, +7 (8552) 37-41-69, +7 (495) 663-68-00;+7 (929) 906-62-72, +7 (929) 906-61-10, +7 (929) 906-59-39, +7 (926) 901-63-86, +7 (929) 906-59-69, +7 (929) 906-59-77;Россия, Москва, Красная площадь;kamazik.ru;55.753 37.623;gas
ТехСтройКомплектация;+7 (499) 408-25-20;+7 (916) 450-07-55;Москва, Красная площадь;t-s-c.org;55.753 37.623;gas
Re. Parts;+7 (3912) 18-10-20;;Россия, Москва, Красная площадь;;55.753 37.623;gas
СДМ Москва;+7 (343) 682-00-18, +7 (804) 333-55-35, +7 (345) 251-89-49, +7 (343) 381-99-99;+7 (922) 764-99-99, +7 (922) 607-86-80, +7 (929) 219-33-01, +7 (922) 199-71-35;Россия, Москва, Красная площадь;msk.usdm.ru , usdm.ru;55.753 37.623;gas
Олимп;;+7 (905) 576-16-16;Россия, Москва, Красная площадь;olimp-kzn.ru , msk.olimp-kzn.ru;55.753 37.623;gas
Ремком;;+7 (916) 670-76-59;Россия, Москва, Красная площадь;remkom-auto.ru;55.753 37.623;gas
Спецмаш МСК;+7 (495) 150-57-51;+7 (903) 729-97-18;Россия, Москва, Красная площадь;tksmash.ru;55.753 37.623;gas
Интернет-магазин запчастей для спецтехники, масел, смазок;+7 (529) 057-80-00, +7 (495) 989-10-76;+7 (925) 090-81-17, +7 (925) 090-81-13, +7 (965) 119-72-00;Россия, Москва, Красная площадь;spectehnika-asdm.ru;55.753 37.623;gas
Нико;+7 (8552) 25-15-15, +7 (8552) 25-15-25, +7 (311) 860-12-50, +7 (8552) 40-92-88;+7 (906) 121-33-33, +7 (927) 495-33-75, +7 (917) 299-55-99, +7 (917) 290-43-89, +7 (903) 350-67-77, +7 (909) 311-15-73;Россия, Москва;москва.нико.рф;55.753 37.623;gas
Спецмашурал-МСК;+7 (208) 260-02-20, +7 (306) 300-00-03, +7 (125) 202-03-07, +7 (112) 326-00-00, +7 (312) 300-40-00, +7 (512) 451-12-63, +7 (560) 051-23-01, +7 (125) 202-03-01, +7 (112) 281-00-03, +7 (112) 281-00-06;+7 (906) 063-85-35;Лихачёвский пр., 8, Долгопрудный;спецмашуралмск.рф , mskspetsmashural.ru;55.753 37.623;gas
Autodoc.ru;;+7 (926) 800-08-77;Певческий пер., 1/2с2Б, Москва;autodoc.ru;55.752 37.643;gas
Forklifts24;+7 (495) 150-65-54;;Костомаровский пер., 3, стр. 4, Москва;forklifts24.ru;55.752 37.667;gas
ЛР-Хоум;+7 (495) 517-88-38;;Нижняя Сыромятническая ул., 11, корп. 54, Москва;lr-home.ru;55.753 37.672;gas
Dled99;+7 (499) 677-61-18, +7 (343) 328-11-69;+7 (925) 533-60-03, +7 (904) 542-48-19, +7 (908) 911-66-15, +7 (922) 188-11-69;Волочаевская ул., 12А, стр. 1А, Москва;dled.ru , dled99.ru , dled.pro;55.756 37.681;gas
Детали машин ГАЗ;+7 (495) 556-91-14;;Энергетическая ул., 7, Москва;azgaz.ru;55.758 37.713;gas
Мерц Сервис;+7 (495) 506-70-88;;Юрьевский пер., 15, Москва;merc-service.ru , merc-s.ru;55.765 37.718;gas
Авторусь, Volkswagen Центр Измайлово;+7 (495) 104-30-83, +7 (495) 106-27-76;;ш. Энтузиастов, 27А, стр. 1, Москва;vw-avtoruss.ru , avtoruss.ru , commercial.vw-avtoruss.ru;55.756 37.739;gas
Кармонд - штатные магнитолы на Android;+7 (495) 142-78-70;+7 (977) 914-33-47;просп. Будённого, 53, Москва;carmond.ru;55.758 37.740;gas
InSafe;+7 (495) 108-47-70, +7 (495) 021-66-41, +7 (495) 135-35-99;;Электродная ул., 2, стр. 19, Москва;insafe.ru;55.754 37.748;gas
Триал-Авто, компания;+7 (499) 460-55-98;+7 (925) 427-14-24;ш. Энтузиастов, 31, стр. 19, Москва;trial-razbor.ru , trial-avto.ru;55.763 37.749;gas
МайПартс;+7 (495) 708-48-39;;ш. Энтузиастов, 31, Москва;myparts.ru;55.759 37.750;gas
АвтоСистемы, магазин автозапчастей;+7 (495) 151-86-26;+7 (929) 509-71-81, +7 (915) 275-27-85, +7 (906) 696-13-08;Электродная ул., 2, стр. 3, Москва;pcts-auto.ru;55.756 37.750;gas
Автомобильные генераторы и стартеры, сеть техцентров;+7 (495) 713-76-46, +7 (495) 771-06-06, +7 (495) 721-17-42, +7 (495) 221-12-13;+7 (985) 305-44-15, +7 (967) 039-07-20, +7 (925) 509-30-43, +7 (977) 810-56-00, +7 (925) 771-06-06, +7 (926) 643-01-79, +7 (903) 796-20-13, +7 (926) 164-19-34, +7 (925) 836-33-50, +7 (921) 997-43-04;Электродная ул., 2, стр. 3, Москва;eksin-retail.ru , eksin.ru , exsin.ru;55.756 37.751;gas
Авто-евро, торговая компания;+7 (8432) 16-16-84, +7 (8552) 91-30-04, +7 (862) 555-26-57;;Электродная ул., 5, Москва;autoeuro.ru;55.754 37.754;gas
Академия плюс, интернет-магазин;+7 (495) 150-14-52, +7 (495) 150-31-00;;ш. Энтузиастов, 54, Москва;autozap.ru;55.760 37.761;gas
Интернет-магазин Shinydiski.com;+7 (499) 136-22-15;;Электродная ул., 11, стр. 19, Москва;shinydiski.com;55.752 37.760;gas
Форвард партс, интернет-магазин;+7 (495) 723-63-30;+7 (903) 723-63-30;2-й пр. Перова Поля, 2, Москва;fdparts.ru;55.754 37.769;gas
Сальник-рейки.рф;+7 (213) 676-18-22;+7 (925) 300-20-25, +7 (925) 101-00-13;ш. Энтузиастов, 56, Москва;сальник-рейки.рф;55.761 37.768;gas
Легион-запчасти;;+7 (926) 130-77-48, +7 (926) 130-76-79, +7 (926) 626-03-60;1-й пр. Перова Поля, 3, стр. 6, Москва;avito.ru , timur-timoshenkov.narod2.ru;55.752 37.770;gas
Азиямобиль;+7 (812) 671-04-94, +7 (495) 784-24-04, +7 (701) 774-18-33, +7 (897) 571-58-17, +7 (503) 036-44-49, +7 (777) 810-88-55, +7 (846) 276-40-99;+7 (902) 488-53-57, +7 (900) 566-07-72, +7 (903) 540-58-98, +7 (903) 576-12-84, +7 (905) 338-96-75, +7 (905) 393-95-83, +7 (910) 107-17-43, +7 (914) 876-83-61, +7 (916) 150-00-26, +7 (916) 188-72-05;3-й пр. Перова Поля, 4А, Москва;asiamobil.ru , eco-group.ru;55.753 37.771;gas
Смарт-Дистрибуция;;+7 (909) 354-98-17, +7 (906) 390-24-87;1-я Владимирская ул., 12А, Москва;smart-d.ru;55.757 37.773;gas
Autodoc.ru, магазин автотоваров и запчастей;;+7 (926) 106-11-70;ш. Энтузиастов, 60, корп. 1, Москва;autodoc.ru;55.762 37.775;gas
МаслаБочка;;+7 (985) 205-41-42, +7 (916) 868-54-05;ул. Металлургов, 60, корп. 1, Москва;bazamasel.ru;55.760 37.808;gas
Доктор Бенц ремонт Мерседес;+7 (499) 781-03-76, +7 (495) 984-30-04, +7 (495) 972-21-22, +7 (495) 755-30-87, +7 (495) 724-02-70;;Свободный просп., 1Б, Москва;drbenz.ru;55.769 37.822;gas
Автогарант;;+7 (977) 682-91-35, +7 (916) 592-37-23;ул. Молостовых, 10Г, Москва;;55.757 37.831;gas
M-zap.ru;+7 (495) 120-20-24;;ул. Сталеваров, 14, корп. 3, Москва;m-zap.ru;55.757 37.839;gas
НЗ-Партс;;+7 (916) 486-53-09, +7 (995) 783-65-00, +7 (916) 171-17-54, +7 (995) 793-65-00, +7 (995) 655-29-50;Россия, Москва, Северо-Западный административный округ, район Строгино, Проектируемый проезд № 6015;nz-parts.ru;55.791 37.382;gas
Бестбавария;+7 (495) 773-55-29, +7 (495) 226-13-47;+7 (985) 773-55-29, +7 (985) 226-13-47;ул. Маршала Прошлякова, 20, стр. 1, Москва;;55.791 37.382;gas
REM.RU, интернет-магазин;+7 (495) 025-03-03;;ул. Маршала Прошлякова, 13, стр. 3, Москва;rem.ru;55.788 37.389;gas
ОптТорг, компания;+7 (495) 409-28-52, +7 (499) 450-38-47;;ул. Маршала Прошлякова, 4, Москва;optsil.ru;55.789 37.398;gas
Апельсин;+7 (499) 229-29-00, +7 (499) 229-99-90, +7 (499) 229-99-29;+7 (977) 267-07-22;ул. Маршала Прошлякова, 2, стр. 3, Москва;razborange.ru;55.790 37.399;gas
ПартЭкспресс - Partexpress.ru;;+7 (967) 044-50-50, +7 (985) 999-59-62;наб. Новикова-Прибоя, 6, корп. 4, Москва;partexpress.ru;55.783 37.451;gas
Новатор, технический центр;+7 (495) 995-96-60, +7 (495) 741-67-11;+7 (909) 677-11-66;ул. Берзарина, 34, стр. 34, Москва;novator1.ru;55.791 37.469;gas
Apex.ru;+7 (499) 444-03-69;+7 (999) 599-20-22;ул. Народного Ополчения, 21, корп. 1, Москва;apex.ru;55.778 37.478;gas
Академия плюс, интернет-магазин;+7 (495) 374-62-28;;ул. Народного Ополчения, 21, корп. 1, Москва;autozap.ru;55.778 37.478;gas
Водолей;+7 (301) 632-22-30;+7 (925) 040-13-13, +7 (910) 450-40-15, +7 (916) 123-21-13;ул. Берзарина, 17, корп. 2, Москва;mmc-mmc.ru;55.787 37.479;gas
Автозапчасти;+7 (499) 490-01-43;;ул. Мнёвники, 25, Москва;zipfc.ru;55.774 37.480;gas
Автограф;+7 (499) 191-48-88, +7 (499) 191-74-52, +7 (499) 191-80-36;;просп. Маршала Жукова, 26, Москва;autograf.ru;55.776 37.481;gas
Кэмп 103;+7 (499) 400-43-78, +7 (495) 926-22-21, +7 (499) 191-78-60, +7 (495) 926-22-22, +7 (499) 400-43-79, +7 (4967) 55-54-58, +7 (4967) 55-54-48, +7 (4967) 55-52-22, +7 (4967) 55-54-59, +7 (499) 192-76-74;+7 (926) 140-78-49, +7 (926) 140-78-79, +7 (925) 102-21-03, +7 (925) 100-41-03;ул. Мнёвники, 16, Москва;kemp103.ru;55.774 37.483;gas
Shifter, магазин автозапчастей для иномарок;+7 (495) 984-46-23;+7 (916) 572-79-55;ул. Народного Ополчения, 34, стр. 3, Москва;shifter.ru;55.786 37.485;gas
Иварт Авто;+7 (499) 460-42-06, +7 (499) 226-28-26, +7 (499) 322-28-54, +7 (499) 322-29-14, +7 (499) 444-25-29, +7 (499) 444-28-87, +7 (499) 460-07-06, +7 (812) 565-14-56, +7 (812) 565-16-65, +7 (812) 603-49-96;;ул. Маршала Малиновского, 6, корп. 1, Москва;ivartauto.ru;55.791 37.494;gas
Уралсервисзапчасть, Склад;+7 (812) 210-05-09, +7 (495) 967-92-00, +7 (351) 328-96-99, +7 (320) 230-20-07, +7 (557) 240-20-07, +7 (320) 240-20-07, +7 (351) 729-90-99, +7 (833) 220-95-96;+7 (912) 082-51-54, +7 (912) 319-90-99;ул. Мнёвники, 6, Москва;ural-servis.ru;55.774 37.498;gas
Лана Авто, автосервис;+7 (499) 192-88-64, +7 (499) 501-11-10, +7 (499) 192-88-63;+7 (916) 500-15-45;3-я Хорошёвская ул., 12Б, Москва;lana-avto.ru;55.788 37.499;gas
Автосервис, автотехцентр;+7 (495) 961-08-48, +7 (495) 506-90-98, +7 (495) 741-94-83;+7 (925) 506-90-98, +7 (967) 199-14-21;2-й Силикатный пр., 34, стр. 1, Москва;mercedesoff.ru , remont-sprinter.ru , autokarat.ru;55.773 37.500;gas
Квант-Авто АТЦ;+7 (495) 589-78-35, +7 (495) 979-93-10;+7 (917) 538-79-17, +7 (925) 589-78-35;ул. Мнёвники, 1, стр. 11, Москва;kvantavto.ru;55.774 37.504;gas
Фильтр;+7 (3022) 92-70-00, +7 (499) 550-22-75, +7 (495) 223-44-33, +7 (3822) 60-92-08, +7 (495) 235-11-11, +7 (499) 550-33-24;;ул. Зорге, 5А, Москва;stofilter.ru;55.780 37.510;gas
Автозапчасти;+7 (495) 727-18-31, +7 (495) 223-49-62;+7 (925) 347-66-01, +7 (917) 562-47-79;Хорошёвское ш., 39Б, стр. 1, Москва;;55.777 37.514;gas
Ховер авто, магазин автозапчастей;+7 (495) 120-33-80, +7 (499) 110-33-80, +7 (495) 110-33-80;+7 (977) 914-23-10, +7 (910) 829-94-50, +7 (915) 993-02-81, +7 (910) 829-45-25;Хорошёвское ш., 39, стр. 1А, Москва;hoveravto.ru , ховеравто.рф;55.777 37.514;gas
Ленд Ровер Север, автосервис;+7 (495) 973-72-07;+7 (909) 973-72-07;4-я Магистральная ул., 7, стр. 11, Москва;lr-yug.ru , landroversever.ru;55.774 37.519;gas
Адс-авто, торговая компания;+7 (495) 726-60-67, +7 (495) 743-35-02;;2-й Хорошёвский пр., 7, стр. 1, Москва;automotive-c.ru;55.772 37.532;gas
Амл;;+7 (999) 988-91-11;3-й Хорошёвский пр., 5, стр. 1, Москва;aml24.ru;55.773 37.537;gas
Запчасти к двигателям Cummins;+7 (8552) 92-70-01;+7 (960) 037-84-11;Скаковая ул., 17, Москва;avtoalfa.com , parts.cummins.com , cummins16.ru;55.778 37.574;gas
RCS;+7 (495) 215-05-78;;3-я ул. Ямского Поля, 2, корп. 13, Москва;rcsbrand.ru;55.782 37.582;gas
Корейский Внедорожник;+7 (499) 973-30-16;+7 (901) 553-99-25, +7 (901) 553-99-26;Новослободская ул., 67/69, Москва;koreacars.ru;55.789 37.591;gas
Автозапчасти;;+7 (967) 044-44-99, +7 (999) 927-07-80;Лесная ул., 61, стр. 4, Москва;multi-drive.ru;55.783 37.594;gas
Автосервис, автотехцентр;+7 (499) 110-23-08;+7 (926) 853-45-62, +7 (917) 514-54-27;2-я Рыбинская ул., 12А, Москва;nissan-centr.ru;55.790 37.658;gas
Xenon-led.ru;+7 (499) 649-94-55;;ул. Лобачика, 11, Москва;xenon-led.ru;55.789 37.663;gas
Интердеталь;+7 (495) 797-20-65, +7 (495) 651-95-04, +7 (495) 651-95-05;+7 (903) 736-58-53;ул. Шумкина, 14, Москва;interdetal.ru;55.789 37.667;gas
Все для Opel, магазин автозапчастей;+7 (495) 480-00-84;;ул. Жебрунова, 4, Москва;vdopel.ru;55.785 37.679;gas
Autodoc.ru, магазин автотоваров и запчастей;+7 (495) 198-08-41;;Большая Почтовая ул., 1/33, Москва;autodoc.ru;55.774 37.688;gas
Автозапчасти;+7 (495) 739-55-15, +7 (495) 739-55-14, +7 (499) 268-66-18, +7 (499) 268-99-29;;ул. Гастелло, вл37, Москва;gremparts.ru , auto-grem.ru;55.784 37.689;gas
Пункт выдачи товара;+7 (499) 641-00-99, +7 (499) 641-00-92, +7 (495) 190-01-77, +7 (499) 641-00-33, +7 (499) 641-33-00, +7 (101) 213-14-15;+7 (915) 119-50-70, +7 (978) 020-38-55, +7 (915) 415-78-49, +7 (916) 202-93-21, +7 (977) 570-76-81, +7 (910) 465-38-50;ул. Матросская Тишина, 1А, стр. 2, Москва;8shin.ru;55.783 37.691;gas
Агрегат Моторс;+7 (495) 136-60-37;+7 (977) 504-00-34, +7 (985) 363-68-44;ул. Матросская Тишина, 1А, стр. 2, Москва;agregatmotors.ru;55.783 37.692;gas
Udm;+7 (495) 211-19-10;+7 (916) 196-09-15;Переведеновский пер., 21, стр. 6, Москва;ultimatedm.ru;55.781 37.692;gas
Ультра-моторс, магазин автозапчастей;+7 (495) 613-38-57, +7 (495) 518-22-23, +7 (495) 612-65-41, +7 (499) 763-36-41, +7 (499) 763-36-40, +7 (495) 644-76-05, +7 (495) 766-11-12;+7 (985) 766-11-12, +7 (926) 752-99-75;Бакунинская ул., 94, стр. 1, Москва;ultramotors.ru;55.780 37.693;gas
Миксмотор;+7 (495) 150-07-69;;Большая Почтовая ул., 36, стр. 11, Москва;mixmotor.ru;55.781 37.700;gas
Автозапчасти Форд;+7 (495) 973-36-73, +7 (495) 913-25-95;;Рубцовская наб., 3, стр. 3, Москва;euroford.ru;55.778 37.702;gas
Атон;+7 (495) 742-05-13, +7 (495) 742-77-58, +7 (495) 742-77-26;;Семёновская наб., 3/1к5, Москва;atonauto.ru;55.779 37.705;gas
Autocomp.ru, интернет-магазин;+7 (495) 255-04-60;;Мажоров пер., 14, стр. 1, Москва;autocomp.ru;55.784 37.713;gas
Все для Мерседес;+7 (569) 331-75-89, +7 (551) 101-24-92, +7 (234) 302-16-11, +7 (234) 292-16-11, +7 (569) 331-76-09, +7 (551) 101-24-91;+7 (985) 999-31-11, +7 (985) 115-10-10;Большая Семёновская ул., 40, Москва;magazinmercedes.ru;55.780 37.712;gas
Акадиа;+7 (495) 737-63-93, +7 (495) 775-77-44;;Большая Семёновская ул., 43, Москва;akadia.ru;55.782 37.713;gas
Быстрый Сервис Семеновская;+7 (495) 156-31-40, +7 (495) 320-35-67, +7 (495) 023-91-05, +7 (495) 023-60-04, +7 (495) 021-50-71;;Большая Семёновская ул., 42, стр. 22, Москва;авто.быстрыйсервис.москва , bistriy-service.com;55.779 37.715;gas
FAVORIT MOTORS, Сервисный центр FAVORIT MOTORS Восток;+7 (495) 153-45-03, +7 (495) 191-27-79, +7 (495) 126-75-58, +7 (495) 844-91-04, +7 (495) 744-11-38, +7 (495) 786-25-25;;Большая Семёновская ул., 42, стр. 4, Москва;opel-favorit-motors.ru , cadillac-favorit.ru , skoda-favorit.ru , favorit-motors.ru , opel-favorit.ru;55.779 37.715;gas
RESavto.ru;+7 (495) 603-57-59;+7 (916) 098-79-51;Вольная ул., 2/15, Москва;resavto.ru;55.776 37.724;gas
Автопартс;+7 (495) 532-62-73, +7 (495) 740-23-77;+7 (925) 740-23-77;Лечебная ул., 5, Москва;avkorea.ru;55.790 37.735;gas
Детали моторов;+7 (499) 165-59-10, +7 (495) 505-38-70;+7 (929) 931-12-53, +7 (925) 505-38-70;1-я ул. Измайловского Зверинца, 19А, стр. 11, Москва;motorteile.ru;55.778 37.746;gas
Vitashina;+7 (495) 749-05-31, +7 (495) 792-06-06, +7 (495) 726-33-38, +7 (495) 749-05-81, +7 (495) 223-27-94;+7 (903) 726-33-38, +7 (903) 549-05-31;Кирпичная ул., 41, стр. 7, Москва;vitashina.ru;55.780 37.737;gas
Автосервис Серенити;+7 (495) 143-06-13;+7 (960) 575-21-61, +7 (999) 919-60-37, +7 (977) 728-50-01;1-я ул. Измайловского Зверинца, 19А, стр. 11, Москва;автомойка-серенити.рф , serenity-autoservice.ru;55.778 37.746;gas
Стартеры и генераторы;+7 (8632) 20-21-30, +7 (495) 532-30-15, +7 (4942) 35-20-31, +7 (495) 410-75-74, +7 (8632) 20-21-22, +7 (4942) 35-03-41;;1-я ул. Измайловского Зверинца, 19А, стр. 7, Москва;starter99.ru , ctaptep.ru;55.778 37.746;gas
Vollux, автотехцентр;+7 (499) 688-79-68, +7 (495) 476-40-66;;1-я ул. Измайловского Зверинца, 8, Москва;vollux.ru;55.775 37.746;gas
Автодеталь;+7 (495) 545-84-22, +7 (495) 761-40-80, +7 (499) 165-57-05;+7 (985) 343-73-15, +7 (916) 960-56-04, +7 (985) 123-50-37;Первомайская ул., 4, Москва;detailcars.ru;55.790 37.771;gas
Запчасти и шины;;+7 (925) 225-45-90, +7 (967) 027-69-10;Нижняя Первомайская ул., 46, Москва;black-round.ru;55.791 37.809;gas
Китпартс;+7 (495) 722-58-32, +7 (495) 105-90-55, +7 (495) 707-04-20;+7 (903) 723-22-57, +7 (985) 294-40-83, +7 (968) 916-80-92;ш. Энтузиастов, 55, Москва;kitparts.ru;55.774 37.827;gas
AutoShopParts;+7 (499) 394-36-30;+7 (925) 063-66-65;ш. Энтузиастов, 55, Москва;autoshopparts.ru;55.774 37.828;gas
Корн Авто;+7 (499) 968-99-70, +7 (495) 642-07-81;;Магнитогорская ул., 27, стр. 1А, Москва;kornauto.ru;55.776 37.835;gas
Мичмоторс;+7 (495) 641-79-97;+7 (967) 214-35-14;Малый Купавенский пр., 12, стр. 1, Москва;bmw-razbor.ru , michmotors.ru;55.782 37.840;gas
Техцентр Северо-Западный, автосервис;+7 (495) 933-27-31;+7 (905) 714-09-56;ул. Твардовского, 4, Москва;stroginoavto.ru;55.798 37.385;gas
Старкат, автосервис;+7 (495) 757-03-81;+7 (967) 214-17-17;ул. Кулакова, 26, Москва;;55.801 37.389;gas
МСервис-5;+7 (495) 772-36-20;+7 (919) 776-69-82, +7 (925) 772-36-20;МКАД, 65-й километр, внешняя сторона, 1, стр. 60, Москва;mservice5.ru , m-servise-5.ru;55.808 37.387;gas
Автомагазин Затормози77.ру - Тормозные колодки и диски в наличии!;+7 (495) 133-90-47;+7 (985) 858-15-87;ул. Маршала Прошлякова, 14, корп. 2, Москва;zatormozi77.ru;55.792 37.389;gas
Автозапчасти;+7 (499) 390-80-50;;ул. Кулакова, 24, корп. 1, Москва;s-parts.ru;55.801 37.390;gas
Партс Парсель;+7 (495) 777-39-34;+7 (910) 420-63-62;Таллинская ул., 13, корп. 2, Москва;parts-parcel.ru;55.800 37.401;gas
Ака, магазин автозапчастей;;+7 (965) 281-88-81;ул. Маршала Рыбалко, 11, Москва;avto-aka.ru;55.798 37.489;gas
Автодеталь, торговая компания;+7 (499) 583-02-62, +7 (495) 220-18-73, +7 (495) 782-37-42;+7 (916) 555-48-55, +7 (988) 583-02-62, +7 (985) 220-18-73;ул. Маршала Рыбалко, 2, корп. 3, Москва;auto-detal.ru;55.799 37.495;gas
Без нервов, Магрез;;+7 (977) 830-27-50;Волоколамское ш., 2, Москва;bez-nervov.ru;55.808 37.505;gas
Каскад-авто, магазин;+7 (499) 155-79-13;+7 (912) 719-61-03, +7 (912) 737-31-65, +7 (919) 506-48-47, +7 (912) 739-39-50;ул. Асеева, 2, Москва;avto-kaskad.ru;55.806 37.529;gas
Колеса-Север;+7 (495) 128-78-27;+7 (958) 111-08-99;Часовая ул., 24, стр. 2, Москва;kolesa-sever.ru;55.811 37.525;gas
Автосервис Madi Auto;+7 (300) 981-28-85, +7 (400) 860-97-16, +7 (495) 772-86-54, +7 (300) 763-39-89, +7 (400) 764-46-33, +7 (400) 862-71-32, +7 (400) 863-24-74, +7 (300) 861-42-57, +7 (400) 863-24-66, +7 (495) 507-04-90;+7 (926) 507-04-90, +7 (925) 623-22-45, +7 (926) 602-24-64, +7 (904) 567-05-44;Ленинградский просп., 64, Москва;madi-auto.ru;55.803 37.528;gas
Автоприбор;+7 (812) 602-76-22, +7 (495) 255-05-84;;Ленинградский просп., 37, корп. 6, Москва;krutilka-spidometra.ru;55.793 37.545;gas
Ultra-motors;+7 (495) 414-46-22;;ул. Верхняя Масловка, 18Б, Москва;ultra-motors.com;55.795 37.563;gas
АСС, автотехцентр;+7 (495) 787-39-93;+7 (968) 438-92-53, +7 (967) 004-79-79;2-я Хуторская ул., 38А, стр. 27, Москва;acc-moscow.ru;55.804 37.564;gas
Вайлд Моторс;+7 (499) 490-21-04, +7 (499) 490-24-03;;2-я Хуторская ул., 38А, стр. 27, Москва;wild-motors.ru;55.804 37.564;gas
Автомотохаб, интернет-магазин;+7 (499) 899-81-85;+7 (916) 294-84-77;2-я Хуторская ул., 29, стр. 2, Москва;automotohub.ru;55.805 37.571;gas
Partsfor.ru, интернет-магазин;+7 (495) 532-03-60;+7 (909) 958-46-33, +7 (925) 200-16-98;2-я Хуторская ул., 29, Москва;partsfor.ru;55.805 37.570;gas
РемВоркСервис;+7 (495) 773-87-57;+7 (985) 773-87-57;Большая Новодмитровская ул., 12, стр. 16, Москва;;55.798 37.585;gas
Zzap.ru, Офис;+7 (499) 504-16-16;;Новодмитровская ул., 5А, стр. 11, Москва;zzap.ru;55.808 37.587;gas
Солар Плюс;+7 (499) 922-49-99;+7 (967) 027-96-91;Новодмитровская ул., 5А, стр. 2, Москва;gepard.shopkais.ru;55.807 37.589;gas
Разборка Вольво;;+7 (965) 159-66-55, +7 (968) 544-22-77, +7 (965) 111-11-55, +7 (969) 777-98-51;Складочная ул., 1, стр. 50, Москва;volvorazborka.ru;55.797 37.593;gas
Нержашоп;+7 (495) 410-45-00;;ул. Двинцев, 3, Москва;atcbars4x4.ru;55.797 37.595;gas
Sappo.ru, магазин товаров для детейлинга;+7 (499) 350-11-04;;Складочная ул., 1, стр. 1, Москва;sappo.ru;55.801 37.596;gas
Автобит, магазин автозапчастей;+7 (495) 664-42-56;+7 (916) 170-89-06, +7 (977) 586-98-84;пр. Добролюбова, 2, стр. 4, Москва;autobit77.ru;55.809 37.599;gas
K&n;+7 (495) 215-55-45;+7 (911) 225-24-80, +7 (926) 543-07-47;ул. Добролюбова, 2, стр. 4, Москва;kn-filter.ru , sttuning.ru;55.810 37.599;gas
ЕЖзапчасти;+7 (499) 283-21-91;+7 (903) 299-88-44;Огородный пр., 9А, стр. 1, Москва;ezh-autoshop.ru;55.810 37.603;gas
МЗСА.рф;+7 (495) 152-20-52;;Огородный пр., 1А, стр. 10, Москва;мзса.рф;55.809 37.604;gas
Мерседес бенц плюс;+7 (495) 744-65-66;+7 (926) 336-16-89, +7 (962) 907-07-97, +7 (926) 370-19-95;Огородный пр., 1А, стр. 9, Москва;mb-plus.ru;55.809 37.604;gas
G-Parts.ru;+7 (495) 995-86-51, +7 (495) 646-83-00, +7 (495) 782-66-51;+7 (929) 646-83-01, +7 (963) 782-66-51;Огородный пр., 9, стр. 3, Москва;g-parts.ru;55.812 37.605;gas
Puffparts, магазин автозапчастей;;+7 (925) 738-28-38;Новомосковская ул., 1Ж, Москва;;55.811 37.616;gas
Автозапчасти;+7 (495) 989-15-40, +7 (495) 619-23-68, +7 (495) 619-21-13;+7 (925) 566-87-84;Огородный пр., 2А, Москва;servis-infiniti.ru , 1gb.ru , partner.1gb.ru , center-nissan.ru;55.810 37.612;gas
Allo-trade.ru, магазин-салон;+7 (495) 991-09-80;+7 (916) 913-66-68;Калибровская ул., 31, стр. 23, Москва;allo-trade.ru , allomusic.ru , allo-music.ru;55.808 37.624;gas
Tizap.ru Автозапчасти;;+7 (999) 999-25-15;ул. Годовикова, 24, Москва;tizap.ru;55.811 37.627;gas
РусТранс-Автомат;;+7 (929) 919-53-13;2-я Мытищинская ул., 2, стр. 2, Москва;abtomat.ru;55.797 37.642;gas
Вольтаж Сервис;+7 (495) 120-40-37, +7 (495) 120-40-59;;Маломосковская ул., 22, стр. 2, Москва;astarter.ru;55.811 37.652;gas
Тойота-Лексус;;+7 (926) 162-16-13;ул. Сокольнический Вал, 1К, стр. 3, Москва;tlauto.ru;55.795 37.653;gas
Murzik, компания по продаже контрактных запчастей из Японии;+7 (495) 104-68-68, +7 (495) 104-60-65;+7 (926) 647-33-07, +7 (926) 549-48-16;1-й Лучевой просек, 8, стр. 1, Москва;avtorazbor-mercedes.ru , avito.ru;55.798 37.654;gas
Friend-Avto;+7 (499) 455-19-98, +7 (499) 113-64-30, +7 (499) 110-38-88;+7 (909) 952-18-18, +7 (968) 041-80-08;2-й Лучевой просек, 5, стр. 8, Москва;friendavto.ru;55.803 37.654;gas
Авто-дока, магазин автозапчастей для корейских машин;+7 (495) 150-53-90;;1-й Рижский пер., 4, стр. 6, Москва;avtodoka-msk.ru;55.808 37.657;gas
Арктик Машин-Р;+7 (495) 964-38-10, +7 (495) 414-12-13, +7 (495) 963-23-35;+7 (926) 390-27-00;ул. Девятая Рота, 16, стр. 3, Москва;снегопогрузчик.рф , arcticmachine.com;55.793 37.714;gas
FORTLUFT, торгово-производственная компания;+7 (495) 777-87-99, +7 (495) 777-91-55, +7 (495) 777-91-51;+7 (930) 967-91-55, +7 (926) 975-55-92;Большая Черкизовская ул., 26А, стр. 1, Москва;fortluft.ru;55.796 37.739;gas
Автосфера;+7 (495) 162-01-62;+7 (926) 803-59-00;Щёлковское ш., 100, корп. 20, Москва;pro-dai.pro;55.794 37.741;gas
ТиДжей-Тюнинг;+7 (495) 767-52-50;+7 (926) 604-00-80;Советская ул., 80, стр. 23, Москва;tuning-jeep.ru;55.797 37.751;gas
Корея моторос Москва, торговая компания;+7 (495) 789-37-66;+7 (950) 119-76-20, +7 (903) 508-48-98, +7 (926) 757-82-21;Амурская ул., 3, стр. 20, Москва;tatadaewoo.ru , km-irk.ru;55.810 37.761;gas
Автокуб, магазин автозапчастей;+7 (495) 544-57-39, +7 (495) 462-45-39;;Щёлковское ш., 29, Москва;autokubb.ru;55.810 37.781;gas
Apex.ru;;+7 (926) 623-22-88;3-я Парковая ул., 53, Москва;apex.ru;55.804 37.781;gas
Korea-bus;+7 (495) 508-44-05;+7 (903) 508-44-05, +7 (915) 039-58-68, +7 (925) 002-20-30, +7 (916) 196-77-02;3-я Парковая ул., 41А, Москва;korea-bus.ru;55.801 37.781;gas
Автомаг, сеть магазинов автозапчастей;+7 (812) 424-38-03, +7 (499) 788-73-71, +7 (495) 720-54-16, +7 (722) 200-27-83, +7 (495) 721-33-33, +7 (495) 134-90-03, +7 (231) 819-89-63, +7 (495) 124-59-96;;Первомайская ул., 57, Москва;amag.ru , club-avtomag.ru , agah.ru;55.793 37.792;gas
Emex, Пункт выдачи товара;+7 (499) 530-70-79;+7 (977) 348-64-57, +7 (977) 348-64-56;7-я Парковая ул., 28, Москва;emex.ru;55.801 37.794;gas
Иварт авто, Пункт выдачи товара;+7 (499) 444-35-58;;Верхняя Первомайская ул., 36, стр. 1, Москва;ivartauto.ru;55.799 37.798;gas
Ребилд;;+7 (965) 301-50-06, +7 (926) 214-26-06, +7 (915) 146-39-70, +7 (916) 126-91-56;Верхняя Первомайская ул., 36, стр. 1, Москва;transrebuild.ru;55.799 37.798;gas
Ssangyong-shop.ru;+7 (495) 669-30-79, +7 (499) 390-73-75;;9-я Парковая ул., 48, Москва;ssangyong-shop.ru;55.800 37.800;gas
SsangYongMarket.ru;+7 (499) 391-52-12;+7 (920) 795-52-29, +7 (925) 025-95-14;9-я Парковая ул., 48, Москва;ssangyongmarket.ru;55.800 37.800;gas
Стартеры, генераторы;;+7 (968) 067-33-34;Щёлковское ш., 77, Москва;gen-star.ru;55.811 37.805;gas
Autodoc.ru, магазин автотоваров и запчастей;;+7 (929) 963-16-75;Средняя Первомайская ул., 38/7, Москва;autodoc.ru;55.795 37.812;gas
Никреп, магазин автозапчастей для корейских автомобилей;+7 (495) 978-88-86, +7 (495) 783-29-91;;Измайловский бул., 60/10, Москва;prozap.ru;55.797 37.814;gas
А2;+7 (495) 540-45-72;;16-я Парковая ул., 30, стр. 3, Москва;a2foton.com;55.808 37.836;gas
Запчасти;+7 (495) 642-29-23, +7 (495) 532-82-18;+7 (925) 581-26-71;Щёлковское ш., 100, стр. 5, Москва;nizap.ru;55.810 37.836;gas
АвтоспецВосток, автосервис;+7 (495) 766-04-20;+7 (977) 156-29-81;Западная ул., 6, стр. 11, Восточный административный округ, район Восточный, Москва;tc-asv.ru , autocb.ru;55.811 37.864;gas
ТехАзия, Оформите новый заказ на eхport-basе.ru;;+7 (908) 449-20-72;Волоколамское ш., 89, Москва;kmuzip.ru;55.829 37.411;gas
Фсм-сервис;+7 (495) 509-77-74, +7 (495) 799-77-12;+7 (903) 799-77-12, +7 (905) 555-43-11;Волоколамское ш., 89, корп. 1, стр. 1, Москва;asian-cars.ru;55.828 37.410;gas
Вася Диагност;;+7 (921) 373-73-07;Волоколамское ш., 89, корп. 1, стр. 2, Москва;vasyadiagnost.moscow;55.828 37.410;gas
РемТехСтрой, торгово-ремонтная компания;+7 (495) 150-95-08, +7 (495) 775-60-56;;Волоколамское ш., 73, Москва;remtechstroy.ru;55.825 37.429;gas
КарЭндХоум;+7 (495) 225-45-57;+7 (916) 298-66-51;Волоколамское ш., 87, стр. 1, Москва;carandhome.ru;55.829 37.413;gas
Винч Инжиниринг;+7 (495) 150-03-44;;Волоколамское ш., 79А, Москва;winches.ru;55.826 37.420;gas
Автогур;+7 (495) 144-95-49, +7 (495) 972-39-95;+7 (901) 546-39-95;Тушинская ул., 24, Москва;autogur.ru;55.829 37.436;gas
Generalshop, интернет-магазин;+7 (495) 765-88-40;;ул. Свободы, 1, корп. 5, Москва;generalshop.ru;55.822 37.449;gas
Демпинг Авто;+7 (495) 491-66-34, +7 (495) 567-50-07, +7 (495) 783-81-81, +7 (495) 971-27-32, +7 (495) 414-37-28;+7 (925) 642-45-80, +7 (985) 444-68-30;ул. Циолковского, 3, стр. 2, Москва;demping-auto.ru;55.828 37.451;gas
Гранд;+7 (127) 421-02-62, +7 (495) 978-00-13;+7 (901) 517-00-13;ул. Адмирала Макарова, 2, стр. 26, Москва;tlparts.ru;55.828 37.497;gas
Автобум, пункт выдачи товара;+7 (499) 444-98-99;+7 (968) 791-17-74;Нарвская ул., 1А, Москва;autobumzap.ru;55.831 37.505;gas
StarVan, магазин автозапчастей;+7 (499) 159-06-52, +7 (495) 778-75-55;+7 (901) 578-75-55;Ленинградское ш., 8, корп. 2, Москва;starvan.ru;55.816 37.501;gas
Батэ;+7 (495) 125-35-75, +7 (495) 789-56-19;;Старопетровский пр., 7А, стр. 3, Москва;tdbate.ru;55.825 37.503;gas
Importkama.ru;;+7 (916) 032-80-61;Нарвская ул., 1Б, Москва;importkama.ru;55.830 37.505;gas
Автосалон FAVORIT MOTORS Volvo Car Фаворит;+7 (495) 844-69-56, +7 (495) 844-69-71;;Коптевская ул., 71, Москва;volvocarfavorit.ru , skoda-favorit.ru , favorit-motors.ru;55.832 37.519;gas
FAVORIT MOTORS, Автосалон FAVORIT MOTORS KIA Север;+7 (495) 540-49-21, +7 (495) 844-66-82;;Коптевская ул., 69А, стр. 2, Москва;ford-favorit.ru , kia-favorit.ru , favorit-motors.ru;55.831 37.517;gas
Автосалон FAVORIT MOTORS Opel Север — официальный дилер Opel;+7 (495) 649-82-13, +7 (495) 744-13-09;;Коптевская ул., 69А, стр. 3, Москва;ford-favorit.ru , opel-favorit-motors.ru , opel-favorit.ru , favorit-motors.ru;55.832 37.517;gas
Apex.ru;+7 (495) 450-71-78;;Коптевская ул., 16, корп. 2, Москва;apex.ru;55.829 37.519;gas
Техцентр Интеравто-Сервис;+7 (495) 260-10-49, +7 (495) 997-49-97;+7 (921) 941-04-65, +7 (929) 508-89-46;ул. Космонавта Волкова, 26А, Москва;interavto-service.ru;55.816 37.533;gas
Нова-Компоненты;;+7 (961) 983-48-37, +7 (909) 454-63-79, +7 (961) 215-12-41, +7 (962) 812-89-62, +7 (962) 368-49-96, +7 (909) 453-61-48;ул. Космонавта Волкова, 25/2, Москва;novakom.pro;55.816 37.522;gas
TWINPARTS;+7 (495) 997-84-77;;Ивановская ул., 34, Москва;twinparts.ru;55.825 37.569;gas
АКБ авто;+7 (495) 984-33-50;;Дмитровское ш., 14, стр. 1, Москва;akbauto.ru;55.826 37.573;gas
Honda Jeep service, торгово-сервисная компания;+7 (495) 745-08-10, +7 (495) 745-08-06;;Дмитровское ш., 11, стр. 5, Москва;honda-jeepservice.ru , honda-jeep.com;55.816 37.573;gas
Авалинк;+7 (495) 777-65-22, +7 (499) 229-19-30, +7 (495) 987-17-17;+7 (966) 142-34-96;Огородный пр., 8, стр. 3, Москва;service.ssangyong-avalink.ru , ssangyong-avalink.ru , avalink.ru , kuzovnoy.avalink.ru;55.813 37.604;gas
Тритон-импорт, магазин запчастей для американских автомобилей и материалов для шиномонтажа;+7 (499) 322-42-03;;Огородный пр., 8, стр. 1, Москва;ti-msk.ru , triton-import.ru;55.813 37.605;gas
Авто Z;+7 (499) 709-09-48, +7 (4852) 50-60-30, +7 (499) 748-64-70, +7 (499) 964-21-12, +7 (499) 709-09-47, +7 (4852) 50-60-20, +7 (495) 616-67-63;;Звёздный бул., 22, корп. 1, Москва;auto-z.ru;55.815 37.629;gas
Автозапчасти;;+7 (965) 143-41-20, +7 (916) 692-55-44;ул. Академика Королёва, 3, Москва;vsezapchasti.moscow;55.821 37.634;gas
Race Store;;+7 (966) 336-06-35, +7 (966) 363-06-35;просп. Мира, 150, Москва;race-store.ru;55.822 37.647;gas
Gmvagroup;;+7 (905) 777-91-49, +7 (905) 597-51-15;ул. Сергея Эйзенштейна, 1, Москва;gmvagroup.com;55.829 37.647;gas
Webasto;+7 (495) 640-26-50, +7 (495) 721-49-45;;Маломосковская ул., 18, стр. 1, Москва;webasto.msk.ru;55.812 37.650;gas
Фильтр, станция технического обслуживания автомобилей;+7 (499) 325-56-08;;Краснобогатырская ул., 2, стр. 25, Москва;stofilter.ru;55.814 37.687;gas
EE-Turbosklad;+7 (495) 127-76-30, +7 (495) 488-72-49;+7 (967) 555-30-10;Краснобогатырская ул., 2, стр. 26, Москва;ee-turbosklad.ru;55.814 37.688;gas
Машсервис;+7 (3452) 65-80-30, +7 (3512) 20-80-74, +7 (3919) 89-80-40, +7 (3422) 55-30-55, +7 (499) 705-68-48, +7 (8432) 02-36-93, +7 (717) 272-76-56, +7 (3472) 14-90-78;;Краснобогатырская ул., 2, стр. 2, Москва;ms-74.ru;55.815 37.691;gas
МскАкпп;;+7 (926) 194-90-90;3-я Богатырская ул., 1, корп. 1, Москва;mskakpp.ru;55.816 37.694;gas
Техком, магазин автозапчастей;+7 (495) 913-25-90, +7 (499) 169-03-00;;Краснобогатырская ул., 13, стр. 3, Москва;texkom.ru , drive2.ru;55.816 37.694;gas
Маг ГАЗ;+7 (495) 055-54-51, +7 (495) 005-30-15;+7 (977) 372-57-19, +7 (968) 364-04-04, +7 (977) 444-75-94, +7 (977) 153-81-83;Краснобогатырская ул., 2, стр. 52, Москва;maggas.ru;55.813 37.692;gas
Hella;+7 (495) 766-34-04, +7 (495) 776-80-10;;Краснобогатырская ул., 13, Москва;allhella.ru;55.816 37.694;gas
Mannkando;+7 (499) 957-89-90;+7 (964) 775-25-83, +7 (967) 205-27-77;Тагильская ул., 4, стр. 15, Москва;mannkando.ru;55.819 37.751;gas
Автозапчасти;;+7 (929) 656-50-52, +7 (930) 747-79-85;Открытое ш., 24, корп. 11, Москва;ae-parts.ru;55.823 37.757;gas
Isuzu-avto;;+7 (926) 233-26-64;Монтажная ул., 4, стр. 8, Москва;isuzu.site , isuzu-msk.ru;55.818 37.764;gas
Старт;;+7 (929) 557-00-53, +7 (999) 969-68-69, +7 (999) 595-53-53;Монтажная ул., 9, стр. 1, Москва;startzap.ru;55.815 37.772;gas
ТрейдКомЦентр, торговая компания;+7 (495) 984-24-58, +7 (499) 426-05-29;;Монтажная ул., 7, стр. 4, Москва;gmsklad.ru , vagtec.ru , psasklad.ru;55.816 37.772;gas
Роверкар;+7 (495) 741-61-97, +7 (495) 652-61-97, +7 (495) 970-02-74;+7 (963) 770-61-97;ул. Бирюсинка, 6, Москва;rovercar.ru;55.815 37.778;gas
ZAS-Parts;;+7 (926) 382-22-40, +7 (926) 552-16-22;Байкальская ул., 1/3с4, Москва;zas-parts.ru;55.817 37.780;gas
Вольтаж;+7 (499) 938-97-93;;Иркутская ул., 5/6с3, Москва;astarter.ru;55.816 37.782;gas
Автотем, офис;;+7 (926) 352-29-99, +7 (926) 048-44-99, +7 (926) 048-55-99;Амурская ул., 15/1с1, Москва;abtotem.ru;55.814 37.785;gas
Оката;+7 (495) 542-08-70;;Амурская ул., 15/1с2, Москва;okata.ru;55.814 37.785;gas
Автозапчасти;;+7 (925) 892-70-90;Амурская ул., 17, стр. 1, Москва;richagi.ru;55.813 37.787;gas
AkbMoscow, магазин автомобильных аккумуляторов;+7 (499) 955-58-58;;Черницынский пр., 3, стр. 6, Москва;akbmoscow.ru;55.820 37.791;gas
AutoKeysPro;+7 (495) 799-03-13;+7 (903) 799-03-13, +7 (903) 557-66-50, +7 (967) 123-11-21;Байкальская ул., 38, корп. 3, Москва;autokeyspro.ru;55.815 37.807;gas
Авто-Альянс;+7 (495) 109-14-29;;Хабаровская ул., 2, Москва;autoopt.ru;55.814 37.831;gas
Авто-коврик;;+7 (929) 575-35-23, +7 (925) 319-10-73;Щёлковское ш., 100, корп. 2, Москва;avto-kovrik.ru;55.811 37.835;gas
Автокрафт-партс, торговая компания;+7 (495) 287-48-98;;Щёлковское ш., 100, корп. 5, Москва;autokraft-parts.ru;55.813 37.835;gas
T-car, автосервис;+7 (495) 507-77-17, +7 (495) 734-79-80, +7 (495) 292-16-36;;1-й Митинский пер., 3, стр. 2, Москва;t-cars.ru;55.843 37.374;gas
Исузу;+7 (495) 790-48-59;+7 (909) 959-96-76;1-й Митинский пер., 15, стр. 3, Москва;ctg-isuzu.ru;55.849 37.379;gas
Ctg-parts;+7 (495) 602-02-12, +7 (495) 790-36-20;+7 (963) 655-77-00;1-й Митинский пер., 15, стр. 3, Москва;ctg-parts.ru;55.849 37.379;gas
Autocheckers, магазин автотоваров;+7 (495) 786-02-31;+7 (985) 742-11-31, +7 (985) 786-02-31, +7 (909) 908-36-33;Пятницкое ш., 18, Москва;autocheckers.ru;55.844 37.384;gas
Autodoc.ru, магазин автотоваров и запчастей;;+7 (926) 162-11-80;Пятницкое ш., 16, Москва;autodoc.ru;55.842 37.385;gas
Детали машин ГАЗ;+7 (495) 995-42-80;+7 (925) 772-39-53, +7 (964) 795-00-48, +7 (926) 731-38-40;ул. Василия Петушкова, 5, корп. 1, стр. 2, Москва;azgaz.ru , pasad-m.ru;55.836 37.398;gas
Офф-Роад-Шоп;+7 (495) 721-95-11;+7 (910) 487-45-95;ул. Василия Петушкова, 3, корп. 3, стр. 1, Москва;off-road-shop.ru;55.835 37.401;gas
Шрус-Привод;+7 (495) 297-55-55, +7 (495) 298-55-55;;ул. Василия Петушкова, 3, корп. 3, Москва;shrus-privod.ru;55.835 37.401;gas
Алмаз, торговая компания;+7 (499) 340-03-75, +7 (495) 968-18-86;+7 (964) 566-49-39, +7 (969) 064-06-06, +7 (964) 503-08-06, +7 (906) 777-44-06, +7 (963) 784-75-44, +7 (968) 862-22-27;ул. Василия Петушкова, 3, стр. 1, Москва;almaz-auto.com;55.835 37.403;gas
Автоспец, магазин автозапчастей;+7 (499) 110-61-55;+7 (916) 720-00-50;Походный пр., 24, Москва;авто-спец.рф;55.842 37.423;gas
Алартех, магазин автозапчастей;+7 (499) 714-95-95;+7 (925) 823-09-13, +7 (925) 081-57-24, +7 (916) 876-22-39, +7 (925) 446-64-61;Походный пр., 24, Москва;autozp.net;55.842 37.423;gas
Автозапчасти;;+7 (977) 252-09-90;ул. Фабрициуса, 48, Москва;myavto.shop;55.844 37.428;gas
Вектор Регионы, сервисная компания;+7 (495) 477-33-91, +7 (499) 704-62-65;;Строительный пр., 7А, корп. 7, Москва;vrpower.ru;55.834 37.427;gas
Автозапчасти;+7 (499) 499-33-04, +7 (499) 493-33-04;+7 (910) 419-34-17;ул. Фабрициуса, 48, Москва;fabra-avto.ru;55.844 37.428;gas
Запчасти;+7 (495) 128-82-25;;Строительный пр., 7А, корп. 39, стр. 2, Москва;adoya.club;55.838 37.431;gas
Ралли-Сервис Тушино, техцентр;+7 (499) 492-13-79, +7 (499) 492-83-81, +7 (499) 492-61-91, +7 (499) 492-71-01;+7 (903) 968-44-19, +7 (985) 035-87-78, +7 (903) 792-69-37;Строительный пр., 4А, Москва;vd-parts.ru , ralli-servis.ru , rally-servis.ru;55.838 37.434;gas
Автотол, магазин автозапчастей;+7 (495) 542-78-97;+7 (925) 542-78-97;Строительный пр., 2, стр. 1, Москва;autotol.ru;55.838 37.436;gas
Омега, техцентр;+7 (495) 139-65-55;+7 (965) 262-76-00;Строительный пр., 1, стр. 1, Москва;opel-parts.ru , kia.servis-omega.ru , servis-landrover.ru , servis-chevrolet.ru;55.838 37.436;gas
Vollo.ru, интернет-магазин;+7 (495) 777-11-31;;ул. Свободы, 35, стр. 19, Москва;vollo.ru;55.843 37.446;gas
НАК Машинери;+7 (495) 669-78-22;;ул. Свободы, 35, Москва;nationalrent.ru;55.841 37.453;gas
Autodoc.ru, магазин автотоваров и запчастей;+7 (495) 640-09-51;+7 (962) 917-99-99;Ленинградское ш., 56, Москва;autodoc.ru;55.838 37.483;gas
Armand-auto, магазин б/у автозапчастей;+7 (499) 444-10-09, +7 (499) 110-70-87, +7 (499) 110-84-86;+7 (965) 183-53-41, +7 (917) 565-93-77, +7 (977) 916-68-82, +7 (977) 916-68-84;ул. Адмирала Макарова, 2, стр. 18, Москва;armandauto.ru;55.832 37.494;gas
Техцентр Toyota;+7 (495) 925-65-08, +7 (495) 452-23-84, +7 (499) 938-74-31, +7 (495) 925-65-07, +7 (495) 708-00-90;+7 (926) 208-35-53;Головинское ш., 10, стр. 3, Москва;toyota-gol.ru;55.837 37.494;gas
Antiradar.ru;+7 (495) 095-99-60;;Смольная ул., 2, Москва;antiradar.ru;55.845 37.501;gas
Девайс ВМ;+7 (495) 727-44-10;+7 (926) 314-28-49;Кронштадтский бул., 35Б, Москва;vm-zap.ru;55.848 37.504;gas
Vollux, автотехцентр;+7 (495) 972-57-57, +7 (495) 972-57-36;;пр. Черепановых, 6, стр. 2, Москва;vollux.ru;55.833 37.512;gas
Japancars сервис - ТО и ремонт автомобилей;+7 (495) 363-42-42, +7 (495) 925-75-29, +7 (495) 739-75-65;+7 (929) 573-42-42;Старокоптевский пер., 6, Москва;japanservice.ru;55.836 37.518;gas
Мицу Мафия;;+7 (985) 386-85-26;4-й Лихачёвский пер., 3А, Москва;mitsu-mafia.com;55.851 37.526;gas
Master Opel, автосервис;+7 (495) 729-62-69, +7 (495) 507-00-22;+7 (968) 985-59-39, +7 (903) 729-62-69, +7 (906) 091-25-01, +7 (985) 644-91-97;пр. Черепановых, 17А, Москва;masteropel.ru , opelot.ru;55.843 37.532;gas
Герат Рус;+7 (708) 112-85-36, +7 (771) 741-01-58, +7 (771) 759-59-43, +7 (495) 128-56-06, +7 (495) 128-52-54, +7 (727) 310-02-49, +7 (707) 129-38-48, +7 (747) 250-98-48, +7 (771) 759-54-23;;Автомоторная ул., 1/3с2, Москва;gerat.kz , gerat-parts.ru;55.846 37.539;gas
Сотра конт, торговая компания;+7 (495) 972-67-91, +7 (495) 215-09-54, +7 (495) 215-12-05;+7 (964) 568-66-96, +7 (905) 589-02-97, +7 (903) 000-90-74, +7 (964) 773-06-60;Большая Академическая ул., 44, корп. 2, Москва;sotra-shop.ru , sotra-cont.ru , s359.ru;55.839 37.550;gas
Годзилла_Авто;;+7 (985) 070-92-99;Большая Академическая ул., 75, корп. 2, Москва;godzillaauto.ru;55.844 37.553;gas
ТК Премьер;;+7 (910) 499-31-18, +7 (982) 777-33-77, +7 (910) 088-29-29;3-й Нижнелихоборский пр., 1А, Москва;tk-premier.com;55.848 37.559;gas
Авто-Ксенон, офис;+7 (495) 212-11-31, +7 (499) 713-00-99;;Локомотивный пр., 21, стр. 5, Москва;avto-xenon.ru;55.845 37.573;gas
Неман, торговая компания;+7 (499) 390-66-15, +7 (499) 391-55-65;;Нововладыкинский пр., 2, стр. 2, Москва;nemanauto.ru;55.852 37.580;gas
Автостиль;;+7 (999) 588-58-31, +7 (999) 588-58-55;Сигнальный пр., 13, стр. 3, Москва;mskdvs.ru;55.852 37.590;gas
Колесо;;+7 (906) 707-05-75, +7 (925) 573-95-25;Сигнальный пр., 16, стр. 20, Москва;koleso-signalnyj-proezd.clients.site;55.848 37.599;gas
Offroadteam;+7 (495) 767-84-04, +7 (495) 727-35-42;+7 (968) 399-61-62;Сигнальный пр., 16, стр. 21, Москва;offroadteam.ru , motolegion.ru;55.848 37.601;gas
Детали машин ГАЗ;+7 (495) 617-42-24;;Транспортный пр., 7, Северо-Восточный административный округ, Останкинский район, Выставка достижений народного хозяйства, Москва;azgaz.ru;55.835 37.619;gas
Мицар;+7 (495) 825-05-27;;Берёзовая аллея, 5А, стр. 6, Москва;mitzar.ru;55.848 37.620;gas
Пзгт;+7 (343) 227-00-31, +7 (351) 214-03-33, +7 (346) 255-02-33, +7 (821) 240-02-33, +7 (382) 260-92-33, +7 (3422) 70-00-23, +7 (342) 732-29-11, +7 (391) 234-70-06, +7 (495) 640-18-80, +7 (342) 270-00-22;+7 (922) 334-11-43;пр. Серебрякова, 2, Москва;pzgt.ru , moscow.tdgt.ru;55.846 37.646;gas
Авто-СВАО;+7 (495) 646-85-22, +7 (495) 414-16-23;+7 (958) 681-85-85;Снежная ул., 16, корп. 1, Москва;auto-svao.ru;55.851 37.646;gas
Hp-brakes;;+7 (963) 768-63-91, +7 (929) 917-17-27, +7 (926) 850-99-06;пр. Нансена, 4, Москва;hp-brakes.ru;55.849 37.654;gas
Автоцентр Атлант-М;;+7 (967) 033-14-62;ул. Бажова, 17, стр. 1, Москва;ozch.atlant-m.ru;55.838 37.666;gas
Быстрый Сервис Ростокино;+7 (495) 135-04-35;;Будайский пр., 11А, Москва;авто.быстрыйсервис.москва;55.837 37.669;gas
Мегарус, оптово-розничная компания;+7 (495) 226-12-01, +7 (495) 780-63-28;+7 (985) 220-64-38, +7 (985) 226-12-01;Енисейская ул., 1, стр. 8, Москва;jcb-opt.ru;55.850 37.668;gas
Все краны;+7 (495) 471-05-98, +7 (495) 641-26-37, +7 (499) 188-77-12, +7 (499) 183-23-01;+7 (910) 452-14-62, +7 (916) 700-15-83;Северянинский пр., вл7, Москва;allcranes.ru;55.842 37.677;gas
Emex, магазин автозапчастей;+7 (495) 252-70-32;+7 (901) 555-70-54;Митинская ул., 57, Москва;emex.ru;55.855 37.352;gas
Автомир, магазин;+7 (495) 948-61-41;;1-й Митинский пер., 25, Москва;запчасти-солярис.рф , solaris-zip.ru;55.852 37.389;gas
Восток, магазин автозапчастей для японских и корейских автомобилей;;+7 (930) 858-72-22, +7 (926) 253-72-22, +7 (926) 250-72-22, +7 (926) 540-99-92;Фабричная ул., 6, стр. 8, Северо-Западный административный округ, район Митино, посёлок Новобратцевский, Москва;vostokparts.com;55.854 37.388;gas
Автотранспортные средства, торговая компания;+7 (495) 496-95-22, +7 (495) 496-86-38;+7 (985) 211-55-67, +7 (916) 939-62-40, +7 (905) 595-56-50;ул. Героев Панфиловцев, 24, Москва;autotransport.ru , fliegl.ru;55.856 37.409;gas
Автозапчасти;+7 (499) 457-12-55, +7 (499) 457-53-58;;Ленинградское ш., 112, корп. 3, Москва;samers24.ru;55.864 37.465;gas
Самэрс;+7 (495) 451-76-53;;Ленинградское ш., 112, корп. 3, Москва;samers24.ru;55.864 37.465;gas
Дженеси, торговая компания;+7 (495) 761-82-04, +7 (495) 226-86-42, +7 (640) 180-20-25;+7 (985) 226-86-42;Смольная ул., 24А, Москва;dizelmmz.ru;55.861 37.483;gas
ТрейлерЗапчасть;;+7 (903) 631-74-87;Смольная ул., 24Д, Москва;trzap.ru;55.861 37.484;gas
Интер-Авто;+7 (495) 232-31-17, +7 (495) 232-31-19, +7 (495) 455-97-50, +7 (495) 232-31-18, +7 (495) 451-96-36, +7 (495) 999-36-90;;Петрозаводская ул., 34, Москва;avz.ru;55.867 37.489;gas
Кэмп 103;+7 (495) 956-49-12, +7 (495) 601-66-40;;Петрозаводская ул., 34, Москва;kemp103.ru;55.867 37.489;gas
Корея-Моторс, автосервис;;+7 (904) 567-05-94, +7 (985) 457-38-28;Петрозаводская ул., 34, стр. 2, Москва;serviskm.ru , avz.ru;55.868 37.490;gas
Первая аккумуляторная компания;+7 (495) 730-58-64;+7 (916) 692-39-96;Флотская ул., 5, корп. 2, Москва;1ak-m.ru;55.853 37.495;gas
Ладья;+7 (499) 398-24-74;+7 (927) 333-22-11, +7 (919) 825-93-43, +7 (911) 924-14-74;Талдомская ул., 2Б, стр. 1, Москва;ladya-zapchasti.ru , moskva.ladya-zapchasti.ru;55.869 37.518;gas
Автонорма-Маркет, оптовая компания;+7 (495) 453-53-35;;Солнечногорская ул., 4, стр. 13, Москва;avtonorma-market.ru;55.858 37.520;gas
Магазин автозапчастей и автотоваров;+7 (495) 347-87-05, +7 (499) 347-87-05;+7 (926) 008-22-76;ул. Войкова, 4, стр. 3, Москва;jaguar77.ru , jaguar-volvo.ru;55.855 37.525;gas
Service 7, автосервис;;+7 (925) 510-79-25, +7 (925) 333-24-24, +7 (925) 500-63-12;ул. Войкова, 4, стр. 1, Москва;service-7.ru;55.856 37.526;gas
Торговое объединение Профмаш Склад;+7 (527) 757-10-00, +7 (499) 213-04-60, +7 (495) 109-04-25, +7 (499) 213-04-70;;Автомоторная ул., 7, Москва;profmash.ru;55.852 37.532;gas
Автозапчасти;;+7 (903) 961-44-10;Дегунинская ул., 14, Москва;aves-avto.ru;55.866 37.535;gas
Френч-Авто;+7 (495) 792-92-56;;Лихоборская наб., 13, Москва;french-auto.org , drive2.ru;55.853 37.540;gas
Автодока;+7 (495) 514-85-60;+7 (926) 138-63-37, +7 (925) 514-85-60;Ильменский пр., 9БС, Москва;chaika13.ru;55.856 37.545;gas
АвтоПрестиж;+7 (499) 489-70-21;+7 (985) 939-52-87;Ильменский пр., 9, стр. 2, Москва;mazdaford.business.site;55.857 37.547;gas
Авто-Джей;+7 (495) 210-39-96;+7 (909) 992-92-99, +7 (977) 174-99-97;Дмитровское ш., 83А, стр. 4, Москва;avto-j.ru;55.862 37.547;gas
Na kolesax;+7 (499) 704-41-42;+7 (999) 972-59-01;Дмитровское ш., 83А, стр. 4, Москва;nakolesax.com;55.862 37.547;gas
Ремонт турбин;+7 (812) 409-40-84, +7 (343) 339-42-34, +7 (495) 266-02-95, +7 (3832) 09-92-70, +7 (495) 128-32-86;;Ильменский пр., 4, стр. 18, Москва;turbo-magazin.ru;55.861 37.551;gas
Проммашины;;+7 (925) 507-71-44;Дмитровское ш., 71Б, Москва;prommashina.ru;55.856 37.559;gas
Интер-Авто;+7 (499) 938-58-72, +7 (499) 951-19-20;;Дубнинская ул., 27, корп. 1, Москва;infozap.ru;55.864 37.565;gas
ЗипАвтоГрад;;+7 (903) 111-96-27, +7 (909) 907-37-37, +7 (911) 007-05-97, +7 (915) 389-44-94, +7 (914) 795-57-27;Поморская ул., 39А, Москва;zipautograd.ru;55.867 37.574;gas
77volvo.ru;+7 (495) 778-11-54;;Поморская ул., 3, Москва;77volvo.ru;55.869 37.578;gas
Ключ-Авто;+7 (495) 955-79-56, +7 (495) 150-80-45;+7 (903) 191-03-53;Алтуфьевское ш., 31, стр. 1, Москва;key-avto.com;55.861 37.579;gas
Форвард;+7 (495) 106-18-85, +7 (812-62) 2-68-68;;Алтуфьевское ш., 27А, стр. 2, Москва;service-forward.ru;55.857 37.580;gas
Автодор, техцентр;+7 (495) 749-20-10;+7 (903) 549-20-10;Алтуфьевское ш., 27А, стр. 2, Москва;avtodor-vag.ru;55.857 37.580;gas
Shop. rolf.ru;+7 (495) 980-59-56;;Алтуфьевское ш., 31, стр. 1, Москва;shop.rolf.ru;55.862 37.580;gas
Автосфера;+7 (495) 727-14-40, +7 (495) 155-45-98, +7 (495) 755-14-53, +7 (495) 969-89-15, +7 (495) 132-62-73;+7 (926) 971-14-40;Алтуфьевское ш., 27А, стр. 2, Москва;avtosfera-otradnoe.ru;55.857 37.581;gas
Меджикар, интернет-магазин;+7 (495) 201-63-17, +7 (256) 119-82-56, +7 (495) 201-60-17;+7 (985) 491-25-32, +7 (985) 096-97-38;Алтуфьевское ш., 37, стр. 1, Москва;mejicar.store;55.867 37.582;gas
Трак молл, интернет-магазин автозапчастей для европейских и американских грузовых автомобилей;+7 (495) 540-43-37;+7 (901) 740-01-90, +7 (967) 097-48-72;Алтуфьевское ш., 41А, стр. 5, Москва;truckmall.ru;55.868 37.582;gas
VKN Zapchasti, сервисный центр;;+7 (916) 695-17-77, +7 (925) 574-38-39;Алтуфьевское ш., 27А, стр. 1, Москва;avtozapchasti-otradnoe.ru;55.857 37.583;gas
Каскад-Авто;;+7 (985) 770-00-66, +7 (985) 211-35-36, +7 (985) 922-93-91;Алтуфьевское ш., 9, Москва;altufevo-auto.ru;55.852 37.584;gas
Асмап-Сервис;+7 (495) 622-00-00, +7 (495) 622-00-07;+7 (985) 311-56-83, +7 (915) 064-55-32;Алтуфьевское ш., 41, Москва;asmap-service.ru;55.868 37.584;gas
Emex, Пункт выдачи товара;+7 (495) 118-28-12;;Алтуфьевское ш., 40Д, Москва;emex.ru;55.871 37.591;gas
Apex.ru;;+7 (925) 091-34-84;Алтуфьевское ш., 28, Москва;apex.ru;55.864 37.585;gas
Nahodka-auto.ru;+7 (499) 903-77-14;;Сигнальный пр., 18, Москва;nahodka-auto.ru;55.852 37.605;gas
Ланда Авто;+7 (495) 781-86-21, +7 (495) 781-86-20;+7 (968) 823-59-59;Сигнальный пр., 18, Москва;landa-auto.ru;55.852 37.604;gas
Автокор;+7 (495) 542-87-82;;ул. Декабристов, 47, Москва;avtokor.ru;55.859 37.623;gas
Гранико;+7 (495) 504-91-39;+7 (925) 504-91-39;Снежная ул., 13, корп. 1, Москва;granico.ru;55.852 37.646;gas
Тюнинг Стайл, интернет-магазин;+7 (495) 145-45-01;+7 (968) 404-99-63;ул. Искры, 31, корп. 1, Москва;tuning.style;55.864 37.651;gas
Авто-проставки;+7 (499) 340-93-39, +7 (383) 357-07-57;+7 (991) 447-58-99;Уржумская ул., 7, Москва;polimer-nsk.ru , авто-проставки.рф;55.854 37.665;gas
Автозапчасти;+7 (495) 471-31-65;+7 (977) 664-79-87, +7 (906) 059-69-89;ул. Лётчика Бабушкина, 5, Москва;auto-papa.ru;55.858 37.673;gas
Emex, Пункт выдачи товара;;+7 (901) 713-57-11, +7 (985) 973-52-67;ул. Лётчика Бабушкина, 6, Москва;emex.ru;55.859 37.674;gas
Autodoc.ru, магазин автотоваров и запчастей;+7 (495) 973-51-73;;ул. Лётчика Бабушкина, 10/1, Москва;autodoc.ru;55.862 37.674;gas
Детализавтра;+7 (499) 992-49-50;+7 (999) 992-49-50;ул. Лётчика Бабушкина, 21/2, Москва;detalizavtra.com;55.866 37.675;gas
ТахоПро-сервис;+7 (495) 740-52-13;+7 (929) 510-20-52, +7 (977) 267-92-25, +7 (926) 424-85-95;ул. Коминтерна, 7, корп. 2, Москва;tahopro.ru;55.864 37.677;gas
Авто Сегмент, магазин автозапчастей;+7 (495) 998-22-19, +7 (495) 471-03-90;+7 (985) 998-22-19, +7 (985) 991-29-60, +7 (910) 089-41-42;ул. Рудневой, 9, Москва;auto-segment.ru;55.865 37.678;gas
Магазин грузовых запчастей auto-open.ru;+7 (495) 118-33-61;;ул. Рудневой, 2/20, Москва;auto-open.ru;55.864 37.681;gas
Детали Машин ГАЗ;+7 (499) 288-00-25, +7 (495) 215-09-73, +7 (495) 134-81-15;;ул. Рудневой, 2/20, Москва;detali15.ru;55.864 37.681;gas
Bobcat, магазин автозапчастей и спецтехники;+7 (495) 136-32-18;;Ярославское ш., 42, Москва;bobcat-zapchasti.ru;55.864 37.701;gas
Евротрансмоторс;;+7 (985) 580-90-70, +7 (985) 161-85-59, +7 (985) 206-54-58;ул. Вешних Вод, 2, Москва;evrotransmotors.ru , autoetm.ru;55.858 37.697;gas
Детали машин ГАЗ;+7 (495) 926-33-11;;Ярославское ш., 174А, Москва;azgaz.ru;55.866 37.703;gas
Part in Paint;+7 (499) 288-11-98, +7 (495) 137-96-53;;Ярославское ш., 114, корп. 1, Москва;;55.866 37.708;gas
Мерседес дом;+7 (495) 743-30-01;+7 (903) 667-11-91;ул. Вешних Вод, 4, стр. 185, Москва;mercedes-dom.ru;55.857 37.711;gas
Евротрансмоторс, компания;;+7 (916) 646-85-47;ул. Вешних Вод, 4, стр. 159, Москва;autoetm.ru , evrotransmotors.ru;55.854 37.713;gas
Emex, офис;;+7 (985) 984-15-15, +7 (925) 487-42-82;ул. Соловьиная Роща, 8, корп. 2, Москва;emex.ru;55.892 37.403;gas
Autohuckster;+7 (4212) 66-63-73;+7 (909) 627-15-27;Правобережная ул., 2Б, стр. 1, Москва;autohuckster.ru;55.880 37.449;gas
Кпл групп;+7 (499) 399-95-19;+7 (925) 790-95-19;ул. Бусиновская Горка, 2, Москва;kpl-group.ru;55.887 37.493;gas
Maxbox pro, магазин;+7 (499) 444-08-05;+7 (951) 901-97-79, +7 (999) 120-08-77;Ижорская ул., 5, Москва;maxbox.pro;55.886 37.503;gas
United Motors;+7 (499) 702-58-91;;Ижорская ул., 8, стр. 1, Москва;united-motors.ru;55.885 37.506;gas
Продажа запчастей КПП Eaton Zf Meritor;+7 (495) 720-02-73;+7 (926) 819-03-60, +7 (903) 720-02-73;Ижорская ул., 5, Москва;eaton-zf.ru , eaton-fuller.ru , drive-gear.ru;55.886 37.503;gas
КС Авто;+7 (495) 585-36-43;+7 (929) 617-87-17, +7 (909) 916-73-88, +7 (929) 636-54-65;ул. Бусиновская Горка, 2А, стр. 1, Москва;;55.887 37.496;gas
Вест Трейд Авто;+7 (495) 782-53-83;+7 (909) 656-07-20, +7 (909) 656-07-90, +7 (903) 732-97-32, +7 (926) 156-20-77;Ижорская ул., 5, Москва;tnvd-remont-turbin.ru;55.886 37.504;gas
Самурай;;+7 (985) 696-50-99, +7 (966) 315-16-18;Деповская ул., 3/8, Москва;auto220.ru;55.873 37.506;gas
Автокорпус грузовые автозапчасти;+7 (495) 507-79-69, +7 (495) 780-28-58;+7 (905) 770-80-53, +7 (977) 255-45-50, +7 (985) 290-61-63, +7 (963) 712-36-54, +7 (963) 999-60-70, +7 (925) 507-79-69;Ижорская ул., 8, стр. 3, Москва;autokorpus.ru;55.884 37.505;gas
Механика, технический центр;+7 (499) 702-42-91;;Ижорская ул., 8, стр. 1, Москва;mehanika.parts , motorzona24.ru , mechanika.ru;55.885 37.506;gas
Partside;+7 (499) 938-47-20;;Новая ул., 1А, стр. 5, Москва;partside.su;55.873 37.508;gas
Автокомфорт;;+7 (925) 772-49-39;Ижорская ул., 8А, стр. 3, Москва;hd-county.ru;55.886 37.509;gas
Akvilon автозапчасти;+7 (495) 118-41-96, +7 (499) 110-71-18;;Коровинское ш., 35А, Москва;akvilon-zap.ru;55.884 37.517;gas
Автодеталь;+7 (495) 970-73-70;+7 (915) 211-05-15, +7 (985) 970-73-70;Ижорская ул., 13/18, Москва;infiniti-zapchasti.ru;55.891 37.514;gas
Детали про;;+7 (916) 114-58-73, +7 (936) 291-00-01, +7 (916) 421-04-56, +7 (926) 569-31-55;Коровинское ш., вл35, Москва;detaligaz.com;55.883 37.516;gas
Автокомфорт;;+7 (908) 332-26-66, +7 (905) 313-52-12, +7 (927) 444-11-66;Клязьминская ул., 11, корп. 4, Москва;avtocomfort.turbo.site;55.887 37.523;gas
Hasvik – пусковые устройства для авто;+7 (495) 134-27-74;;Ангарская ул., 57, корп. 1, Москва;hasvik.ru;55.883 37.528;gas
Бтавто.ру, магазин автозапчастей;+7 (495) 181-01-55, +7 (495) 788-18-25;+7 (977) 819-18-25;Дмитровское ш., 108Б, стр. 1, Москва;btavto.ru;55.886 37.544;gas
Спортивные Тормозные системы;;+7 (916) 396-09-08, +7 (985) 138-49-94;Дмитровское ш., 100, Москва;braking-system.ru;55.882 37.546;gas
Stance-bastards.ru;+7 (812-66) 0-56-00;;Дмитровское ш., 100, Москва;stancebazztards.ru;55.882 37.546;gas
Моторэкспресс, интернет-магазин запчастей;+7 (495) 128-21-78;+7 (922) 162-60-00;Дмитровское ш., 100, стр. 2, Москва;motorexpress.ru;55.882 37.547;gas
Сити-Тюнинг;+7 (495) 407-16-53;+7 (915) 391-83-67;Дмитровское ш., 100, стр. 2, Москва;city-tuning.ru;55.882 37.548;gas
Детали машин ГАЗ;;+7 (926) 876-60-94;Дмитровское ш., 98, стр. 11, Москва;azgaz.ru;55.879 37.549;gas
БР турбо МСК;+7 (863-32) 0-00-27, +7 (812) 371-35-77, +7 (495) 507-41-17, +7 (495) 784-66-48, +7 (3452) 39-43-49, +7 (495) 978-46-88, +7 (812) 987-06-41, +7 (812-70) 3-35-63;+7 (915) 133-85-27, +7 (903) 681-39-70, +7 (928) 106-26-66, +7 (918) 529-35-52, +7 (981) 777-73-30, +7 (916) 909-59-95, +7 (918) 011-38-11, +7 (921) 889-00-04, +7 (965) 203-09-90, +7 (918) 045-00-30;Дмитровское ш., 100, корп. 2, Москва;remontmsk.brturbo.ru , shop.brturbo.ru , brturbo.ru , brturbo-kuban.ru;55.883 37.550;gas
Моторы и комплектация, торговая компания;+7 (495) 509-75-67, +7 (499) 946-91-30, +7 (499) 720-72-25;+7 (903) 119-44-37;Дубнинская ул., 81, Москва;automotor.ru;55.891 37.556;gas
Итер, торговая компания;+7 (495) 518-66-55, +7 (495) 517-88-11;+7 (925) 518-66-55, +7 (905) 711-08-71, +7 (925) 517-88-11, +7 (926) 222-91-91;Дубнинская ул., 75Б, стр. 4, Москва;iter-msk.ru;55.884 37.555;gas
Ст техсервис, автотехцентр;+7 (495) 484-52-01, +7 (495) 484-41-00;+7 (903) 235-36-50, +7 (916) 649-90-65, +7 (977) 399-19-11, +7 (977) 399-19-13;Дубнинская ул., 79, стр. 8, Москва;stservis77.ru;55.889 37.555;gas
Автомаг, сеть магазинов автозапчастей;+7 (499) 200-12-52;;Абрамцевская ул., 1, Москва;amag.ru , club-avtomag.ru , agah.ru;55.893 37.573;gas
Турин-авто, торгово-сервисная компания;+7 (495) 972-01-63;+7 (926) 206-95-01;Илимская ул., 3Г, Москва;peugeot-parts.ru , turin-auto.ru , fiatparts.ru;55.889 37.574;gas
Кама авто, торговая компания;+7 (499) 209-42-92, +7 (495) 785-64-16, +7 (499) 209-42-33, +7 (499) 908-46-33, +7 (499) 908-23-20, +7 (499) 209-47-44;;Новгородская ул., 1, Москва;kama-auto.ru;55.889 37.579;gas
АвтоПрайд;+7 (495) 532-64-89;;Илимская ул., 1Б, стр. 1, Москва;avtoprayd.ru;55.889 37.572;gas
СейлПартс;+7 (499) 372-02-11;;Илимская ул., 3А, стр. 2, Москва;bikor-auto.ru;55.890 37.575;gas
Автозапчасти;;+7 (931) 275-20-00, +7 (926) 177-09-19;Инженерная ул., 18, корп. 2, Москва;tweb.link;55.881 37.578;gas
ДАР-Авто;+7 (495) 476-46-53;;Алтуфьевское ш., 81Б, Москва;dar-auto.ru , findpart.ru;55.888 37.585;gas
Спецтрак;;+7 (980) 217-63-50;Алтуфьевское ш., 79А, стр. 25, Москва;s-trak.ru;55.887 37.585;gas
Doroga-Plus;;+7 (995) 898-37-38, +7 (909) 675-76-01, +7 (926) 269-95-04, +7 (916) 912-98-18;Алтуфьевское ш., 79Д, Москва;doroga-plus.ru;55.888 37.585;gas
Кореякарс;;+7 (909) 970-79-99, +7 (916) 917-04-74, +7 (985) 878-34-96;Алтуфьевское ш., 79Д, Москва;koreacars.ru;55.888 37.585;gas
А-сервис;+7 (495) 162-00-83, +7 (495) 162-00-28;;Алтуфьевское ш., 81Б, Москва;алтсервис.рф;55.888 37.585;gas
Autodoc.ru, магазин автотоваров и запчастей;;+7 (929) 963-16-05;Высоковольтный пр., 1, корп. 1, Москва;autodoc.ru;55.874 37.589;gas
Корея шоп;+7 (495) 240-84-60, +7 (495) 240-83-09, +7 (495) 240-88-75, +7 (123) 123-12-12;;Высоковольтный пр., 1, корп. 3, Москва;koreashop.ru;55.873 37.592;gas
Демпинг Авто;+7 (495) 642-45-80;;Высоковольтный пр., 1, стр. 41, Москва;demping-auto.ru;55.874 37.594;gas
Авторадиус, автотехцентр;+7 (495) 902-00-06, +7 (499) 903-11-33;+7 (926) 956-16-65;Высоковольтный пр., 1, стр. 41, Москва;autoradius-svao.ru;55.874 37.594;gas
Технический центр BMW Yanis Grek;+7 (495) 767-65-00;;Высоковольтный пр., 1, стр. 29, Москва;yanisgrek.ru , bmwclub.ru;55.876 37.594;gas
ТехЦентр Вольво;;+7 (909) 699-91-90;ул. Римского-Корсакова, 15А, корп. 1, Москва;;55.878 37.609;gas
Эйрбартер-М;+7 (499) 322-00-95, +7 (812-74) 8-26-95, +7 (495) 648-67-95;;ул. Плещеева, 14Б, стр. 2, Москва;airbarter.com;55.884 37.612;gas
Автосервис и магазин автозапчастей Автоартис;;+7 (901) 256-88-31, +7 (926) 914-25-82, +7 (925) 324-82-37;Чермянский пр., 5, стр. 6, Москва;клиенты-для-автосервиса.рф , autoartis.ru , автоартис.рф;55.888 37.634;gas
Юми Авто;+7 (495) 363-72-60, +7 (495) 222-20-33;;Полярная ул., 31Б, Москва;юмиавто.рф;55.890 37.638;gas
Автосервис Turbo Union;+7 (495) 120-46-10;+7 (999) 000-97-70;Полярная ул., 31Б, Москва;турбо-юнион.рф;55.889 37.639;gas
УазПотребСоюз;;+7 (977) 788-20-78;Полярная ул., 35, Москва;uazps.com;55.889 37.645;gas
Автозапчасти 777;+7 (499) 390-49-93;;Енисейская ул., 39, Москва;autoparts777.ru;55.877 37.667;gas
MBTruck;+7 (495) 971-28-50, +7 (495) 517-11-71, +7 (495) 972-66-62;+7 (925) 517-11-71, +7 (901) 547-28-50;пр. Шокальского, 50А, Москва;mbtruck.ru;55.884 37.671;gas
Apex.ru;;+7 (999) 599-16-00;пр. Шокальского, 67, корп. 2, Москва;apex.ru;55.886 37.672;gas
Оскар авто, магазин автозапчастей;+7 (495) 648-52-96, +7 (495) 782-52-96;+7 (977) 335-79-27;Староватутинский пр., 5, стр. 3, Москва;oskaravto.ru;55.873 37.673;gas
Юнион моторс, техцентр;+7 (499) 702-32-57;;Широкая ул., 28, Москва;union-motors.ru;55.887 37.678;gas
BMW forsure, автосервис;+7 (495) 728-06-63, +7 (495) 799-86-26;+7 (926) 707-40-50;Осташковская ул., 14, корп. 1, стр. 1, Москва;forsure.ru;55.882 37.679;gas
Opel Lucky Car;;+7 (985) 999-40-59, +7 (901) 569-07-27;Тайнинская ул., 11, корп. 1, Москва;opelcar.ru;55.884 37.682;gas
Дортехконсалтинг, торговая компания;+7 (499) 760-48-90, +7 (499) 760-45-90, +7 (499) 760-47-90, +7 (499) 760-49-90, +7 (499) 760-46-90;;Челюскинская ул., 9, Москва;roadtechnics.com;55.883 37.705;gas
vtulka.ru, интернет-магазин автозапчастей;+7 (499) 707-15-57;+7 (906) 092-59-59, +7 (906) 092-89-89;Ярославское ш., 136, Москва;vtulka.ru;55.874 37.717;gas
Дастершоп77;+7 (495) 510-30-57;+7 (916) 369-00-04, +7 (916) 983-87-13;ул. Ротерта, 2, Москва;dustershop77.ru;55.873 37.724;gas
Рустурбо, компания по продаже турбокомпрессоров;+7 (495) 734-91-33, +7 (499) 213-04-18;+7 (985) 683-90-65;Вагоноремонтная ул., 10, Москва;rusturbo.ru;55.900 37.530;gas
Гранд Дизель, компания;+7 (495) 483-74-00;+7 (915) 439-06-17, +7 (985) 071-67-64, +7 (910) 450-45-75, +7 (906) 037-65-60;Лобненская ул., 21, стр. 5, Москва;granddiesel.ru , agentstvo-lider.ru;55.896 37.518;gas
Авто Взгляд;+7 (495) 510-75-79, +7 (495) 790-00-49;;Лобненская ул., 21, Москва;autorugs.ru;55.896 37.519;gas
Автопарт;;+7 (977) 396-01-96, +7 (925) 179-55-88, +7 (926) 395-12-20;МКАД, 80-й километр, 4, стр. 4, Москва;autopart.ooo;55.902 37.522;gas
Магазин автотоваров и автозапчастей;+7 (495) 649-69-30;+7 (916) 676-64-88;МКАД, 80-й километр, 4, стр. 3, Москва;truckdetal.ru;55.902 37.522;gas
Тракмир;+7 (495) 540-42-55;+7 (977) 510-02-55;Ижорская ул., 15, Москва;truckmir.ru;55.895 37.523;gas
Тормозные колодки;+7 (495) 784-84-35;;Дмитровское ш., 163, стр. 21, Москва;tormoznye-kolodki.ru;55.910 37.538;gas
Гараж 4x4;+7 (495) 969-60-04;+7 (903) 178-66-37, +7 (925) 877-55-44;Дмитровское ш., 163, стр. 21, Москва;garage4x4.ru;55.910 37.538;gas
Восток Групп;+7 (495) 483-21-33, +7 (495) 638-05-35;+7 (915) 057-34-84, +7 (929) 959-39-16;Дмитровское ш., 163, стр. 21, Москва;autodieselparts.ru;55.910 37.538;gas
Антриб, автосервис;+7 (499) 922-49-02;+7 (925) 686-03-08;Дмитровское ш., 163, стр. 21, Москва;service-mercedes.ru , antrib.ru;55.910 37.538;gas
ЕвроТракСервис;+7 (499) 520-20-02;+7 (968) 692-57-33;Дмитровское ш., 163, стр. 1, Москва;e-trucks.ru;55.911 37.538;gas
Детва;+7 (495) 540-52-64, +7 (495) 646-00-53, +7 (495) 215-12-97, +7 (495) 485-30-71;;Дмитровское ш., 163, стр. 1, Москва;detva.ru;55.911 37.538;gas
Легион-Трак;+7 (499) 322-11-48;+7 (905) 772-82-64;Дмитровское ш., 157, стр. 15, Москва;legion-truck.ru;55.899 37.539;gas
Близнецы, магазин автозапчастей;;+7 (925) 125-35-67, +7 (906) 046-09-19;Дмитровское ш., 159Г, стр. 1, Москва;bliznecy.com;55.906 37.541;gas
Камавтоцентр, компания;+7 (495) 445-97-67, +7 (495) 485-97-67, +7 (8312) 60-13-00;+7 (980) 337-69-25, +7 (962) 916-97-67;Дмитровское ш., 163, стр. 8, Москва;kamavtocentr.ru;55.911 37.541;gas
Детали машин ГАЗ;+7 (495) 741-66-99, +7 (495) 550-30-44;;Дмитровское ш., 159Г, стр. 3, Москва;azgaz.ru;55.906 37.542;gas
Орех, компания по продаже автозапчастей и услуг для грузовиков;+7 (495) 744-70-47, +7 (495) 484-41-27;;Дмитровское ш., 159Г, стр. 3, Москва;opex.ru;55.906 37.542;gas
Фаттура;+7 (495) 133-98-11;;Дмитровское ш., 163А, корп. 2, Москва;autoallianse.com;55.912 37.542;gas
Моторные масла;+7 (495) 925-00-48, +7 (495) 483-06-48, +7 (495) 484-31-02, +7 (495) 191-86-12;+7 (926) 863-94-48;Дмитровское ш., 149, Москва;alena-oil.ru;55.894 37.542;gas
Экслтрейд, офис;+7 (495) 129-01-84, +7 (499) 460-73-40, +7 (495) 662-47-27;;Дмитровское ш., 163А, корп. 2, Москва;acceltrade.ru;55.912 37.543;gas
Vernum Auto;+7 (499) 649-85-50, +7 (499) 648-95-31, +7 (499) 648-95-62;;Лианозовский пр., 14, стр. 1, Москва;promo.vernum-auto.ru;55.901 37.545;gas
Акпарт, компания по продаже запчастей для дизельных двигателей;+7 (499) 398-02-81;+7 (926) 304-27-11, +7 (916) 438-35-78, +7 (926) 539-03-80;Дубнинская ул., 83А, Москва;akpart.ru;55.892 37.553;gas
Oem-zap.ru;+7 (499) 444-39-46, +7 (499) 348-18-64, +7 (495) 666-56-18, +7 (499) 490-61-03, +7 (495) 902-52-54;;Дубнинская ул., 83А, стр. 3, Москва;oem-zap.ru , oem-zap.su;55.893 37.554;gas
Флагман-Авто;+7 (499) 702-49-92;+7 (925) 570-07-50;Дубнинская ул., 83, стр. 2, Москва;flagman-avto.ru , flagmanavto.haval.ru;55.893 37.556;gas
Автозапчасти и ремонт корейских автомобилей Oem-zap;+7 (499) 113-72-88, +7 (499) 444-39-42, +7 (499) 110-37-25, +7 (495) 790-18-80, +7 (499) 110-38-74;+7 (926) 457-79-99, +7 (926) 666-56-18, +7 (926) 291-91-65;Дубнинская ул., 50Б, стр. 1, Москва;oem-zap.ru , remont-korejskih-avtomobilej.ru , oem-zap.su;55.895 37.558;gas
Запчасти Volvo и SAAB;+7 (499) 909-42-20;+7 (968) 909-42-22;Абрамцевская ул., 4, корп. 2, Москва;volvoandsaab.ru;55.893 37.574;gas
Viva motors, автотехцентр;+7 (495) 260-18-00;+7 (916) 918-34-54;Абрамцевская ул., 30, стр. 4, Москва;viva-motors.ru;55.908 37.577;gas
Магазин Доктор Бенц в Бибирево;+7 (495) 589-47-46;+7 (985) 957-29-64;ул. Конёнкова, 19, Москва;drbenz.ru;55.894 37.610;gas
Гидраматик;+7 (495) 979-43-75;+7 (916) 531-52-36, +7 (910) 499-11-00;Белозерская ул., 10, Москва;hydramatic.ru;55.897 37.613;gas
Мос-кор;;+7 (919) 995-73-28, +7 (926) 871-55-12, +7 (916) 477-10-33;Полярная ул., вл39Бс1, Москва;mos-kor.ru;55.893 37.640;gas
АвтоДин;+7 (495) 127-31-73, +7 (495) 775-44-00;;Полярная ул., 41, Москва;avtodin.su , avtodin.ru;55.895 37.644;gas
Ремонт BMW;;+7 (985) 159-29-71;Дмитровское ш., 163, стр. 5, Москва;rbmw.ru;55.912 37.540;gas
АвтоТракОпт;+7 (495) 660-24-53;;Дмитровское ш., 163, стр. 6, Москва;autoopt.ru;55.912 37.541;gas
BMW-F.ru, магазин автозапчастей;+7 (499) 348-88-56;+7 (985) 429-63-77, +7 (903) 256-81-60;Ленинградское ш., 195, Москва;eurobyte.ru , bmw-f.ru;55.933 37.373;gas
Redcar, интернет-магазин запчастей;+7 (499) 992-67-88;;Чечёрский пр., 100, Москва;redcar.pro;55.531 37.518;gas
Запчасти-а.ру, интернет-магазин;;+7 (915) 141-21-46, +7 (977) 343-23-40;ул. Газопровод, 4Б, Москва;ressora.center , zapchasti-a.ru;55.588 37.608;gas
Автомагазин;;+7 (995) 333-97-02;7-я Кожуховская ул., 9, Москва;autoshop5.ru;55.711 37.676;gas
Tuning-parts.ru;;+7 (985) 740-45-45, +7 (925) 444-20-05;просп. Мира, 116Б, Москва;tuning-parts.ru;55.810 37.639;gas
Ааа Траксервис;+7 (495) 151-22-66, +7 (495) 777-77-36, +7 (495) 514-05-69, +7 (495) 152-11-99;;ул. Василия Петушкова, 3, стр. 1, Москва;aaa-ts.ru , man-ts.ru;55.835 37.403;gas
Автостарт;;+7 (930) 333-75-98, +7 (977) 677-88-86;Россия, Москва, поселение Внуковское, улица Лётчика Ульянина, 5;avszap.ru;55.626 37.308;gas
Автогрупп;+7 (499) 999-01-65;;ул. Героя России Соломатина, 6, корп. 10, посёлок завода Мосрентген;autogroup.pro;55.618 37.471;gas
Автопанлайф;;+7 (916) 782-02-95, +7 (915) 390-83-60;Россия, Москва, поселение Первомайское, квартал № 109, 3, стр. 1;avtopanlife.ru , avtopanlif.ru;55.512 37.286;gas
КупиБампер.ру, автотехцентр;+7 (495) 226-73-72;+7 (926) 902-03-22, +7 (916) 226-73-72, +7 (926) 246-14-23;1-й Дорожный пр., 7, стр. 1, Москва;kupibamper.ru;55.615 37.623;gas
Мобайл Кар;+7 (708) 178-78-36, +7 (495) 788-58-00, +7 (8622) 59-56-98, +7 (495) 788-52-45;+7 (937) 095-48-95, +7 (938) 496-63-03, +7 (926) 910-87-37, +7 (977) 886-02-77, +7 (937) 531-61-56, +7 (916) 651-90-09, +7 (909) 468-06-30;МКАД, 78-й километр, 14, корп. 1, Москва;mobile-cars.ru , golf-car.ru;55.893 37.501;gas
Auto-go.ru;;+7 (958) 564-36-41;Кронштадтский бул., 35Б, Москва;auto-go.ru;55.848 37.504;gas
Kiwi motors, компания;+7 (343) 247-81-34, +7 (8482) 65-00-67, +7 (473) 300-31-73, +7 (8632) 04-25-89, +7 (495) 374-95-97, +7 (812) 603-43-97, +7 (4852) 60-90-96;+7 (921) 468-61-09, +7 (931) 009-63-04;ш. Энтузиастов, 2, Москва;kiwimotors.ru , marabar.ru;55.747 37.690;gas
Автогран;+7 (495) 738-00-01, +7 (495) 738-00-11, +7 (495) 738-01-00;;ул. Авиаторов, 7, Москва;autogran.ru;55.641 37.403;gas
Авто Z;+7 (4852) 42-34-10, +7 (499) 724-57-51, +7 (496-57) 1-15-95, +7 (496-57) 1-09-77;;Щёлковское ш., 29, Москва;auto-z.ru;55.810 37.781;gas
