ДомНаБис;+7 (495) 796-67-66;+7 (925) 708-34-94;Каширское ш., вл63к1, Москва;domnabis.ru;55.607 37.720;museum
Солнцево, галерея;+7 (495) 699-78-96, +7 (495) 439-51-80, +7 (495) 435-66-24, +7 (495) 699-78-79;;ул. Богданова, 44, Москва;solncevo.vzmoscow.ru , vzmoscow.ru;55.651 37.396;museum
Художественная галерея Сергея Молоденкова;+7 (495) 249-00-68;+7 (916) 691-35-85;Москва, поселение Московский, Киевское шоссе, 22-й километр, 4с1кА;molodenkov-gallery.ru;55.635 37.438;museum
DeMakso;;+7 (929) 765-77-55, +7 (927) 373-63-33;Москва, поселение Московский, Киевское шоссе, 22-й километр, 4с1кА;demakso.ru;55.635 37.438;museum
Изопарк;+7 (495) 336-97-13;;ул. Академика Арцимовича, 22/19, Москва;izopark.ru;55.639 37.511;museum
Беляево, художественная галерея;+7 (495) 335-83-22, +7 (499) 793-41-21;;Профсоюзная ул., 100, Москва;belyaevo.vzmoscow.ru , vzmoscow.ru;55.645 37.526;museum
Nikolskaya gallery, галерея;+7 (495) 774-29-36;+7 (903) 611-70-73;ул. Бутлерова, 17, Москва;popupmuseum.ru , nikolskayagallery.com;55.650 37.540;museum
Чертаново, галерея;+7 (495) 312-80-00;;проезд Сумской, 6а;centerkis.ru;55.636 37.610;museum
Gm art gallery;+7 (495) 145-30-38, +7 (495) 922-34-15;+7 (916) 624-14-18, +7 (916) 085-31-11;МКАД, 47-й километр, вл31с1, Москва;gmgallery.net , gmartgallery.ru;55.659 37.431;museum
Центр современного искусства;+7 (499) 400-02-48, +7 (499) 245-03-10, +7 (499) 702-41-41;;просп. Вернадского, 88, Москва;mpgu.su;55.658 37.477;museum
Good art;+7 (495) 760-74-11;;Каширское ш., 14, Москва;artbulvar.com;55.665 37.626;museum
Сытный двор;+7 (499) 614-82-98, +7 (499) 615-27-71, +7 (499) 615-27-68, +7 (499) 615-37-24, +7 (499) 165-09-72, +7 (499) 615-51-96, +7 (499) 165-13-36, +7 (499) 165-12-36, +7 (499) 612-52-17;+7 (910) 430-83-82, +7 (977) 955-23-79;просп. Андропова, 39, стр. 3А, Москва;mgomz.ru;55.667 37.669;museum
Выставочный зал;;+7 (906) 526-16-07;ул. Кржижановского, 3, Москва;nugabest.ru;55.683 37.562;museum
Kibart;;+7 (967) 032-28-74, +7 (985) 333-66-89;просп. Андропова, 22, Москва;kibart.ru;55.683 37.662;museum
Галерея Eurasium Евразиум;+7 (495) 118-22-21;+7 (925) 022-33-02;просп. Андропова, 17, корп. 1, Москва;artcurators.ru;55.684 37.667;museum
Музей развития электрических сетей Московского региона;+7 (383) 974-25-49, +7 (495) 662-40-70;+7 (916) 942-02-58;ул. Вавилова, 7Б, Москва;museum.rossetimr.ru;55.705 37.587;museum
Аукционный дом Даев 33, галерея искусств;;+7 (916) 119-13-72, +7 (916) 119-13-73, +7 (916) 119-69-25;3-й Донской пр., 1, Москва;daev-33-gallery.ru;55.711 37.599;museum
Art-grigor Gallery;;+7 (926) 471-52-05;7-я Кожуховская ул., 9, Москва;art-grigor.ucoz.com;55.710 37.675;museum
Галерея Леа;+7 (499) 704-44-88;+7 (920) 901-60-00;к3, Западный административный округ, район Очаково-Матвеевское, жилой комплекс Городские резиденции Спайрс, Москва;artgallery-lea.ru;55.717 37.475;museum
Галерея Валентина Рябова;+7 (495) 795-67-72;+7 (903) 795-67-72;Минская ул., 1Г, корп. 1, Москва;ryabovexpo.ru;55.713 37.501;museum
Венгерский культурный центр, г. Москва;+7 (495) 691-37-47, +7 (495) 691-31-34;;Мосфильмовская ул., 62, Москва;huncult.ru;55.716 37.514;museum
Российская академия Искусств;+7 (495) 229-63-51, +7 (495) 229-63-52;+7 (909) 674-57-99;3-я Фрунзенская ул., 19, Москва;aris-art.ru;55.723 37.572;museum
Росстройэкспо;+7 (495) 781-79-63;+7 (905) 501-16-76, +7 (916) 064-83-68;Фрунзенская наб., 30, стр. 14, Москва;rse.ru;55.723 37.586;museum
На Шаболовке, галерея;+7 (495) 954-96-60, +7 (495) 954-30-09;;ул. Серпуховский Вал, 24, корп. 2, Москва;shabolovka.vzmoscow.ru , avantgarde.center , nashabolovke-gallery.com , vzmoscow.ru;55.713 37.610;museum
Художественная галерея абстрактного искусства;+7 (499) 125-37-27;+7 (903) 549-24-45, +7 (906) 092-00-33;Люсиновская ул., 72, Москва;cuper-art.ru;55.714 37.621;museum
Галерея Люмьер, галерея фотографии;+7 (499) 230-39-42;+7 (903) 795-17-55, +7 (906) 784-24-49, +7 (903) 622-77-69;ул. Большая Полянка, 61, стр. 1, Москва;lumiere.ru , bookshop.lumiere.ru;55.731 37.622;museum
Галерея Квад Файн А.;;+7 (916) 926-82-10;6-й Монетчиковский пер., 19, Москва;quadfineart.ru;55.732 37.633;museum
HSE Art Gallery, галерея;+7 (495) 772-95-90, +7 (495) 621-87-11;+7 (903) 144-20-32, +7 (926) 279-69-14, +7 (916) 170-98-03, +7 (926) 726-50-80, +7 (985) 883-84-46, +7 (925) 567-74-70, +7 (916) 640-39-04;Малая Пионерская ул., 12, Москва;design.hse.ru , art.hse.ru;55.729 37.636;museum
Ирри;;+7 (926) 403-78-87;Дербеневская наб., 7, стр. 31, Москва;irriloft.ru;55.723 37.651;museum
Музей Ратной Истории г. Москвы;;+7 (925) 209-02-82, +7 (926) 669-63-82, +7 (925) 309-35-09;Крутицкая ул., 17, стр. 2, Москва;castle.moscow;55.728 37.658;museum
Дверсаль;+7 (495) 923-85-00;+7 (977) 776-08-87;Волгоградский просп., 32, корп. 8, Москва;dvers-all.ru;55.724 37.689;museum
Картинная галерея Арт салон Августо Бруно;;+7 (903) 968-01-95;Бережковская наб., 2, Москва;artsalonbruno.com;55.742 37.568;museum
Frangulyan Gallery;;+7 (919) 990-05-05;Погодинская ул., 2, Москва;frangulyanstudio.com;55.735 37.572;museum
Booroom;+7 (495) 967-20-51;;Ростовская наб., 5, Москва;booroomgallery.com;55.743 37.575;museum
Фонд ruarts, галерея современного искусства;+7 (495) 664-33-12;;Трубниковский пер., 6, Москва;ruarts.foundation;55.751 37.587;museum
В этом доме жила и работала скульптор А.С. Голубкина с 1910 по 1927 г.;+7 (495) 957-07-27;;Большой Лёвшинский пер., 12, стр. 1, Москва;tretyakovgallery.ru , tretyakov.ru;55.742 37.586;museum
Money Gallery;;+7 (903) 717-06-97, +7 (915) 302-01-30;Денежный пер., 18, Москва;gallery.money;55.745 37.587;museum
Comedy Gallery;;+7 (908) 472-05-76, +7 (915) 456-99-41;Малый Лёвшинский пер., 7, стр. 1, Москва;comedy-gallery.com;55.742 37.589;museum
Галерея Саркисян, художественная мастерская;+7 (495) 796-10-36, +7 (495) 796-53-53;;ул. Пречистенка, 30/2, Москва;sarkissian.ru;55.741 37.592;museum
Арт-коминтерн, галерея;+7 (495) 724-56-31, +7 (495) 933-51-78;+7 (901) 510-66-93;улица Пречистенка, 30/2;artkomintern.ru;55.741 37.592;museum
Арт Панорама;+7 (495) 509-83-86;+7 (903) 509-83-86;ул. Пречистенка, 30/2, Москва;artpanorama.su;55.741 37.592;museum
Русское искусство, галерея;;+7 (915) 488-70-15, +7 (906) 741-05-05;ул. Пречистенка, 30/2, Москва;rusart-gallery.ru;55.741 37.592;museum
Артефакт, салон-галерея;+7 (495) 609-93-93;;ул. Пречистенка, 30/2, Москва;artefact-gallery.ru;55.741 37.592;museum
Alina Pinsky Gallery;;+7 (963) 635-38-10, +7 (967) 272-88-47;ул. Пречистенка, 28, Москва;alinapinskygallery.com;55.742 37.593;museum
Акант;;+7 (985) 233-69-03, +7 (985) 309-46-62;ул. Пречистенка, 30/2, Москва;zolotoe-sechenie.ru;55.741 37.592;museum
Русь-Арт&Галерея24;;+7 (916) 195-85-46, +7 (925) 514-42-24, +7 (985) 410-25-01;ул. Пречистенка, 30/2, Москва;gallery24rusart.ru;55.741 37.592;museum
Коллекцiонеръ клуб;+7 (495) 648-62-42;;ул. Пречистенка, 30/2, Москва;collectart.ru;55.741 37.592;museum
Кадуцей;;+7 (967) 161-44-40;ул. Арбат, 24, Москва;arbat24expo.ru;55.750 37.592;museum
Иконотека А. Н. Овчинникова;+7 (499) 265-76-72, +7 (499) 763-37-29, +7 (499) 763-37-40;;Пречистенский пер., 5А, Москва;grabar.ru;55.743 37.594;museum
Omelchenko Gallery;;+7 (910) 488-63-47, +7 (965) 291-22-20, +7 (963) 751-67-25;Староконюшенный пер., 32, Москва;omelchenkogallery.com;55.749 37.595;museum
Арт-Экспорт;+7 (495) 018-58-40;+7 (915) 359-43-95, +7 (916) 697-78-12;Померанцев пер., 3, Москва;art-export.ru;55.738 37.594;museum
Галерея Всекохудожник;;+7 (916) 650-22-15;Фрунзенская наб., 10, Москва;vsekohudozhnik.ru;55.733 37.595;museum
Lumas;+7 (495) 692-82-82;;Староконюшенный пер., 5/14, Москва, Россия;lumas.com;55.745 37.595;museum
Smirnovgallery;;+7 (964) 557-96-19;ул. Крымский Вал, 8, Москва;smirnovgallery.ru;55.747 37.596;museum
Ruarts, галерея актуального искусства;+7 (495) 637-74-81, +7 (495) 637-44-75;;1-й Зачатьевский пер., 10, Москва;ruarts.gallery;55.741 37.601;museum
Gartallery, галерея;;+7 (968) 373-24-04;Курсовой пер., 10/1, Москва;gartallery.art;55.740 37.605;museum
Центр искусств Москва;+7 (495) 989-95-61;;ул. Волхонка, 15, Москва;artcentre.moscow;55.744 37.604;museum
In Artibus foundation;+7 (495) 640-02-49;;Пречистенская наб., 17-19, Москва;inartibus.org;55.740 37.605;museum
ГМИИ имени Пушкина, Галерея искусства стран Европы и Америки XIX – XX веков;+7 (495) 697-46-74, +7 (495) 697-74-12, +7 (495) 609-56-65, +7 (495) 609-95-20, +7 (495) 609-56-21, +7 (495) 609-56-68, +7 (495) 697-92-96, +7 (495) 695-83-46, +7 (495) 697-95-78, +7 (495) 697-69-74;+7 (985) 350-21-40;ул. Волхонка, 14, стр. 6, Москва;pushkinmuseum.art;55.747 37.605;museum
Lumiere Hall;;+7 (999) 877-10-78, +7 (999) 222-20-00;Берсеневский пер., 2, стр. 1, Москва;lumierehall.ru;55.741 37.610;museum
Выставка Ван Г.;;+7 (989) 984-70-13, +7 (915) 268-22-36;Болотная наб., 3, стр. 3, Москва;;55.740 37.610;museum
The Great Hall Yakimanka;+7 (495) 090-95-95, +7 (499) 385-99-99;+7 (916) 000-37-77;ул. Большая Якиманка, 15, Москва;thegreathallyakimanka.com;55.738 37.616;museum
Выставка Алмазный фонд Гохрана России;+7 (499) 148-91-73, +7 (499) 249-88-15, +7 (495) 629-20-36;+7 (915) 171-83-63;Кремлёвская наб., 1, стр. 3, Москва;gokhran.ru , tickets.gokhran.ru;55.750 37.614;museum
Iragui Gallery, галерея современного искусство;+7 (495) 978-32-13;;ул. Малая Полянка, 7, стр. 5, Москва;iragui.com;55.735 37.617;museum
Альбион Галерея;+7 (495) 951-90-29, +7 (495) 792-54-40;+7 (903) 763-36-46, +7 (903) 741-49-43, +7 (968) 409-72-20;Малый Толмачёвский пер., 8, стр. 2, Москва;albiongallery.ru , antik.msk.ru;55.742 37.619;museum
Государственная Третьяковская галерея Отдел рукописей;+7 (495) 957-07-48, +7 (495) 953-28-98;;Лаврушинский пер., 4, стр. 1, Москва;tretyakovgallery.ru;55.743 37.620;museum
Редакционно-издательский отдел государственной Третьяковской галереи;+7 (495) 953-66-07;;Лаврушинский пер., 3/8с2, Москва;tretyakovgallery.ru;55.744 37.621;museum
Крокин, галерея современного искусства;;+7 (964) 564-03-03;Климентовский пер., 9/1, Москва;krokingallery.ru , krokingallery.com;55.741 37.626;museum
Сцена, галерея современного искусства;;+7 (916) 202-16-13, +7 (965) 190-13-31;Пятницкая ул., 42, Москва;szena-gallery.com;55.738 37.628;museum
Ледяная пещера;+7 (495) 531-05-35, +7 (495) 531-05-00;;ул. Варварка, 6/5, Москва;zaryadyepark.ru;55.752 37.629;museum
Медиацентр;+7 (495) 531-05-26;;ул. Варварка, 6, стр. 1, Москва;zaryadyepark.ru;55.751 37.627;museum
Галерея Громовой;;+7 (915) 424-29-34;Большой Овчинниковский пер., 24, стр. 1, Москва;elenagromova.com;55.744 37.629;museum
Галерея-мастерская художника Лизунова П.;;+7 (926) 748-17-50;Пятницкая ул., 43, стр. 3, Москва;petrlizunov.com;55.737 37.629;museum
Арт.Ру, художественное агентство;;+7 (977) 807-97-20;Озерковская наб., 26, Москва;agencyart.ru;55.740 37.637;museum
tArt studio;+7 (495) 260-11-07;;Малый Дровяной пер., 6, Москва;s-tart.ru;55.746 37.658;museum
Выставочный зал Сахаровского центра;+7 (495) 623-44-01;;ул. Земляной Вал, 57, стр. 5, Москва;sakharov-center.ru;55.751 37.658;museum
Галерея Ханхалаев;+7 (499) 408-23-24;;Нижняя Сыромятническая ул., 10, стр. 3, Москва;khankhalaev.com;55.751 37.670;museum
Автокомплекс;+7 (495) 223-42-14, +7 (495) 223-42-17;+7 (916) 822-47-03;Международная ул., 16, Москва;autocomplex.net;55.745 37.685;museum
Музей русского лубка и наивного искусства;+7 (495) 608-52-21, +7 (495) 608-51-83, +7 (495) 608-57-98, +7 (495) 301-03-48;;Союзный просп., 15А, Москва;naive-museum.ru;55.750 37.813;museum
Крылатский орнамент, клуб-галерея;+7 (495) 415-65-04, +7 (495) 412-35-16, +7 (495) 415-17-33;+7 (916) 802-11-33;ул. Крылатские Холмы, 26, корп. 2, Москва;tkskuncevo.ru;55.764 37.417;museum
Музей истории АО Государственного космического научно-производственного центра имени М.В. Хруничева;+7 (499) 749-83-39;;Новозаводская ул., 18, корп. 1, Москва;khrunichevmuseum.tilda.ws;55.753 37.493;museum
Международная галерея фотографии YellowKorner;;+7 (921) 943-28-73, +7 (925) 483-24-21;Шелепихинская наб., 34, корп. 2, Москва;ykgallery.ru;55.763 37.509;museum
Выставки Qlm. управление качеством жизни;+7 (499) 130-36-76, +7 (495) 745-24-81;;Краснопресненская наб., 12, Москва;qlmexpo.ru;55.754 37.556;museum
Галерея Who i Am Gallery;;+7 (925) 337-37-37;Столярный пер., 3, корп. 13, Москва;who-iam.com;55.764 37.568;museum
Art Design Human Studio;;+7 (985) 745-57-22;Столярный пер., 3, корп. 13, Москва;artdesignhuman.com;55.764 37.568;museum
Altmans gallery, арт-бутик эстампов;+7 (495) 797-20-77, +7 (495) 287-36-60;+7 (909) 995-34-35;Новинский бул., 31, Москва;altmansgallery.com;55.758 37.582;museum
Дом-музей Ф.И. Шаляпина;+7 (495) 605-65-15;;Новинский бул., 25-27к3с5, Москва;music-museum.ru;55.756 37.583;museum
Askeri Gallery;+7 (499) 518-03-44;;Поварская ул., 31/29, Москва;askerigallery.com;55.757 37.587;museum
Hyundai motorstudio;+7 (495) 662-11-80;;ул. Новый Арбат, 21, стр. 1, Москва;hyundai.ru;55.752 37.585;museum
Ковчег, галерея;;+7 (925) 710-05-93, +7 (960) 111-77-76;Трубниковский пер., 22, стр. 2, Москва;kovcheg-art.ru , we-can.ru;55.754 37.587;museum
Дом на Брестской;+7 (495) 620-29-70, +7 (495) 356-20-56, +7 (495) 530-60-77, +7 (495) 356-20-20, +7 (499) 250-35-82, +7 (495) 957-99-11, +7 (495) 356-93-40, +7 (499) 240-03-12, +7 (499) 401-01-01, +7 (499) 250-95-72;;2-я Брестская ул., 6, Москва;dgp.mos.ru , stroimprosto-msk.ru , msi.mos.ru , mke.mos.ru , dom6.mos.ru , stroi.mos.ru , mka.mos.ru , stroinadzor.mos.ru;55.771 37.591;museum
Галерея Флор и Лавр;;+7 (926) 123-62-87, +7 (926) 180-30-84;Гранатный пер., 3, стр. 2, Москва;floretlavr.com;55.759 37.593;museum
Галеев Галерея;+7 (495) 699-83-83, +7 (495) 699-85-50;;Большой Козихинский пер., 19/6с1, Москва;ggallery.ru;55.764 37.595;museum
Галерея коллекционного дизайна Mirra;+7 (495) 152-06-00;;ул. Спиридоновка, 3-5, Москва;mirragallery.com , mirragallery.ru;55.759 37.595;museum
Пан-дан, галерея;+7 (495) 785-16-88;+7 (915) 039-94-26;Тверской бул., 13, стр. 1, Москва;pan-dan.ru;55.760 37.600;museum
Art4, музей;+7 (499) 136-56-56;;Хлыновский тупик, 4, Москва;art4.ru;55.758 37.603;museum
Галерея Светланы Сажиной;+7 (495) 692-24-52;+7 (916) 600-56-65;Брюсов пер., 17, Москва;artsazhina.com;55.760 37.608;museum
Галерея Аукционного дома Bingyol’s;;+7 (901) 222-18-18, +7 (965) 222-48-48;Романов пер., 4, стр. 2, Москва;bingyolsartacademy.com;55.755 37.610;museum
Surround Art Gallery;;+7 (968) 966-88-86;Романов пер., 2/6с13, Москва;surroundart.ru;55.754 37.610;museum
Redgallery Moscow;;+7 (903) 162-55-57;Россия, Москва, Красная площадь;gallery-red.com;55.753 37.623;museum
Ottepel Gallery - Арт-проект;+7 (495) 729-97-88;+7 (903) 729-97-88, +7 (999) 861-63-85;Россия, Москва, Красная площадь;ottepel.gallery;55.753 37.623;museum
Artvoice Online;;+7 (919) 771-86-71;Россия, Москва, Красная площадь;artvoice.online;55.754 37.621;museum
Azot, галерея современного искусства, Поиск новых компаний за последний месяц на export-base.ru;;+7 (977) 167-55-17, +7 (926) 393-00-91;Тверская ул., 3, Москва;azotgallery.ru , artzot.ru;55.757 37.612;museum
Gallery Fedini;;+7 (926) 593-86-56;ул. Петровка, 28, Москва;galleryfedini.art;55.768 37.614;museum
30/7 Gallery;+7 (499) 113-07-00;+7 (903) 230-73-07;ул. Петровка, 30/7, Москва;30x7.ru;55.768 37.615;museum
Галерея современного декоративно-прикладного искусства;;+7 (915) 238-64-97;Петровский бул., 9, стр. 2, Москва;;55.769 37.615;museum
Carre d`artistes Moscow, картинная галерея;+7 (495) 625-35-04;+7 (977) 600-78-10;ул. Петровка, 17, стр. 1, Москва;carredartistesmoscow.ru;55.765 37.617;museum
ГУМ-Red-Line;+7 (495) 620-33-89;+7 (925) 166-66-54;Красная площадь, 3, Москва;gum-red-line-2020.com , gum-red-line.ru;55.755 37.620;museum
Ветошный холл, выставочный зал;;+7 (969) 280-33-44;Ветошный пер., 13, Москва;vetoshnyhall.ru;55.755 37.622;museum
Выставочный зал Московского союза художников;+7 (495) 624-79-35, +7 (495) 690-64-63, +7 (495) 624-79-52;;ул. Кузнецкий Мост, 20/6/9с1, Москва;artanum.ru;55.762 37.624;museum
Веллум;;+7 (985) 776-33-31;Хрустальный пер., 1, Москва;vellum.ru , vellum.taplink.ws;55.753 37.625;museum
Кардашиди-арт;;+7 (925) 772-31-17, +7 (985) 999-37-88;ул. Ильинка, 4, Москва;kardashidi-art.ru;55.754 37.626;museum
Шатер;+7 (495) 540-88-08, +7 (495) 648-17-77, +7 (495) 648-13-33, +7 (495) 540-88-07;;ул. Ильинка, 4, Москва;tdshater.ru;55.755 37.626;museum
Первая Московская галерея восточной живописи;;+7 (985) 307-66-13, +7 (985) 393-13-60;Малый Кисельный пер., 3, стр. 2, Москва;mos.gallery;55.765 37.626;museum
My magic painting;;+7 (966) 348-30-64;ул. Варварка, 3, Москва;mymagicpainting.com;55.753 37.626;museum
Арт-трофи, галерея;;+7 (985) 948-89-31;Рыбников пер., 2, Москва;nic.ru;55.767 37.632;museum
Мастерская на Кулишках, творческий центр;+7 (495) 623-46-37;+7 (965) 147-39-23;Большой Спасоглинищевский пер., 3, стр. 5, Москва;nakulishkah.ru;55.757 37.635;museum
Коносьеръ;+7 (495) 623-58-23, +7 (495) 623-10-29, +7 (495) 623-10-92;+7 (903) 764-26-84, +7 (905) 509-16-49;Банковский пер., 2/5, Москва;connaisseur.ru;55.762 37.635;museum
Nadja Brykina Gallery;;+7 (925) 204-22-47;Мясницкая ул., вл24/7с2, Москва;brykina.com;55.764 37.636;museum
ГРАУНД Солянка;+7 (495) 621-63-32;;ул. Солянка, 1/2с2, Москва;solyanka.org;55.755 37.638;museum
Мемориальный музей-квартира художника А.М. Васнецова;+7 (495) 608-90-45, +7 (495) 951-36-66;;Фурманный пер., 6, Москва;tretyakovgallery.ru;55.764 37.649;museum
Картинная галерея Марины Домаревой;;+7 (926) 033-80-24;ул. Покровка, 31, стр. 1Г, Москва;domareva.ru;55.761 37.649;museum
Галерея Квартира S;;+7 (916) 075-62-33, +7 (925) 113-40-17;Нижняя Сыромятническая ул., 10, стр. 9, Москва;kvartiras.com;55.753 37.667;museum
JJDavies Gallerie;+7 (495) 917-37-62;+7 (926) 580-21-03;Лялин пер., 24-26с2, Москва;artnaive.ru;55.757 37.653;museum
Гайдаровец, дом культуры;+7 (495) 953-22-72, +7 (495) 916-12-87, +7 (495) 953-03-50, +7 (495) 916-13-13, +7 (495) 917-83-19;+7 (916) 455-14-31;ул. Земляной Вал, 27, стр. 3, Москва;okccao.ru , дкгк.рф , dk-gaydarovets.timepad.ru , gaidarovec.art;55.759 37.659;museum
Artrium;;+7 (985) 430-30-40;ул. Земляной Вал, 33, Москва;artriummoscow.com;55.757 37.659;museum
In Art;+7 (495) 775-87-06, +7 (495) 978-88-40;;4-й Сыромятнический пер., 1/8с6, Москва;gallery-21.ru , popoffart.com , xlgallery.ru , glazgallery.com;55.755 37.664;museum
Vs unio, художественная галерея;+7 (495) 601-95-36;;Нижний Сусальный пер., 5, стр. 5А, Москва;vsunio.com;55.760 37.664;museum
Галерея Тотибадзе;;+7 (905) 707-78-84;4-й Сыромятнический пер., 1/8с9, Москва;totibadzegallery.ru;55.756 37.666;museum
Bis Art Gallery;;+7 (977) 925-02-34, +7 (925) 771-09-95;4-й Сыромятнический пер., 1/8с8, Москва;bisartgallery.com;55.756 37.665;museum
Музей эмоций;+7 (812-71) 5-12-35;+7 (995) 887-77-88;Нижний Сусальный пер., 5, стр. 18, Москва;museumofemotions.ru;55.759 37.665;museum
Галерея pop/off/art;;+7 (958) 631-17-50, +7 (916) 709-86-82, +7 (965) 359-09-67, +7 (921) 336-33-36, +7 (964) 789-83-81;4-й Сыромятнический пер., 1/8с9, Москва;popoffart.com;55.756 37.666;museum
AG Art Gallery;;+7 (903) 751-31-16, +7 (903) 287-96-37, +7 (903) 728-04-21;4-й Сыромятнический пер., 1/8с9, Москва;ag-artgallery.com;55.756 37.666;museum
Triangle;;+7 (901) 752-43-65;4-й Сыромятнический пер., 1/8с9, Москва;gallerytriangle.com;55.756 37.666;museum
11. 12;+7 (405) 014-00-00, +7 (495) 940-64-71;+7 (985) 211-07-46;4-й Сыромятнический пер., 1/8с9, Москва;11-12gallery.com;55.756 37.666;museum
Галерея Файн А.;;+7 (965) 198-66-18, +7 (915) 236-31-15, +7 (903) 798-81-62;4-й Сыромятнический пер., 1/8с9, Москва;galleryfineart.ru;55.756 37.666;museum
Rasa-Art;;+7 (916) 282-12-22, +7 (916) 280-70-80;Нижняя Сыромятническая ул., 5, стр. 3А, Москва;rasa-art.ru;55.754 37.669;museum
Творческие мастерские Лорие;+7 (499) 271-28-89;+7 (919) 100-33-35;Токмаков пер., 21/2с1, Москва;gallery-lorie.ru;55.765 37.671;museum
Арт-парк;+7 (499) 166-61-19;;Московский просп., с26, Москва;izmailovsky-park.ru;55.771 37.753;museum
Выставочный зал Мосх;+7 (495) 945-29-95, +7 (495) 945-42-97;;Беговая ул., 7, Москва;mocx.su;55.778 37.556;museum
Электрозавод, галерея;;+7 (917) 546-40-34;Электрический пер., 1, стр. 12, Москва;;55.772 37.574;museum
Галерея JART;+7 (495) 690-71-30;;3-я ул. Ямского Поля, 9, стр. 10, Москва;jart-gallery.com , jartgallery.art;55.781 37.581;museum
Художественное пространство Île Thélème;;+7 (917) 510-22-88;ул. Правды, 24, стр. 11, Москва;ile-theleme.com;55.786 37.585;museum
Pennlab, галерея;+7 (495) 990-95-95;;Бумажный пр., 14, стр. 2, Москва;pennlab.gallery;55.790 37.587;museum
Дом-музей В. М. Васнецова;+7 (495) 681-13-29;;пер. Васнецова, 13, стр. 1, Москва;tretyakovgallery.ru , tretyakov.ru;55.777 37.626;museum
Садовое кольцо, музей;+7 (495) 637-70-05, +7 (495) 637-53-68, +7 (495) 608-92-16, +7 (495) 739-00-08, +7 (495) 637-31-35, +7 (495) 692-00-20, +7 (495) 608-14-03, +7 (495) 607-79-26, +7 (495) 360-77-86;+7 (925) 681-01-15, +7 (968) 409-82-77;просп. Мира, 14, стр. 10, Москва;sadovoekoltso.com , mosmuseum.ru;55.775 37.633;museum
Выставка картин Яны Иванчиной;;+7 (985) 317-01-28;Каланчёвская ул., 21/40, Центральный административный округ, Красносельский район, Москва;yanaivanchina.ru;55.774 37.652;museum
Галерея Царская башня;;+7 (985) 061-05-60;Комсомольская площадь, 2, Москва;fondkp.ru;55.773 37.655;museum
Подарки от Васи Ложкина, магазин;;+7 (931) 977-40-69, +7 (910) 001-14-19;улица Ильинка, 4;lozhkinmag.ru;55.753 37.626;museum
Mvk;+7 (812) 401-69-55, +7 (495) 252-11-07;;Верхняя Красносельская ул., 3, стр. 5, Москва, Россия;;55.787 37.661;museum
Фонд русского абстрактного искусства;+7 (499) 450-99-12, +7 (495) 956-90-06, +7 (3452) 57-56-52, +7 (3532) 66-36-68, +7 (3812) 21-80-86, +7 (3822) 99-00-34, +7 (3822) 99-01-95, +7 (383) 388-68-79, +7 (3852) 59-02-96, +7 (4712) 25-04-45;;3-я Рыбинская ул., 17, Москва;cognitivepilot.com;55.791 37.661;museum
MadSpace;;+7 (966) 111-31-36;Нижняя Красносельская ул., 35, Москва;talkto.io;55.776 37.672;museum
Smirnov Gallery;;+7 (926) 646-57-50;Елоховский пр., 3, стр. 1, Москва;sgartdecor.com;55.773 37.675;museum
Alex Interior Art;;+7 (903) 565-01-15;Переведеновский пер., 18, Москва;alexinterior.art;55.780 37.690;museum
Измайлово Шуз;;+7 (926) 200-13-46;Измайловское ш., 71, корп. 5, Москва;измайловошуз.рф;55.791 37.750;museum
Измайлово Шуз;+7 (495) 789-68-10, +7 (495) 940-93-40;+7 (906) 787-53-90, +7 (926) 228-40-00;Измайловское ш., 71, корп. 2Б, Москва;izmailovoshoes.ru;55.789 37.748;museum
Измайлово, галерея;+7 (499) 166-44-96;;Измайловский пр., 4, Москва;vzmoscow.ru;55.791 37.770;museum
Pankovsky Studio, творческая студия;+7 (495) 223-23-34, +7 (499) 967-79-99;+7 (925) 532-00-16;Щукинская ул., 2, Москва;pankovskystudio.com;55.809 37.482;museum
Арт-галерея;;+7 (925) 929-69-69, +7 (967) 227-90-71, +7 (926) 094-29-82;ул. Маршала Бирюзова, 32, Москва;modisart.com;55.800 37.483;museum
На Песчаной, галерея;+7 (499) 943-51-31;;Новопесчаная ул., 23, корп. 7, Москва;psch.vzmoscow.ru;55.793 37.513;museum
Художник-акварелист Виктория Кирьянова;;+7 (985) 360-55-10;Нарышкинская аллея, 5, стр. 2, Москва;victoriaartist.ru , vkiryanova.ru;55.797 37.553;museum
Вьюговей;+7 (495) 778-03-53, +7 (495) 775-84-60;+7 (903) 778-03-53, +7 (925) 505-14-32;2-я Хуторская ул., 38А, стр. 1, Москва;vjugovey.ru , sandfestival.ru;55.806 37.569;museum
Музей истории школы № 204 им. Горького;;+7 (909) 910-40-36;Тихвинская ул., 39, стр. 2, Москва;museum204.com;55.792 37.599;museum
Япония. Куклы, сказки и легенды;;+7 (910) 452-62-86, +7 (910) 452-62-96, +7 (916) 037-16-24, +7 (985) 624-45-54;Измайловское ш., 73Ж, Москва;etnoskazki.ru , dollslane.ru , japandolls.ru;55.794 37.750;museum
Традиционные маски и фигуры мира;;+7 (985) 304-31-48, +7 (965) 202-38-38;Измайловское ш., 73Ж, Москва;mif-mira.ru;55.795 37.751;museum
Новый Вернисаж;;+7 (909) 647-39-58;Измайловское ш., 73Ж, стр. 8, Москва;vrnssg.ru;55.794 37.753;museum
Мастерская скульптора Александра Рябичева;+7 (495) 691-82-19;+7 (926) 524-12-47, +7 (960) 739-96-49, +7 (905) 732-19-37, +7 (985) 762-77-61;Светлый пр., 10А, Москва;арт-релиз.рф , ryabichev.com;55.814 37.492;museum
Парк, галерея;+7 (499) 977-00-44;;ул. Немчинова, 12, Москва;parkgallery.ru , vzmoscow.ru;55.824 37.566;museum
Павильон № 16;+7 (499) 181-03-96, +7 (499) 760-25-85;+7 (985) 420-81-55;просп. Мира, 119, стр. 16, Москва;vdnh.ru , agallery.ru;55.831 37.623;museum
Павильон Вычислительная техника и информатика;;+7 (965) 101-71-51, +7 (985) 737-60-80;просп. Мира, 119, стр. 14, Москва;vdnh.ru;55.831 37.627;museum
Царь-макет, музей;+7 (495) 109-20-96, +7 (495) 226-87-11;+7 (903) 490-86-90;ул. Константинова, 11А, Москва;tsar-maket.ru;55.817 37.655;museum
Культурный центр Митино;+7 (495) 751-32-05, +7 (495) 751-48-90, +7 (495) 794-10-20, +7 (495) 794-05-06;+7 (912) 325-67-89;Митинская ул., 17, корп. 4, Москва;dkmitino.ru;55.842 37.366;museum
Тушино, музейно-выставочный центр;+7 (499) 493-14-67, +7 (499) 492-11-33, +7 (499) 729-52-08, +7 (499) 497-00-19;;бул. Яна Райниса, 19, корп. 1, Москва;vz-tushino.ru;55.849 37.429;museum
Детское посольство;;+7 (985) 723-62-39, +7 (965) 116-57-77;просп. Мира, 119, стр. 130, Москва;detskoeposolstvo.ru;55.832 37.617;museum
Павильон № 29 Цветоводство;+7 (495) 966-09-27;;просп. Мира, 119, стр. 29, Москва;vdnh.ru;55.836 37.618;museum
Павильон № 25 Музей нефти;+7 (495) 933-18-13;;просп. Мира, 119, стр. 25, Москва;vdnh.ru;55.834 37.620;museum
Музей Гаража особого назначения ФСО России;+7 (495) 500-03-17, +7 (495) 638-08-20;+7 (977) 261-13-71, +7 (916) 625-82-81;просп. Мира, 119, стр. 53, Москва;gon-fso-kremlin9.ru , gon-museum.ru;55.837 37.621;museum
Найти другие компании на export-bаse.ru;;;;;;museum
ЭкоГородЭкспо;+7 (495) 778-36-01;+7 (929) 634-26-17, +7 (903) 534-01-78;просп. Мира, 119, стр. 57, Москва;clck.ru , ecogorod-expo.ru;55.834 37.626;museum
Павильон № 62 Международный центр балета;;+7 (985) 138-84-25, +7 (985) 143-11-55;просп. Мира, 119, стр. 62, Москва;vdnh.ru;55.835 37.628;museum
Дом бабочек;+7 (495) 997-19-00;+7 (985) 997-19-00;просп. Мира, 119, стр. 519, Москва;butterflarium.ru;55.833 37.631;museum
Павильон Умный город;;+7 (916) 311-51-02;просп. Мира, 119, стр. 461, Москва;vdnh.ru;55.834 37.631;museum
Музей Магии и Фокусов;;+7 (967) 191-25-38, +7 (925) 193-53-30, +7 (977) 286-73-82, +7 (995) 905-38-47;просп. Мира, 119, стр. 519, Москва;домгарри.рф;55.833 37.631;museum
Дом музеев;;+7 (926) 208-33-08, +7 (916) 930-67-11, +7 (939) 111-80-27;просп. Мира, 119, стр. 84А, Москва;souzmuzeev.ru;55.833 37.635;museum
Дрезден;+7 (495) 698-25-20;+7 (910) 454-52-72;Чермянский пр., 5, Москва;artdresden.ru;55.887 37.633;museum
Галерея SAR-Gallery;+7 (495) 640-15-14;;Чермянский пр., 5, стр. 10, Москва;sar-gallery.ru;55.888 37.635;museum
Артпрофи, багетная мастерская;+7 (495) 381-88-34;+7 (915) 200-97-00, +7 (977) 712-09-94;Алтуфьевское ш., 86, корп. 1, Москва;artprofy.ru;55.898 37.588;museum
РГГУ, институт высших гуманитарных исследований им. Е. А. Мелетинского;+7 (495) 250-69-08, +7 (499) 973-43-13, +7 (499) 973-40-02, +7 (495) 250-62-17, +7 (495) 250-62-59;+7 (925) 308-69-13;ул. Чаянова, 15, Москва;art-cvetaev.ru , pushkinmuseum.art , museum.rsuh.ru , ivgi.rsuh.ru , museum.rggu.ru , realskill.ru;55.777 37.596;museum
Галерея современного искусства Bagratuni Art Gallery;+7 (495) 269-99-99, +7 (495) 269-00-08;+7 (985) 760-74-11, +7 (977) 968-79-89;Автозаводская ул., 18, Москва;riviera.su , artbulvar.com , artkorobka.riviera.su , bagratuniartgallery.com;55.706 37.643;museum
Мастерская-галерея Анна и Юрий Мираков;+7 (499) 251-08-55, +7 (495) 251-08-55;+7 (903) 585-25-25, +7 (964) 729-71-34, +7 (903) 229-90-97;4-я Тверская-Ямская ул., 12, стр. 2, Москва;mirakov.ru;55.773 37.597;museum
Галатея Нагорная;+7 (499) 123-65-69, +7 (499) 127-47-02;;ул. Ремизова, 10, Москва;gallery-nagornaya.com , vzmoscow.ru;55.676 37.601;museum
Галерея Альянс-Арт;+7 (495) 771-00-08;;Давыдковская ул., 3, Москва;alliance-art.ru;55.727 37.480;museum
Самоцветы;+7 (495) 624-50-50;+7 (985) 414-85-50, +7 (916) 953-38-63;ул. Кузнецкий Мост, 11, стр. 1, Москва;melodisam.ru;55.762 37.622;museum
Культурно-технический центр Профкома Тринити;+7 (495) 851-05-37, +7 (495) 851-88-47, +7 (495) 841-56-80, +7 (495) 841-57-36, +7 (495) 851-89-11, +7 (495) 841-50-41, +7 (495) 851-86-25, +7 (495) 851-88-88, +7 (495) 841-53-09, +7 (495) 851-18-18;;Сиреневый бул., 2, Троицк;ktc.newshow.ru , triniti.ru;55.469 37.297;museum
ГБУК ОКЦ ЮЗАО Галерея Листок;+7 (495) 429-05-55, +7 (499) 793-30-36;;ул. Адмирала Лазарева, 61, Москва;cbsuzao.ru , okcuzao.ru;55.538 37.508;museum
Загорье, галерея;+7 (495) 329-00-27, +7 (495) 329-60-39;+7 (916) 259-18-37;Лебедянская ул., 24, корп. 2, Москва;zagorje.vzmoscow.ru , vzmoscow.ru;55.584 37.686;museum
Арт-центр Полиграфический цех на базе Московского многопрофильного техникума им. Л. Б. Красина;;+7 (925) 022-05-98;Кировоградская ул., 23, Москва;poligraph.life;55.599 37.598;museum
Чертаново Арт;;+7 (929) 687-02-29, +7 (963) 996-63-30, +7 (925) 680-82-46;Дорожная ул., 28, корп. 1, Москва;;55.596 37.618;museum
Выставка деревянного домостроения;+7 (499) 394-49-07;;Каширское ш., вл63к1, Москва;domnadom.com;55.608 37.720;museum
Авангард;+7 (495) 390-14-64, +7 (495) 393-82-78, +7 (495) 393-80-55, +7 (495) 394-25-16, +7 (495) 393-80-54;;ул. Генерала Белова, 18, Москва;avangard-gallery.ru , avangard.mos.ru;55.609 37.721;museum
Крыша;+7 (495) 390-40-39;;ул. Маршала Захарова, 8/1к2, Москва;krysha-gallery.ru;55.624 37.702;museum
Фея;;+7 (926) 537-59-55;Волынская ул., 10, Москва;fctr.ru;55.643 37.411;museum
АдиАрт;+7 (495) 105-90-95;+7 (926) 526-13-04;ул. Бутлерова, 17, Москва;art.aditim.ru;55.651 37.541;museum
Выставка Литейно-механического завода;+7 (495) 745-43-01, +7 (495) 150-58-53;+7 (958) 538-41-90, +7 (926) 684-70-50, +7 (915) 238-77-54, +7 (916) 666-44-33, +7 (926) 401-64-42, +7 (991) 777-00-77;Каширское ш., 19/1, Москва;nlmz.ru;55.665 37.633;museum
Лес, галерея;+7 (499) 129-03-40;;ул. Вавилова, 65А, Москва;les-gallery.ru , izo-gallery.com;55.685 37.554;museum
Бенефис, Московский драматический театр;+7 (499) 744-41-44, +7 (499) 120-40-66, +7 (499) 120-21-56, +7 (499) 744-42-36, +7 (499) 724-51-18, +7 (499) 744-40-42, +7 (499) 120-22-97;+7 (916) 591-16-77, +7 (985) 997-78-06;ул. Гарибальди, 23, корп. 4, Москва;benefistheatre.com;55.673 37.555;museum
Профессиональные выставки;;+7 (915) 080-01-65, +7 (916) 900-02-62;Профсоюзная ул., 23, Москва;professionalfairs.ru;55.675 37.561;museum
ТехМедЭКСПО;+7 (495) 796-49-89;;Нагатинская ул., 2, корп. 1, Москва;tmexpo.ru;55.681 37.626;museum
Артмагия, галерея;+7 (499) 137-81-49;+7 (977) 794-77-77;Ленинский просп., 36, Москва;art.vin;55.705 37.574;museum
Эрьзя-центр;+7 (495) 500-01-20, +7 (495) 133-65-13;+7 (916) 528-09-53;Автозаводская ул., 1, Москва;erzia-fond.com;55.710 37.665;museum
Галерея Давыдково;+7 (499) 445-16-50;;Кременчугская ул., 22, Москва;vzmoscow.ru , davydkovo.vzmoscow.ru;55.718 37.461;museum
Галерея классической фотографии;+7 (495) 724-06-56;;Саввинская наб., 23, стр. 1, Москва;classic-gallery.ru , гкф.рф , classicgallery.ru;55.731 37.560;museum
Пять комнат;;+7 (965) 425-47-77;Комсомольский просп., 41, Москва;fiverooms.ru;55.721 37.575;museum
Российская государственная детская библиотека;+7 (499) 938-51-94, +7 (499) 230-00-93;+7 (985) 567-11-34;Калужская площадь, 1, корп. 1, Москва;culture.ru , rgdb.ru;55.729 37.613;museum
Экспотренд, компания по производству выставочных стендов;+7 (495) 640-01-78;;Дербеневская наб., 7, стр. 5, Москва;expotrend.ru;55.724 37.655;museum
Галерея Форма Офис;+7 (495) 369-90-25;+7 (985) 764-65-94, +7 (977) 837-66-83;Грайвороновская ул., 4, Москва;artforum.ru , old.artforum.ru;55.717 37.727;museum
Цвета Поднебесной;;+7 (903) 584-17-54, +7 (916) 696-07-02;Кутузовский просп., 30, Москва;artshop168.ru;55.743 37.537;museum
Галерея Дамирова;+7 (499) 243-73-73, +7 (499) 243-94-94;+7 (903) 228-94-94;Кутузовский просп., 24, Москва;damirovgallery.ru;55.745 37.546;museum
Галерея современного искусства фарфора;+7 (812) 273-89-01, +7 (812) 326-17-46, +7 (812) 326-53-78, +7 (499) 678-02-48, +7 (812) 272-94-10, +7 (812) 608-49-29, +7 (812) 493-40-41, +7 (812) 326-17-49, +7 (812) 326-17-43;+7 (925) 755-67-47, +7 (981) 153-87-37, +7 (926) 011-43-23, +7 (921) 425-99-24, +7 (931) 975-08-66;Кутузовский просп., 17, Москва;ipm.ru;55.747 37.557;museum
Young Living;+7 (495) 234-21-59;;ул. Можайский Вал, 8С, Москва;;55.744 37.555;museum
Региональный общественный фонд поддержки и развития отечественной культуры;+7 (499) 241-02-15, +7 (499) 241-46-45;;Денежный пер., 8-10, Москва;bahmetev.ru;55.743 37.588;museum
Фонд Андрея Чеглакова;+7 (495) 540-43-29;;ул. Пречистенка, 40/2с2, Москва;cheglakovfoundation.org;55.739 37.588;museum
Доходный дом Любощинских-Вернадских;+7 (495) 695-53-08, +7 (495) 695-44-94, +7 (152) 229-12-34;;Зубовский бул., 15, стр. 1, Москва;goslitmuz.ru;55.736 37.592;museum
РОСИЗО;+7 (499) 241-97-69;;ул. Арбат, 35, Москва;olympia.digital , rosizo.ru;55.749 37.592;museum
Кристалл Экспо;;+7 (965) 141-76-15, +7 (968) 711-13-36;ул. Арбат, 24, Москва;kristallexpo.ru;55.750 37.592;museum
Наши художники, галерея;+7 (495) 637-28-10;;Сеченовский пер., 2, Москва;kournikovagallery.ru;55.741 37.597;museum
РОО Мастер-Класс;;+7 (926) 581-36-29;Фрунзенская наб., 10, Москва;studiomk.ru;55.733 37.595;museum
Государственная Третьяковская галерея, галерея Новая Третьяковка;+7 (499) 230-03-13;;ул. Крымский Вал, 10, Москва;tretyakovgallery.ru , tretyakov.ru;55.735 37.606;museum
Российская неделя искусств;;+7 (925) 053-70-00;ул. Крымский Вал, 8, корп. 2, Москва;artweek.ru;55.732 37.608;museum
Евразийский художественный союз;+7 (495) 640-77-33, +7 (495) 640-77-22;+7 (985) 481-11-18, +7 (925) 022-33-03, +7 (925) 433-88-21, +7 (985) 433-33-91;ул. Крымский Вал, 8, корп. 2, Москва;artunion.pro , artcurators.ru , eurasianartunion.com;55.732 37.608;museum
Московская государственная картинная галерея народного художника СССР Александра Шилова;+7 (495) 697-69-75, +7 (495) 697-73-10, +7 (495) 690-19-41, +7 (495) 697-42-08, +7 (495) 697-19-41, +7 (495) 697-54-00, +7 (495) 690-16-12;;ул. Знаменка, 5, Москва;amshilov.ru;55.749 37.608;museum
Роза Эйнема, выставочный центр;;+7 (916) 706-45-73;Берсеневская наб., 6, стр. 1, Москва;rozaeinema.ru;55.740 37.609;museum
Центр визуальной культуры Béton;+7 (495) 138-22-21;+7 (916) 883-96-67;Якиманская наб., 2, корп. 1, Москва;betoncvc.com;55.739 37.611;museum
Центр Вознесенского;+7 (495) 139-89-87;;ул. Большая Ордынка, 46, стр. 3, Москва;voznesenskycenter.ru;55.736 37.624;museum
Культурный центр ДОМ;+7 (495) 953-72-42, +7 (499) 238-00-33, +7 (495) 953-72-36, +7 (499) 238-00-12, +7 (495) 953-73-07;+7 (903) 015-66-85;Большой Овчинниковский пер., 24, стр. 4, Москва;mdst.moscow , dom.com.ru;55.744 37.630;museum
ГринЭкспо, выставочная компания;+7 (495) 118-06-39;;Озерковский пер., 12, Москва;flowers-expo.ru;55.741 37.635;museum
Народные художественные промыслы;+7 (495) 632-00-45;;Москворецкая наб., 9, стр. 1, Москва;gknhp.com;55.748 37.639;museum
Городская усадьба Полежаевых и Зубовых;+7 (495) 912-61-21;;ул. Александра Солженицына, 9, стр. 1, Москва;usadbazubovyh.ru;55.743 37.657;museum
Сахаровский центр;+7 (495) 623-44-20;;ул. Земляной Вал, 57, стр. 6, Москва;sakharov-center.ru;55.751 37.659;museum
АртКонтракт;;+7 (985) 390-66-39, +7 (926) 238-07-75;Перовская ул., 24А, Москва;artcontract.ru;55.746 37.770;museum
Авалон;;+7 (916) 651-58-22;Краснопресненская наб., 12, Москва;avalon-art.ru;55.754 37.557;museum
Цветоводы Москвы, клуб;+7 (499) 242-10-91;+7 (903) 732-00-13;Малая Грузинская ул., 15, Москва;цветоводы-москвы.рф;55.764 37.572;museum
Нико, галерея;+7 (499) 253-07-49, +7 (499) 253-86-07;+7 (985) 998-97-95;Большой Тишинский пер., 19, стр. 1, Москва;nikoartgallery.com;55.769 37.576;museum
Гризайль, художественный салон;+7 (495) 739-05-00, +7 (495) 739-05-31;+7 (926) 909-47-43, +7 (929) 646-13-38;Тишинская площадь, 1, стр. 1, Москва;grisaille.ru , tishinka.com;55.769 37.584;museum
Тираж, галерея;;+7 (985) 877-57-77;Поварская ул., 31/29, Москва;tirageunique.art;55.756 37.587;museum
Art Online 24;;+7 (999) 550-31-29;Поварская ул., 31/29, Москва;artonline24.com;55.757 37.587;museum
Март, арт-галерея;+7 (499) 110-68-94;+7 (926) 475-67-77, +7 (925) 518-83-97;Садовая-Кудринская ул., 25, Москва;goo.gl , artiso.ru;55.766 37.590;museum
Арт Галерея Москва;;+7 (985) 972-02-22;Садовая-Кудринская ул., 25, Москва;artgallery.moscow;55.766 37.590;museum
Галерея Кино;+7 (495) 691-91-15;;ул. Малая Молчановка, 8, стр. 1, Москва;gallerykino.ru;55.754 37.593;museum
Открытый клуб;+7 (495) 697-33-97;+7 (926) 699-33-26;Гранатный пер., 2, стр. 2, Москва;openklub.ru;55.759 37.594;museum
Новое крыло Дома Гоголя;+7 (495) 695-75-47, +7 (495) 690-58-81, +7 (495) 697-26-02, +7 (495) 691-83-75, +7 (495) 695-81-96, +7 (495) 691-72-05, +7 (495) 691-28-67, +7 (495) 691-15-50, +7 (495) 697-73-33, +7 (495) 691-12-40;;Никитский бул., 7, Москва;domgogolya.ru;55.754 37.600;museum
Riva;;+7 (916) 681-46-48;Садовая-Триумфальная ул., 10/13с3, Москва;rivagallery.ru;55.770 37.601;museum
Artstory, галерея современного искусства;+7 (495) 650-75-54;;Старопименовский пер., 14, Москва;art-story.com;55.770 37.604;museum
MustArtGallery, галерея;+7 (495) 692-75-53, +7 (495) 968-14-02;+7 (903) 968-14-02, +7 (925) 510-75-81;Вознесенский пер., 9, стр. 2, Москва;mustartgallery.ru;55.759 37.604;museum
Домик Чехова, выставочный зал;+7 (499) 186-11-65, +7 (495) 645-92-77, +7 (495) 699-84-45;;ул. Малая Дмитровка, 29, стр. 4, Москва;nesterenko.arts.mos.ru , moscowmanege.ru , vnesterenko.ru;55.772 37.604;museum
Чеховский культурный центр;+7 (495) 650-48-43, +7 (495) 629-01-31, +7 (495) 650-00-04, +7 (495) 692-83-97;;Страстной бул., 6, стр. 2, Москва;chehovka.ru;55.766 37.609;museum
Cube. Moscow;;+7 (964) 559-37-17;Тверская ул., 3, Москва;cube.moscow;55.758 37.613;museum
Арт Мост;;+7 (927) 610-04-56;ул. Большая Дмитровка, 5/6с3, Москва;art-most.com;55.760 37.614;museum
Галерея Эритаж;+7 (495) 625-07-02, +7 (495) 625-02-28;;ул. Петровские Линии, 1, Москва;heritage-gallery.ru;55.764 37.618;museum
Выставочный комплекс Гим;+7 (499) 346-69-92, +7 (495) 698-12-56, +7 (495) 698-33-04, +7 (495) 698-24-97, +7 (495) 692-37-31;;площадь Революции, 2/3, Москва;fireseo.ru , shm.ru;55.756 37.618;museum
Выставочный зал, Московский Союз Художников;+7 (495) 624-24-50, +7 (495) 628-81-41;;ул. Кузнецкий Мост, 11, стр. 1, Москва;artanum.ru , mdx.ru;55.762 37.622;museum
Музей экслибриса и миниатюрной книги;+7 (495) 649-99-58, +7 (495) 621-82-21;+7 (926) 770-51-48;Пушечная ул., 7/5с2, Москва;lectoriumart.ru , knigoluby.ru;55.761 37.623;museum
Арт-центр Артимекс;+7 (495) 648-44-96;;Пушечная ул., 7/5с2, Москва;artimex.ru;55.761 37.623;museum
Триумф;+7 (495) 162-08-93;;ул. Ильинка, 3/8с5, Москва;triumph.gallery , triumph-gallery.ru;55.755 37.624;museum
Музей печатной графики;;+7 (964) 640-50-80, +7 (985) 298-55-21, +7 (926) 555-59-47;Хрустальный пер., 1, Москва;printmuseum.ru;55.753 37.625;museum
Экспо-парк выставочные проекты, выставочная компания;+7 (495) 369-47-00;+7 (916) 513-21-45;ул. Ильинка, 4, Москва;expopark.ru , moscowbookfair.ru;55.754 37.625;museum
Центральный Дом работников искусств;+7 (495) 624-22-04, +7 (495) 624-93-47;;Пушечная ул., 9/6, Москва;cdri.ru;55.761 37.625;museum
Восточная галерея;+7 (495) 607-06-44, +7 (495) 608-42-04;+7 (903) 798-70-94;Пушкарёв пер., 10, Москва;vostochnayagallery.ru;55.769 37.627;museum
Взгляд ребенка, галерея;+7 (495) 258-00-38, +7 (495) 607-72-61, +7 (495) 607-73-50;+7 (916) 096-92-46;Пушкарёв переулок, 16;babyglance.ru , vzglyad.org;55.769 37.628;museum
ЕКАТЕРИНА, фонд культуры;+7 (495) 626-06-89, +7 (495) 621-55-22;;ул. Кузнецкий Мост, 21/5, Москва;ekaterina-foundation.ru;55.762 37.626;museum
Swamiart, художественный салон;+7 (499) 112-33-09, +7 (101) 452-50-00;;Большой Сухаревский пер., 17, стр. 2, Москва;pinterest.ru , swamiart.ru;55.771 37.629;museum
АртМост, мультимедийная выставка оживших полотен;;+7 (919) 915-44-43;ул. Сретенка, 26/1, Москва;artmostgallery.ru;55.771 37.633;museum
Art&Brut;;+7 (916) 868-56-24, +7 (919) 970-99-22, +7 (925) 202-25-30, +7 (977) 695-02-89, +7 (915) 043-50-17;Армянский пер., 1/8с1, Москва;artbrutmoscow.com;55.761 37.635;museum
Экспотур, выставочное агентство;+7 (495) 626-43-69, +7 (495) 626-85-64, +7 (495) 626-21-74, +7 (495) 626-43-67, +7 (495) 626-21-72, +7 (495) 626-42-74, +7 (495) 762-87-65;;Мясницкая ул., 47, Москва;itmexpo.ru , expotour.org;55.769 37.645;museum
Российское историческое общество;+7 (495) 780-62-79, +7 (495) 780-62-93, +7 (495) 788-62-72;;ул. Воронцово Поле, 13, стр. 1, Москва;historyrussia.org;55.755 37.654;museum
Элизиум, художественная галерея;+7 (499) 230-00-77, +7 (499) 230-00-75;+7 (916) 772-38-67;Гороховский пер., 7, Москва;elysium.ru;55.765 37.665;museum
Vladey;+7 (495) 666-22-33;;4-й Сыромятнический пер., 1/8с7, Москва;vladey.net;55.756 37.664;museum
Win-Win;;+7 (925) 618-59-27;4-й Сыромятнический пер., 1/8с8, Москва;artmossphere.ru;55.756 37.665;museum
Концепция;;+7 (903) 893-87-67;Нижняя Сыромятническая ул., 10, стр. 4, Москва;conncept.ru;55.752 37.669;museum
Всероссийский художественный научно-реставрационный центр имени академика И.Э. Грабаря;+7 (499) 763-37-12, +7 (499) 763-37-34;;ул. Радио, 17, корп. 6, Москва;grabar.ru;55.764 37.680;museum
Букеты без роз, цветочный магазин;;+7 (926) 361-89-47;наб. Академика Туполева, 15, Москва;bezroz.ru;55.761 37.682;museum
Spas Setun;;+7 (905) 778-88-55;пр. Энтузиастов, 5, стр. 1, Москва;spassetun.com;55.760 37.720;museum
Центр городской культуры Графит;+7 (499) 700-01-01;;Электродная ул., 2, стр. 32, Москва;graphite.moscow , foodgraphite.moscow;55.755 37.753;museum
ГБУК города Москвы Государственный выставочный зал истории войны в Афганистане;+7 (495) 306-43-39, +7 (495) 306-43-30;+7 (903) 195-21-02;1-я Владимирская ул., 12, корп. 1, Москва;afgan-zal.ru;55.758 37.775;museum
Ходынка, галерея;+7 (499) 198-76-84;+7 (926) 029-99-70, +7 (905) 790-23-84;ул. Ирины Левченко, 2, Москва;khodynka.vzmoscow.ru , vzmoscow.ru;55.788 37.492;museum
Выставочный план Мосх;+7 (495) 917-06-65, +7 (495) 917-29-06, +7 (495) 917-29-31, +7 (495) 917-40-12, +7 (495) 917-40-89, +7 (495) 917-41-01, +7 (495) 917-41-68, +7 (495) 917-49-61, +7 (495) 917-50-03;+7 (962) 946-64-46;Беговая ул., 7-9с9, Москва;shr.su;55.779 37.555;museum
Сфера;+7 (495) 220-42-18;;Электрический пер., 1, стр. 12, Москва;artsfera.org;55.772 37.574;museum
Товарищество живописцев Московского Союза Художников, общественная организация;+7 (499) 251-51-08, +7 (495) 621-97-05, +7 (495) 250-51-25, +7 (495) 621-00-21;+7 (909) 913-07-77, +7 (985) 931-31-48, +7 (985) 886-69-44, +7 (906) 732-24-18;1-я Тверская-Ямская ул., 20/1, Москва;moscow-painters.ru , maslovka.info , artanum.ru;55.774 37.590;museum
ТНК Арт, галерея;+7 (499) 978-18-63, +7 (495) 998-06-58;+7 (985) 998-06-58;Долгоруковская ул., 6, Москва;;55.777 37.603;museum
Симфония самоцветов;+7 (495) 544-80-27, +7 (495) 506-58-31;+7 (925) 506-58-31;Краснопролетарская ул., 36, Москва;klio-art.ru;55.780 37.606;museum
Московский государственный музей С. А. Есенина, Есенин-центр;+7 (495) 954-97-64, +7 (495) 688-79-90, +7 (495) 684-56-83, +7 (495) 958-16-74, +7 (499) 367-60-45, +7 (495) 954-20-77, +7 (495) 688-71-09, +7 (495) 483-95-15;+7 (926) 089-51-89;пер. Чернышевского, 4, стр. 2, Москва;esenin-museum.ru;55.782 37.609;museum
Студия военных художников имени М. Б. Грекова;+7 (495) 681-40-30, +7 (495) 688-57-84;+7 (925) 295-95-97;ул. Советской Армии, 4, стр. 1, Москва;grekovstudio.ru;55.786 37.618;museum
Дом-музей М.С. Щепкина;+7 (499) 484-77-77;;ул. Щепкина, 47, стр. 2, Москва;gctm.ru;55.782 37.629;museum
Музей Зверевский центр современного искусства;+7 (499) 261-61-96, +7 (499) 265-61-66;;Новорязанская ул., 29, стр. 6, Москва;zverevcenter.ru;55.773 37.669;museum
Авиатор;+7 (495) 221-09-09, +7 (495) 627-78-83;+7 (916) 407-72-37, +7 (929) 545-70-69, +7 (910) 488-05-18, +7 (916) 523-12-42;Ольховская ул., 14, стр. 1, Москва;aviator-art.com;55.775 37.671;museum
Меларус Арт;+7 (489) 841-48-81;+7 (985) 767-89-06, +7 (962) 965-10-10;Нижняя Красносельская ул., 35, стр. 7, Москва;melarusart.net;55.775 37.673;museum
Арт-Галерея Яны Ризнык;;+7 (965) 415-33-33;Большая Почтовая ул., 38, стр. 1А, Москва;yanariznyk.com;55.781 37.697;museum
Российская государственная библиотека для молодёжи – филиал;+7 (499) 670-80-01;;Электрозаводская ул., 12, стр. 1, Москва;nosov.rgub.ru , rgub.ru;55.785 37.703;museum
Гамма;;+7 (985) 820-01-69, +7 (999) 240-54-79;Малая Семёновская ул., 5, стр. 2, Москва;gamma-art.ru;55.785 37.707;museum
Колизей арт, частная галерея искусств;+7 (495) 660-38-05;+7 (958) 100-62-56, +7 (916) 630-15-78, +7 (903) 686-06-40, +7 (977) 687-04-94;Малая Семёновская ул., 11А, стр. 4, Москва;sale.colisart.ru , colisart.ru;55.787 37.712;museum
Концертный зал Измайлово;+7 (499) 166-65-21, +7 (499) 938-46-50;+7 (936) 333-03-30;Измайловское ш., 71, корп. 5, Москва;zalizmailovo.ru;55.791 37.750;museum
Измайлово шуз;;+7 (985) 776-10-77, +7 (963) 611-08-88;Измайловское ш., 71, корп. А, Москва;shoes-izmailovo.ru;55.790 37.750;museum
Артимания, багетная мастерская;;+7 (916) 687-04-54, +7 (991) 333-87-47;Новопесчаная ул., 17, корп. 1, Москва;artimania.org;55.798 37.515;museum
Городок художников;;+7 (925) 015-43-12;ул. Верхняя Масловка, 3, Москва;artmaslovka.ru;55.792 37.567;museum
Галерея Русские палаты;+7 (495) 687-35-00, +7 (495) 687-34-66;;просп. Мира, 89, Москва;russkie-palaty.su;55.804 37.635;museum
Конгрессно-выставочный центр Сокольники;+7 (495) 799-54-80;+7 (916) 353-20-98;5-й Лучевой просек, 7, стр. 1, Москва;sokolniki.com;55.800 37.675;museum
Уиц Акди Экономика и жизнь;+7 (495) 782-90-48, +7 (495) 782-90-47;+7 (926) 530-66-65;Дмитровское ш., 27, корп. 1, Москва;buh-konf.ru;55.826 37.571;museum
ВДНХ;+7 (495) 617-90-69, +7 (495) 617-88-88, +7 (495) 617-80-82, +7 (495) 617-77-17, +7 (495) 617-97-29, +7 (495) 617-84-26, +7 (495) 926-61-11, +7 (495) 617-56-17, +7 (495) 617-90-62;+7 (965) 127-96-82;ул. Академика Королёва, 12, Москва;ostankino.ru;55.823 37.606;museum
Мультимедиа галерея Лес;;+7 (968) 602-80-08;просп. Мира, 119, стр. 17, Москва;les.gallery;55.831 37.624;museum
Выставка достижений народного хозяйства;+7 (495) 544-34-25, +7 (495) 544-34-35;;просп. Мира, 119В, Москва;vdnh.ru , official.vdnh.ru;55.826 37.638;museum
Московский институт профессиональной и любительской фотографии;+7 (495) 233-27-80, +7 (495) 233-27-85;+7 (985) 233-27-85, +7 (915) 258-71-25;Ивантеевская ул., 13, корп. 1, Москва;mipap.ru;55.818 37.726;museum
Русс Пресс Фото;+7 (495) 233-27-82;+7 (985) 233-27-80;Ивантеевская ул., 13, корп. 1, Москва;russpressphoto.ru , mipap.ru;55.818 37.726;museum
Богородское, галерея современного искусства;+7 (499) 168-30-15;;Открытое ш., 5, корп. 6, Москва;vzmoscow.ru;55.814 37.734;museum
Выставочный зал;+7 (499) 184-34-22;+7 (965) 131-55-15;Новотушинский пр., 5, стр. 1, Москва;bapark.ru , mitino.bapark.ru;55.835 37.380;museum
Музей автомобильных историй В. Попова;+7 (495) 266-41-72, +7 (495) 286-72-54;;Коптевская ул., 71, Москва;autostory.pro;55.832 37.519;museum
Павильон № 22 Скалолазный центр BigWall;+7 (499) 653-60-30;;просп. Мира, 119, стр. 22, Москва;bigwallsport.ru , vdnh.ru;55.832 37.617;museum
La Atmosfera;;+7 (903) 622-28-48, +7 (916) 550-30-41;просп. Мира, 119, стр. 246, Москва;la-atmosfera.com;55.840 37.620;museum
Павильон № 18 Республика Беларусь;+7 (499) 760-37-37, +7 (495) 407-15-81;;просп. Мира, 119, стр. 18, Москва;vdnh.ru;55.832 37.626;museum
Исторический парк Россия – моя история;+7 (495) 544-38-26;+7 (928) 978-31-81;просп. Мира, 119, стр. 57, Москва;myhistorypark.ru;55.834 37.627;museum
Павильон № 58 Центр славянской письменности Слово;+7 (495) 966-19-27;;просп. Мира, 119, стр. 58, Москва;vdnh.ru , slovo.vdnh.ru;55.833 37.627;museum
Павильон Макет Москвы;;+7 (925) 237-37-28, +7 (925) 237-37-29;просп. Мира, 119В, Москва;maketmoskvy.ru;55.834 37.630;museum
ВДНХ;+7 (499) 270-50-69, +7 (499) 719-18-80, +7 (495) 012-71-02, +7 (495) 012-71-08;;Ярославское ш., 116, стр. 3, Москва;td-astrodent.ru , fimet.fi;55.867 37.707;museum
Торгово-производственная компания Reply;+7 (495) 920-77-56, +7 (4872) 70-04-90, +7 (4872) 70-04-91, +7 (495) 984-87-33;+7 (916) 296-06-30, +7 (919) 073-58-64, +7 (910) 404-42-64, +7 (910) 559-31-13, +7 (916) 043-41-67;Дмитровское ш., 100, стр. 2, Москва;equivalent.pro , ksk-stroybeton.ru;55.882 37.549;museum
Галерея Экспо-88;;+7 (903) 629-47-61, +7 (967) 075-77-08;Чермянская ул., 3, Москва;expo-88.ru;55.885 37.629;museum
Выставка домов;;+7 (903) 000-09-11, +7 (995) 899-01-01;Москва, МКАД, 91-й километр;expodoma.ru;55.895 37.687;museum
Выставочный зал федеральных архивов;+7 (495) 580-88-25;;Большая Пироговская ул., 17, Москва;rusarchives.ru , archives.gov.ru;55.733 37.574;museum
Найти Бэнкси;+7 (499) 643-82-38;;просп. Мира, 119, стр. 21, Москва;banksy.moscow;55.832 37.621;museum
Павильон № 2 Робостанция;+7 (495) 134-59-69;;просп. Мира, 119, стр. 2, Москва;vdnh.ru;55.829 37.631;museum
Музей VI съезда коммунистической партии Китая;+7 (495) 612-11-97;;Парковая ул., 18, посёлок Первомайское;moscowccc.ru;55.536 37.154;museum
Музей магистрального транспорта газа;+7 (496-63) 5-88-87, +7 (495) 817-05-75, +7 (495) 817-93-30, +7 (495) 817-02-44, +7 (495) 817-06-77, +7 (491-42) 4-04-65;+7 (900) 900-41-82;101, корп. 1, посёлок Газопровод;moskva-tr.gazprom.ru;55.582 37.474;museum
Музей этнокультуры Кореи;+7 (891) 011-12-13;;ул. Введенского, 32А, Москва;mus-school1086.ucoz.ru;55.635 37.528;museum
Дворец царя Алексея Михайловича Романова;+7 (499) 782-88-93, +7 (499) 614-88-80, +7 (499) 782-89-01;+7 (910) 454-81-76;просп. Андропова, 39, стр. 69, Москва;mgomz.ru;55.656 37.657;museum
Передние ворота, музей;+7 (499) 782-89-21, +7 (499) 782-89-17;;просп. Андропова, 39, стр. 3, Москва;mgomz.ru;55.668 37.669;museum
Музей ватной игрушки;;+7 (985) 849-77-70;Шоссейная ул., 82, стр. 1, Москва;manufactura-mi.ru;55.670 37.719;museum
Музей Героев Советского Союза и России;+7 (499) 744-30-25, +7 (499) 124-02-22, +7 (499) 124-12-22, +7 (499) 148-01-54, +7 (499) 148-18-51, +7 (499) 148-18-75, +7 (499) 148-19-27, +7 (499) 148-19-67, +7 (499) 148-53-32, +7 (499) 148-56-76;;Большая Черёмушкинская ул., 24, корп. 3, Москва;1812panorama.ru;55.682 37.584;museum
Чайникландия, музей удивительных чайников;;+7 (985) 244-28-04;улица Винокурова, 7/5 к3;teapotland.ru;55.689 37.587;museum
Чайникландия - Музей удивительных чайников;;+7 (958) 100-96-94;ул. Винокурова, 7/5к3, Москва;teapotland.ru;55.689 37.587;museum
Светлана Малахова Г.;;+7 (916) 264-97-64;ул. Дмитрия Ульянова, 42, Москва;;55.681 37.590;museum
Усадьба коломенского крестьянина, дом-музей;+7 (499) 612-11-55;;просп. Андропова, 39, стр. 72, Москва;mgomz.ru;55.674 37.671;museum
Памятники деревянного зодчества, экспозиция;+7 (499) 615-01-36;;проспект Андропова, 39 ст63;mgomz.ru;55.673 37.678;museum
Моховая башня Сумского острога;+7 (101) 112-13-15;;просп. Андропова, 39, стр. 63, Москва;pomorskibereg.ru;55.674 37.678;museum
Музей истории Московского шоколада;+7 (499) 722-71-89;+7 (985) 922-31-91, +7 (977) 680-99-95;Летняя улица, 2 ст1;mirchocolat.ru;55.688 37.744;museum
Главный дом усадьбы Н.А. Дурасова;+7 (495) 350-15-53;;Летняя ул., 1, стр. 1, Москва;mgomz.ru;55.689 37.743;museum
Музей деревянной игрушки, Люблино;+7 (499) 784-53-71;+7 (926) 694-46-41, +7 (926) 144-69-64;Краснодонская ул., 39, Москва;kustari.net;55.674 37.750;museum
Музей истории Мосэнерго;+7 (495) 957-19-57;;улица Вавилова, 13 ст58;mosenergo-museum.ru;55.701 37.583;museum
Музей далёкой галактики;+7 (495) 682-42-22;+7 (916) 914-33-47, +7 (915) 432-78-79;Загородное ш., 9, стр. 1, Москва;widget.bookform.ru;55.693 37.607;museum
Прогулка в темноте, сенсорная интерактивная экспозиция;+7 (495) 133-98-10;+7 (901) 703-31-44;Автозаводская ул., 18, Москва;riviera.su , progulka-v-temnote.ru;55.704 37.642;museum
Музей профессионального образования города Москвы;+7 (495) 675-09-24;;Велозаводская ул., 8, Москва;mpomos.ru;55.711 37.664;museum
В тишине;;+7 (987) 091-79-31, +7 (925) 859-44-45;природно-исторический парк Кузьминки-Люблино, 1, стр. 12, Москва;museuminsilence.ru;55.695 37.766;museum
Первый открытый музей кинологии;;+7 (915) 335-55-53;ул. Академика Скрябина, 25/1к1, Москва;;55.697 37.793;museum
Московский музей кошки;;+7 (916) 687-55-47;ул. Екатерины Будановой, 8, корп. 2, Москва;moscow-cat-museum.wixsite.com , moscow-cat-museum.wixsite.com/moscow-cat-museum;55.730 37.428;museum
Музей кукол Barbie;;+7 (985) 887-23-77;Минская улица, 1г к4;tuzova.com;55.713 37.501;museum
Музей воды АО Мосводоканал;+7 (499) 164-37-43, +7 (499) 152-40-68, +7 (499) 763-34-34, +7 (495) 621-31-83, +7 (499) 735-05-11, +7 (495) 435-66-98, +7 (499) 152-32-40, +7 (499) 166-67-78, +7 (495) 676-26-89, +7 (499) 263-92-41;;Саринский пр., 13, стр. 5, Москва;mosvodokanal.ru;55.729 37.657;museum
Центральный музей радиолюбительства им. Э.Т. Кренкеля;;+7 (916) 940-66-15;Рязанский проспект, 8 ст2;rrl-museum.cqham.ru;55.727 37.755;museum
М.и.р. водки, музей истории русской водки;+7 (495) 226-88-08;+7 (985) 226-88-08;Рублёвское ш., 30, корп. 1, Москва;mirvodki.com;55.747 37.420;museum
Музей-студия головоломок;+7 (495) 768-82-73;+7 (985) 768-82-73;Багратионовский пр., 7, корп. 3, Москва;puzzlemuseum.ru;55.742 37.504;museum
Центр профориентации Московского метрополитена;+7 (499) 321-64-61;+7 (977) 622-19-09;Пресненская набережная, 4 ст1;n-metro.ru , mosmetro.ru;55.749 37.544;museum
Центр профориентации транспортного комплекса;+7 (495) 622-73-09;;Москва, Филёвская линия, метро Выставочная;n-metro.ru , mosmetro.ru;55.750 37.541;museum
Кукольный дом;+7 (499) 241-55-18;;Плотников пер., 21, стр. 1, Москва;dombulata.ru;55.748 37.588;museum
Музей А. Ф. Лосева Государственного бюджетного учреждения культуры города Москвы Дом А. Ф. Лосева - научная библиотека и мемориальный музей;+7 (499) 241-23-42, +7 (499) 252-86-59, +7 (499) 252-84-50, +7 (499) 241-14-19, +7 (499) 241-06-15, +7 (499) 252-82-72;+7 (980) 194-42-41;ул. Арбат, 33, Москва;domloseva.ru , mos.ru , losev-library.ru;55.750 37.592;museum
Экскурсионное бюро, Государственный музей Л.Н. Толстого;+7 (879) 323-20-87, +7 (495) 951-58-08, +7 (499) 766-97-61, +7 (499) 246-94-44, +7 (495) 637-75-18, +7 (495) 637-74-10, +7 (499) 766-93-28, +7 (474-64) 2-60-92;+7 (918) 881-54-16;улица Пречистенка, 11/8 ст1;tolstoymuseum.ru , kmv.tolstoymuseum.ru;55.743 37.597;museum
Музей истории телесных наказаний;;+7 (985) 969-14-04;ул. Арбат, 25/36, Москва;moscowtorturemuseum.com;55.750 37.595;museum
Историческая экспозиция пожарно-спасательной службы;+7 (495) 114-53-88;+7 (903) 729-02-06;ул. Пречистенка, 22/2с2, Москва;вдпо.рф;55.742 37.595;museum
Калининградский Янтарный комбинат;+7 (4012) 31-08-55, +7 (4012) 31-08-48, +7 (4012) 31-08-46, +7 (4012) 31-08-57, +7 (4012) 38-61-28, +7 (4012) 46-67-29, +7 (4012) 31-08-52, +7 (4012) 31-08-51, +7 (4012) 38-45-80;+7 (962) 266-48-33, +7 (963) 737-22-30, +7 (909) 785-17-01, +7 (962) 255-54-96;ул. Арбат, 23, стр. 1, Москва;ambercombine.ru;55.750 37.595;museum
Творческая мастерская театрального художника Д. Л. Боровского, Бахрушинский музей;+7 (495) 484-77-77;;Большой Афанасьевский пер., 5, Москва;gctm.ru;55.745 37.597;museum
Gopinball, музей пинбола;+7 (499) 504-88-01;;Крымский Вал улица, 10а;gopinball.ru;55.733 37.602;museum
Дом Пашкова;+7 (499) 557-04-70, +7 (495) 609-95-90;;улица Воздвиженка, 3/5 ст1;rsl.ru , pashkovdom.rsl.ru;55.750 37.608;museum
ГМИИ имени А.С.Пушкина Отдел музыкальной культуры;+7 (495) 697-06-05;;Колымажный пер., 6, стр. 1, Москва;arts-museum.ru;55.748 37.607;museum
MelSpace;+7 (495) 690-60-16;;Болотная наб., 5, стр. 1, Москва;melspace.ru;55.740 37.611;museum
Патриаршие палаты;+7 (495) 695-41-46;;Кремль, 1л;kreml.ru;55.751 37.617;museum
Музей Павла и Сергея Третьяковых;;+7 (929) 515-82-94;1-й Голутвинский пер., 16, стр. 1, Москва;tretyakovgallery.ru;55.738 37.612;museum
Информационный центр Музеев Московского Кремля;+7 (495) 695-41-56, +7 (495) 621-63-23;;вл1, Центральный административный округ, Тверской район, Кремль, Москва;kreml.ru;55.751 37.613;museum
Собор Благовещения Пресвятой Богородицы в Кремле;+7 (495) 695-37-76;;Кремлёвская наб., 1, стр. 8, Москва;kreml.ru;55.750 37.617;museum
Успенская звонница;+7 (495) 690-48-58;;Кремлёвская наб., 1, стр. 10, Москва;kreml.ru;55.751 37.618;museum
Рудно-петрографический музей;+7 (499) 230-82-92;+7 (916) 705-28-04, +7 (916) 828-09-56;Старомонетный пер., 35, стр. 7, Москва;igem.ru;55.737 37.621;museum
Кадашевская слобода, музей;;+7 (925) 839-30-51, +7 (917) 571-80-20, +7 (925) 131-19-06, +7 (910) 446-62-77, +7 (909) 940-70-34, +7 (901) 780-03-34;Кадашёвский тупик, 2 ст5;museumkadashi.com;55.743 37.623;museum
Воскресная школа, Храм Иконы Божией Матери Всех Скорбящих Радость на Большой Ордынке;+7 (495) 951-60-34;+7 (985) 314-08-40, +7 (903) 574-26-05;3-й Кадашёвский переулок, 3 ст6;ordynka.com;55.742 37.624;museum
Дом-музей А.Н. Островского;+7 (495) 953-12-45, +7 (495) 951-11-40, +7 (495) 953-86-84;;улица Малая Ордынка, 9/12 ст6;gctm.ru;55.739 37.626;museum
Мемориальный дом-музей Великой княгини Елисаветы Феодоровны;+7 (499) 350-51-81, +7 (495) 951-11-39, +7 (499) 704-21-73;+7 (903) 625-70-47;ул. Большая Ордынка, 34, стр. 5, Москва;mmom.ru;55.738 37.624;museum
Музей Московского образования;+7 (495) 951-93-39, +7 (495) 315-28-94, +7 (495) 951-50-33;;Вишняковский пер., 12, стр. 1, Москва;mgdu.dogm.mos.ru;55.736 37.630;museum
Бункер-42;+7 (499) 703-44-55, +7 (495) 500-05-54, +7 (499) 703-00-77, +7 (495) 500-05-53;+7 (985) 790-00-82, +7 (929) 670-52-35;5-й Котельнический пер., 11, Москва;banket-bunker42.ru , banket42.com , bunker42.com;55.742 37.649;museum
Собрание, музей;+7 (495) 234-06-30;;ул. Солянка, 16, Москва;mus-col.com;55.751 37.642;museum
Моторы войны, музей;;+7 (985) 774-35-77;улица Рогожский Вал, 9/2 ст2;warmotors.ru;55.742 37.678;museum
Музей кочевой культуры;;+7 (916) 513-31-48;Авиамоторная ул., 30А, корп. 1, Москва;nomadic.ru;55.745 37.719;museum
Музей изобразительного и декоративно-прикладного искусства Хайрулова В2;+7 (495) 646-70-84;+7 (926) 779-37-31;2-я ул. Энтузиастов, 5, корп. 17, Москва;magistrvv.com;55.748 37.733;museum
Грот;+7 (495) 375-31-31, +7 (499) 374-80-91, +7 (495) 375-49-00, +7 (495) 686-54-81, +7 (495) 918-72-31, +7 (495) 602-18-55, +7 (495) 370-79-60, +7 (495) 370-79-70, +7 (495) 918-63-90, +7 (495) 370-01-10;;ул. Юности, 2, стр. 11, Москва;kuskovo.ru;55.735 37.810;museum
Музей барона Мюнхгаузена;+7 (495) 728-88-64;;ул. Народного Ополчения, 12, корп. 6, Москва;баронмюнхаузен.рф;55.772 37.481;museum
Музей Московской окружной железной дороги;+7 (499) 262-90-95, +7 (499) 623-39-78, +7 (499) 623-25-58;+7 (926) 340-85-50;3-я Магистральная ул., 19, стр. 3, Москва;mzd.rzd.ru;55.767 37.518;museum
Мемориальный музей-квартира им. А.М. Горького;+7 (495) 697-32-41, +7 (495) 690-51-30;;улица Поварская, 25а ст1;museum.imli.ru;55.756 37.589;museum
Музей мертвых кукол;;+7 (995) 116-66-11;ул. Малая Молчановка, 8, стр. 2, Москва;dead-dolls.museum;55.754 37.592;museum
Музей-мастерская Людмилы Гурченко;;+7 (903) 792-04-71, +7 (977) 850-90-02;Трёхпрудный переулок, 11/13 ст1;gurchenko.ru;55.765 37.595;museum
Мемориальная квартира А. И. Сумбатова-Южина;;+7 (916) 879-84-90;Большой Палашёвский пер., 5/1, Москва;maly.ru;55.764 37.599;museum
Музей Леонида Владимирского, художественная мастерская;;+7 (916) 015-73-97, +7 (903) 288-31-75;Нижний Кисловский пер., 6, стр. 1, Центральный административный округ, Пресненский район, Москва;emeraldcity.ru , detilus.ucoz.ru;55.754 37.604;museum
Музей-квартира И. Д. Сытина;+7 (495) 629-49-20, +7 (495) 694-38-67, +7 (495) 629-85-52;+7 (903) 119-32-97;Тверская ул., 12, стр. 2, Москва;sytin-museum.ru , tverskaya14.ru;55.764 37.607;museum
Музей книги Российской государственной библиотеки;+7 (495) 622-86-72;;улица Воздвиженка, 3/5 ст4;rsl.ru;55.752 37.608;museum
Музей-квартира Александра Солженицына;+7 (495) 692-04-01;;Тверская ул., 12, стр. 8, Москва;domrz.ru;55.764 37.609;museum
Мемориальный музей-квартира К.А. Тимирязева, г. Москва;+7 (495) 695-80-64;;Романов пер., 4, стр. 2, Москва;timmuseum.timacad.ru , museum.timacad.ru;55.754 37.610;museum
Музей-мастерская народного художника СССР Д.А. Налбандяна, г. Москва;+7 (495) 629-28-72;+7 (966) 905-68-23;Тверская ул., 8, корп. 2, Москва;museum.ru , mmoma.ru , moscowmanege.ru;55.763 37.611;museum
Манеж, центральный выставочный зал;+7 (499) 394-01-55;;Манежная площадь, 1, Москва;moscowmanege.ru;55.754 37.612;museum
Научно-исследовательский институт и музей Антропологии МГУ имени М. В. Ломоносова;+7 (495) 629-75-21;+7 (926) 765-20-29;Моховая ул., 11, стр. 1, Москва;antropos.msu.ru;55.755 37.612;museum
Галерея Syntax;+7 (495) 175-52-17;;Тверская ул., 3, Москва;syntaxgallery.com;55.757 37.613;museum
Свободные мастерские;+7 (495) 694-28-90;;ул. Петровка, 25, Москва;mmoma.ru;55.767 37.614;museum
Музей Государственного Академического Большого театра России;+7 (495) 692-00-25, +7 (495) 621-31-38;;Театральная площадь, 1;archive.bolshoi.ru;55.760 37.619;museum
Оружейный подвал на Никольской, контактный музей;;+7 (901) 706-33-72;улица Никольская, 11-13 ст1;guns.moscow;55.757 37.622;museum
ИнноПарк, детский центр научных открытий;+7 (499) 502-80-10;+7 (969) 012-84-28, +7 (925) 772-87-11;Театральный пр., 5, стр. 1, Центральный административный округ, Тверской район, Москва;park-inno.ru , mos.land;55.760 37.624;museum
Музей детства;+7 (495) 777-80-77;;Театральный пр., 5, стр. 1, Центральный административный округ, Тверской район, Москва;cdm-moscow.ru;55.760 37.624;museum
XXI век, продюсерский центр;+7 (499) 398-41-79;+7 (925) 464-71-81;ул. Сретенка, 4, Москва;21centr.com;55.767 37.632;museum
ГБУК Музей русского лубка и наивного искусства;+7 (495) 608-51-82;;Малый Головин пер., 10, стр. 1, Москва;naive-museum.ru;55.769 37.634;museum
Музей генерал-губернатора Москвы Великого князя Сергея Александровича и истории Императорского православного палестинского общества;+7 (495) 628-48-40, +7 (495) 797-55-95;;ул. Забелина, 3, стр. 2, Москва;ippo.ru;55.755 37.638;museum
Frolov Gallery;;+7 (910) 452-44-98;4-й Сыромятнический пер., 1/8с9, Москва;frolovgallery.ru;55.756 37.666;museum
Музей Императора Николая II;;+7 (916) 617-61-83;Токмаков пер., 21/2с1, Москва;museyfondn2.ru;55.766 37.671;museum
Автомобили мира, музей;;+7 (906) 379-74-50, +7 (903) 790-92-73;Самокатная ул., 4, стр. 34, Москва;stranasovetov.ru , automuseum.ru;55.755 37.674;museum
Музей Всероссийского института авиационных материалов;+7 (499) 263-88-84, +7 (499) 263-87-65;;ул. Радио, 17, корп. 11, Москва;museum.viam.ru;55.764 37.676;museum
Музей опытного конструкторского бюро А. Н. Туполева;+7 (499) 263-77-40, +7 (499) 263-70-06, +7 (499) 267-24-44, +7 (499) 261-08-68, +7 (499) 130-64-39, +7 (499) 263-77-77;+7 (903) 762-68-17;наб. Академика Туполева, 17, Москва;tupolev.ru;55.760 37.677;museum
Alpert Gallery, галерея;+7 (499) 267-04-78;;Красноказарменная ул., 3, Москва;alpertgallery.ru;55.762 37.689;museum
Мемориальный музей Евгении Сергеевны Коваленко;+7 (495) 305-70-20;;3-я Владимирская ул., 26А, Москва;evgenia20.ru;55.755 37.786;museum
Музей Вадима Сидура, ММОМА;+7 (495) 699-80-52, +7 (495) 918-51-81, +7 (495) 918-51-82;;Новогиреевская ул., 37А, Москва;sidur.ru , mmoma.ru , moscowmanege.ru;55.753 37.799;museum
Музей Анатолия Зверева;+7 (495) 730-55-28, +7 (495) 730-55-26;;2-я Тверская-Ямская улица, 20-22 ст2;museum-az.com;55.772 37.594;museum
Радиомузей Валерия Громова;+7 (499) 972-42-00;;Сущёвская ул., 9, стр. 4, Москва;rkk-museum.ru;55.780 37.601;museum
МИИТ, дворец культуры;+7 (812) 458-50-05;+7 (926) 786-99-21;Новосущёвский переулок, 6 ст1;vystavki-spb.ru , modernists.ru;55.790 37.606;museum
Центральный музей МВД России;+7 (499) 978-01-35, +7 (499) 978-06-59, +7 (495) 667-04-02;;Селезнёвская ул., 11, стр. 1, Москва;мвд.рф;55.781 37.605;museum
Музей пожарной охраны;+7 (495) 684-45-38;;ул. Дурова, 49, Москва;вдпо.рф;55.778 37.629;museum
Эйнштейн.дети;;+7 (926) 930-12-22;Протопоповский переулок, 5;эйнштейн.дети;55.780 37.637;museum
Музей Федеральной таможенной службы России;+7 (495) 276-38-94, +7 (495) 276-39-08, +7 (495) 913-93-90, +7 (495) 276-38-81;;Комсомольская площадь, 1, стр. 1, Москва;customs.gov.ru , museum.customs.gov.ru , museum.customs.ru;55.776 37.654;museum
Музей истории шоколада и какао Мишка;+7 (495) 982-57-88, +7 (495) 982-57-43, +7 (495) 982-57-97;+7 (915) 027-65-77;ул. Лобачика, 1, стр. 1, Москва;chokomuseum.ru;55.787 37.659;museum
Мемориальный дом-музей академика И.В. Курчатова;+7 (499) 196-92-26;;площадь Академика Курчатова, 1 ст42;museum.ru;55.798 37.476;museum
Музей чизкейка;;+7 (916) 601-42-57, +7 (926) 399-34-25;Кочновский пр., 4, корп. 2, Москва;feina.ru;55.806 37.546;museum
Музей истории евреев в России;+7 (495) 656-45-71;;Петровско-Разумовская аллея, 10, корп. 3, Москва;mievr.ru;55.794 37.560;museum
Первая кузня;+7 (495) 120-12-16;;Большая Новодмитровская ул., 36, стр. 26, Москва;1кузня.рф;55.805 37.586;museum
Музей техники Apple;;+7 (915) 123-35-27;Складочная ул., 3, стр. 1, Москва;apple-museum.ru;55.806 37.590;museum
Музей русских гуслей и китайского гуциня;+7 (495) 728-77-58;+7 (903) 191-12-80, +7 (915) 045-27-48, +7 (916) 345-09-78;5-й Лучевой просек, 5а ст4;guslimuseum.ru;55.798 37.674;museum
Музей парка Сокольники;;+7 (925) 095-30-70, +7 (926) 103-09-06;ул. Сокольнический Вал, 1, стр. 1, Москва;park.sokolniki.com , parksokolniki.mos.ru;55.792 37.677;museum
Megabricks, музей Лего;;+7 (966) 172-11-11;Халтуринская ул., 11, Москва;megabricks.ru;55.802 37.726;museum
Музей Дом брошенных кукол;;+7 (977) 115-69-86, +7 (985) 969-69-63, +7 (916) 562-30-24;Измайловское ш., 73Ж, Москва;magic2.ru;55.794 37.751;museum
Музей истории водки;;+7 (903) 118-81-89;Измайловское ш., 73Ж, стр. 1, Москва;vodkamuseum.ru;55.794 37.750;museum
Музей истории основания Российского флота;+7 (495) 603-94-06, +7 (495) 215-54-37, +7 (499) 166-50-48;;Измайловский пр., вл1Ас2, Москва;kremlin-izmailovo.com;55.794 37.755;museum
Имена и эпохи;;+7 (903) 614-84-87, +7 (903) 746-41-40;Измайловское ш., 73Ж, Москва;сладкарня-марципан.рф , plastmuseum.ru;55.794 37.752;museum
Музей русского лубка и наивного искусства, выставочный зал Народные картины;+7 (499) 367-45-81;;Измайловский бул., 30, Москва;naive-museum.ru;55.796 37.796;museum
Музей 157-й Неманской стрелковой дивизии;+7 (499) 150-79-01, +7 (499) 150-01-51, +7 (499) 150-14-13;;ул. Зои и Александра Космодемьянских, 6А, Москва;;55.818 37.507;museum
Исторический музей РГАУ и музей-кабинет им. Н.И. Вавилова;+7 (499) 976-35-21;;Тимирязевская ул., 45, Москва;museum.ru;55.831 37.551;museum
Музей анатомии имени Б.К. Гиндце;+7 (499) 977-64-52;+7 (985) 416-62-75;Тимирязевская ул., 44, Москва;;55.831 37.553;museum
Музей криптографии;;+7 (925) 001-12-14;улица Ботаническая, вл25 ст4;cryptography-museum.ru;55.831 37.598;museum
Союзмультфильм, музей;+7 (495) 308-00-34, +7 (499) 308-00-34;+7 (905) 508-28-11, +7 (918) 410-71-42, +7 (903) 578-01-09, +7 (926) 210-75-10;проспект Мира (ВДНХ), 119 ст7;souzmultpark.ru;55.828 37.627;museum
Метамузей;;+7 (915) 132-30-03;ул. Павла Корчагина, 4, Москва;;55.813 37.657;museum
Музей охоты и рыболовства;+7 (495) 646-67-24, +7 (495) 646-67-28, +7 (495) 646-67-19, +7 (495) 459-11-34, +7 (495) 646-67-11, +7 (495) 646-67-15, +7 (495) 646-67-22, +7 (495) 646-67-23, +7 (495) 646-67-29, +7 (495) 646-67-17;;Головинское шоссе, 1;rors.ru;55.840 37.489;museum
Музей Московской оружейной фабрики БР. Юдиныхъ с 1827г;+7 (495) 142-80-56;;2-й Лихачёвский пер., 9, корп. 1, Москва;mof.group;55.847 37.536;museum
Государственный музей животноводства имени Е. Ф. Лискуна;+7 (499) 976-29-54, +7 (499) 976-38-70;;Лиственничная аллея, 14, Москва;museum.timacad.ru;55.836 37.566;museum
Музей транспорта Москвы;+7 (495) 369-26-75;;проспект Мира (ВДНХ), 119 пав26;mtmuseum.com;55.834 37.622;museum
Сокровища гробницы Тутанхамона;;+7 (901) 147-96-69;просп. Мира, 119, стр. 33, Москва;tutanhamon.msk.ru;55.835 37.622;museum
Павильон № 322 Услуги населению;+7 (495) 103-96-16;;просп. Мира, 119, стр. 322, Москва;technograd.moscow;55.834 37.632;museum
Музей истории военно-морского флота;+7 (495) 640-73-65, +7 (495) 640-73-55, +7 (495) 640-73-56;+7 (926) 522-15-96;улица Свободы, 56;tushino21.com , mosparks.ru;55.852 37.456;museum
Музей РМАНПО;+7 (499) 458-95-30, +7 (495) 458-95-31;;Беломорская ул., 19/38, Москва;museum.rmapo.ru;55.867 37.476;museum
В.Д. Берестов и его окружение, литературный музей;;+7 (916) 614-15-78;Седова, 4 к1;muz-berestov.jimdo.com;55.853 37.642;museum
Музей славянской культуры им. Константина Васильева;;+7 (906) 720-80-18, +7 (926) 496-39-00;Череповецкая ул., 3Б, Москва;museum-slav.com;55.899 37.566;museum
Российский музей медицины;+7 (495) 917-78-34;+7 (910) 422-21-59;Большой Николоворобинский пер., 7, стр. 1, Москва;medmuseum.ru;55.752 37.649;museum
Главный дом городской усадьбы О.И. Гарчиковой - П.П. Смирнова;;+7 (985) 765-81-18, +7 (966) 318-88-83;Тверской бул., 18, стр. 1, Москва;domsmirnova.com , domsmirnova.ru;55.761 37.602;museum
Терем творчества и почта Деда Мороза;+7 (495) 291-07-53, +7 (495) 291-70-53;;Волгоградский просп., 168Д, стр. 8, Москва;dedmorozmos.ru;55.689 37.810;museum
Музей-усадьба Кузьминки;+7 (495) 657-65-84;+7 (999) 555-01-25;ул. Старые Кузьминки, 1, Москва;kuzminki-msk.ru;55.690 37.789;museum
Дворец борьбы имени Ивана Ярыгина;+7 (499) 356-67-51, +7 (495) 777-77-77, +7 (495) 684-84-50, +7 (495) 673-30-35;;Авиамоторная ул., 40, Москва;mos.ru;55.742 37.720;museum
Музей АО Красная роза;+7 (499) 110-11-33;;ул. Тимура Фрунзе, 11, Москва;;55.735 37.587;museum
Музей-квартира А.М. Горького;+7 (495) 690-05-35;;Малая Никитская ул., 6/2с5, Москва;museum.imli.ru;55.758 37.596;museum
Музей мировой каллиграфии;+7 (495) 768-24-69;+7 (916) 353-21-09, +7 (916) 205-09-78;5-й Лучевой просек, 7, стр. 6, Москва;calligraphy-museum.com;55.800 37.676;museum
Наследие Вороново;+7 (529) 855-31-01;+7 (915) 316-97-88;34, стр. 3, микрорайон Центральный, посёлок ЛМС;sch2073.mskobr.ru;55.314 37.182;museum
Музей истории усадьбы Александрово-Щапово;+7 (495) 865-67-60, +7 (495) 865-67-66;;посёлок Щапово, 13;museum-shchapovo.msk.muzkult.ru;55.417 37.407;museum
Физическая кунсткамера, музей;+7 (495) 851-22-77;+7 (925) 172-41-81;Октябрьский просп., 9Б, Троицк;fizkunst.ru , dutroitsk.ru;55.476 37.295;museum
Троицкий Дом ученых;+7 (495) 851-22-23;+7 (903) 621-61-26, +7 (925) 172-41-82;Октябрьский просп., 9Б, Троицк;dutroitsk.ru;55.476 37.295;museum
Троицкий музей имени М. Н. Лялько;+7 (495) 843-02-20;;Нагорная ул., 9, Троицк;troick-museum.ru , gotroitsk.ru;55.492 37.299;museum
ФГБУК Государственный музей-усадьба Остафьево-Русский Парнас;+7 (495) 867-83-60, +7 (495) 849-09-64, +7 (495) 123-30-32, +7 (495) 920-49-99;;Троицкая ул., 1А, село Остафьево;ostafyevomuseum.ru;55.496 37.501;museum
Лесная сказка, музей;+7 (499) 643-38-43, +7 (495) 730-59-07, +7 (495) 150-20-20, +7 (495) 276-16-26;;МКАД 36 Километр, 1в;roseltorg.ru , mospriroda.ru;55.585 37.548;museum
Государственный мемориальный музей Б. Ш. Окуджавы;+7 (495) 731-77-27, +7 (495) 593-52-08;;ул. Довженко, 11, посёлок ДСК Мичуринец;okudshava.ru;55.650 37.316;museum
Дом-музей К.И. Чуковского;+7 (495) 593-26-70;;ул. Серафимовича, 3, посёлок ДСК Мичуринец;goslitmuz.ru;55.658 37.331;museum
Дом-музей Б. Л. Пастернака;;+7 (926) 118-28-58;ул. Павленко, 3, посёлок ДСК Мичуринец;goslitmuz.ru;55.661 37.334;museum
Церковь Вознесения Господня в Коломенском;+7 (495) 999-15-29, +7 (495) 211-15-29;;просп. Андропова, 39, стр. 1, Москва;dyakovo.moseparh.ru , mgomz.ru;55.667 37.671;museum
Государственный музей обороны Москвы;+7 (499) 233-42-07, +7 (499) 233-42-04, +7 (499) 233-42-06, +7 (495) 430-05-49, +7 (495) 437-60-66, +7 (499) 233-42-96, +7 (495) 437-60-74;;ул. Мичуринский Проспект, Олимпийская Деревня, 3, Москва;gmom.ru;55.677 37.468;museum
Государственный Дарвиновский музей;+7 (499) 783-22-53, +7 (499) 783-22-57, +7 (499) 132-10-47, +7 (499) 134-61-24, +7 (499) 783-22-54;;ул. Вавилова, 57, Москва;darwinmuseum.ru , tickets.darwinmuseum.ru;55.691 37.562;museum
Русский музей детского искусства;;+7 (964) 640-63-35;Якорная ул., 4, Москва;sobyanina.ru;55.688 37.682;museum
Школьный музей XX века;+7 (499) 615-89-88, +7 (529) 657-30-00;;Нагатинская наб., 56, Москва;sch1770.mskobr.ru;55.690 37.689;museum
Государственное автономное учреждение культуры города Москвы Государственный историко-архитектурный и природно-ландшафтный музей-заповедник Кузьминки-Люблино;+7 (499) 175-33-69;;Волгоградский просп., 168Д, стр. 1, Москва;goskatalog.ru , culture.ru;55.688 37.809;museum
Мемориальный музей-кабинет академика П.Л. Капицы;+7 (499) 137-32-30, +7 (495) 651-21-25, +7 (499) 137-32-48;;улица Косыгина, 2 ст20;kapitza.ras.ru;55.710 37.573;museum
ФГБУН институт элементоорганических соединений им. А. Н. Несмеянова Российской академии наук;+7 (499) 135-78-25, +7 (499) 135-55-97, +7 (499) 135-50-85, +7 (499) 135-13-85, +7 (499) 135-64-93, +7 (499) 783-91-13, +7 (499) 135-93-21, +7 (499) 135-61-66, +7 (499) 135-93-18, +7 (499) 135-61-65;;ул. Вавилова, 28, стр. 1, Москва;ras.ru;55.700 37.575;museum
#НЕМУЗЕЙМУСОРА;;+7 (922) 704-58-14, +7 (925) 043-11-40, +7 (922) 210-53-50, +7 (961) 723-34-43;Варшавское шоссе, 2;nemuseymusora.ru;55.701 37.620;museum
Музей хоккейной славы;;+7 (977) 514-97-85;Автозаводская ул., 23, корп. 3, Москва;;55.703 37.646;museum
Государственный историко-архитектурный и природно-ландшафтный музей-заповедник Кузьминки-Люблино;+7 (499) 739-27-05, +7 (499) 739-27-08, +7 (495) 258-45-60, +7 (495) 377-35-93, +7 (499) 739-27-07, +7 (499) 739-27-06;;природно-исторический парк Кузьминки-Люблино, 1, стр. 2, Москва;roseltorg.ru , mospriroda.ru , kuzpark.ru , park-kuzminki.ru;55.695 37.767;museum
Музей К.Г. Паустовского;+7 (499) 172-77-91;+7 (903) 217-31-46;Кузьминская ул., 8, Москва;mirpaustowskogo.ru;55.694 37.789;museum
Центральный музей ВОВ 1941-1945 гг., Экспозиция Военно-морского флота;+7 (499) 449-81-81;;площадь Победы, 3е;victorymuseum.ru;55.728 37.500;museum
Музей киноконцерна Мосфильм;+7 (499) 143-98-89, +7 (499) 143-91-00, +7 (499) 143-95-99;;Мосфильмовская ул., 1, стр. 21, Москва;mosfilm.ru;55.723 37.531;museum
Церковный музей Московской епархии русской православной церкви;+7 (499) 246-85-26, +7 (499) 245-31-68, +7 (499) 246-08-81, +7 (499) 245-33-63;;Новодевичий пр., 1, стр. 32, Москва;ndm-museum.ru;55.727 37.558;museum
Арт Деко, музей;+7 (495) 639-94-84;;Лужнецкая набережная, 2/4 ст4;artdecomuseum.ru;55.715 37.574;museum
Музей творческого союза цирковых деятелей России;+7 (495) 679-84-59, +7 (495) 679-86-32, +7 (495) 679-84-89;;ул. Ефремова, 12, стр. 2, Москва;scdr.ru;55.724 37.573;museum
Воробьёвы горы, эколого-просветительский центр;+7 (495) 225-65-82, +7 (495) 225-65-92, +7 (499) 726-15-84;;Андреевская набережная, 1 ст7;roseltorg.ru , vorobyovy-gory.ru , mospriroda.ru , ecocenter-vg.ru;55.713 37.578;museum
Минералогический музей РАН имени А.Е. Ферсмана;+7 (495) 952-00-67, +7 (495) 954-32-58, +7 (495) 954-39-00;+7 (916) 629-80-52;Ленинский просп., 18, корп. 2, Москва;fmm.ru;55.719 37.593;museum
Музей собаки;+7 (495) 139-25-85;+7 (965) 324-74-03;Малая Калужская ул., 12, Москва;cavalierking.ru , dogmuseum.ru;55.717 37.596;museum
Farfo;+7 (495) 109-29-30;+7 (915) 162-22-33;Малая Калужская ул., 1, стр. 2, Москва;farfo.ru;55.720 37.601;museum
Музей предпринимателей, меценатов и благотворителей;+7 (499) 237-53-49;+7 (905) 549-77-30;Донская ул., 9, Москва;muzeydela.ru;55.725 37.609;museum
Русские валенки, музей;+7 (495) 660-18-13, +7 (495) 775-55-66, +7 (495) 994-93-94, +7 (499) 235-39-63, +7 (499) 235-87-01;+7 (910) 402-59-13;2-й Кожевнический пер., 12, стр. 10, Москва;gorizont.org;55.726 37.649;museum
Белый Воробей, музей;;+7 (905) 505-74-07;1-я Дубровская ул., 5А, Москва;belvorobey.ru;55.727 37.671;museum
Кутузовская изба, музей;+7 (499) 148-75-62, +7 (499) 148-79-78;;Кутузовский просп., 38, стр. 2, Москва;1812panorama.ru;55.740 37.523;museum
Музей истории медицины первого Московского Государственного Медицинского Университета им. И.М. Сеченова;+7 (495) 622-98-20, +7 (495) 609-14-00, +7 (499) 248-10-86, +7 (499) 248-70-09, +7 (499) 248-01-81;;Большая Пироговская ул., 2, стр. 3, Москва;sechenov.ru;55.732 37.570;museum
Творческое наследие академика Юрия Орехова, музей;+7 (499) 248-02-46;;Земледельческий переулок, 7;sculptura.ru;55.740 37.578;museum
Исторический музей Наша эпоха;+7 (499) 246-24-05, +7 (499) 245-21-85;;Олсуфьевский пер., 6, стр. 2, Москва;nashaepoha.ru;55.733 37.581;museum
Выставочный зал государственного музея имени А.С. Пушкина;+7 (495) 637-32-56, +7 (495) 637-26-36, +7 (495) 637-56-74, +7 (495) 637-73-39, +7 (111) 416-22-23, +7 (499) 241-78-99;;Денежный пер., 30, Москва;pushkinmuseum.ru;55.747 37.586;museum
Отдел Мемориальная квартира Андрея Белого Государственного бюджетного учреждения культуры города Москвы Государственный музей А. С. Пушкина;+7 (499) 241-92-95, +7 (499) 241-85-28, +7 (499) 241-77-02, +7 (499) 244-77-02;;ул. Арбат, 55/32, Москва;kvartira-belogo.guru.ru , pushkinmuseum.ru;55.747 37.586;museum
Государственный музей Константина и Виктора Мельниковых;+7 (495) 690-39-00, +7 (495) 697-80-37;;Кривоарбатский пер., 10, Москва;muar.ru;55.748 37.589;museum
Музей-квартира Е. Б. Вахтангова;+7 (499) 241-07-77, +7 (499) 241-08-21, +7 (499) 241-09-28, +7 (499) 241-10-89, +7 (499) 241-10-96, +7 (499) 241-15-76, +7 (499) 241-16-79, +7 (499) 241-16-93, +7 (499) 241-17-59, +7 (499) 241-18-93;;Денежный пер., 8-10, Москва;vakhtangov.ru;55.743 37.588;museum
Московский музей парфюмерии;;+7 (916) 555-74-74, +7 (916) 670-74-74;ул. Арбат, 36/2с1, Москва;museumperfume.ru;55.749 37.589;museum
Дом-музей А.И. Герцена;+7 (499) 241-58-59;;пер. Сивцев Вражек, 27, Москва;goslitmuz.ru;55.747 37.592;museum
Арка марка, центр творческого развития детей и подростков;;+7 (977) 575-08-51;Зубовский бул., 15, стр. 1, Москва;goslitmuz.ru;55.736 37.592;museum
Янтарная галерея;+7 (401) 231-08-64;;улица Арбат, 23 ст1;ambercombine.ru;55.750 37.595;museum
Музей им. И.С. Тургенева;+7 (495) 695-10-78;;улица Остоженка, 37/7 ст1;pushkinmuseum.ru;55.739 37.596;museum
Музей, Международный нумизматический клуб;+7 (495) 637-94-26;;Большой Афанасьевский пер., 24, Москва;coinmuseum.club , coinmuseum.ru;55.749 37.597;museum
Федерация шахмат России;+7 (495) 212-06-13, +7 (495) 691-97-55;;Гоголевский бульвар, 14 ст1;ruchess.ru;55.748 37.601;museum
Московский музей современного искусства;+7 (495) 691-31-71;;Гоголевский бул., 10, стр. 1, Москва;mmoma.ru;55.747 37.600;museum
Мемориальный кабинет-музей Маршала Советского Союза Г.К. Жукова;+7 (495) 681-18-80, +7 (495) 681-58-98, +7 (495) 681-47-63, +7 (495) 681-48-77, +7 (495) 681-63-03, +7 (495) 696-22-98;;ул. Знаменка, 19, стр. 2, Москва;cmaf.ru;55.750 37.603;museum
ГБУК города Москвы Московская государственная картинная галерея народного художника СССР Ильи Глазунова;+7 (495) 691-69-49, +7 (495) 691-84-54, +7 (495) 691-93-78, +7 (495) 303-15-14, +7 (495) 691-86-34;;ул. Волхонка, 13, Москва;glazunov-gallery.ru , glazunov.ru;55.746 37.607;museum
Московский музей дизайна;;+7 (985) 931-39-65;ул. Крымский Вал, 10, Москва;moscowdesignmuseum.ru , tretyakovgallery.ru;55.735 37.606;museum
Музей Восстания Машин;+7 (495) 646-86-52;;Берсеневский пер., 2, стр. 1, Москва;msk.musbot.ru;55.741 37.609;museum
Оружейная палата;+7 (495) 621-47-20, +7 (495) 695-46-31;;Кремль, 1р;kreml.ru;55.749 37.613;museum
Собор Успения Пресвятой Богородицы в Московском Кремле;+7 (495) 695-41-87, +7 (495) 695-79-27;;Кремлёвская наб., 1, стр. 12, Москва;assumption-cathedral.kreml.ru , kreml.ru;55.751 37.617;museum
Ингосстрах, музей;+7 (495) 956-55-55;;Пятницкая улица, 14 ст12;ingos.ru;55.743 37.627;museum
Музей В.А. Тропинина и Московских художников его времени;+7 (495) 959-22-20, +7 (495) 959-11-03, +7 (495) 959-12-16, +7 (495) 953-97-50, +7 (495) 959-05-61;;Щетининский пер., 10, стр. 1, Москва;museum-tropinina.ru;55.734 37.623;museum
Музей морского флота;+7 (495) 951-27-93, +7 (495) 951-16-53, +7 (495) 951-94-50;+7 (977) 916-00-71;ул. Большая Ордынка, 19, стр. 1, Москва;mmflota.ru;55.742 37.626;museum
Государственный музей Л.Н. Толстого;+7 (474) 642-60-92;;Пятницкая улица, 12 ст1;tolstoymuseum.ru , kmv.tolstoymuseum.ru;55.743 37.628;museum
Православный храм священномученика Климента, папы Римского в Замоскворечье;+7 (495) 953-07-78, +7 (495) 953-02-36;;Пятницкая ул., 26, стр. 1, Москва;klement.ru;55.741 37.627;museum
Доктор Лиза, благотворительный фонд им. Елизаветы Глинки;;+7 (926) 484-81-00, +7 (926) 531-90-28;Пятницкая ул., 18, стр. 3, Москва;liza.fund;55.742 37.628;museum
Музей доброты и милосердия им. Елизаветы Глинки;;+7 (903) 966-22-50, +7 (995) 797-83-38;Пятницкая ул., 18, стр. 3, Москва;liza.center;55.742 37.628;museum
Выставочный зал Л.Н.Толстого;+7 (495) 951-64-40;;Пятницкая ул., 12, стр. 1, Москва;tolstoymuseum.ru , kmv.tolstoymuseum.ru;55.743 37.628;museum
Бункер-703, музей современной фортификации;;+7 (906) 781-67-30, +7 (926) 558-87-07;2-й Новокузнецкий пер., 14, стр. 1, Москва;bunker703.ru;55.734 37.630;museum
Дом-музей и экспедиционный штаб Фёдора Конюхова;+7 (495) 951-75-01;+7 (905) 700-73-30, +7 (910) 477-09-70, +7 (926) 552-05-01;Садовническая ул., 77, стр. 4, Москва;konyukhov.ru;55.736 37.644;museum
Российский музей леса;+7 (495) 959-15-17, +7 (495) 959-15-22;;5-й Монетчиковский пер., 4, Москва;awebdesign.ru , roslesmuseum.ru;55.733 37.634;museum
Рот Фронт;+7 (495) 951-84-78;;2-й Новокузнецкий пер., 13/15с1, Москва;rotfront.su , uniconf.ru;55.734 37.632;museum
Экспозиционно-мемориальный отдел Квартира Г. М. Кржижановского Музея современной истории России;+7 (495) 699-67-24, +7 (495) 959-59-94, +7 (495) 699-09-74, +7 (495) 699-54-58, +7 (495) 699-52-17, +7 (495) 699-91-74;+7 (929) 609-04-15;Садовническая ул., 30, стр. 1, Москва;sovrhistory.ru;55.746 37.633;museum
Музей русской иконы;+7 (495) 221-52-83;+7 (968) 525-12-24;Гончарная ул., 3, стр. 3, Москва;russikona.ru , new.russikona.ru;55.746 37.645;museum
Центральный пограничный музей ФСБ России;+7 (495) 929-14-89, +7 (495) 917-31-04;;Яузский бул., 13, Москва;;55.751 37.646;museum
Дом русского зарубежья им. А. Солженицына, музей;+7 (495) 137-83-87, +7 (495) 137-83-90, +7 (495) 137-84-01, +7 (495) 137-83-56;;Нижняя Радищевская ул., 2, Москва;domrz.ru;55.743 37.652;museum
Государственный культурный центр-музей В.С. Высоцкого;+7 (495) 915-45-58, +7 (495) 915-71-99, +7 (495) 915-29-79, +7 (495) 915-75-78;;ул. Высоцкого, 3, стр. 1, Москва;visotsky.ru;55.744 37.652;museum
Центральный музей древнерусской культуры и искусства имени Андрея Рублева, лекторий;+7 (495) 678-14-67, +7 (495) 678-98-03, +7 (495) 678-14-89;+7 (926) 909-16-34;Андроньевская площадь, 10, Москва;rublev-museum.ru;55.749 37.670;museum
Музей истории Московского локомотивно-ремонтного завода;+7 (499) 623-72-09, +7 (499) 786-53-04, +7 (499) 786-53-20, +7 (499) 786-53-56, +7 (499) 623-70-61, +7 (499) 786-53-08, +7 (499) 678-05-32, +7 (499) 786-74-24;+7 (985) 291-16-01;Перовское ш., 43, Москва;mlrz.ru;55.740 37.751;museum
Школьные годы;+7 (495) 309-02-22, +7 (526) 358-30-00;;ул. Плющева, 11А, Москва;pro100klass.wixsite.com;55.743 37.763;museum
Музей Моё Отечество;+7 (495) 302-01-16;;ул. Алексея Дикого, 18А, Москва;sch2093.mskobr.ru;55.746 37.811;museum
Музей истории ВОГ;+7 (495) 255-67-04, +7 (3512) 63-09-43, +7 (495) 465-41-22, +7 (495) 678-67-09, +7 (495) 678-80-49, +7 (499) 163-81-31, +7 (499) 253-28-12, +7 (499) 255-67-04, +7 (499) 264-00-21, +7 (8622) 74-62-21;;улица 1905 года, 10а;voginfo.ru;55.767 37.559;museum
Государственный музей В. В. Маяковского;+7 (495) 605-19-29, +7 (499) 255-01-86, +7 (495) 621-71-83;;ул. Красная Пресня, 36, стр. 1, Москва;музеймаяковского.рф , muzeimayakovskogo.ru;55.763 37.567;museum
Государственный центральный музей современной истории России, Экспозиционно-мемориальный отдел Пресня;+7 (499) 252-30-35, +7 (499) 252-01-06, +7 (499) 252-01-08, +7 (499) 252-29-00;;Большой Предтеченский пер., 4, стр. 2, Москва;sovrhistory.ru , sovr.ru;55.759 37.571;museum
Музей творческая мастерская художника Зураба Церетели;+7 (495) 777-48-59, +7 (495) 777-48-50, +7 (499) 254-70-20;;Большая Грузинская ул., 15, стр. 1, Москва;mmoma.ru , tsereteli.ru;55.766 37.577;museum
Музей В.И. Даля;;+7 (926) 230-45-69;улица Большая Грузинская, 4/6 ст9;museumdal.ru;55.762 37.580;museum
Лунариум, интерактивный музей;+7 (495) 221-76-92, +7 (495) 221-76-90;;Садовая-Кудринская улица, 5 ст1;planetarium-moscow.ru;55.761 37.584;museum
Дом И. С. Остроухова в Трубниках;+7 (495) 695-46-18;+7 (960) 160-06-80;Трубниковский пер., 17, стр. 1, Москва;goslitmuz.ru;55.755 37.587;museum
Музей истории телефона;+7 (495) 800-08-00;;Садовая-Кудринская ул., 19, стр. 2, Москва;telhistory.ru;55.765 37.588;museum
Музей-квартира Народных артистов СССР Б.М. Тенина и Л.П. Сухаревской, филиал ЦНБ СТД РФ;+7 (495) 629-09-13, +7 (495) 694-13-54, +7 (495) 629-39-96;+7 (910) 005-18-05;Большая Никитская ул., 49, Москва;librarystd.ru;55.758 37.589;museum
Дом-музей Марины Цветаевой;+7 (495) 697-80-51, +7 (495) 697-61-94, +7 (495) 697-53-69, +7 (495) 697-32-80, +7 (495) 695-35-43, +7 (495) 697-59-97;+7 (905) 584-84-90;Борисоглебский пер., 6, стр. 1, Москва;dommuseum.ru;55.754 37.590;museum
Мемориальный музей-квартира Е.Ф. Гнесиной;+7 (495) 690-45-05;+7 (963) 690-45-45;улица Поварская, 30-36 ст1;gnesina-museum.com;55.756 37.591;museum
Музей военной формы;+7 (495) 648-18-13, +7 (495) 648-18-10;;улица Большая Никитская, 46/17 ст1;museum-vf.ru;55.758 37.591;museum
Булгаковский Дом, музей-театр;;+7 (903) 768-02-04;Большая Садовая ул., 10, Москва;dombulgakova.ru;55.767 37.594;museum
Музей военной формы Рвио;+7 (495) 648-18-12;;Большая Никитская ул., 46/17с1, Москва;rvio.histrf.ru , museum-vf.ru;55.758 37.591;museum
Музей-квартира Е. Ф. Гнесиной;+7 (495) 690-24-22, +7 (495) 690-69-63, +7 (495) 697-64-96, +7 (499) 195-44-08, +7 (495) 690-48-37, +7 (495) 691-02-69, +7 (495) 691-15-54, +7 (495) 691-15-81, +7 (495) 691-16-34;+7 (903) 679-48-91, +7 (916) 691-81-64, +7 (903) 755-49-78;Поварская ул., 30-36с1, Москва;gnesin-academy.ru;55.756 37.592;museum
Бассейн шариков;+7 (495) 166-99-26;+7 (925) 025-44-78, +7 (911) 921-88-77;ул. Новый Арбат, 15, стр. 1, Москва;arbat-16.com , вднх55.рф;55.752 37.593;museum
Дом-музей М.Ю. Лермонтова;+7 (495) 691-18-60;;ул. Малая Молчановка, 2, Москва;goslitmuz.ru;55.754 37.594;museum
Музей русской гармоники Альфреда Мирека;+7 (499) 251-72-89, +7 (499) 241-56-61, +7 (499) 251-67-30, +7 (499) 251-76-14, +7 (499) 241-77-04, +7 (499) 241-19-01, +7 (499) 241-19-00, +7 (499) 241-14-10, +7 (499) 241-78-76, +7 (499) 241-76-04;;2-я Тверская-Ямская ул., 18, Москва;scriabinmuseum.ru;55.772 37.595;museum
Музей-квартира А.Н. Толстого;+7 (495) 690-09-56;;ул. Спиридоновка, 2, стр. 1, Москва;goslitmuz.ru;55.759 37.596;museum
Мемориальная квартира Святослава Рихтера;+7 (8352) 63-60-09, +7 (495) 697-72-05;+7 (937) 376-49-16;Большая Бронная ул., 2/6, Москва;sviatoslav-richter.ru , artmuseum.ru;55.760 37.597;museum
ФГБУК Государственный музей Востока;+7 (495) 691-02-12, +7 (495) 691-05-23, +7 (495) 690-05-23, +7 (495) 690-19-59, +7 (495) 691-49-66;+7 (909) 694-55-66;Никитский бул., 12А, стр. 1, Москва;orientmuseum.ru;55.756 37.600;museum
Дом-музей К.С. Станиславского;+7 (495) 629-24-84, +7 (495) 629-94-77, +7 (495) 629-20-87, +7 (495) 692-38-66, +7 (495) 650-53-91, +7 (495) 629-92-03, +7 (495) 629-28-55, +7 (495) 629-24-42, +7 (495) 629-95-04, +7 (495) 629-83-29;+7 (916) 712-98-43;Леонтьевский пер., 6, стр. 1, Москва;museummhat.ru;55.759 37.603;museum
Российская академия художеств Мемориальный музей Творческая мастерская С. Т. Коненкова;+7 (495) 637-47-71, +7 (495) 629-44-72, +7 (495) 629-61-39, +7 (495) 637-25-69, +7 (495) 637-35-79, +7 (495) 637-36-64, +7 (495) 637-36-84, +7 (495) 637-41-46, +7 (495) 637-43-86, +7 (495) 637-44-39;;Тверской бул., 28, Москва;rah.ru;55.764 37.605;museum
Мемориальный кабинет Гайдара, музей;+7 (495) 629-47-13;+7 (926) 777-44-70;Газетный переулок, 5 ст1;iep.ru;55.758 37.607;museum
Мемориальный музей-квартира В.И. Немировича-Данченко;+7 (499) 650-53-91;;Глинищевский пер., 5/7, Москва;museummhat.ru;55.764 37.611;museum
Мемориальный музей-квартира С. В. Образцова;+7 (495) 699-53-73, +7 (495) 699-33-10, +7 (495) 699-69-00, +7 (495) 650-43-69, +7 (495) 699-55-53;;Глинищевский пер., 5/7, Москва;puppet.ru;55.764 37.611;museum
Московский университет;+7 (495) 629-59-68, +7 (495) 629-76-60, +7 (495) 629-37-23;;Моховая ул., 11, стр. 9, Москва;psy.msu.ru;55.757 37.612;museum
Государственный геологический музей имени В.И. Вернадского;+7 (495) 692-34-49;+7 (985) 025-19-71;Моховая ул., 11, стр. 11, Москва;c-nav.ru , sgm.ru;55.756 37.613;museum
Музей московского художественного театра им А.П. Чехова;+7 (495) 692-51-87;;Камергерский пер., 3А, стр. 2, Москва;museummhat.ru;55.760 37.614;museum
Музей Москвы, музейное объединение;+7 (495) 692-15-67;;Манежная площадь, 1А, Москва;mosmuseum.ru;55.756 37.617;museum
Артиллерийский двор, выставочный комплекс;+7 (495) 692-59-64;;Красная площадь, 1;fireseo.ru , shm.ru;55.756 37.618;museum
Музей Отечественной войны 1812 года;+7 (495) 692-68-17;;площадь Революции, 2/3, Москва;fireseo.ru , shm.ru;55.756 37.619;museum
Советский Союз: вера и люди;+7 (495) 623-47-80;+7 (916) 889-72-50;Крапивенский пер., 4, стр. 2, Москва;podspudom.ru;55.767 37.617;museum
Выставочный зал музейно-экспозиционного фонда Банка России;+7 (495) 621-62-88, +7 (495) 621-64-65, +7 (495) 771-44-17, +7 (495) 771-41-80, +7 (499) 300-30-00, +7 (495) 771-48-30;+7 (926) 116-16-48;улица Кузнецкий Мост, 9/10;cbr.ru;55.762 37.621;museum
Музей Банка России;+7 (495) 771-48-07, +7 (495) 771-40-07;;Неглинная ул., 12/2с3, Москва;cbr.ru;55.762 37.621;museum
Brick star, музей лего;+7 (495) 999-85-58;;Трубная площадь, 2, Москва;brickstar.ru;55.766 37.622;museum
Музей советских игровых автоматов;+7 (495) 628-45-15, +7 (812-74) 0-02-40;;улица Рождественка, 12;15kop.ru;55.764 37.624;museum
МАРХИ, деканат факультета общей подготовки;+7 (495) 625-49-39, +7 (495) 198-00-00, +7 (495) 625-50-82, +7 (495) 621-15-01;;ул. Рождественка, 11, стр. 4, Москва;marhi.ru;55.763 37.623;museum
Е.К.АртБюро;;+7 (985) 768-65-91;Малый Кисельный пер., 4, корп. 1, Москва;ekartmoscow.ru , ekartbureau.ru;55.765 37.627;museum
Палаты бояр Романовых, музей;+7 (495) 698-32-35;;ул. Варварка, 10, Москва;fireseo.ru , shm.ru;55.753 37.629;museum
Музей Ю.В. Никулина;+7 (495) 628-44-11;;улица Маросейка, 7/8 ст1;fond-nikulin.ru;55.758 37.633;museum
Музей Ю.В. Никулина;+7 (495) 621-81-87, +7 (495) 621-82-50;;Большой Златоустинский пер., 8, Москва;fond-nikulin.ru;55.758 37.633;museum
Разрушенный, но живой, музей истории Московского Златоустовского монастыря;;+7 (985) 966-93-63, +7 (916) 564-06-45;Малый Златоустинский пер., 5, стр. 1, Москва;zlatoustmonastyr.ru;55.759 37.634;museum
Огни Москвы;+7 (495) 624-73-74;;Армянский пер., 3-5с1, Москва;ognimos.ru;55.761 37.635;museum
Музей Почты России;+7 (495) 276-55-55;+7 (926) 601-84-05;Чистопрудный бульвар, 2 ст6;;55.764 37.638;museum
Музей путешествий и паломничества по святым местам;+7 (495) 390-06-40;+7 (916) 557-38-24;ул. Забелина, 3, стр. 2, Москва;plmusey.narod.ru;55.755 37.638;museum
Музей уникальных кукол;+7 (495) 625-64-05;+7 (916) 407-78-57, +7 (910) 470-65-77;ул. Покровка, 13, стр. 2, Москва;dollmuseum.ru;55.759 37.644;museum
Artplay media, малый зал;+7 (495) 620-08-83, +7 (495) 620-08-82, +7 (495) 917-07-04;+7 (906) 779-16-16, +7 (916) 278-75-29, +7 (916) 645-70-69;Нижняя Сыромятническая ул., 10, стр. 7, Москва;artplay.ru , artplaymedia.ru;55.752 37.669;museum
Живая история, музей;;+7 (919) 784-20-03, +7 (905) 548-11-01;ул. Земляной Вал, 27, стр. 3, Москва;zhivayaistoriya.com , zhivayaistoriya.ru;55.759 37.659;museum
Музей-Усадьба Муравьевых-Апостолов;+7 (499) 265-76-36, +7 (499) 267-98-66;+7 (916) 518-47-25, +7 (916) 471-43-37;улица Старая Басманная, 23/9 ст1;mahm.ru;55.767 37.665;museum
Государственный музей спорта;+7 (495) 995-35-50, +7 (499) 941-07-73, +7 (499) 941-10-16;+7 (905) 505-44-60;улица Казакова, 18 ст1;museumsport.ru;55.763 37.669;museum
ФГБНУ “Научно-исследовательский институт медицины труда имени академика Н. Ф. Измерова”;+7 (495) 366-31-23, +7 (495) 365-25-86, +7 (495) 918-30-10, +7 (495) 366-09-77, +7 (495) 365-02-09;;просп. Будённого, 31, Москва;irioh.ru;55.767 37.731;museum
Самоцветы, музей;+7 (499) 197-54-01, +7 (499) 192-40-19, +7 (499) 946-50-83;;ул. Народного Ополчения, 29, корп. 1, Москва;gemmuseum.ru;55.782 37.480;museum
Музей русского импрессионизма;+7 (495) 145-75-55;;Ленинградский просп., 15, стр. 11, Москва;rusimp.su;55.780 37.570;museum
Подпольная типография 1905-1906 гг;+7 (499) 251-69-43;;Лесная ул., 55, Москва;sovrhistory.ru;55.782 37.593;museum
Музей Az;+7 (495) 730-55-25;;2-я Тверская-Ямская ул., 20-22с2, Москва;museum-az.com;55.772 37.594;museum
Народный музей музыкальных инструментов;;+7 (962) 985-20-13, +7 (968) 716-26-12;Сущёвская ул., 14, Москва;musmuseum.ru;55.781 37.602;museum
Клуб путешественников имени Юрия Сенкевича;;+7 (926) 230-26-80;Селезнёвская ул., 11, стр. 3, Москва;tvtravel.club;55.781 37.605;museum
Музей истории медицины МГМСУ им. А. И. Евдокимова;+7 (499) 972-49-28, +7 (499) 978-94-11, +7 (499) 972-43-21;+7 (903) 539-65-09;Долгоруковская ул., 4, стр. 7, Москва;museum.historymed.ru , sechenov.ru , historymed.ru;55.775 37.605;museum
Всероссийский музей декоративного искусства;+7 (495) 609-01-46, +7 (499) 973-32-14;+7 (929) 576-10-25, +7 (929) 575-75-06, +7 (915) 326-52-60;Делегатская ул., 3, Москва;damuseum.ru;55.775 37.610;museum
Государственный музей истории ГУЛАГа;+7 (495) 621-73-10, +7 (495) 681-88-82, +7 (495) 621-73-46, +7 (495) 621-73-35, +7 (495) 681-15-29, +7 (495) 681-29-90, +7 (495) 681-61-89, +7 (495) 959-49-36;;1-й Самотёчный пер., 9, стр. 1, Москва;gmig.ru;55.777 37.614;museum
Музей памяти новомучеников и исповедников Российских;+7 (495) 114-50-74;;Лихов пер., 6, стр. 1, Москва;museum.lihov6.ru;55.772 37.613;museum
Центральный академический театр Российской Армии;+7 (495) 681-51-20, +7 (495) 681-15-84, +7 (495) 681-57-19, +7 (495) 498-02-75, +7 (495) 681-21-10;;Суворовская площадь, 2, Москва;teatrarmii.ru;55.783 37.614;museum
Музей Тапан;;+7 (903) 237-22-23;Олимпийский просп., 9, Москва;armenianchurch.ru;55.788 37.621;museum
Центр противопожарной пропаганды и общественных связей, Главное управление МЧС России по г. Москве;+7 (495) 983-79-01;;ул. Дурова, 49, Москва;вдпо.рф , mchs.gov.ru;55.778 37.630;museum
Армянский музей Москвы и культуры наций;+7 (495) 797-67-04;;проспект Мира, 33 к1;armmuseum.ru;55.780 37.632;museum
Музей Серебряного века;+7 (495) 680-86-83;;просп. Мира, 30, стр. 1, Москва;goslitmuz.ru;55.778 37.633;museum
Сокол, музей;+7 (495) 963-64-46;;Электрозаводская ул., 24, Москва;oao-sokol.ru;55.789 37.708;museum
Музей уральских сказов;+7 (499) 713-01-20;+7 (963) 750-45-33, +7 (991) 403-65-51, +7 (991) 107-93-85;Семёновский пер., 6, Москва;bazhov-museum.ru;55.784 37.714;museum
Буратино-Пиноккио, детский музей;+7 (495) 980-95-60, +7 (499) 164-05-76;+7 (916) 087-12-23;2-я Парковая ул., 18, Москва;domskazok.su;55.791 37.782;museum
Современный музей спорта;+7 (495) 942-50-01;+7 (916) 798-58-25;Авиационная ул., 68, корп. 5, Москва;smsport.ru;55.810 37.454;museum
Музей, Московская городская телефонная сеть, ПАО;+7 (499) 198-05-63;;ул. Зорге, 27, Москва;computer-museum.ru;55.796 37.503;museum
Московский Государственный Университет Пищевых Производств, Институт экономики и управления в пищевой отрасли;+7 (499) 750-11-16, +7 (499) 750-00-05, +7 (499) 750-01-11;+7 (977) 181-87-02;ул. Врубеля, 12, Москва;kolledj.mgupp.ru , mgupp.ru , dpo.mgupp.ru;55.805 37.498;museum
Музейно-выставочный комплекс Московского авиационного института;+7 (499) 158-58-70, +7 (336-22) 5-14-43, +7 (496-64) 4-11-60, +7 (336-22) 5-15-51, +7 (851) 415-16-74, +7 (499) 158-15-73, +7 (499) 158-58-68, +7 (499) 158-44-84, +7 (499) 158-40-43, +7 (499) 158-10-44;;Волоколамское ш., 4, Москва;mai.ru;55.812 37.502;museum
Музей истории авиационного комплекса имени С. В. Ильюшина;+7 (495) 612-21-32, +7 (495) 926-14-33, +7 (495) 556-77-25;;Ленинградский просп., 45Г, корп. 14, Москва;ilyushin.org;55.797 37.528;museum
Центральный дом авиации и космонавтики ДОСААФ России;+7 (495) 614-38-61, +7 (495) 612-54-61, +7 (495) 614-84-04;+7 (915) 302-98-78, +7 (926) 279-68-49, +7 (903) 727-15-97, +7 (925) 344-46-94;Красноармейская ул., 2А, стр. 4, Москва;aviacosmosdom.ru , cdaik-cr.ru;55.796 37.552;museum
Зил, музей;;+7 (916) 887-96-05;ул. Сокольнический Вал, 1А, Москва;msc6.ru , zil-museum.ru;55.792 37.676;museum
ЭкоЦентр Сокольники, музейно-просветительский комплекс;+7 (495) 995-05-95;;5-й Лучевой просек, 7, стр. 4, Москва;park.sokolniki.com , parksokolniki.mos.ru;55.801 37.675;museum
МедиаLAB, музей электронной книги;+7 (499) 922-66-77;;Большая Черкизовская, 4 к1;rgub.ru;55.796 37.718;museum
Забавушка, музей народной игрушки;;+7 (915) 302-00-47, +7 (916) 528-89-84, +7 (925) 748-83-19;1-я Пугачёвская ул., 17, стр. 5, Москва;zabawushka.ru;55.797 37.733;museum
Локомотив, музей;+7 (495) 500-31-03, +7 (495) 500-31-09, +7 (495) 500-31-00;;Большая Черкизовская, вл125 ст1;stadium.fclm.ru , fclm.ru;55.805 37.741;museum
Мульт-мастерская дедушки Мультфильмыча;+7 (495) 940-69-60, +7 (495) 940-69-80;+7 (910) 438-08-04;Измайловское шоссе, 73ж;animamuseum.ru;55.794 37.749;museum
Жили-были, дом-музей сказок;;+7 (968) 051-09-55;Измайловское ш., 73Ж, Москва;domskazok.su;55.795 37.750;museum
Запасной командный пункт Верховного Главнокомандующего Красной Армии И.В. Сталина периода Великой Отечественной войны 1941-1945 гг.;+7 (499) 166-67-68;+7 (916) 319-52-40, +7 (916) 518-23-72;Советская улица, 80 ст22;сталинбункер.рф , cmaf.ru;55.797 37.751;museum
Московский государственный объединенный музей-заповедник территории Измайлово;+7 (499) 163-33-05;;2, стр. 14, Восточный административный округ, район Измайлово, городок имени Баумана, Москва;mgomz.ru;55.792 37.763;museum
Робостанция, научно-развлекательная выставка;;+7 (916) 479-99-72, +7 (963) 711-62-71;проспект Мира (ВДНХ), 119 ст2;clck.ru , робостанция.рф;55.829 37.632;museum
Мемориальный дом-музей академика С.П. Королёва;+7 (495) 615-62-74, +7 (499) 750-23-00, +7 (495) 682-75-02, +7 (495) 686-01-81;+7 (985) 854-92-18;1-я Останкинская ул., 28, Москва;space-museum.ru , kosmo-museum.ru;55.823 37.632;museum
Музей Орловского рысака и Русской Тройки;+7 (495) 961-18-74;+7 (903) 205-75-54, +7 (903) 961-18-74, +7 (903) 547-56-32;6-й Лучевой просек, 21 ст9;museum-trotter.ru , tolkud.ru;55.813 37.682;museum
Мемориальный музей В.П. Горячкина Московского института инженеров сельскохозяйственного производства;+7 (499) 976-78-74, +7 (499) 976-04-80, +7 (499) 977-04-75, +7 (495) 976-40-17;+7 (916) 135-85-11;ул. Прянишникова, 14, стр. 3, Москва;timacad.ru;55.836 37.557;museum
Академия портрета, творческая студия;+7 (499) 488-73-91;;Дмитровское ш., 42, Москва;portret.ru;55.842 37.571;museum
Пчеловодство, эколого-просветительский центр;+7 (495) 966-09-22;;проспект Мира (ВДНХ), 119 пав28;roseltorg.ru , mospriroda.ru;55.836 37.617;museum
Государственный центральный музей кино;+7 (495) 150-36-00, +7 (495) 150-36-10;;проспект Мира (ВДНХ), 119 ст36;museikino.ru;55.839 37.617;museum
ФГБУК Государственный центральный музей кино;+7 (495) 748-86-83;+7 (985) 460-86-53;просп. Мира, 119, стр. 36, Москва;vdnh.ru , museikino.ru;55.839 37.617;museum
Музей советских игровых автоматов;+7 (812) 740-02-40;;проспект Мира (ВДНХ), 119 ст57;15kop.ru;55.834 37.626;museum
Горький Плюс;+7 (499) 181-62-00;;ул. Сергея Эйзенштейна, 8, стр. 1, Москва;;55.834 37.638;museum
ГБОУ ДО ЦРТДЮ Гермес, музей пожарной безопасности;+7 (527) 757-40-00, +7 (495) 568-17-88, +7 (495) 482-00-10, +7 (499) 488-32-47;;Дубнинская ул., 21, Москва;germes.mskobr.ru;55.862 37.566;museum
Музей истории и технических достижений НИИ ТП;+7 (499) 204-77-88, +7 (499) 202-92-09, +7 (499) 204-69-49, +7 (499) 204-79-66, +7 (499) 202-92-00, +7 (499) 204-80-90, +7 (499) 204-91-21, +7 (495) 231-38-22, +7 (499) 202-50-22, +7 (495) 737-69-58;;ул. Декабристов, 51, стр. 5А, Москва;niitp.ru;55.862 37.625;museum
Музей истории колокольного звона;+7 (528) 058-00-00;+7 (916) 357-44-46, +7 (915) 390-40-74, +7 (916) 345-99-62;Лазоревый пр., 15, стр. 3, Москва;sviblovoprav.mskobr.ru;55.854 37.632;museum
Кадровое агентство строительного комплекса и архитектуры Каска НИУ МГСУ;+7 (495) 781-80-07, +7 (499) 183-44-38, +7 (495) 583-73-81, +7 (495) 781-99-88, +7 (495) 582-59-67, +7 (846) 333-23-92, +7 (495) 781-21-21, +7 (495) 287-49-14, +7 (495) 287-49-19;;Ярославское ш., 26, корп. 1, Москва;kaska.mgsu.ru;55.859 37.694;museum
Русский быт, экологический центр;+7 (495) 323-88-85;;Бумажная просека, 21 ст2;losinyiostrov.ru;55.863 37.729;museum
Ломаковский музей старинных автомобилей и мотоциклов;+7 (499) 356-79-95;+7 (903) 240-57-42;Краснодарская ул., вл58, Москва;lomakovka.ru;55.675 37.772;museum
Сниип;+7 (499) 968-60-60;;ул. Расплетина, 5, стр. 1, Москва;sniip.ru , convel.ru;55.791 37.482;museum
Московский областной кожно-венерологический диспансер;+7 (495) 681-03-03, +7 (499) 674-07-09, +7 (495) 109-07-87, +7 (495) 681-55-85, +7 (495) 681-41-70;+7 (916) 168-75-27, +7 (925) 870-38-23;Щепкина, 61/2 ст8;uslugi.mosreg.ru , mokkvd.ru , monikiweb.ru;55.785 37.628;museum
Музей Неизвестный солдат;+7 (495) 603-84-64;+7 (926) 208-73-36;Нижняя Первомайская ул., 7, Москва;poiskovikirf.ru;55.791 37.793;museum
Вернисаж в Измайлово;;+7 (985) 190-92-96;Измайловское ш., 73Ж, Москва;kremlin-izmailovo.com , ne-budu.ru;55.794 37.752;museum
Музей футбольного клуба Локомотив;+7 (499) 161-87-27, +7 (495) 500-30-40;;Большая Черкизовская ул., 125, стр. 1, Москва;stadium.fclm.ru , fclm.ru;55.803 37.742;museum
Кусково, музей-усадьба;+7 (495) 683-09-29, +7 (495) 375-01-20, +7 (495) 370-01-50, +7 (495) 683-45-75, +7 (495) 375-78-43, +7 (495) 375-78-35;;ул. Юности, 2, Москва;kuskovo.ru;55.735 37.809;museum
ГБУК Государственный историко-архитектурный художественный и ландшафтный музей заповедник Царицыно;+7 (495) 322-44-33, +7 (495) 709-64-04, +7 (495) 325-31-41, +7 (495) 421-55-55;+7 (901) 524-31-14;Дольская ул., 1, Южный административный округ, район Орехово-Борисово Северное, Москва;tsaritsyno-museum.ru;55.616 37.683;museum
Экскурсии;+7 (495) 785-39-11, +7 (495) 785-39-30, +7 (495) 785-39-07, +7 (3452) 38-33-00, +7 (3452) 38-33-05, +7 (474-74) 2-15-36, +7 (474-74) 2-20-74, +7 (495) 147-89-39, +7 (495) 785-39-28, +7 (495) 785-39-32;;Рябиновая ул., 44, Москва;ochakovo.ru;55.676 37.435;museum
Музей истории Московского государственного университета путей сообщения;+7 (495) 681-13-40, +7 (495) 684-28-24, +7 (499) 110-07-41, +7 (495) 684-23-96, +7 (495) 684-24-40, +7 (495) 631-27-55, +7 (495) 649-19-26, +7 (495) 633-16-17, +7 (495) 684-29-84, +7 (495) 687-64-31;+7 (925) 720-62-10, +7 (985) 333-74-45;ул. Образцова, 9, стр. 9, Москва;miit.ru;55.788 37.608;museum
Музей Московского педагогического государственного университета - структурное подразделение ФГБОУ ВО Московский педагогический государственный университет;+7 (499) 233-41-81, +7 (495) 438-18-47, +7 (499) 792-08-15;;просп. Вернадского, 88, корп. 2, Москва;mpgu.su , мпгу.рф;55.657 37.473;museum
Музей-галерея Е. Евтушенко;+7 (495) 590-83-56;;ул. Гоголя, 1, посёлок ДСК Мичуринец;sovrhistory.ru;55.653 37.326;museum
Креативное пространство Новый Манеж;+7 (499) 728-00-58, +7 (499) 394-26-37, +7 (495) 692-44-59;+7 (916) 515-74-13, +7 (915) 104-56-25;Георгиевский пер., 3/3, Москва;mosproducerhall.ru , moscowmanege.ru;55.759 37.615;museum
Art Future Gallery;;+7 (925) 879-72-12;Варшавское ш., 97, Москва;artfuturegallery.ru;55.633 37.623;museum
АртМастер, г. Москва;+7 (495) 935-38-67, +7 (495) 935-42-17, +7 (495) 935-94-70;;Ленинский просп., 99, Москва;artmaster.moscow;55.670 37.520;museum
Варшавка, выставочный зал;+7 (499) 723-10-75;;Варшавское шоссе, 72 к2;vzmoscow.ru;55.657 37.619;museum
Галерея дизайна, студия интерьерного проектирования и картин;+7 (499) 500-26-00;+7 (926) 650-77-47;ул. Удальцова, 65, Москва;dgallery.net;55.679 37.501;museum
Osnova, галерея;;+7 (926) 887-39-87;Якиманская набережная, 2 к1;osnovagallery.ru;55.739 37.611;museum
Collector Gallery, арт-галерея;+7 (495) 979-69-54;+7 (968) 484-70-01;Михайловский проезд, 5;a-ya.space , collectorgallery.ru;55.730 37.686;museum
Бюро искусств, художественная галерея;;+7 (925) 502-43-22;Кутузовский проспект, 2/1 ст1;artsbureau.ru;55.752 37.566;museum
Лаврушин, галерея;+7 (495) 933-51-70;+7 (926) 746-11-85;улица Пречистенка, 30/2;artgallerylavrushin.ru;55.741 37.592;museum
Коллекционеръ, галерея;;+7 (926) 326-22-11;улица Пречистенка, 30/2;collectart.ru;55.741 37.592;museum
ГРОС-Арт, галерея;+7 (495) 920-07-57;+7 (916) 418-10-54, +7 (926) 346-16-17, +7 (905) 778-01-47;ул. Пречистенка, 30/2, Москва;semenovgallery.ru;55.741 37.592;museum
Двадцать четыре, галерея;+7 (495) 410-25-01;;улица Пречистенка, 30/2;галерея24.рф;55.741 37.592;museum
Hidden Beauty, салон красоты;+7 (499) 426-26-28;+7 (916) 658-25-94;Малый Афанасьевский переулок, 14/34 ст2;hiddenbeauty.ru;55.751 37.597;museum
Xolst, творческое объединение;;+7 (915) 106-14-96;Чертольский переулок, 4;artxolst.ru;55.744 37.598;museum
ARTVALERI, художественная галерея;+7 (499) 130-46-06;+7 (985) 911-99-33;Раушская набережная, 4/5 ст1;artvaleri.com;55.749 37.627;museum
Пинакотека;+7 (495) 773-10-64, +7 (495) 727-79-47;+7 (985) 773-10-64;Яузский бульвар, 18;mariiadashkova.com;55.751 37.642;museum
Dc gallery, галерея;;+7 (916) 215-92-70;Большой Харитоньевский переулок, 21 ст1;dcgallery.ru;55.766 37.649;museum
Khankhalaev Gallery;+7 (495) 408-23-24;;Нижняя Сыромятническая улица, 10 ст3;khankhalaev.com;55.752 37.670;museum
Антикварная галерея Кирилла Данелия;;+7 (965) 321-21-87;улица Поварская, 31/29;fcg.ru;55.756 37.587;museum
Галерея Леонида Шишкина;+7 (495) 210-07-74;+7 (985) 210-07-74;Садовая-Кудринская ул., 25, Москва;artbazar.su , shishkin-gallery.ru;55.766 37.590;museum
Особняк Спиридонова, выставочный центр;+7 (495) 629-59-84;;Малый Гнездниковский переулок, 9 ст1;spiridonovhouse.ru;55.762 37.606;museum
Лега, художественная мастерская;;+7 (917) 553-55-72;Нижний Кисельный переулок, 3 ст1;;55.765 37.622;museum
Военная мысль, военно-историческая галерея;;+7 (985) 768-87-97;улица Рождественка, 5/7 ст2;milart.ru;55.761 37.623;museum
Art&brut, художественная галерея;;+7 (921) 380-83-39;Кривоколенный переулок, 8 ст1;artbrutmoscow.com;55.761 37.635;museum
ЗНУИ, галерея;+7 (499) 648-11-92, +7 (495) 628-38-10;;улица Покровка, 1/13/6 ст2;znui.ru;55.759 37.639;museum
Народная галерея, выставочный зал;+7 (495) 628-40-87, +7 (495) 621-57-27;+7 (906) 055-07-01;Потаповский переулок, 16/5 ст3;rusfolk.ru;55.759 37.641;museum
OSTASHOV sculpture, художественная галерея;;+7 (926) 567-16-56;Подколокольный переулок, 16/2 ст1;ostashov.com , artsy.net;55.753 37.646;museum
Дали & Пикассо, художественная выставка;+7 (499) 755-50-21;+7 (905) 786-48-46;улица Старая Басманная, 15 ст3;goldeldorado.ru , goldeldorado.com , dalipicasso.com;55.766 37.661;museum
Открытые студии, арт-пространство;+7 (495) 916-46-46;;4-й Сыромятнический переулок, 1/8 ст9;studios.winzavod.ru , winzavod.ru;55.756 37.666;museum
Ovcharenko, галерея;+7 (495) 228-13-30;;4-й Сыромятнический переулок, 1/8 ст9;ovcharenko.art;55.756 37.666;museum
Конюшня, арт-галерея;+7 (495) 249-33-37, +7 (495) 662-79-84, +7 (495) 946-10-46, +7 (495) 945-05-87;+7 (910) 427-37-37;улица Беговая, 22 ст17;pradarclub.ru;55.777 37.564;museum
Басманный двор, креативное пространство;+7 (495) 788-60-00;+7 (981) 803-10-75, +7 (926) 636-93-11, +7 (903) 518-11-04;Спартаковская площадь, 16/15 к4;basmannydvor.ru;55.776 37.678;museum
Artgnezdo, картинная галерея;;+7 (985) 999-23-64, +7 (905) 729-63-36, +7 (925) 575-69-81, +7 (903) 260-55-93, +7 (916) 947-85-66;Измайловское шоссе, 71 к В ст7;art-gnezdo.ru;55.791 37.748;museum
ЛуАрт, картинная галерея;;+7 (985) 007-07-08;Авиационная улица, 79;lyart.ru;55.808 37.449;museum
Mcallister studio, багетная мастерская и художественная галерея;+7 (495) 920-95-50;+7 (985) 920-95-50;ул. Зорге, 31, стр. 1, Москва;mcallister.ru;55.796 37.503;museum
Академия стекла, коворкинг-школа;;+7 (926) 065-64-57;Балтийская, 11;glassacademyrussia.ru;55.810 37.514;museum
Морской А. К., клуб фотолюбителей;+7 (495) 720-52-20;+7 (985) 720-52-20;проспект Мира, 150;россия-морская.рф , russia-maritime.ru , reservesmankind.com;55.822 37.646;museum
Союз частных музеев и коллекционеров, музейно-выставочная площадка;;+7 (977) 655-77-65;проспект Мира (ВДНХ), 119 ст84а;souzmuzeev.ru;55.833 37.635;museum
Ofort.pro, офортная мастерская;;+7 (916) 366-61-19, +7 (916) 621-51-54, +7 (985) 050-66-45;Малый Власьевский переулок, 14/23;ofortshop.ru , ofort.pro;55.747 37.593;museum
Postergallery, интернет-магазин постеров;;+7 (977) 406-38-92, +7 (916) 651-96-82;Каширское шоссе, 70 к3;postergallery.ru;55.643 37.676;museum
Smart, арт-студия;+7 (499) 673-00-17;+7 (995) 880-48-68, +7 (926) 288-48-68;Ленинский просп., 82/2, Москва;studiasmart.ru;55.682 37.532;museum
Арт-Мост, картинная галерея;+7 (8462) 07-02-91, +7 (499) 322-81-00;+7 (917) 939-77-89, +7 (996) 690-15-36, +7 (917) 805-52-71;улица Дмитрия Ульянова, 42;artmostprint.ru , art-most.com;55.681 37.589;museum
Exposed, арт-центр;+7 (495) 952-08-91;+7 (968) 514-51-51;ул. Шаболовка, 31Г, Москва;exposed.ru , exposedspace.com;55.721 37.610;museum
Союз художников России, Всероссийская творческая общественная организация;;+7 (903) 157-86-01;улица Крутицкий Вал, 3;soyuz-hudognikov.ru;55.730 37.665;museum
Выставочный зал федеральных архивов;+7 (499) 245-19-25;;улица Большая Пироговская, 17 ст1;statearchive.ru , rusarchives.ru , archives.gov.ru;55.733 37.574;museum
Прок, выставочный зал;;+7 (916) 685-55-48;Денежный переулок, 8-10;bahmetev.ru;55.743 37.588;museum
Pazirik, галерея персидских ковров;+7 (495) 970-76-10, +7 (495) 695-13-45;+7 (985) 970-76-10;улица Пречистенка, 30/2;pazirik.ru;55.741 37.592;museum
Галерея искусств З.К. Церетели;+7 (495) 637-41-50, +7 (495) 637-58-40;;улица Пречистенка, 19/11 ст1;rah.ru , zurabtsereteli.com;55.741 37.593;museum
Глаз, галерея;;+7 (926) 335-58-37;Гагаринский переулок, 14;glazgallery.com;55.745 37.595;museum
Здесь на Таганке, выставочный зал;+7 (495) 678-55-78, +7 (495) 911-36-18;;Таганская ул., 31/22, Москва;vzmoscow.ru;55.741 37.671;museum
Галерея Икс;;+7 (916) 914-91-92, +7 (925) 646-88-16;Авиамоторная улица, 50 ст2;nashagalereya.ru;55.736 37.718;museum
Moon, арт-бутик;+7 (495) 642-53-35;;Краснопресненская набережная, 12;art-moon.ru;55.754 37.557;museum
Антиквариум, аукционный дом;+7 (495) 374-50-90;+7 (916) 244-93-89, +7 (968) 744-64-92, +7 (968) 954-70-50;Садовая-Кудринская ул., 25, Москва;anticvarium.ru;55.766 37.590;museum
Культпроект, галерея;;+7 (962) 906-71-51;Тверская улица, 3;kultproekt.ru;55.757 37.613;museum
Fabula, галерея;;+7 (985) 155-09-26;улица Варварка, 3;;55.753 37.626;museum
Выставочный зал, Московский Союз Художников;+7 (495) 621-17-36;;Старосадский переулок, 5/8 ст5;artanum.ru , artmsh.ru;55.757 37.641;museum
Книжная галерея Вольфсона;;+7 (903) 764-11-37;Потаповский переулок, 8/12 ст5;muzeiknigi.ru;55.760 37.641;museum
White room, фонд;;+7 (917) 537-05-94;Подкопаевский переулок, 4 ст7;whiteroom.foundation;55.754 37.642;museum
Молекула, арт-галерея;;+7 (906) 035-90-65, +7 (916) 331-83-77;Самокатная, 4 ст4;varenye.com;55.756 37.675;museum
Ретро, блошиный рынок;;+7 (925) 249-95-79, +7 (929) 893-13-49;Самокатная, 4 ст1;retrobloha.ru;55.757 37.677;museum
Совком, галерея;+7 (495) 684-91-91, +7 (495) 684-91-99, +7 (495) 684-90-62;;ул. Щепкина, 28, Москва;sovcom.ru;55.779 37.629;museum
Международный художественный фонд;;+7 (910) 083-44-55;Новая Переведёновская улица, 26;artfund.ru;55.780 37.685;museum
Фабрика, центр творческих индустрий;+7 (499) 265-39-26, +7 (499) 265-03-18;;Переведеновский переулок, 18 ст6;fabrikacci.com , fabrikacci.ru;55.779 37.689;museum
Валор;+7 (495) 698-12-79;;улица Ильинка, 4;gallerygd.ru;55.755 37.626;museum
Azart, творческая мастерская;+7 (495) 646-03-75, +7 (495) 646-01-75;+7 (903) 159-45-12, +7 (903) 159-65-66, +7 (903) 159-72-69;Минская, 22;azartschool.ru , azartstudio.ru;55.742 37.482;museum
